[
  "https://xs.nankai.edu.cn",
  "http://less.nankai.edu.cn/",
  "http://less.nankai.edu.cn/public",
  "http://less.nankai.edu.cn/intro",
  "http://sklmcb.less.nankai.edu.cn/lims/!meeting",
  "http://sklmcb.less.nankai.edu.cn/public/command",
  "http://life.less.nankai.edu.cn/public/command",
  "http://www.nankai.edu.cn/",
  "http://env.less.nankai.edu.cn/public/command",
  "http://med.less.nankai.edu.cn/public/command",
  "http://news.nankai.edu.cn/index.shtml",
  "http://news.nankai.edu.cn/ywsd/index.shtml",
  "http://news.nankai.edu.cn/mtnk/index.shtml",
  "http://news.nankai.edu.cn/gynk/index.shtml",
  "http://news.nankai.edu.cn/nkrw/index.shtml",
  "http://news.nankai.edu.cn/nkdxb/index.shtml",
  "http://news.nankai.edu.cn/sp/index.shtml",
  "http://news.nankai.edu.cn/gb/index.shtml",
  "http://news.nankai.edu.cn/wx/system/2019/06/03/030033750.shtml",
  "http://news.nankai.edu.cn/wx/index.shtml",
  "http://news.nankai.edu.cn/ywsd/system/2024/12/03/030064867.shtml",
  "http://news.nankai.edu.cn/ywsd/system/2024/12/05/030064916.shtml",
  "http://news.nankai.edu.cn/ywsd/system/2024/12/05/030064905.shtml",
  "http://news.nankai.edu.cn/ywsd/system/2024/12/04/030064892.shtml",
  "http://news.nankai.edu.cn/ywsd/system/2024/12/05/030064917.shtml",
  "http://news.nankai.edu.cn/ywsd/system/2024/12/03/030064855.shtml",
  "http://news.nankai.edu.cn/ywsd/system/2024/12/05/030064914.shtml",
  "http://news.nankai.edu.cn/ywsd/system/2024/12/05/030064912.shtml",
  "http://news.nankai.edu.cn/ywsd/system/2024/12/04/030064885.shtml",
  "http://news.nankai.edu.cn/ywsd/system/2024/12/03/030064868.shtml",
  "http://sky.nankai.edu.cn/main.htm",
  "http://graduate.nankai.edu.cn/english/",
  "https://en.nankai.edu.cn/",
  "http://graduate.nankai.edu.cn/",
  "https://ensie.nankai.edu.cn/NON_DEGREE_PROGRAMS/APPLICATION_INFORMATION.htm",
  "http://en.nankai.edu.cn/2020/1228/c22863a331282/page.htm",
  "http://en.nankai.edu.cn/2019/0618/c23064a333238/page.htm",
  "http://en.nankai.edu.cn/AboutNKU/list.htm",
  "https://ensie.nankai.edu.cn/DEGREE_PROGRAMS/UNDERGRADUATE.htm",
  "https://icell.nankai.edu.cn",
  "http://rsc.nankai.edu.cn/main.htm",
  "http://rsc.nankai.edu.cn/13669/list.htm",
  "http://rsc.nankai.edu.cn/13715/list.htm",
  "http://rsc.nankai.edu.cn/13713/list.htm",
  "http://rsc.nankai.edu.cn/13714/list.htm",
  "http://rsc.nankai.edu.cn/13721/list.htm",
  "https://www.nankai.edu.cn/",
  "https://www.nankai.edu.cn",
  "http://phy.less.nankai.edu.cn/public/",
  "http://phy.less.nankai.edu.cn/public/admin",
  "\thttp://my.nankai.edu.cn/",
  "http://life.less.nankai.edu.cn/public",
  "http://www.nankai.edu.cn",
  "https://study.nankai.edu.cn/",
  "http://bs.nankai.edu.cn",
  "https://physics.nankai.edu.cn",
  "http://physics.nankai.edu.cn/527/list.htm",
  "http://physics.nankai.edu.cn/25057/list.htm",
  "http://webplus3.nankai.edu.cn",
  "http://old.cim.nankai.edu.cn",
  "http://news.nankai.edu.cn/ywsd/system/2022/11/19/030053706.shtml",
  "http://ptrk.less.nankai.edu.cn/",
  "http://less.nankai.edu.cn/file/download/38",
  "http://news.nankai.edu.cn/",
  "http://chem.nankai.edu.cn/",
  "http://wxy.nankai.edu.cn/wxyen/main.htm",
  "http://less.nankai.edu.cn/file/download/28",
  "http://less.nankai.edu.cn/file/download/29",
  "http://less.nankai.edu.cn/file/download/30",
  "http://less.nankai.edu.cn/file/download/31",
  "http://less.nankai.edu.cn/file/download/32",
  "http://less.nankai.edu.cn/file/download/33",
  "http://less.nankai.edu.cn/file/download/34",
  "http://less.nankai.edu.cn/file/download/35",
  "http://less.nankai.edu.cn/file/download/39",
  "http://less.nankai.edu.cn/file/download/40",
  "http://less.nankai.edu.cn/file/download/41",
  "http://less.nankai.edu.cn/file/download/42",
  "http://less.nankai.edu.cn/file/download/43",
  "http://life.less.nankai.edu.cn/lims/!equipments/equipment/index.158.reserv",
  "http://life.less.nankai.edu.cn/lims/!equipments/equipment/index.160.reserv",
  "http://life.less.nankai.edu.cn/lims/!equipments/equipment/index.163.reserv",
  "https://www.nankai.edu.cn/169/list.htm",
  "http://nkuaa.nankai.edu.cn/index.htm",
  "http://www.lib.nankai.edu.cn/",
  "https://study.nankai.edu.cn/main.htm",
  "http://life.less.nankai.edu.cn/lims/!equipments/equipment/index.161",
  "http://life.less.nankai.edu.cn/lims/!equipments/equipment/index.162",
  "http://http://life.less.nankai.edu.cn/lims/!equipments/equipment/index.157",
  "http://http://life.less.nankai.edu.cn/lims/!equipments/equipment/index.165",
  "http://http://life.less.nankai.edu.cn/lims/!equipments/equipment/index.167",
  "http://physics.nankai.edu.cn/xsq_en/main.htm",
  "http://physics.nankai.edu.cn/hy_en/main.htm",
  "http://graduate.nankai.edu.cn",
  "http://graduate.nankai.edu.cn/byjj/list.htm",
  "http://yzb.nankai.edu.cn",
  "http://graduate.nankai.edu.cn/xjgl/list.htm",
  "http://graduate.nankai.edu.cn/2015/0416/c114a17337/page.htm",
  "http://graduate.nankai.edu.cn/104/list.htm",
  "http://graduate.nankai.edu.cn/2017/0222/c3325a56863/page.htm",
  "http://graduate.nankai.edu.cn/rcglgd/list.htm",
  "http://skleoc.nankai.edu.cn/article/8",
  "http://skleoc.nankai.edu.cn/article/22",
  "http://physics.nankai.edu.cn/ly_en/main.htm",
  "http://physics.nankai.edu.cn/lbh_en/main.htm",
  "http://physics.nankai.edu.cn/lh_en/main.htm",
  "http://physics.nankai.edu.cn/ly/main.htm",
  "http://physics.nankai.edu.cn/lbh/main.htm",
  "http://physics.nankai.edu.cn/kyf/main.htm",
  "http://physics.nankai.edu.cn/czg/main.htm",
  "http://physics.nankai.edu.cn/lww1_en/main.htm",
  "http://physics.nankai.edu.cn/wht_en/main.htm",
  "http://physics.nankai.edu.cn/tjg_en/main.htm",
  "http://physics.nankai.edu.cn/wht/main.htm",
  "http://physics.nankai.edu.cn/tjg/main.htm",
  "http://physics.nankai.edu.cn/sh/main.htm",
  "http://physics.nankai.edu.cn/ch_en/main.htm",
  "http://physics.nankai.edu.cn/lzc_en/main.htm",
  "http://ky.nankai.edu.cn/publicity/zXProjectSearch",
  "http://physics.nankai.edu.cn/csq/main.htm",
  "http://international.nankai.edu.cn/Welcome.aspx",
  "http://wxy.nankai.edu.cn/",
  "http://mailreg.nankai.edu.cn",
  "http://www.mathlib.nankai.edu.cn",
  "http://www.cim.nankai.edu.cn/members/",
  "http://news.nankai.edu.cn/nkyw/system/2018/04/17/000377154.shtml",
  "http://news.nankai.edu.cn/nkyw/system/2017/10/22/000351574.shtml",
  "http://rsc.nankai.edu.cn/index.php?m=content&c=index&a=show&catid=56&id=200",
  "http://mathbio.nankai.edu.cn/w2018/indexc.html",
  "http://news.nankai.edu.cn/xs/",
  "http://yzb.nankai.edu.cn/",
  "http://medical.nankai.edu.cn/main.htm",
  "http://medical.nankai.edu.cn/8750/list.htm",
  "http://bbs.nankai.edu.cn/",
  "http://jjhxt.nankai.edu.cn/Portal/PmYxdemand/index.html",
  "http://nkuaa.nankai.edu.cn/",
  "http://news.nankai.edu.cn/zhxw/index.shtml",
  "http://yzxt.nankai.edu.cn/intern/frontend/web/gsgradequery/index",
  "http://yzxt.nankai.edu.cn/intern/frontend/web/gs-grade-master-retest/index",
  "http://bs.nankai.edu.cn/en/",
  "https://nbr.nankai.edu.cn/",
  "https://ibs.nankai.edu.cn/lib/web/",
  "http://bs.nankai.edu.cn/xydt/list.htm",
  "http://bs.nankai.edu.cn/jstd/list.htm",
  "http://bs.nankai.edu.cn/xsjg/list.htm",
  "http://bs.nankai.edu.cn/bkjy/list.htm",
  "http://bs.nankai.edu.cn/xwtg/list.htm",
  "http://bs.nankai.edu.cn/xysh/list.htm",
  "http://bs.nankai.edu.cn/llxx/list.htm",
  "http://bs.nankai.edu.cn/hdxw/list.htm",
  "http://bs.nankai.edu.cn/100th_news/list.htm",
  "http://sklmcb.less.nankai.edu.cn/lims/!equipments/equipment/index.73.reserv",
  "http://sklmcb.less.nankai.edu.cn/lims/!equipments/equipment/index.67.reserv",
  "http://sklmcb.less.nankai.edu.cn/lims/!equipments/equipment/index.54.reserv",
  "http://sklmcb.less.nankai.edu.cn/lims/!equipments/equipment/index.56.reserv",
  "http://sklmcb.less.nankai.edu.cn/lims/!equipments/equipment/index.14.reserv",
  "http://sklmcb.less.nankai.edu.cn/lims/!equipments/equipment/index.38.reserv",
  "http://sklmcb.less.nankai.edu.cn/lims/!equipments/equipment/index.44.reserv",
  "http://sklmcb.less.nankai.edu.cn/lims/!equipments/equipment/index.45.reserv",
  "http://sklmcb.less.nankai.edu.cn/lims/!equipments/equipment/index.46.reserv",
  "http://sklmcb.less.nankai.edu.cn/lims/!equipments/equipment/index.66.reserv",
  "http://sklmcb.less.nankai.edu.cn/lims/!equipments/equipment/index.52.reserv",
  "http://sklmcb.less.nankai.edu.cn/lims/!equipments/equipment/index.53.reserv",
  "http://sklmcb.less.nankai.edu.cn/lims/!equipments/equipment/index.59.reserv",
  "http://sklmcb.less.nankai.edu.cn/lims/!equipments/equipment/index.57.reserv",
  "http://sklmcb.less.nankai.edu.cn/lims/!equipments/equipment/index.58.reserv",
  "http://sklmcb.less.nankai.edu.cn/lims/!equipments/equipment/index.61.reserv",
  "http://sklmcb.less.nankai.edu.cn/lims/!equipments/equipment/index.62.reserv",
  "http://sklmcb.less.nankai.edu.cn/lims/!equipments/equipment/index.72.reserv",
  "http://sklmcb.less.nankai.edu.cn/lims/!equipments/equipment/index.71.reserv",
  "http://sklmcb.less.nankai.edu.cn/lims/!equipments/equipment/index.76.reserv",
  "http://nkuef.nankai.edu.cn",
  "http://nkuefnew.nankai.edu.cn/home/yqjj/period/id/2/second-period.html",
  "http://fzs.nankai.edu.cn/sky.nankai.edu.cn",
  "http://fzs.nankai.edu.cn/life.less.nankai.edu.cn/lims",
  "http://www.cim.nankai.edu.cn",
  "http://nankai.edu.cn/",
  "http://mail.nankai.edu.cn/",
  "http://physics.nankai.edu.cn/sdh_en/main.htm",
  "http://topo-photonics.nankai.edu.cn/",
  "http://skleoc.nankai.edu.cn/class/155",
  "http://sie.nankai.edu.cn",
  "http://physics.nankai.edu.cn/xjj/main.htm",
  "http://physics.nankai.edu.cn/csq_en/main.htm",
  "http://physics.nankai.edu.cn/xjj_en/main.htm",
  "http://life.less.nankai.edu.cn/lims/!equipments/equipment/index.115.reserv",
  "http://life.less.nankai.edu.cn/lims/!equipments/equipment/index.101.reserv",
  "http://life.less.nankai.edu.cn/lims/!equipments/equipment/index.62.reserv",
  "http://life.less.nankai.edu.cn/lims/!equipments/equipment/index.58.reserv",
  "http://life.less.nankai.edu.cn/lims/!equipments/equipment/index.57.reserv",
  "http://life.less.nankai.edu.cn/lims/!equipments/equipment/index.117.reserv",
  "http://life.less.nankai.edu.cn/lims/!equipments/equipment/index.70.reserv",
  "http://life.less.nankai.edu.cn/lims/!equipments/equipment/index.44.reserv",
  "http://life.less.nankai.edu.cn/lims/!equipments/equipment/index.22.reserv",
  "http://life.less.nankai.edu.cn/lims/!equipments/equipment/index.23.reserv",
  "http://life.less.nankai.edu.cn/lims/!equipments/equipment/index.43.reserv",
  "http://life.less.nankai.edu.cn/lims/!equipments/equipment/index.59.reserv",
  "http://life.less.nankai.edu.cn/lims/!equipments/equipment/index.88.reserv",
  "http://life.less.nankai.edu.cn/lims/!equipments/equipment/index.90.reserv",
  "http://life.less.nankai.edu.cn/lims/!equipments/equipment/index.109.reserv",
  "http://life.less.nankai.edu.cn/lims/!equipments/equipment/index.114.reserv",
  "http://life.less.nankai.edu.cn/lims/!equipments/equipment/index.121.reserv",
  "http://life.less.nankai.edu.cn/lims/!equipments/equipment/index.121.sample",
  "http://life.less.nankai.edu.cn/lims/!equipments/equipment/index.119.reserv",
  "http://life.less.nankai.edu.cn/lims/!equipments/equipment/index.119.sample",
  "http://life.less.nankai.edu.cn/lims/!equipments/equipment/index.152.reserv",
  "http://life.less.nankai.edu.cn/lims/!equipments/equipment/index.152.sample",
  "http://life.less.nankai.edu.cn/lims/!equipments/equipment/index.118.reserv",
  "http://life.less.nankai.edu.cn/lims/!equipments/equipment/index.118.sample",
  "http://nkuaa.nankai.edu.cn/c/alumniback.html",
  "http://physics.nankai.edu.cn/",
  "http://std.nankai.edu.cn/",
  "http://wxy.nankai.edu.cn/main.htm",
  "http://wxy.nankai.edu.cn/zgyywxx/list.htm",
  "http://wxy.nankai.edu.cn/bkjy/list.htm",
  "http://lac.nankai.edu.cn/main.htm",
  "http://taslab.nankai.edu.cn/main.htm",
  "http://taslab.nankai.edu.cn/12827/list.htm",
  "http://taslab.nankai.edu.cn/12815/list.htm",
  "http://taslab.nankai.edu.cn/xscxcg/list.htm",
  "https://international.nankai.edu.cn/",
  "http://pharmacy.nankai.edu.cn",
  "http://nkuef.nankai.edu.cn/home/article/jnjt1",
  "http://news.nankai.edu.cn/zttj/system/2017/12/27/000363094.shtml",
  "http://100.nankai.edu.cn",
  "https://opac.nankai.edu.cn/opac/search_more.php",
  "http://cec.nankai.edu.cn/index.asp",
  "https://std.nankai.edu.cn/",
  "http://cwc.nankai.edu.cn/",
  "http://medical.nankai.edu.cn/",
  "http://zzb.nankai.edu.cn/",
  "http://jc.nankai.edu.cn/main.htm",
  "http://jcen.nankai.edu.cn/main.htm",
  "http://jcen.nankai.edu.cn/Academic/list.htm",
  "http://news.nankai.edu.cn/dcxy/index.shtml",
  "http://news.nankai.edu.cn",
  "http://lib.nankai.edu.cn/11986/list.htm",
  "http://chem.nankai.edu.cn/24459/list.htm",
  "http://xb.nankai.edu.cn/xboa/default.aspx",
  "http://chem.nankai.edu.cn/2024/0229/c35244a536673/page.htm",
  "https://chem.nankai.edu.cn/index/yqsbglpt1.htm",
  "http://yzb.nankai.edu.cn/2019/0917/c3034a203971/page.htm",
  "http://yzb.nankai.edu.cn/2019/0917/c3034a203991/page.htm",
  "http://www.cim.nankai.edu.cn/2019/1030/c7185a243593/page.htm ",
  "http://iap.nankai.edu.cn/",
  "https://physics.nankai.edu.cn/",
  "http://physics.nankai.edu.cn/wlxyen/main.htm",
  "http://physics.nankai.edu.cn/wlxyen/29447/list.htm",
  "http://physics.nankai.edu.cn/wlxyen/29449/list.htm",
  "http://physics.nankai.edu.cn/wlxyen/29457/list.htm",
  "https://nkda.nankai.edu.cn",
  "http://news.nankai.edu.cn/ywsd/system/2021/04/26/030045685.shtml",
  "http://news.nankai.edu.cn/ywsd/system/2021/04/26/030045669.shtml",
  "http://enlib.nankai.edu.cn/main.htm",
  "http://enlib.nankai.edu.cn/2021/1006/c25616a400382/page.htm",
  "https://lib.nankai.edu.cn/wjzx/",
  "http://ir.nankai.edu.cn/",
  "http://enlib.nankai.edu.cn/26904/list.htm",
  "http://enlib.nankai.edu.cn/25596/list.htm",
  "http://news.nankai.edu.cn/zhxw/system/2021/06/29/030047091.shtml",
  "http://news.nankai.edu.cn/ywsd/system/2021/04/23/030045629.shtml",
  "http://enlib.nankai.edu.cn/25598/list.htm",
  "http://enlib.nankai.edu.cn/25599/list.htm",
  "http://enlib.nankai.edu.cn/25601/list.htm]",
  "http://enlib.nankai.edu.cn/SiteNavigation/list.htm",
  "http://www.cim.nankai.edu.cn/_upload/article/files/aa/a4/f9c66dc649e685540d396a4bb098/0dcdfcc1-3b8f-4922-a5cd-4a4f51f8e0f1.pdf",
  "http://sklmcb.nankai.edu.cn/main.htm",
  "http://sklmcb.nankai.edu.cn/14028/list.htm",
  "http://news.nankai.edu.cn/ywsd/system/2020/04/12/030038705.shtml",
  "http://pharmacy.nankai.edu.cn/party.aspx",
  "http://yzb.nankai.edu.cn/xsbd/list.htm",
  "http://chemen.nankai.edu.cn/24601/list.htm",
  "http://chemen.nankai.edu.cn/24533/list.htm",
  "http://chemen.nankai.edu.cn/24537/list.htm",
  "http://chemen.nankai.edu.cn/24542/list.htm",
  "http://chemen.nankai.edu.cn/24546/list.htm",
  "http://ace.nankai.edu.cn/",
  "http://aemc.nankai.edu.cn/article/info-7.html",
  "http://online.nankai.edu.cn/",
  "http://xb.nankai.edu.cn/XBOA/Default.aspx",
  "http://nankai.edu.cn",
  "http://bs.nankai.edu.cn/",
  "https://career.nankai.edu.cn",
  "https://careers.nankai.edu.cn",
  "https://careers.nankai.edu.cn/Company/recruitment.html",
  "https://careers.nankai.edu.cn/Company/index.html",
  "http://tedabio.nankai.edu.cn/",
  "http://sklmcb.nankai.edu.cn/",
  "http://sky.nankai.edu.cn/7815/list.htm",
  "http://swsyzx.nankai.edu.cn/",
  "https://nbr.nankai.edu.cn/ch/index.aspx",
  "http://hq.nankai.edu.cn/main.htm",
  "http://stjgpt.nankai.edu.cn/",
  "http://nkjd.nankai.edu.cn",
  "http://xyy.nankai.edu.cn/",
  "http://youeryuan.nankai.edu.cn/",
  "http://env.nankai.edu.cn/ppe/main.htm",
  "http://env.nankai.edu.cn/ppe/15679/list.htm",
  "http://env.nankai.edu.cn/ppe/ldjs/list.htm",
  "http://env.nankai.edu.cn/ppe/15695/list.htm",
  "http://env.nankai.edu.cn/ppe/15696/list.htm",
  "http://env.nankai.edu.cn/ppe/15667/list.htm",
  "http://env.nankai.edu.cn/ppe/hjzs/list.htm",
  "http://www.cim.nankai.edu.cn/_upload/article/files/82/b0/ddcb1fab451c88da131b279fb33a/a1b550b8-07c5-4d4e-a97b-31abb99cef13.pdf",
  "http://mba.nankai.edu.cn/main.htm",
  "http://mba.nankai.edu.cn/zsdt_35963/list.htm",
  "http://mba.nankai.edu.cn/MBAzsxx/list.htm",
  "http://mba.nankai.edu.cn/MPAcczsxx/list.htm",
  "http://mba.nankai.edu.cn/MEMzsxx/list.htm",
  "http://mba.nankai.edu.cn/MLISzsxx/list.htm",
  "http://mba.nankai.edu.cn/2019/0517/c12864a162344/page.htm",
  "http://jwc.nankai.edu.cn/",
  "http://cec.nankai.edu.cn/yqyy/index.htm",
  "http://zhgl.nankai.edu.cn/sfw_cms/e?page=cms.index",
  "http://enven.nankai.edu.cn/main.htm",
  "http://env.nankai.edu.cn/main.htm",
  "http://env.nankai.edu.cn/12902/list.htm",
  "http://env.nankai.edu.cn/12915/list.htm",
  "http://cuter.nankai.edu.cn",
  "http://en.nankai.edu.cn/",
  "http://bs.nankai.edu.cn/FulltimeFaculty/list.htm",
  "http://bs.nankai.edu.cn/News/list.htm",
  "http://bs.nankai.edu.cn/2018/1021/c10923a111371/page.htm",
  "http://bs.nankai.edu.cn/2022/1203/c10964a499894/page.htm",
  "https://sie.nankai.edu.cn/",
  "https://zsb.nankai.edu.cn/",
  "http://physics.nankai.edu.cn/czg_en/main.htm",
  "http://topo-photonics.nankai.edu.cn/index.htm",
  "https://eamis.nankai.edu.cn",
  "http://jwc.nankai.edu.cn",
  "http://advisingcenter.nankai.edu.cn",
  "http://webplus3.nankai.edu.cn/_s10/cybg_5364/list.psp",
  "http://jwc.nankai.edu.cn/a4/99/c5098a42137/page.htm",
  "http://sklmcb.less.nankai.edu.cn/lims/!equipments/equipment/index.78.reserv",
  "http://sklmcb.less.nankai.edu.cn/lims/!equipments/equipment/index.79.reserv",
  "http://sklmcb.less.nankai.edu.cn/lims/!equipments/equipment/index.77.reserv",
  "http://sklmcb.less.nankai.edu.cn/lims/!equipments/equipment/index.80.reserv",
  "http://sklmcb.less.nankai.edu.cn/public/wp-content/uploads/2016/05/\u9644\u4ef6\u2160-\u8d28\u8c31\u5e73\u53f0\u5f00\u653e\u5171\u4eab\u7ba1\u7406\u529e\u6cd5160520.pdf",
  "http://sklmcb.less.nankai.edu.cn/public/wp-content/uploads/2014/12/4367563b450fa8342c66f40d3645e6af.png",
  "http://life.less.nankai.edu.cn/lims/!equipments/equipment/index.166.reserv",
  "http://life.less.nankai.edu.cn/lims/!equipments/equipment/index.167.reserv",
  "http://life.less.nankai.edu.cn/lims/!equipments/equipment/index.169.reserv",
  "http://life.less.nankai.edu.cn/lims/!equipments/equipment/index.170.reserv",
  "http://med.less.nankai.edu.cn/public/wp-content/uploads/2015/04/\u8367\u5149\u5b9a\u91cf\u57fa\u56e0\u6269\u589e\u4eea-CFX96.jpg",
  "http://med.less.nankai.edu.cn/public/wp-content/uploads/2015/04/\u4f53\u5f0f\u663e\u5fae\u955cOLYPUS-SXZ101.jpg",
  "http://med.less.nankai.edu.cn/public/wp-content/uploads/2015/04/\u5b9e\u65f6\u5b9a\u91cfPCR\u4eea-IQ51.jpg",
  "http://med.less.nankai.edu.cn/public/wp-content/uploads/2015/04/\u6b63\u7f6e\u663e\u5fae\u955cOLYPUS-BX512.jpg",
  "http://xxgk.nankai.edu.cn/",
  "http://xzxx.nankai.edu.cn/",
  "http://meeting.nankai.edu.cn",
  "http://rsc.nankai.edu.cn/",
  "http://international.nankai.edu.cn/",
  "http://hq.nankai.edu.cn/",
  "http://news.nankai.edu.cn/ywsd/system/2022/01/01/030049809.shtml",
  "http://news.nankai.edu.cn/ywsd/system/2022/01/01/030049807.shtml",
  "http://sklmcb.less.nankai.edu.cn/public/wp-content/uploads/2016/06/\u751f\u7269\u5f71\u50cf\u5e73\u53f0\u7b80\u62a5.pdf",
  "http://sklmcb.less.nankai.edu.cn/public/wp-content/uploads/2016/06/\u751f\u5316\u5206\u6790\u5e73\u53f0\u53ca\u79bb\u5fc3\u673a\u5ba4\u7b80\u62a5.pdf",
  "http://life.less.nankai.edu.cn/lims/!equipments/equipment/index.122.reserv",
  "http://life.less.nankai.edu.cn/lims/!equipments/equipment/index.123.reserv",
  "http://life.less.nankai.edu.cn/lims/!equipments/equipment/index.124.reserv",
  "http://life.less.nankai.edu.cn/lims/!equipments/equipment/index.126.reserv",
  "http://life.less.nankai.edu.cn/lims/!equipments/equipment/index.127.reserv",
  "http://life.less.nankai.edu.cn/lims/!equipments/equipment/index.131.reserv",
  "http://life.less.nankai.edu.cn/lims/!equipments/equipment/index.132.reserv",
  "http://life.less.nankai.edu.cn/lims/!equipments/equipment/index.133.reserv",
  "http://life.less.nankai.edu.cn/lims/!equipments/equipment/index.134.reserv",
  "http://life.less.nankai.edu.cn/lims/!equipments/equipment/index.140.reserv",
  "http://life.less.nankai.edu.cn/lims/!equipments/equipment/index.145.reserv",
  "http://life.less.nankai.edu.cn/lims/!equipments/equipment/index.146.reserv",
  "http://life.less.nankai.edu.cn/lims/!equipments/equipment/index.154.reserv",
  "http://life.less.nankai.edu.cn/lims/!equipments/equipment/index.157.reserv",
  "http://life.less.nankai.edu.cn/lims/!equipments/equipment/index.161.reserv",
  "http://life.less.nankai.edu.cn/lims/!equipments/equipment/index.162.reserv",
  "http://life.less.nankai.edu.cn/lims/!equipments/equipment/index.165.reserv",
  "https://www.nankai.edu.cn/2023/0614/c17471a514845/page.htm",
  "http://lib.nankai.edu.cn/main.htm",
  "https://space.nankai.edu.cn",
  "http://lib.nankai.edu.cn/sjkjs_15469/list.htm",
  "http://www.lib.nankai.edu.cn/wjzx",
  "http://lib.nankai.edu.cn/2021/1025/c15444a406677/page.htm",
  "http://lib.nankai.edu.cn/tsxxkkczy/list.htm",
  "http://lib.nankai.edu.cn/pxyjz/list.htm",
  "http://lib.nankai.edu.cn/whhd/list.htm",
  "http://www.lib.nankai.edu.cn/tjtgw/",
  "http://old.lib.nankai.edu.cn/",
  "https://libvpn.nankai.edu.cn",
  "https://xxb.nankai.edu.cn/2020/0426/c717a270088/page.htm",
  "https://en.nankai.edu.cn/2021/0508/c14575a356882/page.htm",
  "http://chemen.nankai.edu.cn/24523/list.htm",
  "https://en.nankai.edu.cn",
  "https://es.nankai.edu.cn",
  "https://ru.nankai.edu.cn",
  "https://de.nankai.edu.cn",
  "https://ar.nankai.edu.cn",
  "https://ko.nankai.edu.cn",
  "https://prt.nankai.edu.cn",
  "https://en.nankai.edu.cn/23041/list.htm",
  "https://en.nankai.edu.cn/23044/list.htm",
  "https://en.nankai.edu.cn/23046/list.htm",
  "http://yzb.nankai.edu.cn/2557/list.htm",
  "http://yzb.nankai.edu.cn/main.htm",
  "http://yzb.nankai.edu.cn/2551/list.htm",
  "http://yzb.nankai.edu.cn/2552/list.htm",
  "http://yzb.nankai.edu.cn/2553/list.htm",
  "http://yzb.nankai.edu.cn/2554/list.htm",
  "http://yzb.nankai.edu.cn/2555/list.htm",
  "http://yzb.nankai.edu.cn/2556/list.htm",
  "http://yzb.nankai.edu.cn/34/d1/c2630a13521/page.htm",
  "http://yzb.nankai.edu.cn/34/cf/c2630a13519/page.htm",
  "http://yzb.nankai.edu.cn/2e/0c/c2630a11788/page.htm",
  "http://nkuef.nankai.edu.cn/",
  "http://nkers.nankai.edu.cn/Mobile/Index/index.html",
  "http://chenlab.nankai.edu.cn/main.htm",
  "http://chenlab.nankai.edu.cn/12190/list.htm",
  "http://chenlab.nankai.edu.cn/chenlab_en",
  "http://physics.nankai.edu.cn/grzy/tjg/index.htm",
  "http://chenlab.nankai.edu.cn/",
  "http://chenlab.nankai.edu.cn/12154/list.htm",
  "http://news.nankai.edu.cn/mtnk/system/2019/04/24/000446977.shtml",
  "http://news.nankai.edu.cn/nkyw/system/2018/05/10/000381135.shtml?from=singlemessage&isappinstalled=0",
  "http://news.nankai.edu.cn/nkyw/system/2018/04/28/000379176.shtml",
  "http://physics.nankai.edu.cn/2018/0425/c571a97913/page.htm",
  "http://news.nankai.edu.cn/nkyw/system/2016/08/05/000291715.shtml",
  "http://oldphysics.nankai.edu.cn/grzy/tjg/index.htm",
  "http://iap.nankai.edu.cn",
  "http://chenlab.nankai.edu.cn/zxdt/list.htm",
  "http://mba.nankai.edu.cn/MBAxmjs/list.htm",
  "http://en.nankai.edu.cn/2020/1218/c23109a327609/page.htm",
  "http://en.nankai.edu.cn/Research/list.htm",
  "http://en.nankai.edu.cn/Academics/list.htm",
  "http://en.nankai.edu.cn/GlobalResearch/list.htm",
  "http://en.nankai.edu.cn/UndergraduateEducation/list.htm",
  "https://news.nankai.edu.cn/ywsd/system/2024/11/21/030064552.shtml",
  "https://news.nankai.edu.cn/ywsd/system/2024/09/09/030063295.shtml",
  "https://news.nankai.edu.cn/ywsd/system/2024/06/26/030062359.shtml",
  "https://www.nankai.edu.cn/2020/0116/c17471a264165/page.htm",
  "http://xb.nankai.edu.cn/attach/2019/03/28/27820.pdf",
  "http://rsc.nankai.edu.cn/index.html",
  "http://teda.nankai.edu.cn/",
  "http://tourism2011.nankai.edu.cn/main.htm",
  "http://tourism2011.nankai.edu.cn/29562/list.htm",
  "http://tourism2011.nankai.edu.cn/29563/list.htm",
  "http://tourism2011.nankai.edu.cn/29564/list.htm",
  "http://tourism2011.nankai.edu.cn/29565/list.htm",
  "http://tourism2011.nankai.edu.cn/29566/list.htm",
  "http://tourism2011.nankai.edu.cn/29567/list.htm",
  "http://tourism2011.nankai.edu.cn/29568/list.htm",
  "http://tourism2011.nankai.edu.cn/29569/list.htm",
  "http://tourism2011.nankai.edu.cn/29570/list.htm",
  "http://tourism2011.nankai.edu.cn/29544/list.htm",
  "http://tourism2011.nankai.edu.cn/29547/list.htm",
  "http://tourism2011.nankai.edu.cn/29550/list.htm",
  "http://tourism2011.nankai.edu.cn/29549/list.htm",
  "http://tourism2011.nankai.edu.cn/29551/list.htm",
  "http://tourism2011.nankai.edu.cn/29553/list.htm",
  "http://tourism2011.nankai.edu.cn/29554/list.htm",
  "http://tourism2011.nankai.edu.cn/29555/list.htm",
  "http://tourism2011.nankai.edu.cn/xtptyhzwl/list.htm",
  "http://news.nankai.edu.cn/mtnk/system/2023/03/27/030055104.shtml",
  "http://news.nankai.edu.cn/mtnk/system/2023/02/22/030054443.shtml",
  "http://news.nankai.edu.cn/mtnk/system/2022/09/22/030052900.shtml",
  "http://mba.nankai.edu.cn",
  "http://exed.nankai.edu.cn",
  "http://xsfww.nankai.edu.cn/_upload/article/files/e3/a5/5da0900f4565bf711df641037f0d/de1a7365-5215-4e64-8eb6-30c08f329ce4.pdf",
  "https://ita.nankai.edu.cn",
  "http://ja.nankai.edu.cn/2020/1228/c30878a486644/page.htm",
  "http://ja.nankai.edu.cn/2019/0618/c30886a487074/page.htm",
  "http://fr.nankai.edu.cn/2020/1228/c31313a492969/page.htm",
  "http://fr.nankai.edu.cn/2019/0618/c31364a493835/page.htm",
  "http://lib.nankai.edu.cn/12021/list.htm",
  "http://lib.nankai.edu.cn/12022/list.htm",
  "http://lib.nankai.edu.cn/12023/list.htm",
  "http://lib.nankai.edu.cn/12024/list.htm",
  "http://lib.nankai.edu.cn/12025/list.htm",
  "https://space.nankai.edu.cn/meta-local/opac/cas/rosetta",
  "http://lib.nankai.edu.cn/12056/list.htm",
  "http://lib.nankai.edu.cn/12067/list.htm",
  "http://lib.nankai.edu.cn/12074/list.htm",
  "http://lib.nankai.edu.cn/12060/list.htm",
  "http://lib.nankai.edu.cn/12057/list.htm",
  "http://www.lib.nankai.edu.cn/2019/0916/c15444a203858/page.htm",
  "http://lib.nankai.edu.cn/12011/list.htm",
  "http://lib.nankai.edu.cn/12053/list.htm",
  "http://lib.nankai.edu.cn/12063/list.htm",
  "http://lib.nankai.edu.cn/12069/list.htm",
  "https://yjs.nankai.edu.cn",
  "http://ygb.nankai.edu.cn/",
  "http://chem.nankai.edu.cn/2021/0704/c24448a378919/page.htm",
  "http://chem.nankai.edu.cn/2021/0704/c24589a378805/page.htm",
  "http://chem.nankai.edu.cn/2021/0704/c24589a388911/page.htm",
  "http://chem.nankai.edu.cn/2021/0704/c24448a378913/page.htm",
  "http://chem.nankai.edu.cn/2020/0525/c24058a358253/page.htm",
  "http://chem.nankai.edu.cn/2020/0524/c24058a358251/page.htm",
  "http://chem.nankai.edu.cn/2019/0905/c24058a358250/page.htm",
  "http://chem.nankai.edu.cn/2019/0905/c24058a358249/page.htm",
  "http://chem.nankai.edu.cn/2020/0525/c24058a358252/page.htm",
  "http://chem.nankai.edu.cn/2019/0528/c24058a358248/page.htm",
  "http://chem.nankai.edu.cn/2019/0525/c24058a358247/page.htm",
  "http://physics.nankai.edu.cn/tlq_en/main.htm",
  "http://topo-photonics.nankai.edu.cn",
  "http://topo-photonics.nankai.edu.cn/info/1173/1372.htm",
  "https://my.nankai.edu.cn/_upload/article/files/8d/c5/9c341c5647e8bcc68a96a9a58ee9/6395d21a-beb7-42c7-9ab9-75e9d3890034.pdf",
  "https://my.nankai.edu.cn/_upload/article/files/8d/c5/9c341c5647e8bcc68a96a9a58ee9/5e4a35d0-ec6c-41d0-b78a-ba330d0a6d51.pdf",
  "https://my.nankai.edu.cn/_upload/article/files/8d/c5/9c341c5647e8bcc68a96a9a58ee9/15858f10-0ad1-40ca-8a0f-cf723a761585.pdf",
  "http://news.nankai.edu.cn/ywsd/system/2020/05/10/030039129.shtml",
  "https://my.nankai.edu.cn/_upload/article/files/8d/c5/9c341c5647e8bcc68a96a9a58ee9/939f7e37-7545-4b84-b685-bef5291de3d3.pdf",
  "https://my.nankai.edu.cn/_upload/article/files/8d/c5/9c341c5647e8bcc68a96a9a58ee9/4846f0a9-58be-4e77-9ed1-751f4f350b5d.pdf",
  "https://my.nankai.edu.cn/_upload/article/files/8d/c5/9c341c5647e8bcc68a96a9a58ee9/2df4fb43-3bff-48ad-93b0-e78f63c969bc.pdf",
  "https://my.nankai.edu.cn/_upload/article/files/8d/c5/9c341c5647e8bcc68a96a9a58ee9/827eeb9a-c879-431d-9d49-f7f20d6ed292.pdf",
  "https://my.nankai.edu.cn/_upload/article/files/8d/c5/9c341c5647e8bcc68a96a9a58ee9/e886e6ce-bce1-4e0a-821e-cd06cdcdc508.pdf",
  "https://my.nankai.edu.cn/_upload/article/files/8d/c5/9c341c5647e8bcc68a96a9a58ee9/f437fb2d-9b06-4471-b3d8-e92938a157a4.pdf",
  "https://my.nankai.edu.cn/_upload/article/files/8d/c5/9c341c5647e8bcc68a96a9a58ee9/a0f8232b-1559-4728-89ca-afeb67350672.pdf",
  "https://my.nankai.edu.cn/_upload/article/files/8d/c5/9c341c5647e8bcc68a96a9a58ee9/ee55f3fb-f11e-4533-9962-0deb7356595e.pdf",
  "https://my.nankai.edu.cn/_upload/article/files/8d/c5/9c341c5647e8bcc68a96a9a58ee9/798dc77b-1667-4de7-90c4-d33bd5f85c6e.pdf",
  "https://my.nankai.edu.cn/_upload/article/files/8d/c5/9c341c5647e8bcc68a96a9a58ee9/4528b4cb-737f-451c-b422-c9dd9d86d27d.pdf",
  "https://my.nankai.edu.cn/_upload/article/files/8d/c5/9c341c5647e8bcc68a96a9a58ee9/86882206-401d-4455-8bca-d32682978b54.pdf",
  "https://my.nankai.edu.cn/_upload/article/files/8d/c5/9c341c5647e8bcc68a96a9a58ee9/aed2c6f6-481f-444c-8908-bbc02ef9c969.pdf",
  "https://my.nankai.edu.cn/_upload/article/files/8d/c5/9c341c5647e8bcc68a96a9a58ee9/22a0f160-58d9-4066-9269-cfff2cf0c48d.pdf",
  "https://my.nankai.edu.cn/_upload/article/files/8d/c5/9c341c5647e8bcc68a96a9a58ee9/ae5c46fd-7ae1-4587-9382-7fb357951abe.pdf",
  "https://my.nankai.edu.cn/_upload/article/files/8d/c5/9c341c5647e8bcc68a96a9a58ee9/523b4701-9109-4f04-8ed9-35187c368f26.pdf",
  "https://my.nankai.edu.cn/_upload/article/files/8d/c5/9c341c5647e8bcc68a96a9a58ee9/edc8552b-ff66-42bc-a410-bf6e86e0c1e7.pdf",
  "http://news.nankai.edu.cn/ywsd/system/2019/08/14/030034829.shtml",
  "http://news.nankai.edu.cn/ztbd/index.shtml",
  "https://www.nankai.edu.cn/2024/1124/c17471a557297/page.htm",
  "http://bs.nankai.edu.cn/sbjy/list.htm",
  "http://bs.nankai.edu.cn/2018/0618/c9470a102197/page.htm",
  "http://bs.nankai.edu.cn/2018/0618/c9470a102196/page.htm",
  "http://bs.nankai.edu.cn/2018/0618/c9470a102200/page.htm",
  "http://bs.nankai.edu.cn/2018/0618/c9470a102198/page.htm",
  "http://bs.nankai.edu.cn/2018/0618/c9470a102203/page.htm",
  "http://bs.nankai.edu.cn/2018/0618/c9470a102202/page.htm",
  "http://bs.nankai.edu.cn/djxxjy/list.htm",
  "http://news.nankai.edu.cn/xlzt/system/2022/05/20/030051379.shtml",
  "http://news.nankai.edu.cn/xlzt/index.shtml",
  "http://news.nankai.edu.cn/sp/system/2024/12/03/030064853.shtml",
  "http://news.nankai.edu.cn/mtnk/system/2024/12/10/030064966.shtml",
  "http://news.nankai.edu.cn/mtnk/system/2024/12/10/030064967.shtml",
  "http://news.nankai.edu.cn/mtnk/system/2024/12/10/030064968.shtml",
  "http://news.nankai.edu.cn/mtnk/system/2024/12/10/030064979.shtml",
  "http://news.nankai.edu.cn/mtnk/system/2024/12/10/030064978.shtml",
  "http://news.nankai.edu.cn/mtnk/system/2024/12/10/030064977.shtml",
  "http://news.nankai.edu.cn/mtnk/system/2024/12/10/030064976.shtml",
  "http://news.nankai.edu.cn/mtnk/system/2024/12/10/030064973.shtml",
  "http://news.nankai.edu.cn/mtnk/system/2024/12/10/030064972.shtml",
  "http://news.nankai.edu.cn/mtnk/system/2024/12/11/030065002.shtml",
  "http://news.nankai.edu.cn/mtnk/system/2024/12/10/030064965.shtml",
  "http://news.nankai.edu.cn/mtnk/system/2024/12/10/030064963.shtml",
  "http://news.nankai.edu.cn/mtnk/system/2024/12/09/030064950.shtml",
  "http://news.nankai.edu.cn/mtnk/system/2024/12/09/030064947.shtml",
  "http://news.nankai.edu.cn/xlzt/system/2024/08/08/030062866.shtml",
  "http://news.nankai.edu.cn/xlzt/system/2023/05/06/030055953.shtml",
  "http://news.nankai.edu.cn/gynk/system/2022/03/31/030050758.shtml",
  "http://news.nankai.edu.cn/gynk/system/2024/10/29/030064139.shtml",
  "http://news.nankai.edu.cn/gynk/system/2024/09/24/030063623.shtml",
  "http://news.nankai.edu.cn/gynk/system/2024/09/24/030063621.shtml",
  "http://news.nankai.edu.cn/gynk/system/2024/08/19/030062950.shtml",
  "http://news.nankai.edu.cn/ywsd/system/2024/07/18/030062643.shtml",
  "http://news.nankai.edu.cn/zhxw/system/2024/12/10/030064983.shtml",
  "http://news.nankai.edu.cn/zhxw/system/2024/12/10/030064970.shtml",
  "http://news.nankai.edu.cn/zhxw/system/2024/12/08/030064943.shtml",
  "http://news.nankai.edu.cn/zhxw/system/2024/12/08/030064942.shtml",
  "http://news.nankai.edu.cn/zhxw/system/2024/12/07/030064938.shtml",
  "http://news.nankai.edu.cn/dcxy/system/2024/12/10/030064984.shtml",
  "http://news.nankai.edu.cn/dcxy/system/2024/12/10/030064982.shtml",
  "http://news.nankai.edu.cn/dcxy/system/2024/12/10/030064981.shtml",
  "http://news.nankai.edu.cn/dcxy/system/2024/12/10/030064974.shtml",
  "http://news.nankai.edu.cn/dcxy/system/2024/12/10/030064961.shtml",
  "http://news.nankai.edu.cn/dcxy/system/2024/12/09/030064957.shtml",
  "http://news.nankai.edu.cn/nkrw/system/2024/11/20/030064538.shtml",
  "http://news.nankai.edu.cn/nkrw/system/2024/11/20/030064535.shtml",
  "http://news.nankai.edu.cn/nkrw/system/2024/11/20/030064536.shtml",
  "http://news.nankai.edu.cn/nkrw/system/2024/11/20/030064537.shtml",
  "http://news.nankai.edu.cn/nkrw/system/2024/11/10/030064335.shtml",
  "http://news.nankai.edu.cn/nkrw/system/2024/11/10/030064337.shtml",
  "http://news.nankai.edu.cn/nkrw/system/2024/11/10/030064336.shtml",
  "http://news.nankai.edu.cn/nkrw/system/2024/11/10/030064334.shtml",
  "http://news.nankai.edu.cn/ztbd/system/2014/03/06/000168359.shtml",
  "http://news.nankai.edu.cn/nkdxb/system/2024/12/09/030064945.shtml",
  "http://news.nankai.edu.cn/nkdxb/system/2024/12/04/030064871.shtml",
  "http://news.nankai.edu.cn/nkdxb/system/2024/11/18/030064500.shtml",
  "http://news.nankai.edu.cn/nkdxb/system/2024/10/25/030064090.shtml",
  "http://news.nankai.edu.cn/nkdxb/system/2024/09/30/030063747.shtml",
  "http://news.nankai.edu.cn/nkdxb/system/2024/09/20/030063498.shtml",
  "http://news.nankai.edu.cn/ywsd/system/2024/11/25/030064626.shtml",
  "http://news.nankai.edu.cn/xlzt/system/2024/04/19/030061043.shtml",
  "http://news.nankai.edu.cn/xlzt/system/2023/04/11/030055373.shtml",
  "http://news.nankai.edu.cn/xlzt/system/2022/10/04/030053022.shtml",
  "http://news.nankai.edu.cn/dcxy/system/2024/12/11/030065014.shtml",
  "http://news.nankai.edu.cn/dcxy/system/2024/12/11/030065013.shtml",
  "http://news.nankai.edu.cn/ywsd/system/2024/12/11/030065001.shtml",
  "http://news.nankai.edu.cn/ywsd/system/2024/12/11/030065004.shtml",
  "http://news.nankai.edu.cn/ywsd/system/2024/12/10/030064987.shtml",
  "http://news.nankai.edu.cn/ywsd/system/2024/12/10/030064986.shtml",
  "http://news.nankai.edu.cn/ywsd/system/2024/12/11/030065005.shtml",
  "http://news.nankai.edu.cn/ywsd/system/2024/12/11/030065008.shtml",
  "http://news.nankai.edu.cn/ywsd/system/2024/12/11/030065010.shtml",
  "http://news.nankai.edu.cn/ywsd/system/2024/12/10/030064992.shtml",
  "http://news.nankai.edu.cn/gynk/system/2024/12/10/030064993.shtml",
  "http://news.nankai.edu.cn/zhxw/system/2024/12/11/030065012.shtml",
  "http://news.nankai.edu.cn/zhxw/system/2024/12/10/030064994.shtml",
  "http://news.nankai.edu.cn/zhxw/system/2024/12/10/030064995.shtml",
  "http://news.nankai.edu.cn/ywsd/system/2024/09/08/030063260.shtml",
  "http://news.nankai.edu.cn/zhxw/system/2024/08/01/030062803.shtml",
  "http://news.nankai.edu.cn/ywsd/system/2024/07/01/030062429.shtml",
  "http://news.nankai.edu.cn/ywsd/system/2024/06/28/030062392.shtml",
  "http://news.nankai.edu.cn/zhxw/system/2024/07/11/030062542.shtml",
  "http://news.nankai.edu.cn/dcxy/system/2024/07/10/030062532.shtml",
  "http://news.nankai.edu.cn/dcxy/system/2024/07/10/030062531.shtml",
  "http://news.nankai.edu.cn/zhxw/system/2024/06/28/030062396.shtml",
  "http://news.nankai.edu.cn/zhxw/system/2024/06/27/030062377.shtml",
  "http://news.nankai.edu.cn/dcxy/system/2024/06/21/030062307.shtml",
  "http://news.nankai.edu.cn/zhxw/system/2024/06/21/030062308.shtml",
  "http://news.nankai.edu.cn/zhxw/system/2024/06/20/030062279.shtml",
  "http://news.nankai.edu.cn/zhxw/system/2024/06/20/030062277.shtml",
  "http://news.nankai.edu.cn/zhxw/system/2024/06/19/030062272.shtml",
  "http://news.nankai.edu.cn/zhxw/system/2024/06/11/030062147.shtml",
  "http://news.nankai.edu.cn/zhxw/system/2024/06/11/030062137.shtml",
  "http://news.nankai.edu.cn/ywsd/system/2024/06/07/030062103.shtml",
  "http://news.nankai.edu.cn/dcxy/system/2024/06/06/030062080.shtml",
  "http://news.nankai.edu.cn/zhxw/system/2024/06/09/030062125.shtml",
  "http://news.nankai.edu.cn/zhxw/system/2024/06/07/030062099.shtml",
  "http://news.nankai.edu.cn/zhxw/system/2024/06/06/030062085.shtml",
  "http://news.nankai.edu.cn/zhxw/system/2024/06/04/030062038.shtml",
  "http://news.nankai.edu.cn/zhxw/system/2024/06/04/030062036.shtml",
  "http://news.nankai.edu.cn/zhxw/system/2024/06/03/030062020.shtml",
  "http://news.nankai.edu.cn/zhxw/system/2024/06/01/030061993.shtml",
  "http://news.nankai.edu.cn/zhxw/system/2024/05/31/030061971.shtml",
  "http://news.nankai.edu.cn/zhxw/system/2024/05/31/030061962.shtml",
  "http://news.nankai.edu.cn/zhxw/system/2024/05/29/030061924.shtml",
  "http://news.nankai.edu.cn/zhxw/system/2024/05/29/030061925.shtml",
  "http://news.nankai.edu.cn/zhxw/system/2024/05/29/030061911.shtml",
  "http://news.nankai.edu.cn/zhxw/system/2024/05/28/030061904.shtml",
  "http://news.nankai.edu.cn/ywsd/system/2024/05/28/030061898.shtml",
  "http://news.nankai.edu.cn/zhxw/system/2024/05/26/030061861.shtml",
  "http://news.nankai.edu.cn/ywsd/system/2024/05/26/030061852.shtml",
  "http://news.nankai.edu.cn/ywsd/system/2024/05/25/030061844.shtml",
  "http://news.nankai.edu.cn/ywsd/system/2024/05/25/030061840.shtml",
  "http://news.nankai.edu.cn/zhxw/system/2024/05/24/030061821.shtml",
  "http://news.nankai.edu.cn/zhxw/system/2024/05/24/030061835.shtml",
  "http://news.nankai.edu.cn/zhxw/system/2024/05/22/030061745.shtml",
  "http://news.nankai.edu.cn/zhxw/system/2024/05/21/030061743.shtml",
  "http://news.nankai.edu.cn/ywsd/system/2024/05/20/030061703.shtml",
  "http://news.nankai.edu.cn/zhxw/system/2024/05/20/030061705.shtml",
  "http://news.nankai.edu.cn/zhxw/system/2024/05/20/030061700.shtml",
  "http://news.nankai.edu.cn/zhxw/system/2024/05/20/030061696.shtml",
  "http://news.nankai.edu.cn/zhxw/system/2024/05/20/030061690.shtml",
  "http://news.nankai.edu.cn/zhxw/system/2024/05/17/030061643.shtml",
  "http://news.nankai.edu.cn/dcxy/system/2024/05/22/030061758.shtml",
  "http://news.nankai.edu.cn/ywsd/system/2024/05/20/030061706.shtml",
  "http://news.nankai.edu.cn/ywsd/system/2024/05/17/030061648.shtml",
  "http://news.nankai.edu.cn/ywsd/system/2024/05/18/030061649.shtml",
  "http://news.nankai.edu.cn/ywsd/system/2024/05/18/030061653.shtml",
  "http://news.nankai.edu.cn/ywsd/system/2024/05/16/030061605.shtml",
  "http://news.nankai.edu.cn/zhxw/system/2024/05/17/030061612.shtml",
  "http://news.nankai.edu.cn/zhxw/system/2024/05/17/030061610.shtml",
  "http://news.nankai.edu.cn/zhxw/system/2024/05/16/030061591.shtml",
  "http://news.nankai.edu.cn/zhxw/system/2024/05/14/030061559.shtml",
  "http://news.nankai.edu.cn/zhxw/system/2024/05/10/030061505.shtml",
  "http://news.nankai.edu.cn/ywsd/system/2024/05/13/030061544.shtml",
  "http://news.nankai.edu.cn/ywsd/system/2024/05/10/030061518.shtml",
  "http://news.nankai.edu.cn/ywsd/system/2024/05/09/030061478.shtml",
  "http://news.nankai.edu.cn/zhxw/system/2024/05/10/030061503.shtml",
  "http://news.nankai.edu.cn/zhxw/system/2024/05/10/030061501.shtml",
  "http://news.nankai.edu.cn/zhxw/system/2024/05/10/030061496.shtml",
  "http://news.nankai.edu.cn/zhxw/system/2024/05/09/030061470.shtml",
  "http://news.nankai.edu.cn/zhxw/system/2024/05/09/030061466.shtml",
  "http://news.nankai.edu.cn/zhxw/system/2024/05/08/030061464.shtml",
  "http://news.nankai.edu.cn/zhxw/system/2024/05/08/030061463.shtml",
  "http://news.nankai.edu.cn/zhxw/system/2024/05/08/030061436.shtml",
  "http://news.nankai.edu.cn/zhxw/system/2024/05/06/030061397.shtml",
  "http://news.nankai.edu.cn/zhxw/system/2024/05/07/030061419.shtml",
  "http://news.nankai.edu.cn/ywsd/system/2024/05/06/030061403.shtml",
  "http://news.nankai.edu.cn/zhxw/system/2024/05/04/030061390.shtml",
  "http://news.nankai.edu.cn/zhxw/system/2024/05/03/030061388.shtml",
  "http://news.nankai.edu.cn/zhxw/system/2024/05/02/030061383.shtml",
  "http://news.nankai.edu.cn/zhxw/system/2024/04/30/030061367.shtml",
  "http://news.nankai.edu.cn/zhxw/system/2024/04/30/030061358.shtml",
  "http://news.nankai.edu.cn/zhxw/system/2024/04/30/030061330.shtml",
  "http://news.nankai.edu.cn/zhxw/system/2024/04/29/030061326.shtml",
  "http://news.nankai.edu.cn/zhxw/system/2024/04/29/030061321.shtml",
  "http://news.nankai.edu.cn/zhxw/system/2024/04/29/030061320.shtml",
  "http://news.nankai.edu.cn/zhxw/system/2024/04/29/030061307.shtml",
  "http://news.nankai.edu.cn/zhxw/system/2024/04/28/030061283.shtml",
  "http://news.nankai.edu.cn/zhxw/system/2024/04/28/030061288.shtml",
  "http://news.nankai.edu.cn/zhxw/system/2024/04/25/030061207.shtml",
  "http://news.nankai.edu.cn/zhxw/system/2024/04/25/030061205.shtml",
  "http://news.nankai.edu.cn/zhxw/system/2024/04/25/030061180.shtml",
  "http://news.nankai.edu.cn/ywsd/system/2024/04/24/030061162.shtml",
  "http://news.nankai.edu.cn/ywsd/system/2024/04/23/030061139.shtml",
  "http://news.nankai.edu.cn/zhxw/system/2024/04/23/030061111.shtml",
  "http://news.nankai.edu.cn/ywsd/system/2024/04/17/030061006.shtml",
  "http://news.nankai.edu.cn/zhxw/system/2024/04/23/030061110.shtml",
  "http://news.nankai.edu.cn/zhxw/system/2024/04/19/030061048.shtml",
  "http://news.nankai.edu.cn/ztbd/system/2015/12/17/000261000.shtml",
  "http://news.nankai.edu.cn/ztbd/system/2015/12/15/000260727.shtml",
  "http://news.nankai.edu.cn/ztbd/system/2015/12/04/000259049.shtml",
  "http://news.nankai.edu.cn/ztbd/system/2015/12/08/000259578.shtml",
  "http://news.nankai.edu.cn/ztbd/system/2015/12/01/000258414.shtml",
  "http://news.nankai.edu.cn/ztbd/system/2015/11/18/000256280.shtml",
  "http://news.nankai.edu.cn/ztbd/system/2015/10/28/000252998.shtml",
  "http://news.nankai.edu.cn/ztbd/system/2015/09/28/000249975.shtml",
  "http://news.nankai.edu.cn/ztbd/system/2015/09/08/000247295.shtml",
  "http://news.nankai.edu.cn/ztbd/system/2015/07/01/000240278.shtml",
  "http://news.nankai.edu.cn/ztbd/system/2015/06/30/000240059.shtml",
  "http://news.nankai.edu.cn/ztbd/system/2015/06/18/000238674.shtml",
  "http://news.nankai.edu.cn/ztbd/system/2015/06/10/000237303.shtml",
  "http://news.nankai.edu.cn/ztbd/system/2014/09/25/000202559.shtml",
  "http://news.nankai.edu.cn/ztbd/system/2015/04/27/000229968.shtml",
  "http://news.nankai.edu.cn/ztbd/system/2015/03/05/000223996.shtml",
  "http://news.nankai.edu.cn/ztbd/system/2015/03/04/000223337.shtml",
  "http://news.nankai.edu.cn/ztbd/system/2015/03/02/000223034.shtml",
  "http://news.nankai.edu.cn/ztbd/system/2014/12/28/000215634.shtml",
  "http://news.nankai.edu.cn/ztbd/system/2015/01/12/000217435.shtml",
  "http://news.nankai.edu.cn/ztbd/system/2014/01/07/000162479.shtml",
  "http://news.nankai.edu.cn/ztbd/system/2013/01/23/000109698.shtml",
  "http://news.nankai.edu.cn/ztbd/system/2013/01/23/000109697.shtml",
  "http://news.nankai.edu.cn/ztbd/system/2013/01/23/000109696.shtml",
  "http://news.nankai.edu.cn/ztbd/system/2010/07/01/000032285.shtml",
  "http://news.nankai.edu.cn/ywsd/system/2017/08/31/000343134.shtml",
  "http://news.nankai.edu.cn/ywsd/system/2017/06/02/000333534.shtml",
  "http://news.nankai.edu.cn/ywsd/system/2017/03/20/000323560.shtml",
  "http://news.nankai.edu.cn/ywsd/system/2016/09/21/000296736.shtml",
  "http://news.nankai.edu.cn/ywsd/system/2017/02/12/000317615.shtml",
  "http://news.nankai.edu.cn/ywsd/system/2017/04/20/000329075.shtml",
  "http://news.nankai.edu.cn/ywsd/system/2017/05/18/000331894.shtml",
  "http://news.nankai.edu.cn/ywsd/system/2017/05/12/000331334.shtml",
  "http://news.nankai.edu.cn/ztbd/system/2017/05/18/000331895.shtml",
  "http://xb.nankai.edu.cn/attach/2015/09/23/21701.pdf",
  "http://xb.nankai.edu.cn/attach/2016/06/15/22751.pdf",
  "http://xb.nankai.edu.cn/attach/2015/09/23/21707.pdf",
  "http://xb.nankai.edu.cn/attach/2015/11/12/21804.pdf",
  "http://xb.nankai.edu.cn/attach/2015/09/23/21705.pdf",
  "http://news.nankai.edu.cn/ztbd/system/2010/03/07/000028950.shtml",
  "http://news.nankai.edu.cn/nkdxb/system/2014/01/06/000162354.shtml",
  "http://news.nankai.edu.cn/nkdxb/system/2014/01/06/000162355.shtml",
  "http://news.nankai.edu.cn/nkdxb/system/2014/01/06/000162356.shtml",
  "http://news.nankai.edu.cn/nkdxb/system/2014/01/06/000162357.shtml",
  "http://news.nankai.edu.cn/nkdxb/system/2014/01/06/000162360.shtml",
  "http://news.nankai.edu.cn/nkdxb/system/2014/01/07/000162454.shtml",
  "http://news.nankai.edu.cn/nkdxb/system/2014/01/07/000162455.shtml",
  "http://news.nankai.edu.cn/nkdxb/system/2014/01/07/000162456.shtml",
  "http://news.nankai.edu.cn/nkdxb/system/2014/01/07/000162457.shtml",
  "http://news.nankai.edu.cn/nkdxb/system/2014/01/07/000162458.shtml",
  "http://news.nankai.edu.cn/pic/0/00/10/98/109867_712121.jpg",
  "http://news.nankai.edu.cn/ywsd/system/2017/01/14/000315658.shtml",
  "http://news.nankai.edu.cn/ywsd/system/2017/01/14/000315657.shtml",
  "http://news.nankai.edu.cn/ywsd/system/2017/01/14/000315656.shtml",
  "http://news.nankai.edu.cn/ywsd/system/2017/01/14/000315655.shtml",
  "http://news.nankai.edu.cn/ywsd/system/2017/01/14/000315654.shtml",
  "http://news.nankai.edu.cn/ztbd/system/2017/01/10/000314835.shtml",
  "http://news.nankai.edu.cn/ztbd/system/2017/01/10/000314836.shtml",
  "http://news.nankai.edu.cn/ztbd/system/2016/12/28/000312975.shtml",
  "http://news.nankai.edu.cn/ztbd/system/2016/12/28/000312976.shtml",
  "http://news.nankai.edu.cn/ztbd/system/2016/12/28/000312978.shtml",
  "http://news.nankai.edu.cn/ztbd/system/2016/12/28/000312979.shtml",
  "http://news.nankai.edu.cn/ztbd/system/2016/11/24/000307709.shtml",
  "http://news.nankai.edu.cn/ztbd/system/2016/11/24/000307710.shtml",
  "http://news.nankai.edu.cn/ztbd/system/2016/11/24/000307711.shtml",
  "http://news.nankai.edu.cn/ztbd/system/2016/11/24/000307712.shtml",
  "http://news.nankai.edu.cn/ztbd/system/2016/12/06/000309315.shtml",
  "http://news.nankai.edu.cn/ztbd/system/2016/12/06/000309316.shtml",
  "http://news.nankai.edu.cn/ztbd/system/2016/12/06/000309318.shtml",
  "http://news.nankai.edu.cn/ywsd/system/2017/12/06/000359854.shtml",
  "http://news.nankai.edu.cn/ztbd/system/2017/12/05/000359602.shtml",
  "http://news.nankai.edu.cn/xwzt/system/2017/12/05/000359602.shtml",
  "http://news.nankai.edu.cn/ztbd/system/2017/12/05/000359604.shtml",
  "http://news.nankai.edu.cn/xwzt/system/2017/12/05/000359604.shtml",
  "http://news.nankai.edu.cn/ztbd/system/2017/12/05/000359605.shtml",
  "http://news.nankai.edu.cn/ztbd/system/2017/12/05/000359607.shtml",
  "http://news.nankai.edu.cn/ztbd/system/2017/12/05/000359608.shtml",
  "http://news.nankai.edu.cn/ztbd/system/2017/12/05/000359609.shtml",
  "http://news.nankai.edu.cn/ztbd/system/2017/12/05/000359610.shtml",
  "http://news.nankai.edu.cn/ywsd/system/2017/12/06/000359803.shtml",
  "http://news.nankai.edu.cn/ywsd/system/2017/12/03/000359077.shtml",
  "http://news.nankai.edu.cn/ywsd/system/2017/12/01/000358736.shtml",
  "http://news.nankai.edu.cn/ywsd/system/2017/12/01/000358658.shtml",
  "http://news.nankai.edu.cn/ywsd/system/2017/11/29/000358314.shtml",
  "http://news.nankai.edu.cn/ywsd/system/2016/01/07/000264214.shtml",
  "http://news.nankai.edu.cn/ywsd/system/2016/01/08/000264455.shtml",
  "http://jw.nankai.edu.cn/second.php?catagory=24",
  "http://news.nankai.edu.cn/ywsd/system/2016/01/07/000264314.shtml",
  "http://news.nankai.edu.cn/mtnk/system/2016/01/07/000264294.shtml",
  "http://news.nankai.edu.cn/mtnk/system/2016/01/07/000264295.shtml",
  "http://news.nankai.edu.cn/ztbd/system/2013/10/24/000148195.shtml",
  "http://news.nankai.edu.cn/nkdxb/system/2013/10/28/000149179.shtml",
  "http://news.nankai.edu.cn/nkrw/system/2010/06/08/000031585.shtml",
  "http://news.nankai.edu.cn/nkrw/system/2010/09/03/000033076.shtml",
  "http://news.nankai.edu.cn/nkrw/system/2007/01/22/000004130.shtml",
  "http://news.nankai.edu.cn/nkrw/system/2013/08/30/000138454.shtml",
  "http://news.nankai.edu.cn/zhxw/system/2008/03/05/000014398.shtml",
  "http://news.nankai.edu.cn/mtnk/system/2010/11/25/000035663.shtml",
  "http://news.nankai.edu.cn/ywsd/system/2015/06/05/000236883.shtml",
  "http://news.nankai.edu.cn/mtnk/system/2015/03/05/000223855.shtml",
  "http://news.nankai.edu.cn/zhxw/system/2013/12/03/000157837.shtml",
  "http://news.nankai.edu.cn/sp/system/2015/05/09/000231235.shtml",
  "http://news.nankai.edu.cn/nkrw/system/2008/03/27/000014928.shtml",
  "http://news.nankai.edu.cn/ywsd/system/2015/11/14/000255716.shtml",
  "http://news.nankai.edu.cn/dcxy/system/2015/03/05/000223934.shtml",
  "http://news.nankai.edu.cn/zhxw/system/2015/05/06/000230835.shtml",
  "http://news.nankai.edu.cn/ztbd/system/2016/01/07/000264097.shtml",
  "http://news.nankai.edu.cn/ywsd/system/2016/09/18/000296401.shtml",
  "http://news.nankai.edu.cn/nkyw/system/2016/09/18/000296381.shtml",
  "http://news.nankai.edu.cn/ywsd/system/2016/09/18/000296400.shtml",
  "http://news.nankai.edu.cn/ztbd/system/2016/09/18/000296382.shtml",
  "http://news.nankai.edu.cn/ztbd/system/2016/09/18/000296379.shtml",
  "http://news.nankai.edu.cn/ztbd/system/2016/09/18/000296477.shtml",
  "http://news.nankai.edu.cn/ztbd/system/2016/09/18/000296474.shtml",
  "http://news.nankai.edu.cn/ztbd/system/2016/09/18/000296475.shtml",
  "http://news.nankai.edu.cn/ztbd/system/2016/09/18/000296476.shtml",
  "http://news.nankai.edu.cn/ztbd/system/2016/09/18/000296478.shtml",
  "http://news.nankai.edu.cn/mtnk/system/2016/09/19/000296508.shtml",
  "http://news.nankai.edu.cn/mtnk/system/2016/09/19/000296507.shtml",
  "http://news.nankai.edu.cn/mtnk/system/2016/09/18/000296395.shtml",
  "http://news.nankai.edu.cn/mtnk/system/2016/09/18/000296378.shtml",
  "http://news.nankai.edu.cn/mtnk/system/2016/09/19/000296504.shtml",
  "http://news.nankai.edu.cn/xwzt/system/2016/03/18/000273676.shtml",
  "http://news.nankai.edu.cn/xwzt/system/2016/06/24/000285834.shtml",
  "http://news.nankai.edu.cn/xwzt/system/2016/06/23/000285679.shtml",
  "http://news.nankai.edu.cn/xwzt/system/2016/06/23/000285681.shtml",
  "http://news.nankai.edu.cn/xwzt/system/2016/06/24/000285815.shtml",
  "http://news.nankai.edu.cn/nkzs/index.shtml",
  "http://news.nankai.edu.cn/_upload/article/files/48/74/e185155a494b8debc1e3087cce80/c8eaabb3-bf68-4aa9-9195-cdb244cad584.pdf",
  "http://news.nankai.edu.cn/_upload/article/files/48/74/e185155a494b8debc1e3087cce80/3296e70b-3113-49c0-b6c5-45ac76ef72c7.pdf",
  "http://news.nankai.edu.cn/ywsd/system/2016/09/15/000296195.shtml",
  "http://news.nankai.edu.cn/ywsd/system/2016/09/26/000297326.shtml",
  "http://news.nankai.edu.cn/zhxw/system/2016/09/27/000297494.shtml",
  "http://news.nankai.edu.cn/zhxw/system/2016/09/27/000297502.shtml",
  "http://news.nankai.edu.cn/zhxw/system/2016/09/30/000297814.shtml",
  "http://news.nankai.edu.cn/ztbd/system/2016/09/26/000297317.shtml",
  "http://news.nankai.edu.cn/ztbd/system/2016/09/26/000297318.shtml",
  "http://news.nankai.edu.cn/ztbd/system/2016/09/26/000297319.shtml",
  "http://news.nankai.edu.cn/ztbd/system/2016/09/26/000297320.shtml",
  "http://news.nankai.edu.cn/ztbd/system/2016/09/26/000297321.shtml",
  "http://news.nankai.edu.cn/ztbd/system/2016/09/26/000297323.shtml",
  "http://news.nankai.edu.cn/ztbd/system/2016/01/07/000264088.shtml",
  "http://news.nankai.edu.cn/ztbd/system/2016/09/26/000297324.shtml",
  "http://news.nankai.edu.cn/ztbd/system/2016/09/26/000297325.shtml",
  "http://news.nankai.edu.cn/ztbd/system/2016/09/27/000297514.shtml",
  "http://news.nankai.edu.cn/ztbd/system/2016/01/07/000264085.shtml",
  "http://news.nankai.edu.cn/ztbd/system/2016/01/07/000264086.shtml",
  "http://news.nankai.edu.cn/ztbd/system/2016/01/07/000264087.shtml",
  "http://news.nankai.edu.cn/ztbd/system/2016/01/07/000264089.shtml",
  "http://news.nankai.edu.cn/ztbd/system/2016/01/07/000264094.shtml",
  "http://news.nankai.edu.cn/ztbd/system/2016/09/27/000297415.shtml",
  "http://news.nankai.edu.cn/ztbd/system/2016/01/07/000264095.shtml",
  "http://news.nankai.edu.cn/ywsd/system/2017/06/13/000334674.shtml",
  "http://news.nankai.edu.cn/ztbd/system/2017/06/12/000334556.shtml",
  "http://news.nankai.edu.cn/ztbd/system/2017/06/12/000334554.shtml",
  "http://news.nankai.edu.cn/ztbd/system/2017/06/12/000334555.shtml",
  "http://news.nankai.edu.cn/ywsd/system/2017/04/29/000330322.shtml",
  "http://news.nankai.edu.cn/ywsd/system/2017/04/10/000326958.shtml",
  "http://news.nankai.edu.cn/ywsd/system/2017/03/31/000325595.shtml",
  "http://news.nankai.edu.cn/ywsd/system/2017/03/30/000325494.shtml",
  "http://news.nankai.edu.cn/ywsd/system/2017/03/30/000325294.shtml",
  "http://news.nankai.edu.cn/ywsd/system/2017/03/27/000324574.shtml",
  "http://news.nankai.edu.cn/ywsd/system/2017/03/25/000324414.shtml",
  "http://news.nankai.edu.cn/ywsd/system/2017/03/23/000323934.shtml",
  "http://news.nankai.edu.cn/ywsd/system/2017/03/16/000322794.shtml",
  "http://news.nankai.edu.cn/ywsd/system/2017/01/16/000315895.shtml",
  "http://news.nankai.edu.cn/ywsd/system/2017/01/07/000314334.shtml",
  "http://news.nankai.edu.cn/ywsd/system/2017/01/01/000313534.shtml",
  "http://news.nankai.edu.cn/ywsd/system/2016/12/27/000312756.shtml",
  "http://news.nankai.edu.cn/ywsd/system/2016/12/16/000311354.shtml",
  "http://news.nankai.edu.cn/ywsd/system/2016/12/15/000311095.shtml",
  "http://news.nankai.edu.cn/ywsd/system/2016/12/10/000310174.shtml",
  "http://news.nankai.edu.cn/ywsd/system/2016/12/11/000310374.shtml",
  "http://news.nankai.edu.cn/ywsd/system/2016/12/15/000311036.shtml",
  "http://news.nankai.edu.cn/zhxw/system/2017/04/10/000327054.shtml",
  "http://news.nankai.edu.cn/zhxw/system/2017/04/01/000325981.shtml",
  "http://news.nankai.edu.cn/zhxw/system/2017/04/01/000325856.shtml",
  "http://news.nankai.edu.cn/zhxw/system/2017/03/30/000325297.shtml",
  "http://news.nankai.edu.cn/zhxw/system/2017/03/28/000324949.shtml",
  "http://news.nankai.edu.cn/zhxw/system/2017/03/28/000324945.shtml",
  "http://news.nankai.edu.cn/zhxw/system/2017/03/27/000324870.shtml",
  "http://news.nankai.edu.cn/zhxw/system/2017/03/27/000324758.shtml",
  "http://news.nankai.edu.cn/zhxw/system/2017/03/24/000324234.shtml",
  "http://news.nankai.edu.cn/zhxw/system/2017/03/20/000323534.shtml",
  "http://news.nankai.edu.cn/zhxw/system/2017/03/18/000323234.shtml",
  "http://news.nankai.edu.cn/zhxw/system/2017/03/16/000322698.shtml",
  "http://news.nankai.edu.cn/zhxw/system/2017/03/13/000322194.shtml",
  "http://news.nankai.edu.cn/zhxw/system/2017/03/06/000320934.shtml",
  "http://news.nankai.edu.cn/zhxw/system/2017/03/06/000320795.shtml",
  "http://news.nankai.edu.cn/zhxw/system/2017/03/02/000320238.shtml",
  "http://news.nankai.edu.cn/zhxw/system/2017/02/25/000319554.shtml",
  "http://news.nankai.edu.cn/zhxw/system/2017/02/25/000319536.shtml",
  "http://news.nankai.edu.cn/zhxw/system/2017/02/19/000318576.shtml",
  "http://news.nankai.edu.cn/zhxw/system/2017/01/06/000314203.shtml",
  "http://news.nankai.edu.cn/zhxw/system/2016/12/20/000311795.shtml",
  "http://news.nankai.edu.cn/zhxw/system/2016/12/13/000310714.shtml",
  "http://news.nankai.edu.cn/zhxw/system/2016/12/13/000310655.shtml",
  "http://news.nankai.edu.cn/mtnk/system/2016/12/11/000310254.shtml",
  "http://news.nankai.edu.cn/mtnk/system/2016/12/10/000310195.shtml",
  "http://news.nankai.edu.cn/ywsd/system/2016/10/27/000301474.shtml",
  "http://news.nankai.edu.cn/ztbd/system/2015/04/27/000229895.shtml",
  "http://news.nankai.edu.cn/pic/0/00/16/73/167345_211710.jpg",
  "http://news.nankai.edu.cn/ztbd/system/2015/04/27/000229898.shtml",
  "http://news.nankai.edu.cn/ztbd/system/2015/04/27/000229914.shtml",
  "http://news.nankai.edu.cn/ztbd/system/2015/04/27/000229915.shtml",
  "http://theory.nankai.edu.cn/index.action",
  "http://news.nankai.edu.cn/ztbd/system/2015/06/09/000237177.shtml",
  "http://jw.nankai.edu.cn/third.php?id='649'",
  "http://news.nankai.edu.cn/ztbd/system/2015/06/09/000237176.shtml",
  "http://news.nankai.edu.cn/ztbd/system/2015/04/27/000229936.shtml",
  "http://news.nankai.edu.cn/ztbd/system/2015/06/02/000236536.shtml",
  "http://news.nankai.edu.cn/ztbd/system/2015/06/05/000236887.shtml",
  "http://news.nankai.edu.cn/ztbd/system/2015/06/05/000236886.shtml",
  "http://news.nankai.edu.cn/ywsd/system/2015/12/29/000262754.shtml",
  "http://news.nankai.edu.cn/ywsd/system/2015/09/26/000249854.shtml",
  "http://news.nankai.edu.cn/ywsd/system/2015/04/27/000229994.shtml",
  "http://news.nankai.edu.cn/ywsd/system/2015/05/07/000230934.shtml",
  "http://news.nankai.edu.cn/ywsd/system/2015/06/04/000236798.shtml",
  "http://news.nankai.edu.cn/ywsd/system/2015/05/21/000235134.shtml",
  "http://news.nankai.edu.cn/zhxw/system/2015/10/23/000252616.shtml",
  "http://news.nankai.edu.cn/zhxw/system/2015/07/23/000243776.shtml",
  "http://news.nankai.edu.cn/zhxw/system/2015/07/08/000241057.shtml",
  "http://news.nankai.edu.cn/zhxw/system/2015/07/08/000241054.shtml",
  "http://news.nankai.edu.cn/zhxw/system/2015/06/04/000236834.shtml",
  "http://news.nankai.edu.cn/zhxw/system/2015/05/21/000235155.shtml",
  "http://news.nankai.edu.cn/zhxw/system/2015/05/18/000234455.shtml",
  "http://news.nankai.edu.cn/zhxw/system/2015/05/29/000236160.shtml",
  "http://news.nankai.edu.cn/zhxw/system/2015/05/25/000235655.shtml",
  "http://news.nankai.edu.cn/zhxw/system/2015/06/01/000236406.shtml",
  "http://news.nankai.edu.cn/zhxw/system/2015/07/09/000241149.shtml",
  "http://news.nankai.edu.cn/ywsd/system/2015/09/04/000246815.shtml",
  "http://news.nankai.edu.cn/ywsd/system/2015/09/05/000246834.shtml",
  "http://news.nankai.edu.cn/ywsd/system/2015/07/23/000243494.shtml",
  "http://news.nankai.edu.cn/ywsd/system/2015/09/01/000246436.shtml",
  "http://news.nankai.edu.cn/ywsd/system/2015/09/07/000247254.shtml",
  "http://news.nankai.edu.cn/mtnk/system/2015/09/04/000246797.shtml",
  "http://news.nankai.edu.cn/ywsd/system/2015/09/03/000246694.shtml",
  "http://news.nankai.edu.cn/ywsd/system/2015/09/03/000246674.shtml",
  "http://news.nankai.edu.cn/ywsd/system/2015/09/01/000246437.shtml",
  "http://news.nankai.edu.cn/ywsd/system/2015/09/02/000246558.shtml",
  "http://news.nankai.edu.cn/ywsd/system/2015/09/04/000246755.shtml",
  "http://news.nankai.edu.cn/ywsd/system/2015/09/01/000246534.shtml",
  "http://news.nankai.edu.cn/ywsd/system/2015/09/01/000246435.shtml",
  "http://jw.nankai.edu.cn/third.php?id=1233",
  "http://news.nankai.edu.cn/ywsd/system/2015/08/19/000245774.shtml",
  "http://news.nankai.edu.cn/ywsd/system/2015/08/09/000245155.shtml",
  "http://news.nankai.edu.cn/ywsd/system/2015/08/09/000245134.shtml",
  "http://news.nankai.edu.cn/ywsd/system/2015/08/02/000244694.shtml",
  "http://news.nankai.edu.cn/ywsd/system/2015/08/04/000244894.shtml",
  "http://news.nankai.edu.cn/mtnk/system/2015/07/27/000244283.shtml",
  "http://news.nankai.edu.cn/mtnk/system/2015/07/27/000244276.shtml",
  "http://news.nankai.edu.cn/mtnk/system/2015/07/29/000244395.shtml",
  "http://news.nankai.edu.cn/mtnk/system/2015/07/29/000244396.shtml",
  "http://news.nankai.edu.cn/mtnk/system/2015/07/28/000244382.shtml",
  "http://news.nankai.edu.cn/ywsd/system/2015/07/22/000243055.shtml",
  "http://news.nankai.edu.cn/ywsd/system/2015/07/20/000242575.shtml",
  "http://news.nankai.edu.cn/ywsd/system/2015/07/13/000241614.shtml",
  "http://news.nankai.edu.cn/ywsd/system/2015/07/15/000241797.shtml",
  "http://news.nankai.edu.cn/ywsd/system/2015/07/07/000240857.shtml",
  "http://news.nankai.edu.cn/ywsd/system/2015/07/10/000241357.shtml",
  "http://news.nankai.edu.cn/ywsd/system/2015/07/09/000241144.shtml",
  "http://news.nankai.edu.cn/ywsd/system/2015/06/07/000237037.shtml",
  "http://news.nankai.edu.cn/ywsd/system/2015/06/12/000237576.shtml",
  "http://news.nankai.edu.cn/ywsd/system/2015/06/18/000238654.shtml",
  "http://news.nankai.edu.cn/ywsd/system/2014/08/29/000199354.shtml",
  "http://news.nankai.edu.cn/ywsd/system/2015/05/14/000233574.shtml",
  "http://news.nankai.edu.cn/ywsd/system/2015/05/10/000231434.shtml",
  "http://news.nankai.edu.cn/ywsd/system/2015/04/13/000228576.shtml",
  "http://news.nankai.edu.cn/dcxy/system/2015/06/04/000236755.shtml",
  "http://news.nankai.edu.cn/zhxw/system/2015/04/20/000229297.shtml",
  "http://jw.nankai.edu.cn/third.php?id=1232",
  "http://news.nankai.edu.cn/ywsd/system/2015/08/21/000245834.shtml",
  "http://jw.nankai.edu.cn/third.php?id=1136",
  "http://jw.nankai.edu.cn/third.php?id='1057'",
  "http://news.nankai.edu.cn/ywsd/system/2014/05/15/000181434.shtml",
  "http://news.nankai.edu.cn/ywsd/system/2015/09/07/000247214.shtml",
  "http://news.nankai.edu.cn/ywsd/system/2015/09/07/000247114.shtml",
  "http://news.nankai.edu.cn/ywsd/system/2015/09/06/000246909.shtml",
  "http://news.nankai.edu.cn/ywsd/system/2015/09/02/000246559.shtml",
  "http://news.nankai.edu.cn/ywsd/system/2015/08/30/000246376.shtml",
  "http://news.nankai.edu.cn/ywsd/system/2015/08/29/000246354.shtml",
  "http://news.nankai.edu.cn/ywsd/system/2015/08/29/000246294.shtml",
  "http://news.nankai.edu.cn/ywsd/system/2015/08/22/000245935.shtml",
  "http://news.nankai.edu.cn/ywsd/system/2015/08/17/000245694.shtml",
  "http://news.nankai.edu.cn/ywsd/system/2015/08/17/000245654.shtml",
  "http://news.nankai.edu.cn/ztbd/system/2015/09/07/000247177.shtml",
  "http://news.nankai.edu.cn/ztbd/system/2011/01/02/000036695.shtml",
  "http://news.nankai.edu.cn/ztbd/system/2011/01/02/000036696.shtml",
  "http://news.nankai.edu.cn/ztbd/system/2011/01/02/000036697.shtml",
  "http://news.nankai.edu.cn/ztbd/system/2015/09/07/000247204.shtml",
  "http://news.nankai.edu.cn/ztbd/system/2015/09/07/000247205.shtml",
  "http://news.nankai.edu.cn/ywsd/system/2015/09/06/000246914.shtml",
  "http://news.nankai.edu.cn/ywsd/system/2015/09/04/000246814.shtml",
  "http://news.nankai.edu.cn/ywsd/system/2015/08/26/000246054.shtml",
  "http://news.nankai.edu.cn/ztbd/system/2015/09/07/000247194.shtml",
  "http://news.nankai.edu.cn/ztbd/system/2015/09/07/000247196.shtml",
  "http://news.nankai.edu.cn/ztbd/system/2015/09/07/000247197.shtml",
  "http://news.nankai.edu.cn/ztbd/system/2015/09/07/000247199.shtml",
  "http://news.nankai.edu.cn/ztbd/system/2015/09/07/000247201.shtml",
  "http://news.nankai.edu.cn/ztbd/system/2015/09/07/000247203.shtml",
  "http://news.nankai.edu.cn/ywsd/system/2015/09/06/000246912.shtml",
  "http://news.nankai.edu.cn/ywsd/system/2015/08/29/000246314.shtml",
  "http://news.nankai.edu.cn/ywsd/system/2015/08/06/000245014.shtml",
  "http://news.nankai.edu.cn/ywsd/system/2015/07/31/000244536.shtml",
  "http://news.nankai.edu.cn/ywsd/system/2015/07/30/000244454.shtml",
  "http://news.nankai.edu.cn/ywsd/system/2015/09/07/000247235.shtml",
  "http://news.nankai.edu.cn/mtnk/system/2015/09/05/000246858.shtml",
  "http://news.nankai.edu.cn/mtnk/system/2015/09/05/000246855.shtml",
  "http://news.nankai.edu.cn/mtnk/system/2015/09/07/000247097.shtml",
  "http://news.nankai.edu.cn/mtnk/system/2015/09/07/000247134.shtml",
  "http://news.nankai.edu.cn/pic/0/00/07/38/73841_535015.jpg",
  "http://news.nankai.edu.cn/pic/0/00/07/38/73842_421839.jpg",
  "http://news.nankai.edu.cn/pic/0/00/07/38/73843_990857.jpg",
  "http://news.nankai.edu.cn/ztbd/system/2017/07/02/000337036.shtml",
  "http://news.nankai.edu.cn/ztbd/system/2017/07/02/000337035.shtml",
  "http://news.nankai.edu.cn/ztbd/system/2017/07/02/000337014.shtml",
  "http://news.nankai.edu.cn/ztbd/system/2017/07/02/000337054.shtml",
  "http://news.nankai.edu.cn/ztbd/system/2017/07/02/000337034.shtml",
  "http://news.nankai.edu.cn/pic/0/00/09/85/98564_946716.jpg",
  "http://news.nankai.edu.cn/ywsd/system/2017/10/16/000350636.shtml",
  "http://news.nankai.edu.cn/ywsd/system/2017/10/15/000350441.shtml",
  "http://news.nankai.edu.cn/ywsd/system/2017/10/15/000350440.shtml",
  "http://news.nankai.edu.cn/ywsd/system/2017/10/15/000350439.shtml",
  "http://news.nankai.edu.cn/ywsd/system/2017/10/15/000350438.shtml",
  "http://news.nankai.edu.cn/ywsd/system/2017/10/14/000350314.shtml",
  "http://news.nankai.edu.cn/audio/0/00/27/07/270725_175217.mp3",
  "http://news.nankai.edu.cn/zhxw/system/2017/10/01/000348356.shtml",
  "http://news.nankai.edu.cn/zhxw/system/2017/10/06/000348897.shtml",
  "http://news.nankai.edu.cn/zhxw/system/2017/10/06/000348955.shtml",
  "http://news.nankai.edu.cn/zhxw/system/2017/10/06/000349114.shtml",
  "http://news.nankai.edu.cn/zhxw/system/2017/10/06/000349254.shtml",
  "http://news.nankai.edu.cn/zhxw/system/2017/10/06/000349294.shtml",
  "http://news.nankai.edu.cn/zhxw/system/2017/10/10/000349760.shtml",
  "http://news.nankai.edu.cn/zhxw/system/2017/10/10/000349763.shtml",
  "http://news.nankai.edu.cn/zhxw/system/2017/10/10/000349776.shtml",
  "http://news.nankai.edu.cn/zhxw/system/2017/10/10/000349774.shtml",
  "http://news.nankai.edu.cn/zhxw/system/2017/10/13/000350239.shtml",
  "http://news.nankai.edu.cn/zhxw/system/2017/10/13/000350243.shtml",
  "http://news.nankai.edu.cn/zhxw/system/2017/10/17/000350694.shtml",
  "http://news.nankai.edu.cn/ywsd/system/2017/11/15/000355963.shtml",
  "http://news.nankai.edu.cn/ywsd/system/2017/11/14/000355783.shtml",
  "http://news.nankai.edu.cn/ywsd/system/2017/11/14/000355782.shtml",
  "http://news.nankai.edu.cn/ywsd/system/2017/11/14/000355781.shtml",
  "http://news.nankai.edu.cn/ywsd/system/2017/11/14/000355777.shtml",
  "http://news.nankai.edu.cn/ywsd/system/2017/11/13/000355634.shtml",
  "http://news.nankai.edu.cn/ywsd/system/2017/11/12/000355395.shtml",
  "http://news.nankai.edu.cn/ywsd/system/2017/11/09/000354815.shtml",
  "http://news.nankai.edu.cn/ywsd/system/2017/11/09/000354755.shtml",
  "http://news.nankai.edu.cn/ywsd/system/2017/11/08/000354694.shtml",
  "http://news.nankai.edu.cn/ywsd/system/2017/11/08/000354676.shtml",
  "http://news.nankai.edu.cn/ywsd/system/2017/11/07/000354496.shtml",
  "http://news.nankai.edu.cn/ywsd/system/2017/11/05/000354115.shtml",
  "http://news.nankai.edu.cn/ywsd/system/2017/11/04/000353982.shtml",
  "http://news.nankai.edu.cn/ywsd/system/2017/11/04/000353976.shtml",
  "http://news.nankai.edu.cn/ywsd/system/2017/11/03/000353875.shtml",
  "http://news.nankai.edu.cn/ywsd/system/2017/11/03/000353776.shtml",
  "http://news.nankai.edu.cn/ywsd/system/2017/11/02/000353602.shtml",
  "http://news.nankai.edu.cn/ywsd/system/2017/11/02/000353599.shtml",
  "http://news.nankai.edu.cn/ywsd/system/2017/11/02/000353601.shtml",
  "http://news.nankai.edu.cn/ywsd/system/2017/11/02/000353597.shtml",
  "http://news.nankai.edu.cn/ywsd/system/2017/11/01/000353519.shtml",
  "http://news.nankai.edu.cn/ywsd/system/2017/11/01/000353357.shtml",
  "http://news.nankai.edu.cn/ywsd/system/2017/10/31/000353274.shtml",
  "http://news.nankai.edu.cn/ywsd/system/2017/10/31/000353096.shtml",
  "http://news.nankai.edu.cn/ywsd/system/2017/10/30/000352935.shtml",
  "http://news.nankai.edu.cn/ywsd/system/2017/10/28/000352574.shtml",
  "http://news.nankai.edu.cn/ywsd/system/2017/10/27/000352434.shtml",
  "http://news.nankai.edu.cn/ywsd/system/2017/10/26/000352255.shtml",
  "http://news.nankai.edu.cn/ywsd/system/2017/10/24/000352076.shtml",
  "http://news.nankai.edu.cn/ywsd/system/2017/10/24/000351996.shtml",
  "http://news.nankai.edu.cn/ywsd/system/2017/10/23/000351674.shtml",
  "http://news.nankai.edu.cn/ywsd/system/2017/10/20/000351336.shtml",
  "http://news.nankai.edu.cn/ywsd/system/2017/10/20/000351315.shtml",
  "http://news.nankai.edu.cn/ywsd/system/2017/10/20/000351234.shtml",
  "http://news.nankai.edu.cn/ywsd/system/2017/10/20/000351235.shtml",
  "http://news.nankai.edu.cn/ywsd/system/2017/10/19/000351149.shtml",
  "http://news.nankai.edu.cn/ywsd/system/2017/10/19/000351148.shtml",
  "http://news.nankai.edu.cn/ywsd/system/2017/10/18/000350917.shtml",
  "http://news.nankai.edu.cn/ywsd/system/2017/10/18/000350835.shtml",
  "http://news.nankai.edu.cn/ywsd/system/2017/10/16/000350634.shtml",
  "http://news.nankai.edu.cn/ywsd/system/2017/10/16/000350534.shtml",
  "http://news.nankai.edu.cn/ywsd/system/2017/10/14/000350400.shtml",
  "http://news.nankai.edu.cn/ywsd/system/2017/10/13/000350236.shtml",
  "http://news.nankai.edu.cn/ywsd/system/2017/10/11/000349937.shtml",
  "http://news.nankai.edu.cn/ywsd/system/2017/10/10/000349794.shtml",
  "http://news.nankai.edu.cn/zhxw/system/2017/10/14/000350380.shtml",
  "http://news.nankai.edu.cn/zhxw/system/2017/10/14/000350379.shtml",
  "http://news.nankai.edu.cn/zhxw/system/2017/10/14/000350376.shtml",
  "http://news.nankai.edu.cn/zhxw/system/2017/10/14/000350375.shtml",
  "http://news.nankai.edu.cn/zhxw/system/2017/10/14/000350355.shtml",
  "http://news.nankai.edu.cn/zhxw/system/2017/10/13/000350235.shtml",
  "http://news.nankai.edu.cn/zhxw/system/2017/10/13/000350245.shtml",
  "http://news.nankai.edu.cn/zhxw/system/2017/10/13/000350244.shtml",
  "http://news.nankai.edu.cn/zhxw/system/2017/10/13/000350242.shtml",
  "http://news.nankai.edu.cn/zhxw/system/2017/10/13/000350241.shtml",
  "http://news.nankai.edu.cn/zhxw/system/2017/10/13/000350238.shtml",
  "http://news.nankai.edu.cn/zhxw/system/2017/10/12/000349998.shtml",
  "http://news.nankai.edu.cn/zhxw/system/2017/10/12/000349995.shtml",
  "http://news.nankai.edu.cn/zhxw/system/2017/10/11/000349874.shtml",
  "http://news.nankai.edu.cn/zhxw/system/2017/10/11/000349834.shtml",
  "http://news.nankai.edu.cn/zhxw/system/2017/10/10/000349759.shtml",
  "http://news.nankai.edu.cn/zhxw/system/2017/10/10/000349741.shtml",
  "http://news.nankai.edu.cn/zhxw/system/2017/10/09/000349635.shtml",
  "http://news.nankai.edu.cn/zhxw/system/2017/10/08/000349554.shtml",
  "http://news.nankai.edu.cn/zhxw/system/2017/10/07/000349315.shtml",
  "http://news.nankai.edu.cn/zhxw/system/2017/10/06/000349214.shtml",
  "http://news.nankai.edu.cn/zhxw/system/2017/10/06/000349194.shtml",
  "http://news.nankai.edu.cn/zhxw/system/2017/10/03/000348514.shtml",
  "http://news.nankai.edu.cn/zhxw/system/2017/09/29/000348121.shtml",
  "http://news.nankai.edu.cn/zhxw/system/2017/09/29/000348115.shtml",
  "http://news.nankai.edu.cn/zhxw/system/2017/09/29/000348114.shtml",
  "http://news.nankai.edu.cn/zhxw/system/2017/09/23/000347015.shtml",
  "http://news.nankai.edu.cn/zhxw/system/2017/09/24/000347106.shtml",
  "http://news.nankai.edu.cn/zhxw/system/2017/09/21/000346656.shtml",
  "http://news.nankai.edu.cn/zhxw/system/2017/09/16/000345674.shtml",
  "http://news.nankai.edu.cn/2017/1108/c157a77270/page.htm",
  "http://weekly.nankai.edu.cn/show_more.php?tkey=&bkey=&doc_id=14815",
  "http://news.nankai.edu.cn/ztbd/system/2017/12/05/000359534.shtml",
  "http://news.nankai.edu.cn/ztbd/system/2017/12/05/000359535.shtml",
  "http://news.nankai.edu.cn/ztbd/system/2017/12/05/000359536.shtml",
  "http://news.nankai.edu.cn/ywsd/system/2017/11/24/000357546.shtml",
  "http://news.nankai.edu.cn/ywsd/system/2017/11/26/000357854.shtml",
  "http://news.nankai.edu.cn/audio/0/00/28/14/281424_991550.mp3",
  "http://news.nankai.edu.cn/video/0/00/28/19/281992_878454.mp4",
  "http://news.nankai.edu.cn/bnxq/index.shtml",
  "http://news.nankai.edu.cn/mtnk/system/2024/08/06/030062848.shtml",
  "http://news.nankai.edu.cn/mtnk/system/2024/08/06/030062845.shtml",
  "http://news.nankai.edu.cn/mtnk/system/2024/08/02/030062817.shtml",
  "http://news.nankai.edu.cn/mtnk/system/2024/08/02/030062814.shtml",
  "http://news.nankai.edu.cn/mtnk/system/2024/07/31/030062784.shtml",
  "http://news.nankai.edu.cn/mtnk/system/2024/07/28/030062741.shtml",
  "http://news.nankai.edu.cn/mtnk/system/2024/07/25/030062708.shtml",
  "http://news.nankai.edu.cn/mtnk/system/2024/07/25/030062705.shtml",
  "http://news.nankai.edu.cn/mtnk/system/2024/07/25/030062707.shtml",
  "http://news.nankai.edu.cn/sp/system/2024/12/03/030064852.shtml",
  "http://news.nankai.edu.cn/sp/system/2024/12/03/030064851.shtml",
  "http://news.nankai.edu.cn/sp/system/2024/11/12/030064378.shtml",
  "http://news.nankai.edu.cn/sp/system/2024/11/12/030064376.shtml",
  "http://news.nankai.edu.cn/sp/system/2024/10/24/030064062.shtml",
  "http://news.nankai.edu.cn/sp/system/2024/10/18/030063989.shtml",
  "http://news.nankai.edu.cn/sp/system/2024/10/18/030063988.shtml",
  "http://news.nankai.edu.cn/sp/system/2024/10/18/030063985.shtml",
  "http://news.nankai.edu.cn/sp/system/2024/09/25/030063657.shtml",
  "http://news.nankai.edu.cn/sp/system/2024/09/11/030063346.shtml",
  "http://news.nankai.edu.cn/sp/system/2024/09/11/030063345.shtml",
  "http://news.nankai.edu.cn/sp/system/2024/08/30/030063128.shtml",
  "http://news.nankai.edu.cn/sp/system/2024/06/28/030062395.shtml",
  "http://news.nankai.edu.cn/sp/system/2024/06/12/030062164.shtml",
  "http://news.nankai.edu.cn/sp/system/2024/06/05/030062067.shtml",
  "http://news.nankai.edu.cn/sp/system/2024/06/05/030062065.shtml",
  "http://news.nankai.edu.cn/sp/system/2024/05/23/030061768.shtml",
  "http://news.nankai.edu.cn/sp/system/2024/05/15/030061583.shtml",
  "http://news.nankai.edu.cn/sp/system/2024/05/08/030061459.shtml",
  "http://news.nankai.edu.cn/sp/system/2024/04/17/030061012.shtml",
  "http://news.nankai.edu.cn/sp/system/2024/04/11/030060897.shtml",
  "http://news.nankai.edu.cn/sp/system/2024/04/11/030060894.shtml",
  "http://news.nankai.edu.cn/sp/system/2024/03/29/030060663.shtml",
  "http://news.nankai.edu.cn/sp/system/2024/03/20/030060521.shtml",
  "http://news.nankai.edu.cn/sp/system/2024/03/13/030060406.shtml",
  "http://news.nankai.edu.cn/sp/system/2024/03/07/030060264.shtml",
  "http://news.nankai.edu.cn/sp/system/2024/03/01/030060179.shtml",
  "http://news.nankai.edu.cn/sp/system/2024/01/16/030059850.shtml",
  "http://news.nankai.edu.cn/sp/system/2024/01/10/030059782.shtml",
  "http://news.nankai.edu.cn/mtnk/system/2024/12/09/030064955.shtml",
  "http://news.nankai.edu.cn/mtnk/system/2024/12/07/030064936.shtml",
  "http://news.nankai.edu.cn/mtnk/system/2024/12/07/030064934.shtml",
  "http://news.nankai.edu.cn/mtnk/system/2024/12/06/030064925.shtml",
  "http://news.nankai.edu.cn/mtnk/system/2024/12/06/030064921.shtml",
  "http://news.nankai.edu.cn/mtnk/system/2024/12/06/030064926.shtml",
  "http://news.nankai.edu.cn/mtnk/system/2024/12/06/030064922.shtml",
  "http://news.nankai.edu.cn/mtnk/system/2024/12/06/030064923.shtml",
  "http://news.nankai.edu.cn/mtnk/system/2024/12/05/030064900.shtml",
  "http://news.nankai.edu.cn/mtnk/system/2024/12/05/030064899.shtml",
  "http://news.nankai.edu.cn/mtnk/system/2024/12/05/030064902.shtml",
  "http://news.nankai.edu.cn/mtnk/system/2024/12/05/030064906.shtml",
  "http://news.nankai.edu.cn/mtnk/system/2024/12/05/030064898.shtml",
  "http://news.nankai.edu.cn/mtnk/system/2024/12/05/030064897.shtml",
  "http://news.nankai.edu.cn/mtnk/system/2024/12/05/030064901.shtml",
  "http://news.nankai.edu.cn/mtnk/system/2024/12/04/030064886.shtml",
  "http://news.nankai.edu.cn/ywsd/system/2014/03/04/000168094.shtml",
  "http://news.nankai.edu.cn/ywsd/system/2014/03/07/000168538.shtml",
  "http://news.nankai.edu.cn/ztbd/system/2014/03/17/000169741.shtml",
  "http://news.nankai.edu.cn/ywsd/system/2014/03/16/000169655.shtml",
  "http://news.nankai.edu.cn/ywsd/system/2014/03/17/000169715.shtml",
  "http://news.nankai.edu.cn/ywsd/system/2014/03/12/000169097.shtml",
  "http://news.nankai.edu.cn/ywsd/system/2014/03/10/000168877.shtml",
  "http://news.nankai.edu.cn/ywsd/system/2014/03/10/000168863.shtml",
  "http://news.nankai.edu.cn/ywsd/system/2014/03/07/000168551.shtml",
  "http://news.nankai.edu.cn/ywsd/system/2014/03/07/000168441.shtml",
  "http://news.nankai.edu.cn/ywsd/system/2014/03/06/000168354.shtml",
  "http://news.nankai.edu.cn/ywsd/system/2014/03/12/000169039.shtml",
  "http://news.nankai.edu.cn/ywsd/system/2014/03/10/000168856.shtml",
  "http://news.nankai.edu.cn/ywsd/system/2014/03/10/000168696.shtml",
  "http://news.nankai.edu.cn/ywsd/system/2014/03/07/000168516.shtml",
  "http://news.nankai.edu.cn/ywsd/system/2014/03/06/000168335.shtml",
  "http://news.nankai.edu.cn/ywsd/system/2014/06/06/000185954.shtml",
  "http://bbs.nankai.edu.cn/main/android",
  "http://bbs.nankai.edu.cn/site/article/415",
  "http://news.nankai.edu.cn/ywsd/system/2014/04/01/000172334.shtml",
  "http://news.nankai.edu.cn/ywsd/system/2014/05/29/000184715.shtml",
  "http://news.nankai.edu.cn/ywsd/system/2014/05/22/000183394.shtml",
  "http://bbs.nankai.edu.cn/group/view/16",
  "http://news.nankai.edu.cn/dcxy/system/2014/05/15/000181414.shtml",
  "http://news.nankai.edu.cn/ywsd/system/2014/07/02/000192134.shtml",
  "http://news.nankai.edu.cn/ywsd/system/2014/07/03/000192554.shtml",
  "http://news.nankai.edu.cn/ywsd/system/2014/06/25/000189414.shtml",
  "http://news.nankai.edu.cn/ywsd/system/2014/06/16/000186795.shtml",
  "http://news.nankai.edu.cn/ywsd/system/2014/07/01/000191995.shtml",
  "http://news.nankai.edu.cn/ywsd/system/2014/07/01/000191934.shtml",
  "http://news.nankai.edu.cn/ywsd/system/2014/06/30/000191434.shtml",
  "http://news.nankai.edu.cn/ywsd/system/2014/06/30/000191237.shtml",
  "http://news.nankai.edu.cn/ywsd/system/2014/06/26/000190254.shtml",
  "http://news.nankai.edu.cn/ywsd/system/2014/08/18/000197294.shtml",
  "http://news.nankai.edu.cn/ztbd/system/2014/08/21/000197896.shtml",
  "http://news.nankai.edu.cn/xwzt/system/2014/08/21/000197899.shtml",
  "http://news.nankai.edu.cn/ztbd/system/2014/08/21/000197897.shtml",
  "http://news.nankai.edu.cn/ztbd/system/2014/08/22/000198015.shtml",
  "http://news.nankai.edu.cn/ztbd/system/2014/08/20/000197654.shtml",
  "http://news.nankai.edu.cn/ztbd/system/2014/08/20/000197655.shtml",
  "http://news.nankai.edu.cn/ztbd/system/2014/08/21/000197898.shtml",
  "http://news.nankai.edu.cn/ztbd/system/2014/08/22/000198016.shtml",
  "http://news.nankai.edu.cn/ztbd/system/2014/08/20/000197734.shtml",
  "http://news.nankai.edu.cn/ztbd/system/2014/08/22/000198017.shtml",
  "http://news.nankai.edu.cn/ztbd/system/2014/08/21/000197900.shtml",
  "http://news.nankai.edu.cn/ztbd/system/2014/08/20/000197614.shtml",
  "http://news.nankai.edu.cn/ztbd/system/2014/08/19/000197436.shtml",
  "http://news.nankai.edu.cn/ztbd/system/2014/08/19/000197434.shtml",
  "http://news.nankai.edu.cn/ztbd/system/2014/08/19/000197419.shtml",
  "http://news.nankai.edu.cn/ztbd/system/2014/08/19/000197416.shtml",
  "http://news.nankai.edu.cn/ztbd/system/2014/08/19/000197415.shtml",
  "http://news.nankai.edu.cn/ztbd/system/2014/08/19/000197414.shtml",
  "http://news.nankai.edu.cn/ztbd/system/2014/08/19/000197435.shtml",
  "http://news.nankai.edu.cn/ztbd/system/2014/08/19/000197458.shtml",
  "http://news.nankai.edu.cn/ztbd/system/2014/08/19/000197457.shtml",
  "http://news.nankai.edu.cn/ztbd/system/2014/08/19/000197456.shtml",
  "http://news.nankai.edu.cn/ztbd/system/2014/08/19/000197455.shtml",
  "http://news.nankai.edu.cn/ywsd/system/2014/09/10/000200654.shtml",
  "http://news.nankai.edu.cn/ywsd/system/2014/09/10/000200655.shtml",
  "http://news.nankai.edu.cn/ztbd/system/2014/09/10/000200659.shtml",
  "http://news.nankai.edu.cn/ywsd/system/2014/09/10/000200614.shtml",
  "http://news.nankai.edu.cn/ztbd/system/2014/09/10/000200657.shtml",
  "http://news.nankai.edu.cn/ztbd/system/2014/09/10/000200658.shtml",
  "http://news.nankai.edu.cn/ywsd/system/2014/09/06/000200434.shtml",
  "http://news.nankai.edu.cn/ywsd/system/2014/09/10/000200634.shtml",
  "http://news.nankai.edu.cn/ywsd/system/2014/09/09/000200575.shtml",
  "http://news.nankai.edu.cn/mtnk/system/2014/09/10/000200636.shtml",
  "http://news.nankai.edu.cn/mtnk/system/2014/09/08/000200557.shtml",
  "http://news.nankai.edu.cn/mtnk/system/2014/09/09/000200576.shtml",
  "http://news.nankai.edu.cn/ywsd/system/2014/09/16/000201575.shtml",
  "http://news.nankai.edu.cn/ywsd/system/2014/09/15/000201214.shtml",
  "http://news.nankai.edu.cn/sp/system/2014/09/17/000201837.shtml",
  "http://news.nankai.edu.cn/nkzs/system/2014/09/15/000201234.shtml",
  "http://news.nankai.edu.cn/zhxw/system/2014/09/16/000201574.shtml",
  "http://news.nankai.edu.cn/zhxw/system/2014/09/16/000201534.shtml",
  "http://news.nankai.edu.cn/ywsd/system/2014/09/13/000200920.shtml",
  "http://news.nankai.edu.cn/mtnk/system/2014/09/12/000200816.shtml",
  "http://news.nankai.edu.cn/mtnk/system/2014/09/14/000200980.shtml",
  "http://news.nankai.edu.cn/mtnk/system/2014/09/10/000200696.shtml",
  "http://news.nankai.edu.cn/mtnk/system/2014/09/14/000200978.shtml",
  "http://news.nankai.edu.cn/mtnk/system/2014/09/15/000201235.shtml",
  "http://news.nankai.edu.cn/s/12/t/27/p/1/c/624/list.htm",
  "http://news.nankai.edu.cn/ywsd/system/2014/10/23/000206057.shtml",
  "http://news.nankai.edu.cn/ywsd/system/2014/10/17/000205234.shtml",
  "http://news.nankai.edu.cn/ywsd/system/2014/10/07/000203795.shtml",
  "http://news.nankai.edu.cn/dcxy/system/2014/10/13/000204496.shtml",
  "http://news.nankai.edu.cn/ywsd/system/2014/10/04/000203676.shtml",
  "http://news.nankai.edu.cn/ywsd/system/2014/10/03/000203575.shtml",
  "http://news.nankai.edu.cn/ywsd/system/2014/09/21/000202116.shtml",
  "http://news.nankai.edu.cn/ywsd/system/2014/09/21/000202136.shtml",
  "http://news.nankai.edu.cn/ywsd/system/2014/08/26/000198535.shtml",
  "http://news.nankai.edu.cn/ywsd/system/2014/06/24/000188994.shtml",
  "http://news.nankai.edu.cn/ywsd/system/2014/04/27/000178799.shtml",
  "http://news.nankai.edu.cn/ywsd/system/2014/03/04/000168036.shtml",
  "http://nkuaa.nankai.edu.cn/n/274.html",
  "http://jw.nankai.edu.cn/newInfo.aspx?id=5718&fid=15&c=15",
  "http://news.nankai.edu.cn/s/12/t/27/57/9f/info22431.htm",
  "http://news.nankai.edu.cn/mtnk/system/2014/08/26/000198614.shtml",
  "http://news.nankai.edu.cn/ztbd/system/2014/10/12/000204356.shtml",
  "http://news.nankai.edu.cn/ztbd/system/2014/06/19/000187715.shtml",
  "http://news.nankai.edu.cn/ywsd/system/2014/04/08/000174116.shtml",
  "http://news.nankai.edu.cn/ztbd/system/2010/12/30/000036610.shtml",
  "http://news.nankai.edu.cn/ztbd/system/2010/12/30/000036611.shtml",
  "http://news.nankai.edu.cn/ywsd/system/2014/04/04/000173338.shtml",
  "http://news.nankai.edu.cn/ztbd/system/2014/10/22/000205894.shtml",
  "http://news.nankai.edu.cn/ztbd/system/2014/10/22/000205895.shtml",
  "http://news.nankai.edu.cn/ywsd/system/2014/09/24/000202456.shtml",
  "http://news.nankai.edu.cn/ywsd/system/2014/10/15/000204800.shtml",
  "http://news.nankai.edu.cn/ywsd/system/2014/09/11/000200774.shtml",
  "http://news.nankai.edu.cn/ywsd/system/2014/10/13/000204463.shtml",
  "http://news.nankai.edu.cn/mtnk/system/2009/02/14/000021643.shtml",
  "http://news.nankai.edu.cn/mtnk/system/2007/04/03/000005629.shtml",
  "http://ca.nankai.edu.cn/",
  "http://bbs.nankai.edu.cn/group/article/168662",
  "http://news.nankai.edu.cn/nkdxb/system/2013/04/01/000116147.shtml",
  "http://news.nankai.edu.cn/ywsd/system/2012/05/02/000065595.shtml",
  "http://news.nankai.edu.cn/ztbd/system/2010/12/31/000036623.shtml",
  "http://news.nankai.edu.cn/ywsd/system/2013/03/19/000114355.shtml",
  "http://news.nankai.edu.cn/ztbd/system/2013/04/25/000119761.shtml",
  "http://news.nankai.edu.cn/ztbd/system/2013/04/25/000119760.shtml",
  "http://news.nankai.edu.cn/ztbd/system/2013/04/25/000119766.shtml",
  "http://news.nankai.edu.cn/ztbd/system/2013/04/25/000119764.shtml",
  "http://nktw.nankai.edu.cn:8082/tdh/tdh.html",
  "http://news.nankai.edu.cn/ywsd/system/2013/03/29/000115798.shtml",
  "http://news.nankai.edu.cn/ywsd/system/2013/04/23/000119414.shtml",
  "http://news.nankai.edu.cn/ywsd/system/2013/03/21/000114754.shtml",
  "http://news.nankai.edu.cn/ywsd/system/2013/05/13/000124978.shtml",
  "http://news.nankai.edu.cn/ywsd/system/2013/03/11/000113316.shtml",
  "http://news.nankai.edu.cn/ywsd/system/2013/05/18/000125635.shtml",
  "http://news.nankai.edu.cn/mtnk/system/2012/12/03/000103976.shtml",
  "http://news.nankai.edu.cn/ywsd/system/2013/05/07/000123154.shtml",
  "http://bbs.nankai.edu.cn/group/view/123",
  "http://de.nankai.edu.cn/2020/1228/c31046a489857/page.htm",
  "http://de.nankai.edu.cn/2019/0618/c30998a493361/page.htm",
  "http://ru.nankai.edu.cn/2020/1228/c29764a482223/page.htm",
  "http://ru.nankai.edu.cn/2022/0921/c29981a484762/page.htm",
  "http://ko.nankai.edu.cn/2020/1228/c30957a489161/page.htm",
  "http://ko.nankai.edu.cn/2019/0618/c30961a493131/page.htm",
  "http://jc.nankai.edu.cn/28793/list.htm",
  "http://jc.nankai.edu.cn/28787/list.htm",
  "http://jc.nankai.edu.cn/28796/list.htm",
  "http://jc.nankai.edu.cn/28794/list.htm",
  "http://jc.nankai.edu.cn/28795/list.htm",
  "http://jc.nankai.edu.cn/28797/list.htm",
  "https://rsc.nankai.edu.cn/",
  "https://cwc.nankai.edu.cn/",
  "http://ita.nankai.edu.cn/2020/1228/c31617a496859/page.htm",
  "http://ita.nankai.edu.cn/2019/0618/c31732a497469/page.htm",
  "http://xxgk.nankai.edu.cn/7wx/ydhzcwtaml/list.htm",
  "http://xxgk.nankai.edu.cn/_upload/article/8a/99/b04cbf1f42098c72a6dd4ea7f26f/047d4817-d0b2-4fbe-9dbd-22731f56e47e.doc",
  "http://wxy.nankai.edu.cn/2020/1230/c23131a332264/page.htm",
  "http://wxy.nankai.edu.cn/2019/1026/c18146a242607/page.htm",
  "http://wxy.nankai.edu.cn/2019/1026/c18147a242656/page.htm",
  "http://wxy.nankai.edu.cn/2022/0908/c30010a473600/page.htm",
  "https://my.nankai.edu.cn/wxy/cyj/list.htm",
  "http://wxy.nankai.edu.cn/2019/1026/c18145a242602/page.htm",
  "http://wxy.nankai.edu.cn/2021/1009/c25701a401453/page.htm",
  "http://wxy.nankai.edu.cn/2019/1027/c18148a242658/page.htm",
  "http://wxy.nankai.edu.cn/2019/1027/c18150a242663/page.htm",
  "http://wxy.nankai.edu.cn/2022/1010/c18149a484760/page.htm",
  "https://my.nankai.edu.cn/wxy/hl/list.htm",
  "http://wxy.nankai.edu.cn/2019/1030/c18240a243617/page.htm",
  "http://wxy.nankai.edu.cn/2023/1223/c18283a532753/page.htm",
  "http://wxy.nankai.edu.cn/2019/1101/c18284a244158/page.htm",
  "http://wxy.nankai.edu.cn/2019/1101/c18287a244162/page.htm",
  "http://wxy.nankai.edu.cn/2019/1104/c18398a244835/page.htm",
  "http://wxy.nankai.edu.cn/2019/1101/c18288a244164/page.htm",
  "https://my.nankai.edu.cn/wxy/lyz_1590/list.htm",
  "http://wxy.nankai.edu.cn/2021/1009/c25702a401455/page.htm",
  "http://wxy.nankai.edu.cn/2019/1101/c18290a244183/page.htm",
  "http://wxy.nankai.edu.cn/2019/1101/c18291a244184/page.htm",
  "http://wxy.nankai.edu.cn/2019/1101/c18292a244186/page.htm",
  "http://wxy.nankai.edu.cn/2019/1101/c18295a244190/page.htm",
  "http://wxy.nankai.edu.cn/2019/1101/c18296a244192/page.htm",
  "http://wxy.nankai.edu.cn/2019/1101/c18297a244193/page.htm",
  "http://wxy.nankai.edu.cn/2019/1101/c18298a244195/page.htm",
  "http://wxy.nankai.edu.cn/2022/0908/c30011a473602/page.htm",
  "http://wxy.nankai.edu.cn/2020/1230/c23132a332266/page.htm",
  "http://wxy.nankai.edu.cn/2023/1225/c18303a533374/page.htm",
  "https://my.nankai.edu.cn/wxy/qxs/list.htm",
  "http://wxy.nankai.edu.cn/2019/1106/c18394a245671/page.htm",
  "http://wxy.nankai.edu.cn/2019/1101/c18304a244201/page.htm",
  "http://wxy.nankai.edu.cn/2022/0428/c29125a456678/page.htm",
  "http://wxy.nankai.edu.cn/2019/1101/c18305a244202/page.htm",
  "http://wxy.nankai.edu.cn/2021/1009/c25700a401452/page.htm",
  "http://wxy.nankai.edu.cn/2019/1101/c18309a244206/page.htm",
  "http://wxy.nankai.edu.cn/2019/1101/c18311a244208/page.htm",
  "http://wxy.nankai.edu.cn/2019/1101/c18314a244211/page.htm",
  "http://wxy.nankai.edu.cn/2019/1101/c18315a244212/page.htm",
  "http://wxy.nankai.edu.cn/2019/1101/c18316a244213/page.htm",
  "http://wxy.nankai.edu.cn/2019/1101/c18317a244214/page.htm",
  "https://my.nankai.edu.cn/wxy/wzj/list.htm",
  "http://wxy.nankai.edu.cn/2019/1101/c18331a244229/page.htm",
  "http://wxy.nankai.edu.cn/2019/1101/c18318a244215/page.htm",
  "http://wxy.nankai.edu.cn/2019/1101/c18319a244216/page.htm",
  "http://wxy.nankai.edu.cn/2022/0428/c29124a446381/page.htm",
  "http://www.lib.nankai.edu.cn/sjkjs_15469/list.htm",
  "http://www.lib.nankai.edu.cn",
  "http://exed.nankai.edu.cn/main.htm",
  "http://exed.nankai.edu.cn/zxkb/list.htm",
  "http://exed.nankai.edu.cn/sxhxw/list.htm",
  "https://mba.nankai.edu.cn/",
  "http://yzb.nankai.edu.cn/2575/list.htm",
  "http://yzb.nankai.edu.cn/2582/list.htm",
  "http://yzb.nankai.edu.cn/2583/list.htm",
  "http://yzb.nankai.edu.cn/2584/list.htm",
  "http://yzb.nankai.edu.cn/2585/list.htm",
  "http://yzb.nankai.edu.cn/2587/list.htm",
  "http://yzb.nankai.edu.cn/2973/list.htm",
  "http://yzb.nankai.edu.cn/2974/list.htm",
  "http://yzb.nankai.edu.cn/2975/list.htm",
  "http://yzb.nankai.edu.cn/2976/list.htm",
  "http://yzb.nankai.edu.cn/jztx/list.htm",
  "http://yzb.nankai.edu.cn/sfbz/list.htm",
  "http://yzb.nankai.edu.cn/2977/list.htm",
  "http://yzb.nankai.edu.cn/2574/list.htm",
  "http://yzb.nankai.edu.cn/2573/list.htm",
  "http://yzb.nankai.edu.cn/2577/list.htm",
  "http://yzb.nankai.edu.cn/2962/list.htm",
  "http://yzb.nankai.edu.cn/2967/list.htm",
  "http://yzb.nankai.edu.cn/sqkhz_3425/list.htm",
  "http://yzb.nankai.edu.cn/2968/list.htm",
  "http://yzb.nankai.edu.cn/2969/list.htm",
  "http://yzb.nankai.edu.cn/2970/list.htm",
  "http://yzb.nankai.edu.cn/2971/list.htm",
  "http://yzb.nankai.edu.cn/sfbz_3630/list.htm",
  "http://yzb.nankai.edu.cn/2606/list.htm",
  "http://yzb.nankai.edu.cn/zszyml/list.htm",
  "http://yzb.nankai.edu.cn/2618/list.htm",
  "http://yzb.nankai.edu.cn/zszyml_3034/list.htm",
  "http://yzb.nankai.edu.cn/2e/3a/c2983a11834/page.htm",
  "http://en.env.nankai.edu.cn/",
  "http://news.nankai.edu.cn/pic/0/00/32/38/323812_190049.jpg",
  "http://news.nankai.edu.cn/pic/0/00/32/38/323813_928819.jpg",
  "http://news.nankai.edu.cn/pic/0/00/32/38/323814_813636.jpg",
  "http://news.nankai.edu.cn/pic/0/00/32/38/323815_049599.jpg",
  "http://news.nankai.edu.cn/pic/0/00/32/38/323816_867234.jpg",
  "http://news.nankai.edu.cn/pic/0/00/32/38/323817_887537.jpg",
  "http://news.nankai.edu.cn/ztbd/system/2018/09/10/000408414.shtml",
  "http://news.nankai.edu.cn/ztbd/system/2018/09/10/000408434.shtml",
  "http://news.nankai.edu.cn/ztbd/system/2018/09/10/000408435.shtml",
  "http://news.nankai.edu.cn/zhxw/system/2018/09/13/000408637.shtml",
  "http://news.nankai.edu.cn/ztbd/system/2012/03/21/000059815.shtml",
  "http://news.nankai.edu.cn/ztbd/system/2022/09/14/030052795.shtml",
  "http://news.nankai.edu.cn/ztbd/system/2024/12/03/030064845.shtml",
  "http://news.nankai.edu.cn/ztbd/system/2024/12/03/030064847.shtml",
  "http://news.nankai.edu.cn/ztbd/system/2018/11/13/000418648.shtml",
  "http://news.nankai.edu.cn/ztbd/system/2012/03/21/000059614.shtml",
  "http://news.nankai.edu.cn/ztbd/system/2012/03/21/000059734.shtml",
  "http://news.nankai.edu.cn/ztbd/system/2012/03/21/000059735.shtml",
  "http://news.nankai.edu.cn/ztbd/system/2018/11/13/000418645.shtml",
  "http://news.nankai.edu.cn/ztbd/system/2024/12/03/030064846.shtml",
  "https://xxgk.nankai.edu.cn/2024/0122/c2762a535612/page.htm",
  "http://news.nankai.edu.cn/ztbd/system/2012/03/21/000059835.shtml",
  "http://news.nankai.edu.cn/mtnk/system/2019/10/16/030035784.shtml",
  "http://news.nankai.edu.cn/ywsd/system/2019/10/21/030035908.shtml",
  "http://news.nankai.edu.cn/mtnk/system/2019/10/18/030035828.shtml",
  "http://news.nankai.edu.cn/mtnk/system/2019/10/11/030035673.shtml",
  "http://news.nankai.edu.cn/mtnk/system/2019/10/18/030035831.shtml",
  "http://news.nankai.edu.cn/mtnk/system/2019/10/18/030035829.shtml",
  "http://news.nankai.edu.cn/mtnk/system/2019/10/17/030035796.shtml",
  "http://news.nankai.edu.cn/mtnk/system/2019/10/17/030035797.shtml",
  "http://news.nankai.edu.cn/mtnk/system/2019/10/11/030035685.shtml",
  "http://news.nankai.edu.cn/mtnk/system/2019/10/21/030035926.shtml",
  "http://news.nankai.edu.cn/mtnk/system/2019/10/15/030035772.shtml",
  "http://news.nankai.edu.cn/mtnk/system/2019/10/16/030035781.shtml",
  "http://news.nankai.edu.cn/mtnk/system/2019/10/20/030035884.shtml",
  "http://news.nankai.edu.cn/mtnk/system/2019/09/22/030035368.shtml",
  "http://news.nankai.edu.cn/mtnk/system/2019/10/11/030035670.shtml",
  "http://news.nankai.edu.cn/mtnk/system/2019/10/17/030035807.shtml",
  "http://news.nankai.edu.cn/mtnk/system/2019/10/17/030035803.shtml",
  "http://news.nankai.edu.cn/mtnk/system/2019/10/20/030035894.shtml",
  "http://news.nankai.edu.cn/mtnk/system/2019/10/15/030035775.shtml",
  "http://news.nankai.edu.cn/mtnk/system/2019/10/21/030035924.shtml",
  "http://news.nankai.edu.cn/mtnk/system/2019/10/21/030035918.shtml",
  "http://news.nankai.edu.cn/mtnk/system/2019/10/20/030035875.shtml",
  "http://news.nankai.edu.cn/mtnk/system/2019/10/20/030035895.shtml",
  "http://news.nankai.edu.cn/mtnk/system/2019/10/12/030035721.shtml",
  "http://news.nankai.edu.cn/mtnk/system/2019/10/11/030035686.shtml",
  "http://news.nankai.edu.cn/mtnk/system/2019/10/11/030035672.shtml",
  "http://news.nankai.edu.cn/mtnk/system/2019/10/11/030035680.shtml",
  "http://news.nankai.edu.cn/ztbd/system/2019/11/01/030036176.shtml",
  "http://news.nankai.edu.cn/mtnk/system/2019/10/20/030035879.shtml",
  "http://news.nankai.edu.cn/mtnk/system/2019/10/12/030035727.shtml",
  "http://news.nankai.edu.cn/mtnk/system/2019/10/12/030035726.shtml",
  "http://news.nankai.edu.cn/mtnk/system/2019/10/12/030035720.shtml",
  "http://news.nankai.edu.cn/mtnk/system/2019/10/12/030035725.shtml",
  "http://news.nankai.edu.cn/mtnk/system/2019/10/20/030035881.shtml",
  "http://news.nankai.edu.cn/mtnk/system/2019/10/20/030035887.shtml",
  "http://news.nankai.edu.cn/mtnk/system/2019/10/05/030035611.shtml",
  "http://news.nankai.edu.cn/mtnk/system/2019/10/20/030035890.shtml",
  "http://news.nankai.edu.cn/mtnk/system/2019/10/20/030035892.shtml",
  "http://news.nankai.edu.cn/mtnk/system/2019/10/20/030035891.shtml",
  "http://news.nankai.edu.cn/mtnk/system/2019/10/20/030035893.shtml",
  "http://news.nankai.edu.cn/mtnk/system/2019/10/12/030035723.shtml",
  "http://news.nankai.edu.cn/mtnk/system/2019/10/12/030035724.shtml",
  "http://news.nankai.edu.cn/mtnk/system/2019/10/11/030035679.shtml",
  "http://news.nankai.edu.cn/mtnk/system/2019/10/20/030035873.shtml",
  "http://news.nankai.edu.cn/mtnk/system/2019/10/09/030035642.shtml",
  "http://news.nankai.edu.cn/mtnk/system/2019/10/08/030035628.shtml",
  "http://news.nankai.edu.cn/mtnk/system/2019/10/11/030035667.shtml",
  "http://news.nankai.edu.cn/mtnk/system/2019/10/11/030035666.shtml",
  "http://news.nankai.edu.cn/mtnk/system/2019/10/11/030035681.shtml",
  "http://news.nankai.edu.cn/mtnk/system/2019/10/11/030035684.shtml",
  "http://news.nankai.edu.cn/mtnk/system/2019/10/11/030035674.shtml",
  "http://news.nankai.edu.cn/mtnk/system/2019/10/11/030035688.shtml",
  "http://news.nankai.edu.cn/mtnk/system/2019/10/08/030035634.shtml",
  "http://news.nankai.edu.cn/mtnk/system/2019/10/08/030035635.shtml",
  "http://news.nankai.edu.cn/mtnk/system/2019/10/08/030035633.shtml",
  "http://news.nankai.edu.cn/ywsd/system/2021/09/28/030048130.shtml",
  "http://news.nankai.edu.cn/ywsd/system/2021/09/26/030048095.shtml",
  "http://news.nankai.edu.cn/ywsd/system/2021/07/04/030047158.shtml",
  "http://news.nankai.edu.cn/ywsd/system/2021/07/04/030047157.shtml",
  "http://news.nankai.edu.cn/ywsd/system/2021/07/03/030047143.shtml",
  "http://news.nankai.edu.cn/ywsd/system/2021/07/02/030047139.shtml",
  "http://news.nankai.edu.cn/ywsd/system/2021/07/01/030047129.shtml",
  "http://news.nankai.edu.cn/ywsd/system/2021/06/30/030047107.shtml",
  "http://news.nankai.edu.cn/ywsd/system/2021/06/28/030047054.shtml",
  "http://news.nankai.edu.cn/ywsd/system/2021/06/26/030046968.shtml",
  "http://news.nankai.edu.cn/ywsd/system/2021/06/25/030046952.shtml",
  "http://news.nankai.edu.cn/ywsd/system/2021/06/23/030046895.shtml",
  "http://news.nankai.edu.cn/ywsd/system/2021/06/22/030046868.shtml",
  "http://news.nankai.edu.cn/ywsd/system/2021/06/22/030046867.shtml",
  "http://news.nankai.edu.cn/ywsd/system/2021/06/19/030046811.shtml",
  "http://news.nankai.edu.cn/ywsd/system/2021/06/18/030046710.shtml",
  "http://news.nankai.edu.cn/ywsd/system/2021/06/17/030046697.shtml",
  "http://news.nankai.edu.cn/ywsd/system/2021/06/17/030046688.shtml",
  "http://news.nankai.edu.cn/ywsd/system/2021/06/16/030046678.shtml",
  "http://news.nankai.edu.cn/ywsd/system/2021/06/16/030046666.shtml",
  "http://news.nankai.edu.cn/ywsd/system/2021/06/12/030046617.shtml",
  "http://news.nankai.edu.cn/ywsd/system/2021/06/11/030046607.shtml",
  "http://news.nankai.edu.cn/ywsd/system/2021/06/11/030046603.shtml",
  "http://news.nankai.edu.cn/ywsd/system/2021/06/09/030046563.shtml",
  "http://news.nankai.edu.cn/ywsd/system/2021/06/08/030046554.shtml",
  "http://news.nankai.edu.cn/ywsd/system/2021/06/07/030046547.shtml",
  "http://news.nankai.edu.cn/ywsd/system/2021/06/04/030046508.shtml",
  "http://news.nankai.edu.cn/ywsd/system/2021/05/29/030046349.shtml",
  "http://news.nankai.edu.cn/ywsd/system/2021/05/26/030046261.shtml",
  "http://news.nankai.edu.cn/ywsd/system/2021/05/25/030046248.shtml",
  "http://news.nankai.edu.cn/ywsd/system/2021/05/25/030046229.shtml",
  "http://news.nankai.edu.cn/ywsd/system/2021/05/20/030046140.shtml",
  "http://news.nankai.edu.cn/ywsd/system/2021/05/05/030045814.shtml",
  "http://news.nankai.edu.cn/ywsd/system/2021/05/01/030045766.shtml",
  "http://news.nankai.edu.cn/ywsd/system/2021/04/28/030045703.shtml",
  "http://news.nankai.edu.cn/ywsd/system/2021/04/19/030045547.shtml",
  "http://news.nankai.edu.cn/ywsd/system/2021/04/19/030045536.shtml",
  "http://news.nankai.edu.cn/ywsd/system/2021/04/16/030045472.shtml",
  "http://news.nankai.edu.cn/ywsd/system/2021/04/13/030045411.shtml",
  "http://news.nankai.edu.cn/ywsd/system/2021/04/13/030045397.shtml",
  "http://news.nankai.edu.cn/ywsd/system/2021/04/11/030045385.shtml",
  "http://news.nankai.edu.cn/ywsd/system/2021/04/11/030045384.shtml",
  "http://news.nankai.edu.cn/ywsd/system/2021/04/11/030045382.shtml",
  "http://news.nankai.edu.cn/ywsd/system/2021/04/11/030045383.shtml",
  "http://news. nankai.edu.cn/ywsd/system/2021/04/06/030045303.shtml",
  "http://news.nankai.edu.cn/ywsd/system/2021/03/27/030045122.shtml",
  "http://news.nankai.edu.cn/ywsd/system/2021/03/23/030045039.shtml",
  "http://news.nankai.edu.cn/ywsd/system/2021/03/19/030044978.shtml",
  "http://news.nankai.edu.cn/ywsd/system/2021/03/24/030045068.shtml",
  "http://news.nankai.edu.cn/ywsd/system/2021/03/18/030044972.shtml",
  "http://news.nankai.edu.cn/ywsd/system/2021/03/11/030044827.shtml",
  "http://news.nankai.edu.cn/ywsd/system/2021/03/10/030044805.shtml",
  "http://news.nankai.edu.cn/ywsd/system/2021/03/10/030044795.shtml",
  "http://news.nankai.edu.cn/zhxw/system/2021/06/09/030046580.shtml",
  "http://news.nankai.edu.cn/zhxw/system/2021/06/09/030046567.shtml",
  "http://news.nankai.edu.cn/zhxw/system/2021/06/07/030046549.shtml",
  "http://news.nankai.edu.cn/zhxw/system/2021/06/07/030046546.shtml",
  "http://news.nankai.edu.cn/zhxw/system/2021/06/07/030046543.shtml",
  "http://news.nankai.edu.cn/zhxw/system/2021/06/05/030046511.shtml",
  "http://news.nankai.edu.cn/zhxw/system/2021/06/04/030046505.shtml",
  "http://news.nankai.edu.cn/zhxw/system/2021/06/03/030046466.shtml",
  "http://news.nankai.edu.cn/zhxw/system/2021/05/30/030046366.shtml",
  "http://news.nankai.edu.cn/zhxw/system/2021/05/28/030046326.shtml",
  "http://news.nankai.edu.cn/zhxw/system/2021/05/28/030046333.shtml",
  "http://news.nankai.edu.cn/zhxw/system/2021/05/27/030046324.shtml",
  "http://news.nankai.edu.cn/zhxw/system/2021/05/27/030046318.shtml",
  "http://news.nankai.edu.cn/zhxw/system/2021/05/26/030046283.shtml",
  "http://news.nankai.edu.cn/zhxw/system/2021/05/26/030046279.shtml",
  "http://news.nankai.edu.cn/zhxw/system/2021/05/26/030046277.shtml",
  "http://news.nankai.edu.cn/zhxw/system/2021/05/26/030046268.shtml",
  "http://news.nankai.edu.cn/zhxw/system/2021/05/26/030046255.shtml",
  "http://news.nankai.edu.cn/zhxw/system/2021/05/26/030046253.shtml",
  "http://news.nankai.edu.cn/zhxw/system/2021/05/25/030046246.shtml",
  "http://news.nankai.edu.cn/zhxw/system/2021/05/25/030046243.shtml",
  "http://news.nankai.edu.cn/zhxw/system/2021/05/25/030046234.shtml",
  "http://news.nankai.edu.cn/zhxw/system/2021/05/21/030046178.shtml",
  "http://news.nankai.edu.cn/zhxw/system/2021/05/18/030046088.shtml",
  "http://news.nankai.edu.cn/zhxw/system/2021/05/18/030046085.shtml",
  "http://news.nankai.edu.cn/zhxw/system/2021/05/18/030046084.shtml",
  "http://news.nankai.edu.cn/zhxw/system/2021/05/15/030046055.shtml",
  "http://news.nankai.edu.cn/zhxw/system/2021/05/14/030046044.shtml",
  "http://news.nankai.edu.cn/zhxw/system/2021/05/14/030046038.shtml",
  "http://news.nankai.edu.cn/zhxw/system/2021/05/14/030046034.shtml",
  "http://news.nankai.edu.cn/zhxw/system/2021/05/14/030046033.shtml",
  "http://news.nankai.edu.cn/zhxw/system/2021/05/13/030046004.shtml",
  "http://news.nankai.edu.cn/zhxw/system/2021/05/13/030045998.shtml",
  "http://news.nankai.edu.cn/zhxw/system/2021/05/12/030045970.shtml",
  "http://news.nankai.edu.cn/zhxw/system/2021/05/11/030045948.shtml",
  "http://news.nankai.edu.cn/zhxw/system/2021/05/11/030045952.shtml",
  "http://news.nankai.edu.cn/zhxw/system/2021/05/09/030045921.shtml",
  "http://news.nankai.edu.cn/zhxw/system/2021/05/08/030045913.shtml",
  "http://news.nankai.edu.cn/zhxw/system/2021/05/08/030045911.shtml",
  "http://news.nankai.edu.cn/zhxw/system/2021/05/08/030045910.shtml",
  "http://news.nankai.edu.cn/zhxw/system/2021/05/07/030045895.shtml",
  "http://news.nankai.edu.cn/zhxw/system/2021/05/07/030045894.shtml",
  "http://news.nankai.edu.cn/zhxw/system/2021/05/07/030045893.shtml",
  "http://news.nankai.edu.cn/zhxw/system/2021/05/06/030045862.shtml",
  "http://news.nankai.edu.cn/zhxw/system/2021/05/03/030045802.shtml",
  "http://news.nankai.edu.cn/zhxw/system/2021/05/03/030045801.shtml",
  "http://news.nankai.edu.cn/zhxw/system/2021/05/01/030045775.shtml",
  "http://news.nankai.edu.cn/zhxw/system/2021/04/30/030045758.shtml",
  "http://news.nankai.edu.cn/zhxw/system/2021/04/30/030045752.shtml",
  "http://news.nankai.edu.cn/zhxw/system/2021/04/30/030045749.shtml",
  "http://news.nankai.edu.cn/zhxw/system/2021/04/29/030045714.shtml",
  "http://news.nankai.edu.cn/zhxw/system/2021/04/29/030045711.shtml",
  "http://news.nankai.edu.cn/zhxw/system/2021/04/29/030045709.shtml",
  "http://news.nankai.edu.cn/zhxw/system/2021/04/28/030045702.shtml",
  "http://news.nankai.edu.cn/zhxw/system/2021/04/27/030045701.shtml",
  "http://news.nankai.edu.cn/zhxw/system/2021/04/26/030045684.shtml",
  "http://news.nankai.edu.cn/zhxw/system/2021/04/26/030045673.shtml",
  "http://news.nankai.edu.cn/zhxw/system/2021/04/26/030045671.shtml",
  "http://news.nankai.edu.cn/zhxw/system/2021/04/25/030045648.shtml",
  "http://news.nankai.edu.cn/zhxw/system/2021/04/24/030045640.shtml",
  "http://news.nankai.edu.cn/zhxw/system/2021/04/21/030045588.shtml",
  "http://news.nankai.edu.cn/zhxw/system/2021/04/25/030045652.shtml",
  "http://news.nankai.edu.cn/zhxw/system/2021/04/21/030045582.shtml",
  "http://news.nankai.edu.cn/zhxw/system/2021/04/21/030045581.shtml",
  "http://news.nankai.edu.cn/zhxw/system/2021/04/21/030045578.shtml",
  "http://news.nankai.edu.cn/zhxw/system/2021/04/20/030045570.shtml",
  "http://news.nankai.edu.cn/zhxw/system/2021/04/20/030045564.shtml",
  "http://news.nankai.edu.cn/zhxw/system/2021/04/20/030045558.shtml",
  "http://news.nankai.edu.cn/zhxw/system/2021/04/20/030045557.shtml",
  "http://news.nankai.edu.cn/zhxw/system/2021/04/18/030045534.shtml",
  "http://news.nankai.edu.cn/zhxw/system/2021/04/18/030045529.shtml",
  "http://news.nankai.edu.cn/zhxw/system/2021/04/18/030045530.shtml",
  "http://news.nankai.edu.cn/zhxw/system/2021/04/13/030045398.shtml",
  "http://news.nankai.edu.cn/zhxw/system/2021/04/12/030045392.shtml",
  "http://news.nankai.edu.cn/zhxw/system/2021/04/12/030045390.shtml",
  "http://news. nankai.edu.cn/zhxw/system/2021/04/08/030045335.shtml",
  "http://news. nankai.edu.cn/zhxw/system/2021/04/08/030045334.shtml",
  "http://news. nankai.edu.cn/zhxw/system/2021/04/07/030045314.shtml",
  "http://news. nankai.edu.cn/zhxw/system/2021/04/06/030045304.shtml",
  "http://news. nankai.edu.cn/zhxw/system/2021/04/02/030045235.shtml",
  "http://news. nankai.edu.cn/zhxw/system/2021/04/01/030045207.shtml",
  "http://news.nankai.edu.cn/zhxw/system/2021/03/31/030045183.shtml",
  "http://news.nankai.edu.cn/zhxw/system/2021/03/30/030045163.shtml",
  "http://news.nankai.edu.cn/zhxw/system/2021/03/25/030045089.shtml",
  "http://news.nankai.edu.cn/zhxw/system/2021/03/25/030045088.shtml",
  "http://news.nankai.edu.cn/zhxw/system/2021/03/24/030045073.shtml",
  "http://news.nankai.edu.cn/zhxw/system/2021/03/24/030045072.shtml",
  "http://news.nankai.edu.cn/zhxw/system/2021/03/24/030045070.shtml",
  "http://news.nankai.edu.cn/zhxw/system/2021/03/24/030045066.shtml",
  "http://news.nankai.edu.cn/zhxw/system/2021/03/24/030045060.shtml",
  "http://news.nankai.edu.cn/zhxw/system/2021/03/22/030045022.shtml",
  "http://news.nankai.edu.cn/zhxw/system/2021/03/19/030044990.shtml",
  "http://news.nankai.edu.cn/zhxw/system/2021/03/17/030044928.shtml",
  "http://news.nankai.edu.cn/zhxw/system/2021/03/16/030044924.shtml",
  "http://news.nankai.edu.cn/zhxw/system/2021/03/02/030044715.shtml",
  "http://news.nankai.edu.cn/zhxw/system/2021/02/28/030044696.shtml",
  "http://news.nankai.edu.cn/zhxw/system/2021/02/27/030044687.shtml",
  "http://news.nankai.edu.cn/dcxy/system/2021/06/09/030046574.shtml",
  "http://news.nankai.edu.cn/dcxy/system/2021/06/09/030046572.shtml",
  "http://news.nankai.edu.cn/dcxy/system/2021/06/09/030046571.shtml",
  "http://news.nankai.edu.cn/dcxy/system/2021/06/08/030046558.shtml",
  "http://news.nankai.edu.cn/dcxy/system/2021/06/07/030046544.shtml",
  "http://news.nankai.edu.cn/dcxy/system/2021/06/07/030046529.shtml",
  "http://news.nankai.edu.cn/dcxy/system/2021/06/07/030046526.shtml",
  "http://news.nankai.edu.cn/dcxy/system/2021/06/05/030046514.shtml",
  "http://news.nankai.edu.cn/dcxy/system/2021/06/03/030046473.shtml",
  "http://news.nankai.edu.cn/dcxy/system/2021/06/03/030046471.shtml",
  "http://news.nankai.edu.cn/dcxy/system/2021/06/03/030046468.shtml",
  "http://news.nankai.edu.cn/dcxy/system/2021/06/03/030046462.shtml",
  "http://news.nankai.edu.cn/dcxy/system/2021/06/03/030046460.shtml",
  "http://news.nankai.edu.cn/dcxy/system/2021/06/02/030046442.shtml",
  "http://news.nankai.edu.cn/dcxy/system/2021/06/02/030046438.shtml",
  "http://news.nankai.edu.cn/dcxy/system/2021/06/02/030046436.shtml",
  "http://news.nankai.edu.cn/dcxy/system/2021/06/02/030046432.shtml",
  "http://news.nankai.edu.cn/dcxy/system/2021/06/02/030046428.shtml",
  "http://news.nankai.edu.cn/dcxy/system/2021/06/02/030046427.shtml",
  "http://news.nankai.edu.cn/dcxy/system/2021/06/02/030046426.shtml",
  "http://news.nankai.edu.cn/dcxy/system/2021/06/01/030046409.shtml",
  "http://news.nankai.edu.cn/dcxy/system/2021/05/30/030046368.shtml",
  "http://news.nankai.edu.cn/dcxy/system/2021/05/30/030046365.shtml",
  "http://news.nankai.edu.cn/dcxy/system/2021/05/30/030046364.shtml",
  "http://news.nankai.edu.cn/dcxy/system/2021/05/28/030046337.shtml",
  "http://news.nankai.edu.cn/dcxy/system/2021/05/28/030046334.shtml",
  "http://news.nankai.edu.cn/dcxy/system/2021/05/28/030046332.shtml",
  "http://news.nankai.edu.cn/dcxy/system/2021/05/27/030046305.shtml",
  "http://news.nankai.edu.cn/dcxy/system/2021/05/26/030046290.shtml",
  "http://news.nankai.edu.cn/dcxy/system/2021/05/26/030046288.shtml",
  "http://news.nankai.edu.cn/dcxy/system/2021/05/26/030046274.shtml",
  "http://news.nankai.edu.cn/dcxy/system/2021/05/26/030046263.shtml",
  "http://news.nankai.edu.cn/dcxy/system/2021/05/26/030046257.shtml",
  "http://news.nankai.edu.cn/dcxy/system/2021/05/21/030046177.shtml",
  "http://news.nankai.edu.cn/dcxy/system/2021/05/21/030046186.shtml",
  "http://news.nankai.edu.cn/dcxy/system/2021/05/21/030046176.shtml",
  "http://news.nankai.edu.cn/dcxy/system/2021/05/21/030046185.shtml",
  "http://news.nankai.edu.cn/dcxy/system/2021/05/21/030046188.shtml",
  "http://news.nankai.edu.cn/dcxy/system/2021/05/20/030046154.shtml",
  "http://news.nankai.edu.cn/dcxy/system/2021/05/20/030046147.shtml",
  "http://news.nankai.edu.cn/dcxy/system/2021/05/19/030046122.shtml",
  "http://news.nankai.edu.cn/dcxy/system/2021/05/19/030046115.shtml",
  "http://news.nankai.edu.cn/dcxy/system/2021/05/18/030046090.shtml",
  "http://news.nankai.edu.cn/dcxy/system/2021/05/18/030046078.shtml",
  "http://news.nankai.edu.cn/dcxy/system/2021/05/18/030046075.shtml",
  "http://news.nankai.edu.cn/dcxy/system/2021/05/15/030046066.shtml",
  "http://news.nankai.edu.cn/dcxy/system/2021/05/15/030046053.shtml",
  "http://news.nankai.edu.cn/dcxy/system/2021/05/14/030046043.shtml",
  "http://news.nankai.edu.cn/dcxy/system/2021/05/14/030046042.shtml",
  "http://news.nankai.edu.cn/dcxy/system/2021/05/14/030046041.shtml",
  "http://news.nankai.edu.cn/dcxy/system/2021/05/14/030046040.shtml",
  "http://news.nankai.edu.cn/dcxy/system/2021/05/14/030046032.shtml",
  "http://news.nankai.edu.cn/dcxy/system/2021/05/13/030045999.shtml",
  "http://news.nankai.edu.cn/dcxy/system/2021/05/12/030045971.shtml",
  "http://news.nankai.edu.cn/dcxy/system/2021/05/12/030045965.shtml",
  "http://news.nankai.edu.cn/dcxy/system/2021/05/10/030045939.shtml",
  "http://news.nankai.edu.cn/dcxy/system/2021/05/08/030045912.shtml",
  "http://news.nankai.edu.cn/dcxy/system/2021/05/07/030045905.shtml",
  "http://news.nankai.edu.cn/dcxy/system/2021/05/07/030045903.shtml",
  "http://news.nankai.edu.cn/dcxy/system/2021/05/07/030045886.shtml",
  "http://news.nankai.edu.cn/dcxy/system/2021/05/06/030045859.shtml",
  "http://news.nankai.edu.cn/dcxy/system/2021/05/06/030045854.shtml",
  "http://news.nankai.edu.cn/dcxy/system/2021/05/03/030045800.shtml",
  "http://news.nankai.edu.cn/dcxy/system/2021/05/02/030045797.shtml",
  "http://news.nankai.edu.cn/dcxy/system/2021/05/01/030045786.shtml",
  "http://news.nankai.edu.cn/dcxy/system/2021/05/01/030045769.shtml",
  "http://news.nankai.edu.cn/dcxy/system/2021/04/30/030045754.shtml",
  "http://news.nankai.edu.cn/dcxy/system/2021/04/30/030045746.shtml",
  "http://news.nankai.edu.cn/dcxy/system/2021/04/29/030045718.shtml",
  "http://news.nankai.edu.cn/dcxy/system/2021/04/29/030045715.shtml",
  "http://news.nankai.edu.cn/dcxy/system/2021/04/29/030045710.shtml",
  "http://news.nankai.edu.cn/dcxy/system/2021/04/27/030045699.shtml",
  "http://news.nankai.edu.cn/dcxy/system/2021/04/27/030045695.shtml",
  "http://news.nankai.edu.cn/dcxy/system/2021/04/27/030045688.shtml",
  "http://news.nankai.edu.cn/dcxy/system/2021/04/26/030045675.shtml",
  "http://news.nankai.edu.cn/dcxy/system/2021/04/25/030045667.shtml",
  "http://news.nankai.edu.cn/dcxy/system/2021/04/25/030045665.shtml",
  "http://news.nankai.edu.cn/dcxy/system/2021/04/25/030045662.shtml",
  "http://news.nankai.edu.cn/dcxy/system/2021/04/25/030045661.shtml",
  "http://news.nankai.edu.cn/dcxy/system/2021/04/25/030045659.shtml",
  "http://news.nankai.edu.cn/dcxy/system/2021/04/24/030045643.shtml",
  "http://news.nankai.edu.cn/dcxy/system/2021/04/24/030045641.shtml",
  "http://news.nankai.edu.cn/dcxy/system/2021/04/22/030045611.shtml",
  "http://news.nankai.edu.cn/dcxy/system/2021/04/21/030045605.shtml",
  "http://news.nankai.edu.cn/dcxy/system/2021/04/21/030045602.shtml",
  "http://news.nankai.edu.cn/dcxy/system/2021/04/20/030045555.shtml",
  "http://news.nankai.edu.cn/dcxy/system/2021/04/19/030045544.shtml",
  "http://news.nankai.edu.cn/dcxy/system/2021/04/19/030045543.shtml",
  "http://news.nankai.edu.cn/dcxy/system/2021/04/19/030045542.shtml",
  "http://news.nankai.edu.cn/dcxy/system/2021/04/19/030045539.shtml",
  "http://news.nankai.edu.cn/dcxy/system/2021/04/18/030045531.shtml",
  "http://news.nankai.edu.cn/dcxy/system/2021/04/17/030045500.shtml",
  "http://news.nankai.edu.cn/dcxy/system/2021/04/16/030045489.shtml",
  "http://news.nankai.edu.cn/dcxy/system/2021/04/15/030045457.shtml",
  "http://news.nankai.edu.cn/dcxy/system/2021/04/15/030045455.shtml",
  "http://news.nankai.edu.cn/dcxy/system/2021/04/14/030045448.shtml",
  "http://news.nankai.edu.cn/dcxy/system/2021/04/14/030045445.shtml",
  "http://news.nankai.edu.cn/dcxy/system/2021/04/14/030045436.shtml",
  "http://news.nankai.edu.cn/dcxy/system/2021/04/14/030045437.shtml",
  "http://news. nankai.edu.cn/dcxy/system/2021/04/08/030045333.shtml",
  "http://news. nankai.edu.cn/dcxy/system/2021/04/07/030045319.shtml",
  "http://news. nankai.edu.cn/dcxy/system/2021/04/07/030045316.shtml",
  "http://news. nankai.edu.cn/dcxy/system/2021/04/07/030045310.shtml",
  "http://news. nankai.edu.cn/dcxy/system/2021/04/07/030045309.shtml",
  "http://news. nankai.edu.cn/dcxy/system/2021/04/05/030045280.shtml",
  "http://news. nankai.edu.cn/dcxy/system/2021/04/03/030045253.shtml",
  "http://news. nankai.edu.cn/dcxy/system/2021/04/02/030045219.shtml",
  "http://news. nankai.edu.cn/dcxy/system/2021/04/01/030045203.shtml",
  "http://news.nankai.edu.cn/dcxy/system/2021/03/24/030045064.shtml",
  "http://news.nankai.edu.cn/dcxy/system/2021/03/18/030044960.shtml",
  "http://news.nankai.edu.cn/dcxy/system/2021/03/17/030044948.shtml",
  "http://news.nankai.edu.cn/dcxy/system/2021/03/12/030044844.shtml",
  "http://news.nankai.edu.cn/dcxy/system/2021/03/12/030044843.shtml",
  "http://news.nankai.edu.cn/dcxy/system/2021/03/12/030044840.shtml",
  "http://news.nankai.edu.cn/dcxy/system/2021/02/27/030044678.shtml",
  "http://news.nankai.edu.cn/dcxy/system/2021/02/23/030044640.shtml",
  "http://news.nankai.edu.cn/xwzt/moban1/gangyao.html",
  "http://zsb.nankai.edu.cn/zsjh/2009nkzsjh.htm",
  "http://news.nankai.edu.cn/xwzt/system/2010/05/31/000031224.shtml",
  "http://online.nankai.edu.cn/infoplus/form/XXMHDLWTFK/start",
  "http://lib.nankai.edu.cn/2019/0709/c15470a185121/page.htm",
  "http://lib.nankai.edu.cn/15321/list.htm",
  "http://lib.nankai.edu.cn/15322/list.htm",
  "http://lib.nankai.edu.cn/15323/list.htm",
  "http://lib.nankai.edu.cn/15324/list.htm",
  "http://lib.nankai.edu.cn/15325/list.htm",
  "http://lib.nankai.edu.cn/15326/list.htm",
  "http://tjphysics.nankai.edu.cn/main.htm",
  "http://international.nankai.edu.cn/main.htm",
  "https://international.nankai.edu.cn",
  "http://international.nankai.edu.cn/22685/list.htm",
  "http://international.nankai.edu.cn/2020/1228/c22686a331593/page.htm",
  "http://pec.nankai.edu.cn/main.htm",
  "http://phys.nankai.edu.cn/",
  "http://dxwl.nankai.edu.cn/",
  "http://lac.nankai.edu.cn/19746/list.htm",
  "http://pharmacy-en.nankai.edu.cn/index.htm",
  "http://energy.nankai.edu.cn/",
  "http://energy.nankai.edu.cn/english",
  "http://energy.nankai.edu.cn/class/1",
  "http://energy.nankai.edu.cn/class/2",
  "http://energy.nankai.edu.cn/class/7",
  "http://energy.nankai.edu.cn/class/82",
  "http://energy.nankai.edu.cn/class/8",
  "http://energy.nankai.edu.cn/class/28",
  "http://energy.nankai.edu.cn/class/29",
  "http://energy.nankai.edu.cn/class/9",
  "http://energy.nankai.edu.cn/class/24",
  "http://energy.nankai.edu.cn/class/3",
  "http://energy.nankai.edu.cn/class/79",
  "http://energy.nankai.edu.cn/class/12",
  "http://energy.nankai.edu.cn/class/4",
  "http://energy.nankai.edu.cn/class/74",
  "http://energy.nankai.edu.cn/class/75",
  "http://energy.nankai.edu.cn/class/76",
  "http://energy.nankai.edu.cn/class/5",
  "http://energy.nankai.edu.cn/class/67",
  "http://energy.nankai.edu.cn/class/73",
  "http://energy.nankai.edu.cn/class/14",
  "http://energy.nankai.edu.cn/class/25",
  "http://energy.nankai.edu.cn/class/15",
  "http://energy.nankai.edu.cn/class/16",
  "http://energy.nankai.edu.cn/class/20",
  "http://energy.nankai.edu.cn/class/17",
  "http://energy.nankai.edu.cn/class/21",
  "http://energy.nankai.edu.cn/class/18",
  "http://energy.nankai.edu.cn/class/22",
  "http://energy.nankai.edu.cn/class/19",
  "http://energy.nankai.edu.cn/class/23",
  "http://energy.nankai.edu.cn/class/78",
  "http://energy.nankai.edu.cn/article/900",
  "http://energy.nankai.edu.cn/article/876",
  "http://energy.nankai.edu.cn/article/871",
  "http://energy.nankai.edu.cn/article/863",
  "http://energy.nankai.edu.cn/article/685",
  "http://energy.nankai.edu.cn/article/684",
  "http://energy.nankai.edu.cn/article/595",
  "http://energy.nankai.edu.cn/article/567",
  "http://energy.nankai.edu.cn/article/566",
  "http://energy.nankai.edu.cn/article/565",
  "http://energy.nankai.edu.cn/article/564",
  "http://energy.nankai.edu.cn/article/686",
  "http://energy.nankai.edu.cn/article/647",
  "http://energy.nankai.edu.cn/article/563",
  "http://energy.nankai.edu.cn/article/562",
  "http://energy.nankai.edu.cn/article/561",
  "http://energy.nankai.edu.cn/article/560",
  "http://energy.nankai.edu.cn/article/559",
  "http://energy.nankai.edu.cn/article/558",
  "http://energy.nankai.edu.cn/article/557",
  "http://energy.nankai.edu.cn/article/407",
  "http://energy.nankai.edu.cn/article/743",
  "http://energy.nankai.edu.cn/article/739",
  "http://energy.nankai.edu.cn/article/531",
  "http://energy.nankai.edu.cn/article/859",
  "http://energy.nankai.edu.cn/article/820",
  "http://energy.nankai.edu.cn/article/519",
  "http://energy.nankai.edu.cn/article/520",
  "http://energy.nankai.edu.cn/article/747",
  "http://energy.nankai.edu.cn/article/862",
  "http://energy.nankai.edu.cn/article/824",
  "http://energy.nankai.edu.cn/article/915",
  "http://energy.nankai.edu.cn/article/879",
  "http://energy.nankai.edu.cn/article/836",
  "http://energy.nankai.edu.cn/article/837",
  "http://energy.nankai.edu.cn/article/785",
  "http://energy.nankai.edu.cn/article/359",
  "http://energy.nankai.edu.cn/article/99",
  "http://energy.nankai.edu.cn/article/358",
  "http://energy.nankai.edu.cn/article/357",
  "http://energy.nankai.edu.cn/article/97",
  "http://energy.nankai.edu.cn/article/242",
  "http://energy.nankai.edu.cn/article/241",
  "http://energy.nankai.edu.cn/article/329",
  "http://energy.nankai.edu.cn/article/723",
  "http://energy.nankai.edu.cn/article/964",
  "http://energy.nankai.edu.cn/article/617",
  "http://energy.nankai.edu.cn/article/432",
  "http://energy.nankai.edu.cn/article/885",
  "http://energy.nankai.edu.cn/article/719",
  "http://energy.nankai.edu.cn/article/966",
  "http://energy.nankai.edu.cn/english/",
  "http://energy.nankai.edu.cn/english/class/1",
  "http://energy.nankai.edu.cn/english/class/2",
  "http://energy.nankai.edu.cn/english/class/3",
  "http://energy.nankai.edu.cn/english/class/4",
  "http://energy.nankai.edu.cn/english/class/5",
  "http://energy.nankai.edu.cn/english/class/6",
  "http://energy.nankai.edu.cn/english/class/12",
  "http://energy.nankai.edu.cn/article/543",
  "http://energy.nankai.edu.cn/article/541",
  "http://energy.nankai.edu.cn/article/767",
  "http://energy.nankai.edu.cn/article/569",
  "http://energy.nankai.edu.cn/article/87",
  "http://energy.nankai.edu.cn/article/592",
  "http://energy.nankai.edu.cn/article/906",
  "http://energy.nankai.edu.cn/article/907",
  "http://energy.nankai.edu.cn/article/908",
  "http://energy.nankai.edu.cn/article/905",
  "http://physics.nankai.edu.cn/wzhxw/list.htm",
  "http://news.nankai.edu.cn/zhxw/system/2023/04/03/030055213.shtml",
  "http://news.nankai.edu.cn/zhxw/system/2023/03/10/030054756.shtml",
  "http://news.nankai.edu.cn/dcxy/system/2023/03/08/030054717.shtml",
  "http://news.nankai.edu.cn/ywsd/system/2022/12/07/030053962.shtml",
  "http://news.nankai.edu.cn/dcxy/system/2022/11/23/030053771.shtml",
  "http://news.nankai.edu.cn/ywsd/system/2024/12/10/030064989.shtml",
  "http://news.nankai.edu.cn/ywsd/system/2024/12/10/030064985.shtml",
  "http://news.nankai.edu.cn/ywsd/system/2024/12/10/030064988.shtml",
  "http://news.nankai.edu.cn/ywsd/system/2024/12/09/030064959.shtml",
  "http://news.nankai.edu.cn/ywsd/system/2024/12/09/030064958.shtml",
  "http://news.nankai.edu.cn/ywsd/system/2024/12/09/030064952.shtml",
  "http://news.nankai.edu.cn/ywsd/system/2024/12/09/030064956.shtml",
  "http://news.nankai.edu.cn/ywsd/system/2024/12/09/030064953.shtml",
  "http://news.nankai.edu.cn/gynk/system/2024/06/24/030062332.shtml",
  "http://news.nankai.edu.cn/zhxw/system/2024/12/07/030064935.shtml",
  "http://news.nankai.edu.cn/zhxw/system/2024/12/06/030064928.shtml",
  "http://news.nankai.edu.cn/zhxw/system/2024/12/05/030064918.shtml",
  "http://news.nankai.edu.cn/dcxy/system/2024/12/09/030064954.shtml",
  "http://news.nankai.edu.cn/dcxy/system/2024/12/09/030064946.shtml",
  "http://jwc.nankai.edu.cn/main.htm",
  "https://zsb.nankai.edu.cn/xueyuan/index.html",
  "https://eamis.nankai.edu.cn/",
  "https://jxpj.nankai.edu.cn",
  "http://advisingcenter.nankai.edu.cn/",
  "https://jxpj.nankai.edu.cn/",
  "http://energy.nankai.edu.cn/article/967",
  "http://energy.nankai.edu.cn/article/965",
  "http://energy.nankai.edu.cn/article/963",
  "http://energy.nankai.edu.cn/article/962",
  "http://energy.nankai.edu.cn/article/914",
  "http://energy.nankai.edu.cn/article/982",
  "http://energy.nankai.edu.cn/article/981",
  "http://energy.nankai.edu.cn/article/973",
  "http://energy.nankai.edu.cn/article/972",
  "http://energy.nankai.edu.cn/article/971",
  "http://energy.nankai.edu.cn/article/984",
  "http://energy.nankai.edu.cn/article/983",
  "http://energy.nankai.edu.cn/article/980",
  "http://energy.nankai.edu.cn/article/979",
  "http://energy.nankai.edu.cn/article/978",
  "http://energy.nankai.edu.cn/article/902",
  "http://energy.nankai.edu.cn/article/901",
  "http://energy.nankai.edu.cn/article/886",
  "http://energy.nankai.edu.cn/article/888",
  "http://energy.nankai.edu.cn/article/887",
  "http://energy.nankai.edu.cn/cms/salary/20",
  "http://energy.nankai.edu.cn/cms/salary/19",
  "http://energy.nankai.edu.cn/cms/salary/18",
  "http://energy.nankai.edu.cn/cms/salary/17",
  "http://energy.nankai.edu.cn/cms/salary/16",
  "http://energy.nankai.edu.cn/cms/salary/15",
  "http://energy.nankai.edu.cn/article/977",
  "http://energy.nankai.edu.cn/article/970",
  "http://energy.nankai.edu.cn/cms/salary/10",
  "http://energy.nankai.edu.cn/cms/salary/9",
  "http://energy.nankai.edu.cn/cms/salary/11",
  "http://energy.nankai.edu.cn/cms/salary/13",
  "http://energy.nankai.edu.cn/cms/salary/12",
  "http://energy.nankai.edu.cn/cms/salary/14",
  "http://energy.nankai.edu.cn/article/913",
  "http://energy.nankai.edu.cn/article/899",
  "http://energy.nankai.edu.cn/article/791",
  "http://energy.nankai.edu.cn/article/764",
  "http://energy.nankai.edu.cn/article/898",
  "http://energy.nankai.edu.cn/article/896",
  "http://energy.nankai.edu.cn/article/765",
  "http://energy.nankai.edu.cn/article/763",
  "http://energy.nankai.edu.cn/article/799",
  "http://energy.nankai.edu.cn/article/796",
  "http://energy.nankai.edu.cn/article/897",
  "http://energy.nankai.edu.cn/article/895",
  "http://energy.nankai.edu.cn/article/974",
  "http://energy.nankai.edu.cn/article/894",
  "http://energy.nankai.edu.cn/article/882",
  "http://topo-photonics-eng.nankai.edu.cn",
  "http://topo-photonics.nankai.edu.cn/xwdt/a2022.htm",
  "http://topo-photonics.nankai.edu.cn/kycg/a2022.htm",
  "http://physics.nankai.edu.cn/sh_en/main.htm",
  "https://webplus3.nankai.edu.cn/_upload/article/files/a8/a1/7f913a294d9ba3cbc75032011692/52da2c2d-46c0-44f6-8267-7b124391763b.pdf",
  "http://chenlab.nankai.edu.cn/chenlab_en/main.htm",
  "http://chenlab.nankai.edu.cn/chenlab_en/14809/list.htm",
  "http://chenlab.nankai.edu.cn",
  "http://physics.nankai.edu.cn/grzy/schen/",
  "http://chenlab.nankai.edu.cn/chenlab_en/14795/list.htm",
  "http://chenlab.nankai.edu.cn/chenlab_en/14815/list.htm",
  "http://chenlab.nankai.edu.cn/chenlab_en/14825/list.htm",
  "http://chenlab.nankai.edu.cn/chenlab_en/14818/list.htm",
  "http://chenlab.nankai.edu.cn/chenlab_en/14821/list.htm",
  "http://rsc.nankai.edu.cn/13679/list.htm",
  "http://rsc.nankai.edu.cn/13660/list.htm",
  "http://rsc.nankai.edu.cn/15353/list.htm",
  "http://rsc.nankai.edu.cn/15354/list.htm",
  "http://rsc.nankai.edu.cn/15356/list.htm",
  "http://rsc.nankai.edu.cn/15357/list.htm",
  "http://rsc.nankai.edu.cn/15358/list.htm",
  "http://rsc.nankai.edu.cn/das/list.htm",
  "http://rsc.nankai.edu.cn/15359/list.htm",
  "http://international.nankai.edu.cn/13578/list.htm",
  "http://international.nankai.edu.cn/13579/list.htm",
  "http://international.nankai.edu.cn/13580/list.htm",
  "http://international.nankai.edu.cn/13581/list.htm",
  "http://international.nankai.edu.cn/13582/list.htm",
  "http://international.nankai.edu.cn/lxtj/list.htm",
  "http://news.nankai.edu.cn/zhxw/system/2014/12/04/000211860.shtml",
  "http://news.nankai.edu.cn/ztbd/system/2014/11/12/000208615.shtml",
  "http://news.nankai.edu.cn/ztbd/system/2014/10/28/000206634.shtml",
  "http://news.nankai.edu.cn/ztbd/system/2014/09/29/000203038.shtml",
  "http://news.nankai.edu.cn/ztbd/system/2014/10/20/000205585.shtml",
  "http://news.nankai.edu.cn/ztbd/system/2014/10/13/000204500.shtml",
  "http://news.nankai.edu.cn/ztbd/system/2014/09/30/000203298.shtml",
  "http://news.nankai.edu.cn/ztbd/system/2014/09/17/000201675.shtml",
  "http://news.nankai.edu.cn/ztbd/system/2014/09/12/000200854.shtml",
  "http://news.nankai.edu.cn/ztbd/system/2014/09/10/000200656.shtml",
  "http://news.nankai.edu.cn/ztbd/system/2014/09/08/000200524.shtml",
  "http://news.nankai.edu.cn/ztbd/system/2014/09/04/000200214.shtml",
  "http://news.nankai.edu.cn/ztbd/system/2014/08/09/000196663.shtml",
  "http://news.nankai.edu.cn/ztbd/system/2014/08/19/000197394.shtml",
  "http://news.nankai.edu.cn/ztbd/system/2014/06/27/000190534.shtml",
  "http://news.nankai.edu.cn/ztbd/system/2014/06/17/000187174.shtml",
  "http://news.nankai.edu.cn/ztbd/system/2014/05/23/000183874.shtml",
  "http://news.nankai.edu.cn/ztbd/system/2012/03/21/000059855.shtml",
  "http://news.nankai.edu.cn/ztbd/system/2014/04/24/000178294.shtml",
  "http://news.nankai.edu.cn/ztbd/system/2014/04/10/000174734.shtml",
  "http://news.nankai.edu.cn/ztbd/system/2014/04/04/000173356.shtml",
  "http://news.nankai.edu.cn/ywsd/system/2014/03/07/000168536.shtml",
  "http://news.nankai.edu.cn/ztbd/system/2014/03/07/000168556.shtml",
  "http://news.nankai.edu.cn/ywsd/system/2014/03/05/000168254.shtml",
  "http://news.nankai.edu.cn/ztbd/system/2014/03/03/000167916.shtml",
  "http://news.nankai.edu.cn/ztbd/system/2014/01/07/000162483.shtml",
  "http://news.nankai.edu.cn/ztbd/system/2017/12/27/000363094.shtml",
  "http://news.nankai.edu.cn/ztbd/system/2017/12/05/000359611.shtml",
  "http://news.nankai.edu.cn/ztbd/system/2017/12/05/000359477.shtml",
  "http://news.nankai.edu.cn/ztbd/system/2017/10/09/000349674.shtml",
  "http://news.nankai.edu.cn/ztbd/system/2017/10/17/000350695.shtml",
  "http://news.nankai.edu.cn/ztbd/system/2017/10/16/000350561.shtml",
  "http://news.nankai.edu.cn/ztbd/system/2017/09/30/000348314.shtml",
  "http://news.nankai.edu.cn/ztbd/system/2017/09/24/000347134.shtml",
  "http://news.nankai.edu.cn/ztbd/system/2017/09/13/000345014.shtml",
  "http://news.nankai.edu.cn/ztbd/system/2017/09/08/000344214.shtml",
  "http://news.nankai.edu.cn/ztbd/system/2017/09/03/000343454.shtml",
  "http://news.nankai.edu.cn/ztbd/system/2017/08/09/000341235.shtml",
  "http://news.nankai.edu.cn/ztbd/system/2017/07/24/000339874.shtml",
  "http://news.nankai.edu.cn/ztbd/system/2017/07/04/000337256.shtml",
  "http://news.nankai.edu.cn/ztbd/system/2017/07/21/000339635.shtml",
  "http://news.nankai.edu.cn/ztbd/system/2017/07/02/000337074.shtml",
  "http://news.nankai.edu.cn/ztbd/system/2017/06/30/000336695.shtml",
  "http://news.nankai.edu.cn/ztbd/system/2017/06/28/000336279.shtml",
  "http://news.nankai.edu.cn/ztbd/system/2017/06/26/000336015.shtml",
  "http://news.nankai.edu.cn/ztbd/system/2017/06/16/000334978.shtml",
  "http://news.nankai.edu.cn/ztbd/system/2017/05/19/000332035.shtml",
  "http://news.nankai.edu.cn/ztbd/system/2017/05/18/000331898.shtml",
  "http://news.nankai.edu.cn/ztbd/system/2017/03/13/000322274.shtml",
  "http://news.nankai.edu.cn/ztbd/system/2017/02/13/000317757.shtml",
  "http://news.nankai.edu.cn/ztbd/system/2017/05/12/000331374.shtml",
  "http://news.nankai.edu.cn/ztbd/system/2016/11/04/000303241.shtml",
  "http://news.nankai.edu.cn/ztbd/system/2017/01/09/000314634.shtml",
  "http://news.nankai.edu.cn/ztbd/system/2017/01/10/000314796.shtml",
  "http://news.nankai.edu.cn/ztbd/system/2016/01/06/000263954.shtml",
  "http://news.nankai.edu.cn/ywsd/system/2017/06/15/000334876.shtml",
  "http://news.nankai.edu.cn/ztbd/system/2017/06/16/000335036.shtml",
  "http://news.nankai.edu.cn/ztbd/system/2017/06/16/000334981.shtml",
  "http://news.nankai.edu.cn/ztbd/system/2017/06/16/000334980.shtml",
  "http://news.nankai.edu.cn/ztbd/system/2017/06/16/000335035.shtml",
  "http://news.nankai.edu.cn/ztbd/system/2017/06/16/000335034.shtml",
  "http://news.nankai.edu.cn/ztbd/system/2017/06/16/000335037.shtml",
  "http://news.nankai.edu.cn/ztbd/system/2017/06/16/000335038.shtml",
  "http://news.nankai.edu.cn/nkdxb/system/2013/01/10/000108731.shtml",
  "http://news.nankai.edu.cn/pic/0/00/10/99/109946_949832.jpg",
  "http://news.nankai.edu.cn/ywsd/system/2017/06/26/000335961.shtml",
  "http://news.nankai.edu.cn/ywsd/system/2017/06/26/000335960.shtml",
  "http://news.nankai.edu.cn/ywsd/system/2017/06/24/000335814.shtml",
  "http://news.nankai.edu.cn/ywsd/system/2016/10/30/000302076.shtml",
  "http://news.nankai.edu.cn/ywsd/system/2016/08/05/000291615.shtml",
  "http://news.nankai.edu.cn/ywsd/system/2016/08/07/000291996.shtml",
  "http://news.nankai.edu.cn/ywsd/system/2016/10/25/000301237.shtml",
  "http://news.nankai.edu.cn/ywsd/system/2017/01/03/000313718.shtml",
  "http://news.nankai.edu.cn/zhxw/system/2016/07/21/000290015.shtml",
  "http://news.nankai.edu.cn/ywsd/system/2016/10/17/000299595.shtml",
  "http://news.nankai.edu.cn/ywsd/system/2016/01/24/000266814.shtml",
  "http://news.nankai.edu.cn/dcxy/system/2017/04/13/000327516.shtml",
  "http://news.nankai.edu.cn/ywsd/system/2017/03/15/000322594.shtml",
  "http://news.nankai.edu.cn/ywsd/system/2016/03/14/000272435.shtml",
  "http://news.nankai.edu.cn/ywsd/system/2016/06/02/000283475.shtml",
  "http://news.nankai.edu.cn/dcxy/system/2016/08/08/000292094.shtml",
  "http://news.nankai.edu.cn/ywsd/system/2016/02/11/000268374.shtml",
  "http://news.nankai.edu.cn/ywsd/system/2016/10/20/000300235.shtml",
  "http://news.nankai.edu.cn/zhxw/system/2017/02/14/000317974.shtml",
  "http://news.nankai.edu.cn/ywsd/system/2017/01/20/000316174.shtml",
  "http://news.nankai.edu.cn/dcxy/system/2016/12/29/000313195.shtml",
  "http://news.nankai.edu.cn/ywsd/system/2016/11/09/000304214.shtml",
  "http://news.nankai.edu.cn/mtnk/system/2016/09/04/000295056.shtml",
  "http://news.nankai.edu.cn/mtnk/system/2016/06/01/000283415.shtml",
  "http://news.nankai.edu.cn/mtnk/system/2016/10/19/000299957.shtml",
  "http://news.nankai.edu.cn/mtnk/system/2017/01/20/000316176.shtml",
  "http://news.nankai.edu.cn/mtnk/system/2016/08/06/000291736.shtml",
  "http://news.nankai.edu.cn/mtnk/system/2016/12/08/000309655.shtml",
  "http://news.nankai.edu.cn/mtnk/system/2016/05/16/000281536.shtml",
  "http://news.nankai.edu.cn/mtnk/system/2016/05/27/000282917.shtml",
  "http://news.nankai.edu.cn/ztbd/system/2017/06/30/000336756.shtml",
  "http://news.nankai.edu.cn/ztbd/system/2017/06/30/000336759.shtml",
  "http://news.nankai.edu.cn/ztbd/system/2017/06/30/000336680.shtml",
  "http://news.nankai.edu.cn/ztbd/system/2017/06/30/000336677.shtml",
  "http://news.nankai.edu.cn/ztbd/system/2017/06/30/000336676.shtml",
  "http://news.nankai.edu.cn/ztbd/system/2017/06/30/000336675.shtml",
  "http://news.nankai.edu.cn/ztbd/system/2017/06/30/000336758.shtml",
  "http://news.nankai.edu.cn/ztbd/system/2017/06/30/000336679.shtml",
  "http://news.nankai.edu.cn/ztbd/system/2017/06/30/000336674.shtml",
  "http://news.nankai.edu.cn/ztbd/system/2017/06/30/000336755.shtml",
  "http://news.nankai.edu.cn/ztbd/system/2017/06/30/000336777.shtml",
  "http://news.nankai.edu.cn/ztbd/system/2017/06/30/000336779.shtml",
  "http://news.nankai.edu.cn/ztbd/system/2017/06/30/000336783.shtml",
  "http://news.nankai.edu.cn/ztbd/system/2017/06/30/000336784.shtml",
  "http://news.nankai.edu.cn/ztbd/system/2017/06/30/000336782.shtml",
  "http://news.nankai.edu.cn/ztbd/system/2017/06/30/000336781.shtml",
  "http://news.nankai.edu.cn/ztbd/system/2017/06/30/000336780.shtml",
  "http://news.nankai.edu.cn/ztbd/system/2017/06/30/000336778.shtml",
  "http://news.nankai.edu.cn/ztbd/system/2017/06/30/000336776.shtml",
  "http://news.nankai.edu.cn/ztbd/system/2017/06/30/000336775.shtml",
  "http://news.nankai.edu.cn/mtnk/system/2017/09/29/000348158.shtml",
  "http://news.nankai.edu.cn/mtnk/system/2017/09/29/000348156.shtml",
  "http://news.nankai.edu.cn/mtnk/system/2017/09/28/000347874.shtml",
  "http://news.nankai.edu.cn/mtnk/system/2017/09/28/000347875.shtml",
  "http://news.nankai.edu.cn/mtnk/system/2017/09/29/000348078.shtml",
  "http://news.nankai.edu.cn/mtnk/system/2017/09/29/000348079.shtml",
  "http://news.nankai.edu.cn/mtnk/system/2017/09/28/000347837.shtml",
  "http://news.nankai.edu.cn/mtnk/system/2017/09/28/000347836.shtml",
  "http://news.nankai.edu.cn/mtnk/system/2017/09/28/000347835.shtml",
  "http://news.nankai.edu.cn/mtnk/system/2017/09/26/000347578.shtml",
  "http://news.nankai.edu.cn/mtnk/system/2017/09/27/000347594.shtml",
  "http://news.nankai.edu.cn/mtnk/system/2017/09/27/000347638.shtml",
  "http://news.nankai.edu.cn/mtnk/system/2017/09/27/000347639.shtml",
  "http://news.nankai.edu.cn/mtnk/system/2017/09/27/000347640.shtml",
  "http://news.nankai.edu.cn/mtnk/system/2017/09/28/000347838.shtml",
  "http://news.nankai.edu.cn/mtnk/system/2017/09/28/000347839.shtml",
  "http://news.nankai.edu.cn/mtnk/system/2017/09/28/000347840.shtml",
  "http://news.nankai.edu.cn/mtnk/system/2017/09/27/000347655.shtml",
  "http://news.nankai.edu.cn/mtnk/system/2017/09/27/000347654.shtml",
  "http://news.nankai.edu.cn/mtnk/system/2017/10/06/000348834.shtml",
  "http://news.nankai.edu.cn/mtnk/system/2017/09/26/000347555.shtml",
  "http://news.nankai.edu.cn/mtnk/system/2017/09/28/000347866.shtml",
  "http://news.nankai.edu.cn/mtnk/system/2017/09/28/000347865.shtml",
  "http://news.nankai.edu.cn/mtnk/system/2017/09/28/000347864.shtml",
  "http://news.nankai.edu.cn/mtnk/system/2017/09/26/000347565.shtml",
  "http://news.nankai.edu.cn/mtnk/system/2017/09/26/000347564.shtml",
  "http://news.nankai.edu.cn/mtnk/system/2017/12/09/000360314.shtml",
  "http://news.nankai.edu.cn/mtnk/system/2017/09/26/000347556.shtml",
  "http://news.nankai.edu.cn/mtnk/system/2017/10/06/000348854.shtml",
  "http://news.nankai.edu.cn/mtnk/system/2017/10/07/000349454.shtml",
  "http://news.nankai.edu.cn/mtnk/system/2017/10/07/000349455.shtml",
  "http://news.nankai.edu.cn/mtnk/system/2017/10/07/000349456.shtml",
  "http://news.nankai.edu.cn/mtnk/system/2017/10/01/000348377.shtml",
  "http://news.nankai.edu.cn/mtnk/system/2017/10/01/000348378.shtml",
  "http://news.nankai.edu.cn/mtnk/system/2017/09/26/000347557.shtml",
  "http://news.nankai.edu.cn/mtnk/system/2017/09/28/000347856.shtml",
  "http://news.nankai.edu.cn/mtnk/system/2017/09/28/000347862.shtml",
  "http://news.nankai.edu.cn/mtnk/system/2017/09/28/000347858.shtml",
  "http://news.nankai.edu.cn/mtnk/system/2017/09/28/000347843.shtml",
  "http://news.nankai.edu.cn/mtnk/system/2017/09/28/000347841.shtml",
  "http://news.nankai.edu.cn/mtnk/system/2017/09/28/000347842.shtml",
  "http://news.nankai.edu.cn/mtnk/system/2017/09/28/000347857.shtml",
  "http://news.nankai.edu.cn/mtnk/system/2017/09/28/000347860.shtml",
  "http://news.nankai.edu.cn/mtnk/system/2017/09/28/000347859.shtml",
  "http://news.nankai.edu.cn/mtnk/system/2017/09/28/000347861.shtml",
  "http://news.nankai.edu.cn/mtnk/system/2017/09/29/000348015.shtml",
  "http://news.nankai.edu.cn/mtnk/system/2017/09/29/000348016.shtml",
  "http://news.nankai.edu.cn/mtnk/system/2018/01/02/000363839.shtml",
  "http://news.nankai.edu.cn/mtnk/system/2017/10/18/000350914.shtml",
  "http://news.nankai.edu.cn/mtnk/system/2017/10/07/000349457.shtml",
  "http://news.nankai.edu.cn/mtnk/system/2017/10/06/000348974.shtml",
  "http://news.nankai.edu.cn/mtnk/system/2017/10/07/000349394.shtml",
  "http://news.nankai.edu.cn/mtnk/system/2017/10/06/000348896.shtml",
  "http://news.nankai.edu.cn/mtnk/system/2017/10/06/000348898.shtml",
  "http://news.nankai.edu.cn/mtnk/system/2017/10/06/000348675.shtml",
  "http://news.nankai.edu.cn/mtnk/system/2017/10/06/000348676.shtml",
  "http://news.nankai.edu.cn/mtnk/system/2017/10/06/000348694.shtml",
  "http://news.nankai.edu.cn/mtnk/system/2017/10/06/000348714.shtml",
  "http://news.nankai.edu.cn/mtnk/system/2017/10/06/000348674.shtml   ",
  "http://news.nankai.edu.cn/mtnk/system/2017/09/28/000347844.shtml",
  "http://news.nankai.edu.cn/mtnk/system/2017/09/28/000347855.shtml",
  "http://news.nankai.edu.cn/mtnk/system/2017/09/28/000347845.shtml",
  "http://news.nankai.edu.cn/mtnk/system/2017/10/01/000348395.shtml",
  "http://news.nankai.edu.cn/mtnk/system/2017/10/06/000348755.shtml",
  "http://news.nankai.edu.cn/mtnk/system/2017/10/07/000349414.shtml",
  "http://news.nankai.edu.cn/mtnk/system/2017/10/06/000348954.shtml",
  "http://news.nankai.edu.cn/mtnk/system/2017/10/01/000348374.shtml",
  "http://news.nankai.edu.cn/mtnk/system/2017/10/01/000348375.shtml",
  "http://news.nankai.edu.cn/mtnk/system/2017/10/01/000348359.shtml",
  "http://news.nankai.edu.cn/mtnk/system/2017/09/29/000348034.shtml",
  "http://news.nankai.edu.cn/mtnk/system/2017/09/29/000348055.shtml",
  "http://news.nankai.edu.cn/mtnk/system/2017/09/29/000348056.shtml",
  "http://news.nankai.edu.cn/mtnk/system/2017/09/29/000348057.shtml",
  "http://news.nankai.edu.cn/mtnk/system/2018/01/02/000363834.shtml",
  "http://news.nankai.edu.cn/mtnk/system/2017/10/06/000348654.shtml",
  "http://news.nankai.edu.cn/mtnk/system/2017/10/06/000348794.shtml",
  "http://news.nankai.edu.cn/mtnk/system/2017/10/06/000348814.shtml",
  "http://news.nankai.edu.cn/mtnk/system/2017/10/06/000348815.shtml",
  "http://news.nankai.edu.cn/mtnk/system/2017/10/06/000348874.shtml",
  "http://news.nankai.edu.cn/mtnk/system/2017/09/28/000347974.shtml",
  "http://news.nankai.edu.cn/mtnk/system/2017/10/02/000348435.shtml",
  "http://news.nankai.edu.cn/mtnk/system/2017/10/03/000348494.shtml",
  "http://news.nankai.edu.cn/nkyw/system/2013/05/16/000125363.shtml",
  "http://news.nankai.edu.cn/mtnk/system/2013/05/13/000124954.shtml",
  "http://news.nankai.edu.cn/ywsd/system/2013/07/07/000133514.shtml",
  "http://news.nankai.edu.cn/zhxw/system/2013/07/08/000133655.shtml",
  "http://news.nankai.edu.cn/ywsd/system/2013/07/06/000133454.shtml",
  "http://news.nankai.edu.cn/ywsd/system/2013/07/02/000132815.shtml",
  "http://news.nankai.edu.cn/zhxw/system/2013/07/14/000134474.shtml",
  "http://news.nankai.edu.cn/zhxw/system/2013/07/18/000135112.shtml",
  "http://news.nankai.edu.cn/zhxw/system/2013/07/17/000134922.shtml",
  "http://news.nankai.edu.cn/zhxw/system/2013/07/12/000134294.shtml",
  "http://news.nankai.edu.cn/zhxw/system/2013/07/11/000134156.shtml",
  "http://news.nankai.edu.cn/zhxw/system/2013/07/05/000133336.shtml",
  "http://news.nankai.edu.cn/zhxw/system/2013/07/05/000133398.shtml",
  "http://news.nankai.edu.cn/zhxw/system/2013/07/05/000133397.shtml",
  "http://news.nankai.edu.cn/zhxw/system/2013/07/02/000132835.shtml",
  "http://news.nankai.edu.cn/zhxw/system/2013/07/09/000133780.shtml",
  "http://news.nankai.edu.cn/zhxw/system/2013/07/04/000133198.shtml",
  "http://news.nankai.edu.cn/zhxw/system/2013/06/27/000132314.shtml",
  "http://news.nankai.edu.cn/ztbd/system/2013/05/17/000125434.shtml",
  "http://news.nankai.edu.cn/ywsd/system/2013/07/10/000133940.shtml",
  "http://news.nankai.edu.cn/ywsd/system/2013/06/26/000132137.shtml",
  "http://news.nankai.edu.cn/ywsd/system/2013/03/25/000115139.shtml",
  "http://news.nankai.edu.cn/ywsd/system/2013/03/22/000114936.shtml",
  "http://news.nankai.edu.cn/ywsd/system/2013/03/21/000114736.shtml",
  "http://news.nankai.edu.cn/ywsd/system/2013/06/19/000130754.shtml",
  "http://news.nankai.edu.cn/ywsd/system/2013/05/16/000125363.shtml",
  "http://news.nankai.edu.cn/ywsd/system/2013/04/11/000117520.shtml",
  "http://news.nankai.edu.cn/zhxw/system/2013/05/08/000123474.shtml",
  "http://news.nankai.edu.cn/ztbd/system/2013/05/16/000125375.shtml",
  "http://news.nankai.edu.cn/ztbd/system/2013/05/16/000125374.shtml",
  "http://news.nankai.edu.cn/ztbd/system/2013/05/16/000125377.shtml",
  "http://news.nankai.edu.cn/ztbd/system/2013/05/16/000125383.shtml",
  "http://news.nankai.edu.cn/ztbd/system/2013/05/17/000125435.shtml",
  "http://news.nankai.edu.cn/ztbd/system/2013/05/16/000125389.shtml",
  "http://news.nankai.edu.cn/ztbd/system/2013/05/16/000125384.shtml",
  "http://news.nankai.edu.cn/mtnk/system/2013/06/25/000131976.shtml",
  "http://news.nankai.edu.cn/mtnk/system/2013/05/16/000125366.shtml",
  "http://news.nankai.edu.cn/mtnk/system/2013/04/04/000116504.shtml",
  "http://news.nankai.edu.cn/mtnk/system/2013/06/19/000130720.shtml",
  "http://news.nankai.edu.cn/mtnk/system/2013/04/22/000119255.shtml",
  "http://news.nankai.edu.cn/mtnk/system/2012/02/09/000054607.shtml",
  "http://news.nankai.edu.cn/ywsd/system/2013/06/26/000132197.shtml",
  "http://news.nankai.edu.cn/ywsd/system/2013/06/28/000132348.shtml",
  "http://news.nankai.edu.cn/ywsd/system/2013/06/30/000132574.shtml",
  "http://news.nankai.edu.cn/ywsd/system/2013/07/08/000133695.shtml",
  "http://news.nankai.edu.cn/mtnk/system/2013/06/28/000132336.shtml",
  "http://news.nankai.edu.cn/ywsd/system/2013/06/30/000132614.shtml",
  "http://news.nankai.edu.cn/ywsd/system/2013/07/01/000132754.shtml",
  "http://news.nankai.edu.cn/ywsd/system/2013/06/28/000132418.shtml",
  "http://news.nankai.edu.cn/zhxw/system/2013/06/26/000132195.shtml",
  "http://news.nankai.edu.cn/ywsd/system/2013/06/27/000132327.shtml",
  "http://news.nankai.edu.cn/ywsd/system/2013/06/28/000132349.shtml",
  "http://news.nankai.edu.cn/ywsd/system/2013/06/30/000132595.shtml",
  "http://news.nankai.edu.cn/ywsd/system/2013/06/19/000130974.shtml",
  "http://news.nankai.edu.cn/ywsd/system/2013/07/03/000133038.shtml",
  "http://news.nankai.edu.cn/ywsd/system/2013/07/01/000132654.shtml",
  "http://news.nankai.edu.cn/ywsd/system/2013/06/27/000132257.shtml",
  "http://news.nankai.edu.cn/ywsd/system/2013/06/27/000132255.shtml",
  "http://news.nankai.edu.cn/ywsd/system/2013/06/23/000131774.shtml",
  "http://news.nankai.edu.cn/ywsd/system/2013/06/19/000131234.shtml",
  "http://news.nankai.edu.cn/ywsd/system/2013/06/11/000129558.shtml",
  "http://news.nankai.edu.cn/ywsd/system/2013/04/12/000117605.shtml",
  "http://news.nankai.edu.cn/ywsd/system/2013/04/18/000118674.shtml",
  "http://news.nankai.edu.cn/ywsd/system/2013/03/19/000114479.shtml",
  "http://news.nankai.edu.cn/ywsd/system/2013/06/24/000131937.shtml",
  "http://news.nankai.edu.cn/ywsd/system/2013/06/24/000131936.shtml",
  "http://news.nankai.edu.cn/ywsd/system/2013/06/28/000132376.shtml",
  "http://news.nankai.edu.cn/ywsd/system/2013/06/14/000129821.shtml",
  "http://bbs.nankai.edu.cn/site/article/284",
  "http://news.nankai.edu.cn/zhxw/system/2013/06/18/000130594.shtml",
  "http://news.nankai.edu.cn/ywsd/system/2013/05/26/000127435.shtml",
  "http://news.nankai.edu.cn/zhxw/system/2013/06/13/000129694.shtml",
  "http://bbs.nankai.edu.cn/group/view/163",
  "http://bbs.nankai.edu.cn/group/article/71919",
  "http://bbs.nankai.edu.cn/group/article/75912",
  "http://bbs.nankai.edu.cn/group/article/74253",
  "http://bbs.nankai.edu.cn/group/article/75477",
  "http://bbs.nankai.edu.cn/group/article/79201",
  "http://news.nankai.edu.cn/ywsd/system/2013/10/23/000147957.shtml",
  "http://news.nankai.edu.cn/ztbd/system/2013/10/24/000148200.shtml",
  "http://news.nankai.edu.cn/ywsd/system/2013/10/24/000148194.shtml",
  "http://news.nankai.edu.cn/ztbd/system/2013/10/24/000148196.shtml",
  "http://news.nankai.edu.cn/ztbd/system/2013/10/24/000148197.shtml",
  "http://news.nankai.edu.cn/ztbd/system/2013/10/24/000148198.shtml",
  "http://news.nankai.edu.cn/ztbd/system/2013/10/24/000148199.shtml",
  "http://news.nankai.edu.cn/zhxw/system/2013/10/23/000147988.shtml",
  "http://news.nankai.edu.cn/zhxw/system/2013/10/23/000147976.shtml",
  "http://news.nankai.edu.cn/ywsd/system/2013/10/08/000144136.shtml",
  "http://news.nankai.edu.cn/ywsd/system/2013/05/23/000127076.shtml",
  "http://news.nankai.edu.cn/ywsd/system/2013/02/27/000111976.shtml",
  "http://news.nankai.edu.cn/ywsd/system/2013/03/06/000112659.shtml",
  "http://news.nankai.edu.cn/ywsd/system/2012/06/08/000072394.shtml",
  "http://news.nankai.edu.cn/nkyw/system/2012/06/18/000073914.shtml",
  "http://news.nankai.edu.cn/xs/xswc/nkrw/zel/index.shtml",
  "http://news.nankai.edu.cn/ywsd/system/2013/10/26/000148714.shtml",
  "http://news.nankai.edu.cn/xwzt/system/2013/10/30/000149676.shtml",
  "http://news.nankai.edu.cn/ztbd/system/2013/10/30/000149694.shtml",
  "http://news.nankai.edu.cn/ztbd/system/2013/10/30/000149658.shtml",
  "http://news.nankai.edu.cn/ztbd/system/2013/10/30/000149675.shtml",
  "http://news.nankai.edu.cn/ywsd/system/2013/10/28/000149296.shtml",
  "http://news.nankai.edu.cn/pic/0/00/09/52/95225_982922.jpg",
  "http://news.nankai.edu.cn/ywsd/system/2011/01/07/000036750.shtml",
  "http://news.nankai.edu.cn/ztbd/system/2010/12/31/000036625.shtml",
  "http://news.nankai.edu.cn/ztbd/system/2010/12/31/000036634.shtml",
  "http://news.nankai.edu.cn/ztbd/system/2011/01/02/000036678.shtml",
  "http://news.nankai.edu.cn/ywsd/system/2017/11/29/000358294.shtml",
  "http://news.nankai.edu.cn/ywsd/system/2017/11/20/000356856.shtml",
  "http://news.nankai.edu.cn/ywsd/system/2017/11/17/000356257.shtml",
  "http://news.nankai.edu.cn/ywsd/system/2017/11/16/000356138.shtml",
  "http://news.nankai.edu.cn/ztbd/system/2017/10/16/000350496.shtml",
  "http://news.nankai.edu.cn/mtnk/system/2017/12/06/000359777.shtml",
  "http://news.nankai.edu.cn/mtnk/system/2017/12/06/000359634.shtml",
  "http://news.nankai.edu.cn/mtnk/system/2017/11/22/000357135.shtml",
  "http://news.nankai.edu.cn/mtnk/system/2017/11/22/000357142.shtml",
  "http://news.nankai.edu.cn/mtnk/system/2017/11/22/000357155.shtml",
  "http://news.nankai.edu.cn/mtnk/system/2017/11/14/000355734.shtml",
  "http://news.nankai.edu.cn/zhxw/system/2017/12/06/000359718.shtml",
  "http://news.nankai.edu.cn/zhxw/system/2017/12/05/000359597.shtml",
  "http://news.nankai.edu.cn/zhxw/system/2017/11/29/000358316.shtml",
  "http://news.nankai.edu.cn/zhxw/system/2017/11/29/000358315.shtml",
  "http://news.nankai.edu.cn/zhxw/system/2017/11/14/000355841.shtml",
  "http://news.nankai.edu.cn/zhxw/system/2017/11/14/000355837.shtml",
  "http://news.nankai.edu.cn/zhxw/system/2017/11/14/000355835.shtml",
  "http://news.nankai.edu.cn/ywsd/system/2017/09/25/000347314.shtml",
  "http://news.nankai.edu.cn/ywsd/system/2017/09/25/000347354.shtml",
  "http://news.nankai.edu.cn/ywsd/system/2018/04/03/000374621.shtml",
  "http://news.nankai.edu.cn/ywsd/system/2018/04/03/000374614.shtml",
  "http://news.nankai.edu.cn/ywsd/system/2018/04/03/000374715.shtml",
  "http://news.nankai.edu.cn/ywsd/system/2018/04/02/000374534.shtml",
  "http://news.nankai.edu.cn/ywsd/system/2017/09/26/000347577.shtml",
  "http://news.nankai.edu.cn/ywsd/system/2017/09/27/000347677.shtml",
  "http://news.nankai.edu.cn/ywsd/system/2017/09/26/000347454.shtml",
  "http://news.nankai.edu.cn/ywsd/system/2017/09/28/000347914.shtml",
  "http://news.nankai.edu.cn/ywsd/system/2017/09/25/000347375.shtml",
  "http://news.nankai.edu.cn/ywsd/system/2017/09/27/000347694.shtml",
  "http://news.nankai.edu.cn/ywsd/system/2017/09/28/000347778.shtml",
  "http://news.nankai.edu.cn/ywsd/system/2017/09/29/000348094.shtml",
  "http://news.nankai.edu.cn/ywsd/system/2017/09/25/000347376.shtml",
  "http://news.nankai.edu.cn/ywsd/system/2018/01/01/000363796.shtml",
  "http://news.nankai.edu.cn/ywsd/system/2017/12/07/000359915.shtml",
  "http://news.nankai.edu.cn/ywsd/system/2017/09/26/000347494.shtml",
  "http://news.nankai.edu.cn/ywsd/system/2017/11/11/000355237.shtml",
  "http://news.nankai.edu.cn/ywsd/system/2017/11/11/000355294.shtml",
  "http://news.nankai.edu.cn/zhxw/system/2017/11/14/000355855.shtml",
  "http://news.nankai.edu.cn/ywsd/system/2017/09/30/000348315.shtml",
  "http://news.nankai.edu.cn/dcxy/system/2017/09/30/000348256.shtml",
  "http://news.nankai.edu.cn/ywsd/system/2018/02/10/000367994.shtml",
  "http://news.nankai.edu.cn/ztbd/system/2018/01/05/000364300.shtml",
  "http://news.nankai.edu.cn/nkyw/system/2018/04/02/000374594.shtml",
  "http://news.nankai.edu.cn/mtnk/system/2018/04/03/000374719.shtml",
  "http://news.nankai.edu.cn/mtnk/system/2018/04/03/000374720.shtml",
  "http://news.nankai.edu.cn/mtnk/system/2018/04/03/000374721.shtml",
  "http://news.nankai.edu.cn/mtnk/system/2018/04/03/000374717.shtml",
  "http://news.nankai.edu.cn/mtnk/system/2018/04/03/000374696.shtml",
  "http://news.nankai.edu.cn/mtnk/system/2018/04/02/000374595.shtml",
  "http://news.nankai.edu.cn/mtnk/system/2018/04/02/000374555.shtml",
  "http://news.nankai.edu.cn/mtnk/system/2017/09/26/000347394.shtml",
  "http://news.nankai.edu.cn/mtnk/system/2017/09/26/000347395.shtml",
  "http://news.nankai.edu.cn/mtnk/system/2018/01/02/000363862.shtml",
  "http://news.nankai.edu.cn/mtnk/system/2017/09/26/000347554.shtml",
  "http://news.nankai.edu.cn/mtnk/system/2017/09/25/000347297.shtml",
  "http://news.nankai.edu.cn/mtnk/system/2017/09/25/000347296.shtml",
  "http://news.nankai.edu.cn/mtnk/system/2017/09/26/000347563.shtml",
  "http://news.nankai.edu.cn/mtnk/system/2017/09/25/000347341.shtml",
  "http://news.nankai.edu.cn/mtnk/system/2017/09/26/000347576.shtml",
  "http://news.nankai.edu.cn/nkyw/system/2017/12/31/000363757.shtml",
  "http://news.nankai.edu.cn/nkyw/system/2018/02/18/000368534.shtml",
  "http://news.nankai.edu.cn/nkyw/system/2018/01/01/000363800.shtml",
  "http://news.nankai.edu.cn/mtnk/system/2017/09/29/000348058.shtml",
  "http://news.nankai.edu.cn/nkyw/system/2017/09/27/000347595.shtml",
  "http://news.nankai.edu.cn/xwzt/system/2017/10/09/000349674.shtml",
  "http://news.nankai.edu.cn/xwzt/system/2017/09/30/000348314.shtml",
  "http://news.nankai.edu.cn/mtnk/system/2016/03/28/000275836.shtml",
  "http://news.nankai.edu.cn/ztbd/system/2017/12/05/000359601.shtml",
  "http://news.nankai.edu.cn/xwzt/system/2017/12/05/000359610.shtml",
  "http://news.nankai.edu.cn/nkyw/system/2017/12/03/000359077.shtml",
  "http://news.nankai.edu.cn/ywsd/system/2022/01/17/030049982.shtml",
  "http://news.nankai.edu.cn/ywsd/system/2022/01/26/030050173.shtml",
  "http://news.nankai.edu.cn/ywsd/system/2022/01/26/030050180.shtml",
  "http://news.nankai.edu.cn/ywsd/system/2022/01/20/030050063.shtml",
  "http://news.nankai.edu.cn/ywsd/system/2022/01/20/030050064.shtml",
  "http://news.nankai.edu.cn/ywsd/system/2022/01/20/030050055.shtml",
  "http://news.nankai.edu.cn/ywsd/system/2022/01/20/030050052.shtml",
  "http://news.nankai.edu.cn/ywsd/system/2022/01/19/030050039.shtml",
  "http://news.nankai.edu.cn/ywsd/system/2022/01/19/030050031.shtml",
  "http://news.nankai.edu.cn/ywsd/system/2022/01/19/030050028.shtml",
  "http://news.nankai.edu.cn/ywsd/system/2022/01/19/030050024.shtml",
  "http://news.nankai.edu.cn/ywsd/system/2022/01/18/030050007.shtml",
  "http://news.nankai.edu.cn/ywsd/system/2022/01/18/030050006.shtml",
  "http://news.nankai.edu.cn/zhxw/system/2022/01/25/030050148.shtml",
  "http://news.nankai.edu.cn/ywsd/system/2022/01/18/030050005.shtml",
  "http://news.nankai.edu.cn/ywsd/system/2022/01/18/030050003.shtml",
  "http://news.nankai.edu.cn/ywsd/system/2022/01/17/030049998.shtml",
  "http://news.nankai.edu.cn/ywsd/system/2022/01/16/030049981.shtml",
  "http://news.nankai.edu.cn/ywsd/system/2022/01/16/030049978.shtml",
  "http://news.nankai.edu.cn/ywsd/system/2022/01/16/030049976.shtml",
  "http://news.nankai.edu.cn/ywsd/system/2022/01/15/030049957.shtml",
  "http://news.nankai.edu.cn/ywsd/system/2022/01/14/030049954.shtml",
  "http://news.nankai.edu.cn/ywsd/system/2022/01/14/030049953.shtml",
  "http://news.nankai.edu.cn/ywsd/system/2022/01/14/030049951.shtml",
  "http://news.nankai.edu.cn/ywsd/system/2022/01/14/030049946.shtml",
  "http://news.nankai.edu.cn/ywsd/system/2022/01/13/030049945.shtml",
  "http://news.nankai.edu.cn/ywsd/system/2022/01/13/030049928.shtml",
  "http://news.nankai.edu.cn/ywsd/system/2022/01/13/030049929.shtml",
  "http://news.nankai.edu.cn/ywsd/system/2022/01/13/030049926.shtml",
  "http://news.nankai.edu.cn/ywsd/system/2022/01/13/030049927.shtml",
  "http://news.nankai.edu.cn/ywsd/system/2022/01/13/030049925.shtml",
  "http://news.nankai.edu.cn/ywsd/system/2022/01/13/030049923.shtml",
  "http://news.nankai.edu.cn/ywsd/system/2022/01/12/030049919.shtml",
  "http://news.nankai.edu.cn/ywsd/system/2022/01/12/030049916.shtml",
  "http://news.nankai.edu.cn/ywsd/system/2022/01/12/030049914.shtml",
  "http://news.nankai.edu.cn/ywsd/system/2022/01/11/030049913.shtml",
  "http://news.nankai.edu.cn/ywsd/system/2022/01/11/030049907.shtml",
  "http://news.nankai.edu.cn/ywsd/system/2022/01/11/030049906.shtml",
  "http://news.nankai.edu.cn/ywsd/system/2022/01/11/030049897.shtml",
  "http://news.nankai.edu.cn/ywsd/system/2022/01/10/030049893.shtml",
  "http://news.nankai.edu.cn/ywsd/system/2022/01/09/030049888.shtml",
  "http://news.nankai.edu.cn/ywsd/system/2022/01/09/030049891.shtml",
  "http://news.nankai.edu.cn/zhxw/system/2022/01/26/030050163.shtml",
  "http://news.nankai.edu.cn/zhxw/system/2022/01/26/030050162.shtml",
  "http://news.nankai.edu.cn/zhxw/system/2022/01/25/030050147.shtml",
  "http://news.nankai.edu.cn/zhxw/system/2022/01/25/030050146.shtml",
  "http://news.nankai.edu.cn/zhxw/system/2022/01/25/030050145.shtml",
  "http://news.nankai.edu.cn/zhxw/system/2022/01/23/030050130.shtml",
  "http://news.nankai.edu.cn/zhxw/system/2022/01/23/030050127.shtml",
  "http://news.nankai.edu.cn/zhxw/system/2022/01/23/030050125.shtml",
  "http://news.nankai.edu.cn/zhxw/system/2022/01/23/030050124.shtml",
  "http://news.nankai.edu.cn/zhxw/system/2022/01/22/030050109.shtml",
  "http://news.nankai.edu.cn/zhxw/system/2022/01/22/030050108.shtml",
  "http://news.nankai.edu.cn/zhxw/system/2022/01/22/030050102.shtml",
  "http://news.nankai.edu.cn/zhxw/system/2022/01/22/030050100.shtml",
  "http://news.nankai.edu.cn/zhxw/system/2022/01/22/030050099.shtml",
  "http://news.nankai.edu.cn/zhxw/system/2022/01/22/030050098.shtml",
  "http://news.nankai.edu.cn/zhxw/system/2022/01/22/030050097.shtml",
  "http://news.nankai.edu.cn/zhxw/system/2022/01/21/030050085.shtml",
  "http://news.nankai.edu.cn/zhxw/system/2022/01/21/030050087.shtml",
  "http://news.nankai.edu.cn/zhxw/system/2022/01/21/030050086.shtml",
  "http://news.nankai.edu.cn/zhxw/system/2022/01/21/030050084.shtml",
  "http://news.nankai.edu.cn/zhxw/system/2022/01/21/030050072.shtml",
  "http://news.nankai.edu.cn/zhxw/system/2022/01/20/030050062.shtml",
  "http://news.nankai.edu.cn/zhxw/system/2022/01/20/030050056.shtml",
  "http://news.nankai.edu.cn/zhxw/system/2022/01/20/030050043.shtml",
  "http://news.nankai.edu.cn/zhxw/system/2022/01/19/030050038.shtml",
  "http://news.nankai.edu.cn/zhxw/system/2022/01/19/030050033.shtml",
  "http://news.nankai.edu.cn/zhxw/system/2022/01/19/030050032.shtml",
  "http://news.nankai.edu.cn/zhxw/system/2022/01/18/030050014.shtml",
  "http://news.nankai.edu.cn/zhxw/system/2022/01/18/030050013.shtml",
  "http://news.nankai.edu.cn/zhxw/system/2022/01/18/030050010.shtml",
  "http://news.nankai.edu.cn/zhxw/system/2022/01/18/030050009.shtml",
  "http://news.nankai.edu.cn/zhxw/system/2022/01/18/030050004.shtml",
  "http://news.nankai.edu.cn/zhxw/system/2022/01/17/030049999.shtml",
  "http://news.nankai.edu.cn/zhxw/system/2022/01/17/030049997.shtml",
  "http://news.nankai.edu.cn/zhxw/system/2022/01/17/030049986.shtml",
  "http://news.nankai.edu.cn/zhxw/system/2022/01/17/030049985.shtml",
  "http://news.nankai.edu.cn/zhxw/system/2022/01/17/030049984.shtml",
  "http://news.nankai.edu.cn/zhxw/system/2022/01/17/030049983.shtml",
  "http://news.nankai.edu.cn/zhxw/system/2022/01/16/030049980.shtml",
  "http://news.nankai.edu.cn/zhxw/system/2022/01/16/030049979.shtml",
  "http://news.nankai.edu.cn/zhxw/system/2022/01/15/030049958.shtml",
  "http://news.nankai.edu.cn/zhxw/system/2022/01/14/030049949.shtml",
  "http://news.nankai.edu.cn/zhxw/system/2022/01/11/030049904.shtml",
  "http://news.nankai.edu.cn/dcxy/system/2022/01/26/030050181.shtml",
  "http://news.nankai.edu.cn/dcxy/system/2022/01/26/030050176.shtml",
  "http://news.nankai.edu.cn/dcxy/system/2022/01/26/030050159.shtml",
  "http://news.nankai.edu.cn/dcxy/system/2022/01/23/030050120.shtml",
  "http://news.nankai.edu.cn/dcxy/system/2022/01/22/030050115.shtml",
  "http://news.nankai.edu.cn/dcxy/system/2022/01/22/030050111.shtml",
  "http://news.nankai.edu.cn/dcxy/system/2022/01/22/030050110.shtml",
  "http://news.nankai.edu.cn/dcxy/system/2022/01/22/030050103.shtml",
  "http://news.nankai.edu.cn/dcxy/system/2022/01/21/030050082.shtml",
  "http://news.nankai.edu.cn/dcxy/system/2022/01/21/030050088.shtml",
  "http://news.nankai.edu.cn/dcxy/system/2022/01/21/030050081.shtml",
  "http://news.nankai.edu.cn/dcxy/system/2022/01/21/030050080.shtml",
  "http://news.nankai.edu.cn/dcxy/system/2022/01/21/030050074.shtml",
  "http://news.nankai.edu.cn/dcxy/system/2022/01/19/030050030.shtml",
  "http://news.nankai.edu.cn/dcxy/system/2022/01/18/030050002.shtml",
  "http://news.nankai.edu.cn/dcxy/system/2022/01/18/030050001.shtml",
  "http://news.nankai.edu.cn/dcxy/system/2022/01/17/030050000.shtml",
  "http://news.nankai.edu.cn/dcxy/system/2022/01/15/030049964.shtml",
  "http://news.nankai.edu.cn/dcxy/system/2022/01/12/030049917.shtml",
  "http://news.nankai.edu.cn/mtnk/system/2022/01/25/030050154.shtml",
  "http://news.nankai.edu.cn/mtnk/system/2022/01/25/030050150.shtml",
  "http://news.nankai.edu.cn/mtnk/system/2022/01/25/030050153.shtml",
  "http://news.nankai.edu.cn/mtnk/system/2022/01/25/030050149.shtml",
  "http://news.nankai.edu.cn/mtnk/system/2022/01/24/030050141.shtml",
  "http://news.nankai.edu.cn/mtnk/system/2022/01/24/030050142.shtml",
  "http://news.nankai.edu.cn/mtnk/system/2022/01/24/030050140.shtml",
  "http://news.nankai.edu.cn/mtnk/system/2022/01/24/030050138.shtml",
  "http://news.nankai.edu.cn/mtnk/system/2022/01/23/030050128.shtml",
  "http://news.nankai.edu.cn/mtnk/system/2022/01/22/030050112.shtml",
  "http://news.nankai.edu.cn/mtnk/system/2022/01/22/030050114.shtml",
  "http://news.nankai.edu.cn/mtnk/system/2022/01/21/030050089.shtml",
  "http://news.nankai.edu.cn/mtnk/system/2022/01/21/030050090.shtml",
  "http://news.nankai.edu.cn/mtnk/system/2022/01/20/030050065.shtml",
  "http://news.nankai.edu.cn/mtnk/system/2022/01/20/030050053.shtml",
  "http://news.nankai.edu.cn/mtnk/system/2022/01/20/030050049.shtml",
  "http://news.nankai.edu.cn/mtnk/system/2022/01/20/030050045.shtml",
  "http://news.nankai.edu.cn/mtnk/system/2022/01/19/030050034.shtml",
  "http://news.nankai.edu.cn/mtnk/system/2022/01/18/030050021.shtml",
  "http://news.nankai.edu.cn/mtnk/system/2022/01/18/030050020.shtml",
  "http://news.nankai.edu.cn/mtnk/system/2022/01/18/030050019.shtml",
  "http://news.nankai.edu.cn/mtnk/system/2022/01/18/030050018.shtml",
  "http://news.nankai.edu.cn/mtnk/system/2022/01/18/030050017.shtml",
  "http://news.nankai.edu.cn/mtnk/system/2022/01/18/030050016.shtml",
  "http://news.nankai.edu.cn/mtnk/system/2022/01/18/030050015.shtml",
  "http://news.nankai.edu.cn/mtnk/system/2022/01/17/030049995.shtml",
  "http://news.nankai.edu.cn/mtnk/system/2022/01/17/030049994.shtml",
  "http://news.nankai.edu.cn/mtnk/system/2022/01/17/030049993.shtml",
  "http://news.nankai.edu.cn/mtnk/system/2022/01/17/030049992.shtml",
  "http://news.nankai.edu.cn/mtnk/system/2022/01/17/030049991.shtml",
  "http://news.nankai.edu.cn/mtnk/system/2022/01/17/030049990.shtml",
  "http://news.nankai.edu.cn/mtnk/system/2022/01/17/030049989.shtml",
  "http://news.nankai.edu.cn/mtnk/system/2022/01/17/030049988.shtml",
  "http://news.nankai.edu.cn/mtnk/system/2022/01/17/030049987.shtml",
  "http://news.nankai.edu.cn/mtnk/system/2022/01/15/030049975.shtml",
  "http://news.nankai.edu.cn/mtnk/system/2022/01/15/030049974.shtml",
  "http://news.nankai.edu.cn/mtnk/system/2022/01/15/030049973.shtml",
  "http://news.nankai.edu.cn/mtnk/system/2022/01/15/030049972.shtml",
  "http://news.nankai.edu.cn/mtnk/system/2022/01/15/030049971.shtml",
  "http://news.nankai.edu.cn/mtnk/system/2022/01/15/030049970.shtml",
  "http://news.nankai.edu.cn/mtnk/system/2022/01/15/030049969.shtml",
  "http://news.nankai.edu.cn/mtnk/system/2022/01/15/030049968.shtml",
  "http://news.nankai.edu.cn/mtnk/system/2022/01/15/030049967.shtml",
  "http://news.nankai.edu.cn/mtnk/system/2022/01/15/030049966.shtml",
  "http://news.nankai.edu.cn/mtnk/system/2022/01/15/030049965.shtml",
  "http://news.nankai.edu.cn/mtnk/system/2022/01/15/030049962.shtml",
  "http://news.nankai.edu.cn/mtnk/system/2022/01/15/030049961.shtml",
  "http://news.nankai.edu.cn/mtnk/system/2022/01/15/030049959.shtml",
  "http://news.nankai.edu.cn/mtnk/system/2022/01/13/030049932.shtml",
  "http://news.nankai.edu.cn/mtnk/system/2022/01/13/030049944.shtml",
  "http://news.nankai.edu.cn/mtnk/system/2022/01/13/030049943.shtml",
  "http://news.nankai.edu.cn/mtnk/system/2022/01/13/030049938.shtml",
  "http://news.nankai.edu.cn/mtnk/system/2022/01/13/030049935.shtml",
  "http://news.nankai.edu.cn/mtnk/system/2022/01/13/030049936.shtml",
  "http://news.nankai.edu.cn/mtnk/system/2022/01/13/030049934.shtml",
  "http://news.nankai.edu.cn/mtnk/system/2022/01/13/030049933.shtml",
  "http://news.nankai.edu.cn/mtnk/system/2022/01/12/030049922.shtml",
  "http://news.nankai.edu.cn/mtnk/system/2022/01/12/030049921.shtml",
  "http://news.nankai.edu.cn/mtnk/system/2022/01/12/030049920.shtml",
  "http://news.nankai.edu.cn/mtnk/system/2022/01/11/030049905.shtml",
  "http://news.nankai.edu.cn/mtnk/system/2022/01/09/030049892.shtml",
  "http://news.nankai.edu.cn/mtnk/system/2020/01/02/030037176.shtml",
  "http://news.nankai.edu.cn/nkzs/system/2019/12/31/030037147.shtml",
  "http://news.nankai.edu.cn/dcxy/system/2024/12/08/030064941.shtml",
  "http://news.nankai.edu.cn/dcxy/system/2024/12/06/030064919.shtml",
  "http://news.nankai.edu.cn/dcxy/system/2024/12/08/030064940.shtml",
  "http://news.nankai.edu.cn/dcxy/system/2024/12/06/030064929.shtml",
  "http://news.nankai.edu.cn/dcxy/system/2024/12/05/030064910.shtml",
  "http://news.nankai.edu.cn/dcxy/system/2024/12/05/030064909.shtml",
  "http://news.nankai.edu.cn/dcxy/system/2024/12/05/030064908.shtml",
  "http://news.nankai.edu.cn/dcxy/system/2024/12/05/030064907.shtml",
  "http://news.nankai.edu.cn/dcxy/system/2024/12/04/030064896.shtml",
  "http://news.nankai.edu.cn/dcxy/system/2024/12/04/030064894.shtml",
  "http://news.nankai.edu.cn/dcxy/system/2024/12/04/030064888.shtml",
  "http://news.nankai.edu.cn/dcxy/system/2024/12/04/030064884.shtml",
  "http://news.nankai.edu.cn/dcxy/system/2024/12/04/030064882.shtml",
  "http://news.nankai.edu.cn/dcxy/system/2024/12/04/030064880.shtml",
  "http://news.nankai.edu.cn/dcxy/system/2024/12/04/030064877.shtml",
  "http://news.nankai.edu.cn/dcxy/system/2024/12/04/030064874.shtml",
  "http://news.nankai.edu.cn/dcxy/system/2024/12/04/030064883.shtml",
  "http://news.nankai.edu.cn/dcxy/system/2024/12/03/030064865.shtml",
  "http://news.nankai.edu.cn/dcxy/system/2024/12/03/030064864.shtml",
  "http://news.nankai.edu.cn/dcxy/system/2024/12/03/030064863.shtml",
  "http://news.nankai.edu.cn/nkdxb/system/2024/09/09/030063283.shtml",
  "http://news.nankai.edu.cn/nkdxb/system/2024/07/01/030062428.shtml",
  "http://news.nankai.edu.cn/nkdxb/system/2024/06/17/030062248.shtml",
  "http://news.nankai.edu.cn/nkdxb/system/2024/06/03/030062034.shtml",
  "http://news.nankai.edu.cn/nkdxb/system/2024/05/22/030061757.shtml",
  "http://news.nankai.edu.cn/nkdxb/system/2024/04/30/030061343.shtml",
  "http://news.nankai.edu.cn/nkdxb/system/2024/04/25/030061196.shtml",
  "http://news.nankai.edu.cn/nkdxb/system/2024/04/01/030060700.shtml",
  "http://news.nankai.edu.cn/nkdxb/system/2024/03/18/030060492.shtml",
  "http://news.nankai.edu.cn/nkdxb/system/2024/03/02/030060190.shtml",
  "http://news.nankai.edu.cn/nkdxb/system/2024/01/18/030059874.shtml",
  "http://news.nankai.edu.cn/nkdxb/system/2023/12/29/030059619.shtml",
  "http://news.nankai.edu.cn/nkdxb/system/2023/12/15/030059417.shtml",
  "http://news.nankai.edu.cn/nkdxb/system/2023/12/01/030059162.shtml",
  "http://news.nankai.edu.cn/nkdxb/system/2023/11/17/030058856.shtml",
  "http://news.nankai.edu.cn/nkdxb/system/2023/10/27/030058513.shtml",
  "http://news.nankai.edu.cn/nkdxb/system/2023/10/20/030058390.shtml",
  "http://news.nankai.edu.cn/nkdxb/system/2023/10/09/030058202.shtml",
  "http://news.nankai.edu.cn/nkdxb/system/2023/09/17/030057923.shtml",
  "http://news.nankai.edu.cn/nkdxb/system/2023/09/12/030057845.shtml",
  "http://news.nankai.edu.cn/nkdxb/system/2023/06/28/030056923.shtml",
  "http://news.nankai.edu.cn/nkdxb/system/2023/06/23/030056842.shtml",
  "http://news.nankai.edu.cn/nkdxb/system/2023/06/06/030056622.shtml",
  "http://news.nankai.edu.cn/nkdxb/system/2023/05/15/030056127.shtml",
  "http://news.nankai.edu.cn/mtnk/system/2024/09/30/030063744.shtml",
  "http://news.nankai.edu.cn/mtnk/system/2024/09/09/030063289.shtml",
  "http://news.nankai.edu.cn/mtnk/system/2024/09/11/030063324.shtml",
  "http://news.nankai.edu.cn/mtnk/system/2024/09/11/030063343.shtml",
  "http://news.nankai.edu.cn/mtnk/system/2024/09/04/030063186.shtml",
  "http://news.nankai.edu.cn/mtnk/system/2024/08/23/030062984.shtml",
  "http://news.nankai.edu.cn/mtnk/system/2024/08/30/030063126.shtml",
  "http://news.nankai.edu.cn/mtnk/system/2024/09/04/030063191.shtml",
  "http://news.nankai.edu.cn/nkrw/system/2024/09/04/030063203.shtml",
  "http://news.nankai.edu.cn/nkrw/system/2024/09/04/030063192.shtml",
  "http://news.nankai.edu.cn/nkrw/system/2024/09/04/030063196.shtml",
  "http://news.nankai.edu.cn/nkrw/system/2024/09/04/030063195.shtml",
  "http://news.nankai.edu.cn/nkrw/system/2024/09/04/030063194.shtml",
  "http://news.nankai.edu.cn/nkrw/system/2024/09/04/030063200.shtml",
  "http://news.nankai.edu.cn/nkrw/system/2024/09/04/030063204.shtml",
  "http://news.nankai.edu.cn/nkrw/system/2024/09/04/030063193.shtml",
  "http://news.nankai.edu.cn/nkrw/system/2024/09/04/030063199.shtml",
  "http://news.nankai.edu.cn/nkrw/system/2024/09/04/030063198.shtml",
  "http://news.nankai.edu.cn/nkrw/system/2024/09/04/030063201.shtml",
  "http://news.nankai.edu.cn/nkrw/system/2024/09/04/030063197.shtml",
  "http://news.nankai.edu.cn/nkrw/system/2024/09/04/030063205.shtml",
  "http://news.nankai.edu.cn/nkrw/system/2024/09/04/030063202.shtml",
  "http://news.nankai.edu.cn/ywsd/system/2024/12/11/030064997.shtml",
  "http://news.nankai.edu.cn/ywsd/system/2024/12/09/030064951.shtml",
  "http://news.nankai.edu.cn/ywsd/system/2024/12/08/030064944.shtml",
  "http://news.nankai.edu.cn/ywsd/system/2024/12/07/030064937.shtml",
  "http://news.nankai.edu.cn/ywsd/system/2024/12/06/030064932.shtml",
  "http://news.nankai.edu.cn/ywsd/system/2024/12/05/030064915.shtml",
  "http://news.nankai.edu.cn/ywsd/system/2024/12/05/030064913.shtml",
  "http://news.nankai.edu.cn/ywsd/system/2024/12/04/030064890.shtml",
  "http://news.nankai.edu.cn/ztbd/system/2015/12/17/000261078.shtml",
  "http://news.nankai.edu.cn/ztbd/system/2015/12/08/000259534.shtml",
  "http://news.nankai.edu.cn/ztbd/system/2015/12/08/000259535.shtml",
  "http://news.nankai.edu.cn/ztbd/system/2015/12/08/000259536.shtml",
  "http://news.nankai.edu.cn/ztbd/system/2015/12/08/000259537.shtml",
  "http://news.nankai.edu.cn/ztbd/system/2015/12/08/000259538.shtml",
  "http://news.nankai.edu.cn/ztbd/system/2015/12/08/000259540.shtml",
  "http://news.nankai.edu.cn/ztbd/system/2015/12/08/000259541.shtml",
  "http://news.nankai.edu.cn/ztbd/system/2015/12/08/000259542.shtml",
  "http://news.nankai.edu.cn/ztbd/system/2015/12/08/000259543.shtml",
  "http://news.nankai.edu.cn/ztbd/system/2015/12/08/000259544.shtml",
  "http://news.nankai.edu.cn/ztbd/system/2015/12/08/000259548.shtml",
  "http://news.nankai.edu.cn/ztbd/system/2015/12/08/000259551.shtml",
  "http://news.nankai.edu.cn/ztbd/system/2015/12/08/000259549.shtml",
  "http://news.nankai.edu.cn/ztbd/system/2015/12/08/000259545.shtml",
  "http://news.nankai.edu.cn/ztbd/system/2015/12/08/000259546.shtml",
  "http://news.nankai.edu.cn/ztbd/system/2015/12/08/000259547.shtml",
  "http://news.nankai.edu.cn/ztbd/system/2015/12/08/000259552.shtml",
  "http://news.nankai.edu.cn/ywsd/system/2015/12/09/000259755.shtml",
  "http://news.nankai.edu.cn/ywsd/system/2015/12/06/000259356.shtml",
  "http://news.nankai.edu.cn/zhxw/system/2015/12/09/000259754.shtml",
  "http://news.nankai.edu.cn/zhxw/system/2015/12/08/000259696.shtml",
  "http://news.nankai.edu.cn/ztbd/system/2015/12/15/000260715.shtml",
  "http://news.nankai.edu.cn/ztbd/system/2015/12/15/000260725.shtml",
  "http://news.nankai.edu.cn/ztbd/system/2015/12/15/000260734.shtml",
  "http://news.nankai.edu.cn/ztbd/system/2015/12/15/000260738.shtml",
  "http://news.nankai.edu.cn/ztbd/system/2015/12/15/000260741.shtml",
  "http://news.nankai.edu.cn/ztbd/system/2015/12/15/000260740.shtml",
  "http://news.nankai.edu.cn/ztbd/system/2015/12/15/000260742.shtml",
  "http://news.nankai.edu.cn/ztbd/system/2015/12/15/000260736.shtml",
  "http://news.nankai.edu.cn/ztbd/system/2015/12/15/000260743.shtml",
  "http://news.nankai.edu.cn/ztbd/system/2015/12/15/000260744.shtml",
  "http://news.nankai.edu.cn/ztbd/system/2015/12/15/000260745.shtml",
  "http://news.nankai.edu.cn/ztbd/system/2015/12/15/000260746.shtml",
  "http://news.nankai.edu.cn/ztbd/system/2015/12/15/000260747.shtml",
  "http://news.nankai.edu.cn/ztbd/system/2015/12/15/000260750.shtml",
  "http://news.nankai.edu.cn/ztbd/system/2015/12/15/000260751.shtml",
  "http://news.nankai.edu.cn/ztbd/system/2015/12/15/000260752.shtml",
  "http://news.nankai.edu.cn/ztbd/system/2015/12/15/000260754.shtml",
  "http://news.nankai.edu.cn/ztbd/system/2015/12/15/000260753.shtml",
  "http://news.nankai.edu.cn/ztbd/system/2015/12/15/000260755.shtml",
  "http://news.nankai.edu.cn/ztbd/system/2015/12/15/000260749.shtml",
  "http://jw.nankai.edu.cn/video.php?id=4491",
  "http://news.nankai.edu.cn/ywsd/system/2016/06/28/000286434.shtml",
  "http://news.nankai.edu.cn/ywsd/system/2015/12/17/000260999.shtml",
  "http://news.nankai.edu.cn/ywsd/system/2015/11/11/000255135.shtml",
  "http://news.nankai.edu.cn/ywsd/system/2015/11/08/000254655.shtml",
  "http://news.nankai.edu.cn/zhxw/system/2015/06/09/000237194.shtml",
  "http://news.nankai.edu.cn/dcxy/system/2015/11/18/000256340.shtml",
  "http://news.nankai.edu.cn/ywsd/system/2014/04/23/000178056.shtml",
  "http://news.nankai.edu.cn/ywsd/system/2014/04/24/000178277.shtml",
  "http://news.nankai.edu.cn/ywsd/system/2014/04/23/000178059.shtml",
  "http://news.nankai.edu.cn/ywsd/system/2014/04/21/000177715.shtml",
  "http://news.nankai.edu.cn/ywsd/system/2014/04/23/000178060.shtml",
  "http://news.nankai.edu.cn/ywsd/system/2014/04/24/000178278.shtml",
  "http://news.nankai.edu.cn/ywsd/system/2014/04/23/000178136.shtml",
  "http://news.nankai.edu.cn/sp/system/2014/04/23/000178134.shtml",
  "http://news.nankai.edu.cn/ywsd/system/2014/04/01/000172315.shtml",
  "http://news.nankai.edu.cn/ywsd/system/2014/04/02/000172655.shtml",
  "http://news.nankai.edu.cn/ywsd/system/2014/04/09/000174214.shtml",
  "http://news.nankai.edu.cn/ywsd/system/2014/04/11/000175334.shtml",
  "http://news.nankai.edu.cn/ywsd/system/2014/04/11/000175355.shtml",
  "http://news.nankai.edu.cn/mtnk/system/2014/04/11/000175394.shtml",
  "http://news.nankai.edu.cn/mtnk/system/2014/04/08/000173753.shtml",
  "http://news.nankai.edu.cn/ztbd/system/2014/04/11/000175415.shtml",
  "http://news.nankai.edu.cn/mtnk/system/2014/04/10/000174618.shtml",
  "http://news.nankai.edu.cn/mtnk/system/2014/04/08/000173742.shtml",
  "http://news.nankai.edu.cn/mtnk/system/2014/04/10/000174617.shtml",
  "http://news.nankai.edu.cn/mtnk/system/2014/04/10/000174619.shtml",
  "http://news.nankai.edu.cn/mtnk/system/2014/04/14/000175617.shtml",
  "http://news.nankai.edu.cn/mtnk/system/2014/04/17/000176814.shtml",
  "http://news.nankai.edu.cn/mtnk/system/2014/04/17/000176796.shtml",
  "http://news.nankai.edu.cn/mtnk/system/2014/04/01/000172595.shtml",
  "http://news.nankai.edu.cn/mtnk/system/2014/04/01/000172600.shtml",
  "http://news.nankai.edu.cn/mtnk/system/2014/04/04/000173238.shtml",
  "http://news.nankai.edu.cn/mtnk/system/2014/04/01/000172594.shtml",
  "http://news.nankai.edu.cn/mtnk/system/2014/04/03/000172898.shtml",
  "http://news.nankai.edu.cn/mtnk/system/2014/04/04/000173237.shtml",
  "http://news.nankai.edu.cn/mtnk/system/2014/04/01/000172598.shtml",
  "http://news.nankai.edu.cn/ztbd/system/2014/09/08/000200518.shtml",
  "http://news.nankai.edu.cn/ywsd/system/2014/09/07/000200455.shtml",
  "http://news.nankai.edu.cn/ywsd/system/2014/09/13/000200917.shtml",
  "http://news.nankai.edu.cn/ztbd/system/2014/09/08/000200519.shtml",
  "http://news.nankai.edu.cn/ztbd/system/2014/09/08/000200517.shtml",
  "http://news.nankai.edu.cn/ztbd/system/2014/09/08/000200516.shtml",
  "http://news.nankai.edu.cn/ztbd/system/2014/09/08/000200535.shtml",
  "http://news.nankai.edu.cn/ztbd/system/2014/09/08/000200537.shtml",
  "http://news.nankai.edu.cn/ywsd/system/2014/10/29/000206734.shtml",
  "http://news.nankai.edu.cn/ywsd/system/2014/10/29/000206735.shtml",
  "http://news.nankai.edu.cn/ywsd/system/2014/10/23/000206094.shtml",
  "http://news.nankai.edu.cn/ztbd/system/2014/10/20/000205571.shtml",
  "http://news.nankai.edu.cn/ztbd/system/2014/10/21/000205695.shtml",
  "http://news.nankai.edu.cn/ztbd/system/2014/10/24/000206236.shtml",
  "http://news.nankai.edu.cn/ztbd/system/2014/10/24/000206223.shtml",
  "http://news.nankai.edu.cn/ztbd/system/2014/10/24/000206230.shtml",
  "http://news.nankai.edu.cn/ztbd/system/2014/10/24/000206231.shtml",
  "http://news.nankai.edu.cn/ztbd/system/2014/10/20/000205579.shtml",
  "http://news.nankai.edu.cn/ztbd/system/2014/10/20/000205582.shtml",
  "http://news.nankai.edu.cn/ztbd/system/2014/10/20/000205581.shtml",
  "http://news.nankai.edu.cn/ztbd/system/2014/10/20/000205583.shtml",
  "http://news.nankai.edu.cn/ztbd/system/2014/10/30/000206836.shtml",
  "http://news.nankai.edu.cn/ztbd/system/2014/10/30/000206854.shtml",
  "http://news.nankai.edu.cn/ztbd/system/2014/10/30/000206855.shtml",
  "http://news.nankai.edu.cn/ztbd/system/2014/10/30/000206856.shtml",
  "http://news.nankai.edu.cn/ztbd/system/2014/10/30/000206858.shtml",
  "http://news.nankai.edu.cn/ztbd/system/2014/10/30/000206859.shtml",
  "http://news.nankai.edu.cn/ztbd/system/2014/10/20/000205575.shtml",
  "http://news.nankai.edu.cn/ztbd/system/2014/10/20/000205574.shtml",
  "http://news.nankai.edu.cn/ztbd/system/2014/10/20/000205573.shtml",
  "http://news.nankai.edu.cn/xwzt/system/2010/12/30/000036622.shtml",
  "http://news.nankai.edu.cn/xwzt/system/2010/12/31/000036627.shtml",
  "http://news.nankai.edu.cn/xwzt/system/2010/12/31/000036626.shtml",
  "http://news.nankai.edu.cn/xwzt/system/2013/05/09/000123854.shtml",
  "http://news.nankai.edu.cn/ztbd/system/2013/05/09/000123854.shtml",
  "http://news.nankai.edu.cn/dcxy/system/2013/05/03/000122359.shtml",
  "http://news.nankai.edu.cn/dcxy/system/2013/05/03/000122358.shtml",
  "http://news.nankai.edu.cn/dcxy/system/2013/05/03/000122357.shtml",
  "http://news.nankai.edu.cn/dcxy/system/2013/05/03/000122356.shtml",
  "http://news.nankai.edu.cn/dcxy/system/2013/05/03/000122355.shtml",
  "http://news.nankai.edu.cn/dcxy/system/2013/05/03/000122354.shtml",
  "http://news.nankai.edu.cn/dcxy/system/2013/05/04/000122418.shtml",
  "http://news.nankai.edu.cn/dcxy/system/2013/05/04/000122415.shtml",
  "http://news.nankai.edu.cn/dcxy/system/2013/05/04/000122377.shtml",
  "http://news.nankai.edu.cn/dcxy/system/2013/05/04/000122414.shtml",
  "http://news.nankai.edu.cn/dcxy/system/2013/05/04/000122374.shtml",
  "http://news.nankai.edu.cn/dcxy/system/2013/05/04/000122417.shtml",
  "http://news.nankai.edu.cn/dcxy/system/2013/05/04/000122416.shtml",
  "http://news.nankai.edu.cn/dcxy/system/2013/05/01/000122081.shtml",
  "http://news.nankai.edu.cn/dcxy/system/2013/05/01/000122082.shtml",
  "http://news.nankai.edu.cn/dcxy/system/2013/05/01/000122080.shtml",
  "http://news.nankai.edu.cn/dcxy/system/2013/05/01/000122079.shtml",
  "http://news.nankai.edu.cn/dcxy/system/2013/05/01/000122078.shtml",
  "http://news.nankai.edu.cn/dcxy/system/2013/05/01/000122077.shtml",
  "http://news.nankai.edu.cn/dcxy/system/2013/05/01/000122076.shtml",
  "http://news.nankai.edu.cn/dcxy/system/2013/05/01/000122074.shtml",
  "http://news.nankai.edu.cn/dcxy/system/2013/05/04/000122516.shtml",
  "http://news.nankai.edu.cn/dcxy/system/2013/05/04/000122494.shtml",
  "http://news.nankai.edu.cn/dcxy/system/2013/05/04/000122518.shtml",
  "http://news.nankai.edu.cn/dcxy/system/2013/05/04/000122495.shtml",
  "http://news.nankai.edu.cn/dcxy/system/2013/05/04/000122517.shtml",
  "http://news.nankai.edu.cn/dcxy/system/2013/05/04/000122514.shtml",
  "http://news.nankai.edu.cn/dcxy/system/2013/05/03/000122340.shtml",
  "http://news.nankai.edu.cn/dcxy/system/2013/05/03/000122339.shtml",
  "http://news.nankai.edu.cn/dcxy/system/2013/05/03/000122338.shtml",
  "http://news.nankai.edu.cn/dcxy/system/2013/05/03/000122337.shtml",
  "http://news.nankai.edu.cn/dcxy/system/2013/05/03/000122334.shtml",
  "http://urp.nankai.edu.cn/",
  "http://news.nankai.edu.cn/ztbd/system/2021/11/11/030048797.shtml",
  "http://news.nankai.edu.cn/ztbd/system/2021/11/11/030048799.shtml",
  "http://news.nankai.edu.cn/ztbd/system/2021/11/11/030048800.shtml",
  "http://news.nankai.edu.cn/ztbd/system/2021/11/11/030048801.shtml",
  "http://weekly.nankai.edu.cn/",
  "http://news.nankai.edu.cn/xlzt/system/2022/06/22/030051775.shtml",
  "http://news.nankai.edu.cn/xlzt/system/2022/05/23/030051433.shtml",
  "http://news.nankai.edu.cn/xlzt/system/2022/05/20/030051378.shtml",
  "http://news.nankai.edu.cn/xlzt/system/2022/01/18/030050011.shtml",
  "http://news.nankai.edu.cn/xlzt/system/2021/12/16/030049551.shtml",
  "http://news.nankai.edu.cn/xlzt/system/2021/11/19/030048966.shtml",
  "http://news.nankai.edu.cn/xlzt/system/2021/09/06/030047819.shtml",
  "http://news.nankai.edu.cn/xlzt/system/2021/06/24/030046933.shtml",
  "http://news.nankai.edu.cn/xlzt/system/2021/03/30/030045151.shtml",
  "http://news.nankai.edu.cn/xlzt/system/2020/12/14/030043234.shtml",
  "http://news.nankai.edu.cn/xlzt/system/2020/06/24/030039738.shtml",
  "http://news.nankai.edu.cn/xlzt/system/2020/05/09/030039125.shtml",
  "http://news.nankai.edu.cn/xlzt/system/2020/01/29/030037471.shtml",
  "http://news.nankai.edu.cn/xlzt/system/2019/10/22/030035931.shtml",
  "http://news.nankai.edu.cn/xlzt/system/2019/09/10/030035157.shtml",
  "http://news.nankai.edu.cn/xlzt/system/2019/07/08/030034347.shtml",
  "http://news.nankai.edu.cn/xlzt/system/2019/06/12/030033996.shtml",
  "http://news.nankai.edu.cn/xlzt/system/2019/04/03/030012504.shtml",
  "http://news.nankai.edu.cn/xlzt/system/2019/12/26/030037055.shtml",
  "http://news.nankai.edu.cn/xlzt/system/2019/07/09/030034366.shtml",
  "http://news.nankai.edu.cn/ztbd/system/2018/09/18/000409158.shtml",
  "http://news.nankai.edu.cn/ztbd/system/2018/09/11/000408517.shtml",
  "http://news.nankai.edu.cn/ztbd/system/2018/09/10/000408436.shtml",
  "http://news.nankai.edu.cn/ztbd/system/2018/09/05/000407835.shtml",
  "http://news.nankai.edu.cn/ztbd/system/2018/07/04/000398035.shtml",
  "http://news.nankai.edu.cn/ywsd/system/2017/12/06/000359858.shtml",
  "http://news.nankai.edu.cn/ywsd/system/2017/12/07/000359937.shtml",
  "http://news.nankai.edu.cn/ztbd/system/2017/09/26/000347457.shtml",
  "http://news.nankai.edu.cn/ywsd/system/2017/07/30/000340335.shtml",
  "http://news.nankai.edu.cn/ywsd/system/2017/06/30/000336794.shtml",
  "http://news.nankai.edu.cn/ywsd/system/2017/06/26/000336034.shtml",
  "http://news.nankai.edu.cn/ywsd/system/2017/06/16/000335054.shtml",
  "http://news.nankai.edu.cn/ywsd/system/2017/05/19/000332054.shtml",
  "http://news.nankai.edu.cn/ywsd/system/2017/05/18/000331902.shtml",
  "http://news.nankai.edu.cn/ztbd/system/2018/01/04/000364194.shtml",
  "http://news.nankai.edu.cn/ywsd/system/2018/09/11/000408501.shtml",
  "http://news.nankai.edu.cn/ywsd/system/2018/09/10/000408295.shtml",
  "http://news.nankai.edu.cn/ywsd/system/2018/11/22/000419694.shtml",
  "http://news.nankai.edu.cn/ywsd/system/2018/11/21/000419434.shtml",
  "http://news.nankai.edu.cn/ywsd/system/2018/10/29/000414856.shtml",
  "http://news.nankai.edu.cn/ywsd/system/2018/10/11/000412914.shtml",
  "http://news.nankai.edu.cn/ywsd/system/2018/09/28/000411745.shtml",
  "http://news.nankai.edu.cn/ywsd/system/2018/09/14/000408781.shtml",
  "http://news.nankai.edu.cn/ywsd/system/2018/09/11/000408515.shtml",
  "http://news.nankai.edu.cn/ywsd/system/2018/09/11/000408514.shtml",
  "http://news.nankai.edu.cn/mtnk/system/2018/09/14/000408734.shtml",
  "http://news.nankai.edu.cn/mtnk/system/2018/09/12/000408555.shtml",
  "http://news.nankai.edu.cn/mtnk/system/2018/09/12/000408554.shtml",
  "http://news.nankai.edu.cn/mtnk/system/2018/09/12/000408543.shtml",
  "http://news.nankai.edu.cn/mtnk/system/2018/09/12/000408542.shtml",
  "http://news.nankai.edu.cn/mtnk/system/2018/09/14/000408739.shtml",
  "http://news.nankai.edu.cn/ywsd/system/2018/09/23/000411094.shtml",
  "http://news.nankai.edu.cn/ywsd/system/2018/11/24/000419994.shtml",
  "http://news.nankai.edu.cn/ywsd/system/2018/11/22/000419734.shtml",
  "http://news.nankai.edu.cn/ywsd/system/2018/11/16/000418954.shtml",
  "http://news.nankai.edu.cn/ywsd/system/2018/10/01/000412114.shtml",
  "http://news.nankai.edu.cn/ywsd/system/2018/09/25/000411257.shtml",
  "http://news.nankai.edu.cn/nkyw/system/2018/09/24/000411194.shtml",
  "http://news.nankai.edu.cn/ywsd/system/2018/09/23/000411134.shtml",
  "http://news.nankai.edu.cn/ywsd/system/2018/09/21/000410074.shtml",
  "http://news.nankai.edu.cn/ywsd/system/2018/09/21/000410054.shtml",
  "http://news.nankai.edu.cn/ywsd/system/2018/09/20/000409994.shtml",
  "http://news.nankai.edu.cn/ywsd/system/2018/09/18/000409194.shtml",
  "http://news.nankai.edu.cn/ywsd/system/2018/09/18/000409154.shtml",
  "http://news.nankai.edu.cn/ywsd/system/2018/09/16/000408894.shtml",
  "http://news.nankai.edu.cn/ywsd/system/2018/09/09/000408195.shtml",
  "http://news.nankai.edu.cn/ywsd/system/2018/09/09/000408196.shtml",
  "http://news.nankai.edu.cn/ywsd/system/2018/09/08/000408156.shtml",
  "http://news.nankai.edu.cn/ywsd/system/2018/09/08/000408154.shtml",
  "http://news.nankai.edu.cn/ztbd/system/2018/09/21/000410434.shtml",
  "http://news.nankai.edu.cn/ztbd/system/2018/09/19/000409674.shtml",
  "http://news.nankai.edu.cn/ztbd/system/2018/09/19/000409455.shtml",
  "http://news.nankai.edu.cn/ztbd/system/2018/09/19/000409414.shtml",
  "http://news.nankai.edu.cn/ztbd/system/2018/09/26/000411337.shtml",
  "http://news.nankai.edu.cn/ztbd/system/2018/09/26/000411356.shtml",
  "http://news.nankai.edu.cn/ztbd/system/2018/10/16/000413299.shtml",
  "http://news.nankai.edu.cn/ztbd/system/2018/09/30/000411975.shtml",
  "http://news.nankai.edu.cn/ztbd/system/2018/10/16/000413294.shtml",
  "http://news.nankai.edu.cn/ztbd/system/2018/10/16/000413297.shtml",
  "http://news.nankai.edu.cn/ztbd/system/2018/10/16/000413296.shtml",
  "http://news.nankai.edu.cn/ztbd/system/2018/10/16/000413295.shtml",
  "http://news.nankai.edu.cn/ywsd/system/2018/10/03/000412235.shtml",
  "http://news.nankai.edu.cn/ywsd/system/2018/09/18/000409155.shtml",
  "http://news.nankai.edu.cn/mtnk/system/2018/09/27/000411655.shtml",
  "http://news.nankai.edu.cn/mtnk/system/2018/09/14/000408777.shtml",
  "http://news.nankai.edu.cn/mtnk/system/2018/09/14/000408776.shtml",
  "http://news.nankai.edu.cn/mtnk/system/2018/09/27/000411594.shtml",
  "http://news.nankai.edu.cn/mtnk/system/2018/09/26/000411434.shtml",
  "http://news.nankai.edu.cn/mtnk/system/2018/09/24/000411180.shtml",
  "http://news.nankai.edu.cn/ywsd/system/2018/09/23/000411074.shtml",
  "http://news.nankai.edu.cn/mtnk/system/2018/09/23/000411075.shtml",
  "http://news.nankai.edu.cn/mtnk/system/2018/09/21/000410874.shtml",
  "http://news.nankai.edu.cn/mtnk/system/2018/09/21/000410854.shtml",
  "http://news.nankai.edu.cn/mtnk/system/2018/09/21/000410834.shtml",
  "http://news.nankai.edu.cn/mtnk/system/2018/09/17/000409114.shtml",
  "http://news.nankai.edu.cn/mtnk/system/2018/09/27/000411595.shtml",
  "http://news.nankai.edu.cn/mtnk/system/2018/09/17/000409048.shtml",
  "http://news.nankai.edu.cn/mtnk/system/2018/10/18/000413681.shtml",
  "http://news.nankai.edu.cn/mtnk/system/2018/09/23/000411154.shtml",
  "http://news.nankai.edu.cn/mtnk/system/2018/09/23/000411155.shtml",
  "http://news.nankai.edu.cn/mtnk/system/2018/09/22/000411016.shtml",
  "http://news.nankai.edu.cn/mtnk/system/2018/09/22/000411019.shtml",
  "http://news.nankai.edu.cn/mtnk/system/2018/10/12/000413016.shtml",
  "http://news.nankai.edu.cn/mtnk/system/2018/09/26/000411456.shtml",
  "http://news.nankai.edu.cn/mtnk/system/2018/09/26/000411455.shtml",
  "http://news.nankai.edu.cn/mtnk/system/2018/09/26/000411396.shtml",
  "http://news.nankai.edu.cn/mtnk/system/2018/09/26/000411395.shtml",
  "http://news.nankai.edu.cn/mtnk/system/2018/09/26/000411375.shtml",
  "http://news.nankai.edu.cn/mtnk/system/2018/09/23/000411079.shtml",
  "http://news.nankai.edu.cn/mtnk/system/2018/09/21/000410814.shtml",
  "http://news.nankai.edu.cn/mtnk/system/2018/09/09/000408215.shtml",
  "http://news.nankai.edu.cn/mtnk/system/2018/09/10/000408337.shtml",
  "http://news.nankai.edu.cn/mtnk/system/2018/09/13/000408597.shtml",
  "http://news.nankai.edu.cn/mtnk/system/2018/09/11/000408502.shtml",
  "http://news.nankai.edu.cn/mtnk/system/2018/09/28/000411715.shtml",
  "http://news.nankai.edu.cn/mtnk/system/2018/09/28/000411744.shtml",
  "http://news.nankai.edu.cn/mtnk/system/2018/09/28/000411736.shtml",
  "http://news.nankai.edu.cn/mtnk/system/2018/09/28/000411743.shtml",
  "http://news.nankai.edu.cn/mtnk/system/2018/09/28/000411742.shtml",
  "http://news.nankai.edu.cn/mtnk/system/2018/09/28/000411737.shtml",
  "http://news.nankai.edu.cn/mtnk/system/2018/09/28/000411741.shtml",
  "http://news.nankai.edu.cn/mtnk/system/2018/09/28/000411739.shtml",
  "http://news.nankai.edu.cn/mtnk/system/2018/09/28/000411740.shtml",
  "http://news.nankai.edu.cn/mtnk/system/2018/09/21/000410934.shtml",
  "http://news.nankai.edu.cn/mtnk/system/2018/09/24/000411181.shtml",
  "http://news.nankai.edu.cn/mtnk/system/2018/09/10/000408336.shtml",
  "http://news.nankai.edu.cn/mtnk/system/2018/09/10/000408335.shtml",
  "http://news.nankai.edu.cn/ztbd/system/2020/06/24/030039748.shtml",
  "http://news.nankai.edu.cn/ztbd/system/2020/06/24/030039757.shtml",
  "http://news.nankai.edu.cn/ztbd/system/2020/06/24/030039749.shtml",
  "http://news.nankai.edu.cn/ztbd/system/2020/06/24/030039758.shtml",
  "http://news.nankai.edu.cn/ztbd/system/2020/06/24/030039750.shtml",
  "http://news.nankai.edu.cn/ztbd/system/2020/06/24/030039751.shtml",
  "http://news.nankai.edu.cn/ztbd/system/2020/06/24/030039752.shtml",
  "http://news.nankai.edu.cn/ztbd/system/2020/06/24/030039753.shtml",
  "http://news.nankai.edu.cn/ztbd/system/2020/06/24/030039739.shtml",
  "http://news.nankai.edu.cn/ztbd/system/2020/06/24/030039740.shtml",
  "http://news.nankai.edu.cn/ztbd/system/2020/06/24/030039741.shtml",
  "http://news.nankai.edu.cn/ztbd/system/2020/06/24/030039742.shtml",
  "http://news.nankai.edu.cn/ztbd/system/2020/06/24/030039743.shtml",
  "http://news.nankai.edu.cn/ztbd/system/2020/06/24/030039744.shtml",
  "http://news.nankai.edu.cn/ztbd/system/2020/06/24/030039745.shtml",
  "http://news.nankai.edu.cn/ztbd/system/2020/06/24/030039746.shtml",
  "http://news.nankai.edu.cn/ztbd/system/2020/06/24/030039747.shtml",
  "http://news.nankai.edu.cn/ywsd/system/2020/11/13/030041723.shtml",
  "http://news.nankai.edu.cn/ywsd/system/2020/12/14/030043217.shtml",
  "http://news.nankai.edu.cn/ywsd/system/2020/12/14/030043218.shtml",
  "http://news.nankai.edu.cn/ztbd/system/2021/03/31/030045190.shtml",
  "http://news.nankai.edu.cn/dcxy/system/2010/06/28/000032185.shtml",
  "http://news.nankai.edu.cn/ztbd/system/2010/06/28/000032189.shtml",
  "http://news.nankai.edu.cn/ztbd/system/2010/06/11/000031685.shtml",
  "http://news.nankai.edu.cn/ztbd/system/2010/06/07/000031523.shtml",
  "http://news.nankai.edu.cn/ztbd/system/2010/06/03/000031397.shtml",
  "http://news.nankai.edu.cn/ztbd/system/2010/05/31/000031224.shtml",
  "http://news.nankai.edu.cn/ztbd/system/2010/05/24/000030853.shtml",
  "http://news.nankai.edu.cn/ztbd/system/2010/04/12/000029732.shtml",
  "http://news.nankai.edu.cn/ztbd/system/2010/04/30/000030171.shtml",
  "http://news.nankai.edu.cn/ztbd/system/2010/04/19/000029865.shtml",
  "http://news.nankai.edu.cn/ztbd/system/2010/03/24/000029327.shtml",
  "http://news.nankai.edu.cn/ztbd/system/2010/04/02/000029455.shtml",
  "http://news.nankai.edu.cn/ztbd/system/2010/04/02/000029494.shtml",
  "http://news.nankai.edu.cn/xwzt/16haowen/index00.htm",
  "http://news.nankai.edu.cn/ztbd/system/2010/03/11/000029105.shtml",
  "http://news.nankai.edu.cn/xwzt/jyyw/help.html",
  "http://news.nankai.edu.cn/xwzt/cfz/chufenzhi.html",
  "http://news.nankai.edu.cn/tpxw/system/2010/01/26/000028428_12.shtml",
  "http://news.nankai.edu.cn/ztbd/system/2010/01/26/000028428.shtml",
  "http://news.nankai.edu.cn/xwzt/ayinuer/ayinuer.htm",
  "http://news.nankai.edu.cn/xwzt/nk90flash/images/main.swf",
  "http://news.nankai.edu.cn/zhxw/system/2010/03/11/000029069.shtml",
  "http://news.nankai.edu.cn/zhxw/system/2010/03/21/000029270.shtml",
  "http://news.nankai.edu.cn/zhxw/system/2010/03/02/000028854.shtml",
  "http://news.nankai.edu.cn/zhxw/system/2010/03/10/000029059.shtml",
  "http://news.nankai.edu.cn/mtnk/system/2010/03/05/000028903.shtml",
  "http://news.nankai.edu.cn/zhxw/system/2010/03/03/000028866.shtml",
  "http://news.nankai.edu.cn/zhxw/system/2010/03/02/000028858.shtml",
  "http://news.nankai.edu.cn/zhxw/system/2010/03/07/000028952.shtml",
  "http://news.nankai.edu.cn/mtnk/system/2010/03/10/000029046.shtml",
  "http://news.nankai.edu.cn/mtnk/system/2010/03/05/000028902.shtml",
  "http://news.nankai.edu.cn/zhxw/system/2010/03/12/000029120.shtml",
  "http://news.nankai.edu.cn/zhxw/system/2010/03/18/000029221.shtml",
  "http://news.nankai.edu.cn/zhxw/system/2010/03/08/000028998.shtml",
  "http://news.nankai.edu.cn/mtnk/system/2010/03/19/000029237.shtml",
  "http://news.nankai.edu.cn/zhxw/system/2010/03/09/000029010.shtml",
  "http://news.nankai.edu.cn/ztbd/system/2010/03/11/000029074.shtml",
  "http://news.nankai.edu.cn/ztbd/system/2010/03/11/000029076.shtml",
  "http://news.nankai.edu.cn/ztbd/system/2010/03/11/000029077.shtml",
  "http://news.nankai.edu.cn/ztbd/system/2010/03/11/000029078.shtml",
  "http://news.nankai.edu.cn/ztbd/system/2010/03/11/000029079.shtml",
  "http://news.nankai.edu.cn/ztbd/system/2010/03/11/000029080.shtml",
  "http://news.nankai.edu.cn/ztbd/system/2010/03/11/000029081.shtml",
  "http://news.nankai.edu.cn/ztbd/system/2010/03/11/000029082.shtml",
  "http://news.nankai.edu.cn/ztbd/system/2010/03/11/000029083.shtml",
  "http://news.nankai.edu.cn/ztbd/system/2010/03/11/000029084.shtml",
  "http://news.nankai.edu.cn/ztbd/system/2010/03/11/000029085.shtml",
  "http://news.nankai.edu.cn/ztbd/system/2010/03/11/000029086.shtml",
  "http://news.nankai.edu.cn/ztbd/system/2010/03/11/000029087.shtml",
  "http://news.nankai.edu.cn/ztbd/system/2010/03/11/000029088.shtml",
  "http://news.nankai.edu.cn/ztbd/system/2010/03/11/000029089.shtml",
  "http://news.nankai.edu.cn/ztbd/system/2010/03/11/000029090.shtml",
  "http://news.nankai.edu.cn/ztbd/system/2010/03/11/000029091.shtml",
  "http://news.nankai.edu.cn/ztbd/system/2010/03/11/000029092.shtml",
  "http://news.nankai.edu.cn/ztbd/system/2010/03/11/000029093.shtml",
  "http://news.nankai.edu.cn/ztbd/system/2010/03/11/000029094.shtml",
  "http://news.nankai.edu.cn/ztbd/system/2010/03/11/000029096.shtml",
  "http://news.nankai.edu.cn/ztbd/system/2010/03/11/000029097.shtml",
  "http://news.nankai.edu.cn/ztbd/system/2010/03/11/000029098.shtml",
  "http://news.nankai.edu.cn/xwzt/moban1/nknews@nankai.edu.cn",
  "http://news.nankai.edu.cn/xwzt/system/2010/03/24/000029327.shtml",
  "http://news.nankai.edu.cn/index.php",
  "http://mail.nankai.edu.cn",
  "http://news.nankai.edu.cn/dcxy/system/2010/05/20/000030788.shtml",
  "http://news.nankai.edu.cn/dcxy/system/2010/05/19/000030755.shtml",
  "http://news.nankai.edu.cn/dcxy/system/2010/05/21/000030804.shtml",
  "http://news.nankai.edu.cn/dcxy/system/2010/05/19/000030752.shtml",
  "http://news.nankai.edu.cn/dcxy/system/2010/05/19/000030757.shtml",
  "http://news.nankai.edu.cn/dcxy/system/2010/05/21/000030805.shtml",
  "http://news.nankai.edu.cn/dcxy/system/2010/05/21/000030808.shtml",
  "http://news.nankai.edu.cn/dcxy/system/2010/05/21/000030802.shtml",
  "http://news.nankai.edu.cn/dcxy/system/2010/05/21/000030807.shtml",
  "http://news.nankai.edu.cn/ztbd/system/2010/06/10/000031671.shtml",
  "http://news.nankai.edu.cn/ztbd/system/2010/06/10/000031672.shtml",
  "http://news.nankai.edu.cn/ztbd/system/2010/06/13/000031771.shtml",
  "http://news.nankai.edu.cn/ztbd/system/2020/03/31/030038486.shtml",
  "http://news.nankai.edu.cn/ztbd/system/2020/03/31/030038487.shtml",
  "http://news.nankai.edu.cn/ztbd/system/2020/03/31/030038488.shtml",
  "http://news.nankai.edu.cn/ztbd/system/2020/03/31/030038489.shtml",
  "http://www2.lib.nankai.edu.cn/nav/Chinese/show/data_detail.asp?name=%B3%AC%D0%C7%C3%F1%B9%FA%B5%E7%D7%D3%CD%BC%CA%E9",
  "http://lib.nankai.edu.cn/2021/1105/c15444a410001/page.htm",
  "http://lib.nankai.edu.cn/2019/0717/c15444a187702/page.htm",
  "http://lib.nankai.edu.cn/2019/0717/c15444a187711/page.htm",
  "http://www2.lib.nankai.edu.cn/nav/Chinese/show/data_detail.asp?name=%D6%D0%B9%FA%BB%F9%B1%BE%B9%C5%BC%AE%BF%E2",
  "http://www2.lib.nankai.edu.cn/nav/Chinese/show/data_detail.asp?name=%B4%F3%C7%E5%C0%FA%B3%AF%CA%B5%C2%BC",
  "http://www2.lib.nankai.edu.cn/nav/Chinese/show/data_detail.asp?name=%B4%F3%C7%E5%CE%E5%B3%AF%BB%E1%B5%E4",
  "http://www2.lib.nankai.edu.cn/nav/Chinese/show/data_detail.asp?name=%CB%C4%B2%BF%B4%D4%BF%AF",
  "http://www2.lib.nankai.edu.cn/nav/Chinese/show/data_detail.asp?name=%CB%C4%B2%BF%B4%D4%BF%AF%D4%F6%B2%B9%C8%AB%CE%C4%BC%EC%CB%F7%CF%B5%CD%B3",
  "http://lib.nankai.edu.cn/2019/0717/c15444a187820/page.htm",
  "http://xyy.nankai.edu.cn/main.htm",
  "http://hqbzb.nankai.edu.cn",
  "http://bbs.nankai.edu.cn",
  "http://teda.nankai.edu.cn/main.htm",
  "http://career.nankai.edu.cn/",
  "http://online.nankai.edu.cn/nk_portal/index",
  "http://teda.nankai.edu.cn/en",
  "http://xb.nankai.edu.cn/upload/20220527184504/%E5%8D%97%E5%8A%9E%E5%8F%91%E3%80%942022%E3%80%9528%E5%8F%B7%E5%85%B3%E4%BA%8E%E7%AB%AF%E5%8D%88%E8%8A%82%E6%94%BE%E5%81%87%E7%9A%84%E9%80%9A%E7%9F%A5.pdf",
  "http://physics.nankai.edu.cn/2019/1024/c572a241850/page.htm",
  "http://news.nankai.edu.cn/nkyw/system/2017/07/14/000338615.shtml",
  "http://news.nankai.edu.cn/nkyw/system/2015/07/15/000241898.shtml",
  "http://news.nankai.edu.cn/nkyw/system/2017/09/27/000347676.shtml",
  "http://news.nankai.edu.cn/zhxw/system/2018/02/02/000367395.shtml",
  "http://tedabio.nankai.edu.cn",
  "http://sky.nankai.edu.cn/",
  "http://teda.nankai.edu.cn",
  "http://lac.nankai.edu.cn/19748/list.htm",
  "http://es.nankai.edu.cn/2020/1228/c29678a470480/page.htm",
  "http://es.nankai.edu.cn/2022/0921/c29699a478221/page.htm",
  "http://yqjj.nankai.edu.cn/",
  "http://nyhd.nankai.edu.cn/",
  "http://nkuef.nankai.edu.cn/n/2541.html",
  "http://yzxt.nankai.edu.cn/intern/frontend/web/gs-grade-doctor-retest/index",
  "http://yzxt.nankai.edu.cn/intern/frontend/web/gs-doctor-grade-query/index",
  "http://mba.nankai.edu.cn/MLISxmjs/list.htm",
  "http://mba.nankai.edu.cn/MPAccxmjs/list.htm",
  "http://env.nankai.edu.cn/ppe/yqpt/list.htm",
  "http://energy.nankai.edu.cn/article/527",
  "http://energy.nankai.edu.cn/article/549",
  "http://energy.nankai.edu.cn/article/529",
  "http://energy.nankai.edu.cn/article/880",
  "http://energy.nankai.edu.cn/article/556",
  "http://energy.nankai.edu.cn/article/554",
  "http://energy.nankai.edu.cn/article/412",
  "http://energy.nankai.edu.cn/article/410",
  "http://energy.nankai.edu.cn/article/748",
  "http://energy.nankai.edu.cn/article/518",
  "http://energy.nankai.edu.cn/article/749",
  "http://energy.nankai.edu.cn/article/957",
  "http://energy.nankai.edu.cn/article/932",
  "http://energy.nankai.edu.cn/article/959",
  "http://energy.nankai.edu.cn/article/961",
  "http://energy.nankai.edu.cn/article/922",
  "http://energy.nankai.edu.cn/article/924",
  "http://energy.nankai.edu.cn/article/945",
  "http://energy.nankai.edu.cn/article/943",
  "http://energy.nankai.edu.cn/article/952",
  "http://energy.nankai.edu.cn/article/927",
  "http://energy.nankai.edu.cn/article/955",
  "http://energy.nankai.edu.cn/article/923",
  "http://energy.nankai.edu.cn/article/858",
  "http://energy.nankai.edu.cn/article/838",
  "http://energy.nankai.edu.cn/article/835",
  "http://energy.nankai.edu.cn/article/702",
  "http://energy.nankai.edu.cn/article/380",
  "http://energy.nankai.edu.cn/article/878",
  "http://energy.nankai.edu.cn/article/795",
  "http://energy.nankai.edu.cn/article/240",
  "http://energy.nankai.edu.cn/article/877",
  "http://energy.nankai.edu.cn/article/872",
  "http://energy.nankai.edu.cn/article/568",
  "http://energy.nankai.edu.cn/article/82",
  "http://energy.nankai.edu.cn/article/571",
  "http://energy.nankai.edu.cn/article/573",
  "http://energy.nankai.edu.cn/article/904",
  "http://energy.nankai.edu.cn/article/909",
  "http://energy.nankai.edu.cn/article/910",
  "http://swsyzx.nankai.edu.cn/main.htm",
  "http://energy.nankai.edu.cn/article/580",
  "http://energy.nankai.edu.cn/article/581",
  "http://energy.nankai.edu.cn/article/586",
  "http://energy.nankai.edu.cn/article/587",
  "http://energy.nankai.edu.cn/article/588",
  "http://energy.nankai.edu.cn/article/582",
  "http://energy.nankai.edu.cn/article/583",
  "http://energy.nankai.edu.cn/article/584",
  "http://energy.nankai.edu.cn/article/585",
  "http://energy.nankai.edu.cn/article/589",
  "http://energy.nankai.edu.cn/article/590",
  "http://energy.nankai.edu.cn/article/689",
  "http://energy.nankai.edu.cn/article/889",
  "http://energy.nankai.edu.cn/article/892",
  "http://energy.nankai.edu.cn/article/891",
  "http://energy.nankai.edu.cn/article/890",
  "http://energy.nankai.edu.cn/article/874",
  "http://energy.nankai.edu.cn/article/521",
  "http://news.nankai.edu.cn/ywsd/system/2024/12/01/030064793.shtml",
  "https://news.nankai.edu.cn/mtnk/system/2024/11/26/030064639.shtml",
  "https://news.nankai.edu.cn/mtnk/system/2024/11/26/030064640.shtml",
  "https://news.nankai.edu.cn/mtnk/system/2024/11/26/030064652.shtml",
  "https://news.nankai.edu.cn/mtnk/system/2024/11/26/030064651.shtml",
  "https://news.nankai.edu.cn/mtnk/system/2024/12/03/030064861.shtml",
  "https://news.nankai.edu.cn/mtnk/system/2024/12/03/030064860.shtml",
  "https://news.nankai.edu.cn/mtnk/system/2024/11/26/030064645.shtml",
  "https://news.nankai.edu.cn/mtnk/system/2024/11/26/030064641.shtml",
  "https://news.nankai.edu.cn/mtnk/system/2024/11/26/030064628.shtml",
  "https://news.nankai.edu.cn/mtnk/system/2024/11/27/030064698.shtml",
  "https://news.nankai.edu.cn/mtnk/system/2024/12/02/030064821.shtml",
  "https://news.nankai.edu.cn/mtnk/system/2024/11/26/030064649.shtml",
  "https://news.nankai.edu.cn/mtnk/system/2024/11/26/030064637.shtml",
  "http://news.nankai.edu.cn/mtnk/system/2024/12/01/030064788.shtml",
  "https://news.nankai.edu.cn/mtnk/system/2024/11/26/030064650.shtml",
  "https://news.nankai.edu.cn/mtnk/system/2024/11/27/030064703.shtml",
  "https://news.nankai.edu.cn/mtnk/system/2024/11/27/030064707.shtml",
  "https://news.nankai.edu.cn/mtnk/system/2024/12/01/030064777.shtml",
  "https://news.nankai.edu.cn/mtnk/system/2024/11/26/030064661.shtml",
  "https://news.nankai.edu.cn/mtnk/system/2024/11/27/030064701.shtml",
  "https://news.nankai.edu.cn/mtnk/system/2024/12/02/030064808.shtml",
  "https://news.nankai.edu.cn/mtnk/system/2024/11/27/030064695.shtml",
  "https://news.nankai.edu.cn/mtnk/system/2024/11/28/030064732.shtml",
  "https://news.nankai.edu.cn/mtnk/system/2024/11/27/030064679.shtml",
  "https://news.nankai.edu.cn/mtnk/system/2024/11/27/030064691.shtml",
  "http://news.nankai.edu.cn/ywsd/system/2024/07/07/030062491.shtml",
  "http://news.nankai.edu.cn/ywsd/system/2023/10/16/030058295.shtml",
  "http://news.nankai.edu.cn/ywsd/system/2023/09/10/030057810.shtml",
  "http://news.nankai.edu.cn/ywsd/system/2020/09/11/030040750.shtml",
  "http://news.nankai.edu.cn/ywsd/system/2011/03/24/000037810.shtml",
  "http://news.nankai.edu.cn/ywsd/system/2021/02/18/030044599.shtml",
  "http://physics.nankai.edu.cn/2017/0713/c571a71183/page.htm",
  "http://physics.nankai.edu.cn/b1/03/c571a45315/page.htm",
  "http://physics.nankai.edu.cn/2017/0429/c571a65910/page.htm",
  "http://physics.nankai.edu.cn/6e/b0/c571a28336/page.htm",
  "http://news.nankai.edu.cn/nkyw/system/2015/06/07/000237055.shtml",
  "http://physics.nankai.edu.cn/37/cf/c571a14287/page.htm",
  "http://physics.nankai.edu.cn/37/d0/c571a14288/page.htm",
  "http://news.nankai.edu.cn/nkyw/system/2013/05/28/000127734.shtml",
  "http://physics.nankai.edu.cn/sdh/main.htm",
  "https://news.nankai.edu.cn/ywsd/system/2024/10/24/030064068.shtml",
  "https://dxwl.nankai.edu.cn/",
  "https://pec.nankai.edu.cn/",
  "https://pt.nankai.edu.cn/",
  "https://iap.nankai.edu.cn/5046/list.htm",
  "https://tjphysics.nankai.edu.cn/",
  "https://iap.nankai.edu.cn/",
  "http://hr.nankai.edu.cn/",
  "http://rsc.nankai.edu.cn/2019/0709/c14463a185129/page.htm",
  "http://rsc.nankai.edu.cn/2024/1203/c13685a558161/page.htm",
  "http://rsc.nankai.edu.cn/2024/1203/c13685a558157/page.htm",
  "http://rsc.nankai.edu.cn/13662/list.htm",
  "http://rsc.nankai.edu.cn/13663/list.htm",
  "http://rsc.nankai.edu.cn/13671/list.htm",
  "http://rsc.nankai.edu.cn/2019/0525/c14463a185236/page.htm",
  "http://rsc.nankai.edu.cn/2019/0525/c14463a185237/page.htm",
  "http://rsc.nankai.edu.cn/2021/0304/c14463a341511/page.htm",
  "http://rsc.nankai.edu.cn/2019/0525/c14463a185240/page.htm",
  "http://rsc.nankai.edu.cn/2019/0525/c14463a185241/page.htm",
  "http://rsc.nankai.edu.cn/2019/1119/c14459a249520/page.htm",
  "http://rsc.nankai.edu.cn/2020/0615/c14459a278328/page.htm",
  "http://rsc.nankai.edu.cn/2020/0911/c14459a296520/page.htm",
  "http://rsc.nankai.edu.cn/2022/1012/c14459a485166/page.htm",
  "http://rsc.nankai.edu.cn/2019/1128/c14459a252294/page.htm",
  "http://rsc.nankai.edu.cn/2023/1209/c14461a531140/page.htm",
  "http://rsc.nankai.edu.cn/13685/list.htm",
  "http://rsc.nankai.edu.cn/2024/0709/c15498a547252/page.htm",
  "http://rsc.nankai.edu.cn/2024/0806/c15498a548529/page.htm",
  "http://rsc.nankai.edu.cn/2023/1107/c15498a527611/page.htm",
  "http://rsc.nankai.edu.cn/13667/list.htm",
  "http://rsc.nankai.edu.cn/13666/list.htm",
  "http://rsc.nankai.edu.cn/13686/list.htm",
  "http://hr.nankai.edu.cn",
  "http://yinjin.nankai.edu.cn",
  "https://waizhuan.nankai.edu.cn/NANKAIHome.aspx",
  "https://cwc.nankai.edu.cn/2019/1225/c19379a259913/page.htm",
  "https://international.nankai.edu.cn/13554/list.htm\uff09",
  "http://news.nankai.edu.cn/ywsd/system/2023/08/25/030057545.shtml",
  "http://news.nankai.edu.cn/ywsd/system/2023/07/11/030057049.shtml",
  "http://news.nankai.edu.cn/ywsd/system/2023/04/18/030055537.shtml",
  "http://news.nankai.edu.cn/ywsd/system/2023/04/06/030055262.shtml",
  "http://news.nankai.edu.cn/ywsd/system/2023/04/04/030055258.shtml",
  "http://news.nankai.edu.cn/ywsd/system/2024/05/14/030061558.shtml",
  "http://news.nankai.edu.cn/ywsd/system/2024/05/13/030061551.shtml",
  "http://news.nankai.edu.cn/ywsd/system/2023/10/17/030058324.shtml",
  "http://news.nankai.edu.cn/zhxw/system/2023/09/04/030057693.shtml",
  "http://news.nankai.edu.cn/zhxw/system/2023/09/09/030057794.shtml",
  "http://news.nankai.edu.cn/zhxw/system/2023/09/04/030057694.shtml",
  "http://news.nankai.edu.cn/ywsd/system/2023/08/26/030057558.shtml",
  "http://news.nankai.edu.cn/ywsd/system/2023/08/31/030057641.shtml",
  "http://news.nankai.edu.cn/ywsd/system/2023/07/18/030057138.shtml",
  "http://news.nankai.edu.cn/ywsd/system/2023/06/09/030056669.shtml",
  "http://news.nankai.edu.cn/ywsd/system/2023/06/06/030056628.shtml",
  "http://news.nankai.edu.cn/ywsd/system/2023/05/25/030056397.shtml",
  "http://news.nankai.edu.cn/ywsd/system/2023/05/25/030056393.shtml",
  "http://news.nankai.edu.cn/ywsd/system/2023/05/20/030056259.shtml",
  "http://news.nankai.edu.cn/ywsd/system/2023/05/19/030056256.shtml",
  "http://news.nankai.edu.cn/ywsd/system/2023/05/17/030056182.shtml",
  "http://news.nankai.edu.cn/ywsd/system/2023/05/17/030056183.shtml",
  "http://news.nankai.edu.cn/ywsd/system/2023/05/11/030056046.shtml",
  "http://news.nankai.edu.cn/ywsd/system/2023/05/08/030055981.shtml",
  "http://news.nankai.edu.cn/ywsd/system/2023/05/05/030055889.shtml",
  "http://news.nankai.edu.cn/ywsd/system/2023/05/02/030055862.shtml",
  "http://news.nankai.edu.cn/ywsd/system/2023/04/24/030055653.shtml",
  "http://news.nankai.edu.cn/ywsd/system/2023/04/21/030055572.shtml",
  "http://news.nankai.edu.cn/ywsd/system/2023/04/06/030055263.shtml",
  "http://news.nankai.edu.cn/ywsd/system/2023/02/27/030054512.shtml",
  "http://news.nankai.edu.cn/ywsd/system/2023/03/19/030054936.shtml",
  "http://news.nankai.edu.cn/ywsd/system/2023/03/13/030054810.shtml",
  "http://news.nankai.edu.cn/ywsd/system/2023/02/10/030054373.shtml",
  "http://news.nankai.edu.cn/mtnk/system/2023/08/29/030057601.shtml",
  "http://news.nankai.edu.cn/mtnk/system/2023/08/04/030057345.shtml",
  "http://news.nankai.edu.cn/mtnk/system/2023/08/04/030057343.shtml",
  "http://news.nankai.edu.cn/mtnk/system/2023/08/30/030057637.shtml",
  "http://news.nankai.edu.cn/mtnk/system/2023/07/22/030057182.shtml",
  "http://news.nankai.edu.cn/mtnk/system/2023/07/04/030056978.shtml",
  "http://news.nankai.edu.cn/mtnk/system/2023/06/25/030056882.shtml",
  "http://news.nankai.edu.cn/mtnk/system/2023/06/25/030056881.shtml",
  "http://news.nankai.edu.cn/mtnk/system/2023/06/25/030056879.shtml",
  "http://news.nankai.edu.cn/mtnk/system/2023/06/23/030056846.shtml",
  "http://news.nankai.edu.cn/mtnk/system/2023/06/23/030056847.shtml",
  "http://news.nankai.edu.cn/mtnk/system/2023/05/15/030056132.shtml",
  "http://news.nankai.edu.cn/mtnk/system/2023/04/22/030055630.shtml",
  "http://news.nankai.edu.cn/mtnk/system/2023/04/22/030055606.shtml",
  "http://news.nankai.edu.cn/mtnk/system/2023/04/21/030055577.shtml",
  "http://news.nankai.edu.cn/mtnk/system/2023/03/23/030055017.shtml",
  "http://news.nankai.edu.cn/mtnk/system/2023/05/20/030056284.shtml",
  "http://news.nankai.edu.cn/mtnk/system/2023/02/28/030054552.shtml",
  "http://news.nankai.edu.cn/mtnk/system/2023/04/22/030055604.shtml",
  "http://news.nankai.edu.cn/mtnk/system/2023/04/29/030055827.shtml",
  "http://news.nankai.edu.cn/mtnk/system/2023/05/20/030056285.shtml",
  "http://news.nankai.edu.cn/mtnk/system/2023/05/17/030056165.shtml",
  "http://news.nankai.edu.cn/mtnk/system/2023/05/05/030055896.shtml",
  "http://news.nankai.edu.cn/mtnk/system/2023/04/07/030055287.shtml",
  "http://news.nankai.edu.cn/mtnk/system/2023/03/31/030055189.shtml",
  "http://news.nankai.edu.cn/mtnk/system/2023/04/22/030055631.shtml",
  "http://news.nankai.edu.cn/mtnk/system/2023/04/22/030055635.shtml",
  "http://news.nankai.edu.cn/mtnk/system/2023/04/10/030055351.shtml",
  "http://news.nankai.edu.cn/mtnk/system/2023/03/31/030055190.shtml",
  "http://news.nankai.edu.cn/mtnk/system/2023/04/22/030055636.shtml",
  "http://news.nankai.edu.cn/mtnk/system/2023/04/04/030055244.shtml",
  "http://news.nankai.edu.cn/mtnk/system/2023/04/21/030055582.shtml",
  "http://news.nankai.edu.cn/mtnk/system/2023/02/18/030054413.shtml",
  "http://news.nankai.edu.cn/mtnk/system/2023/04/21/030055579.shtml",
  "http://news.nankai.edu.cn/mtnk/system/2023/04/22/030055632.shtml",
  "http://news.nankai.edu.cn/mtnk/system/2023/04/21/030055578.shtml",
  "http://news.nankai.edu.cn/gynk/system/2024/06/07/030062105.shtml",
  "http://news.nankai.edu.cn/gynk/system/2024/05/22/030061756.shtml",
  "http://news.nankai.edu.cn/gynk/system/2024/04/15/030060963.shtml",
  "http://news.nankai.edu.cn/gynk/system/2024/04/08/030060840.shtml",
  "http://news.nankai.edu.cn/gynk/system/2024/02/27/030060141.shtml",
  "http://news.nankai.edu.cn/gynk/system/2023/12/19/030059464.shtml",
  "http://news.nankai.edu.cn/gynk/system/2023/12/12/030059354.shtml",
  "http://news.nankai.edu.cn/gynk/system/2023/11/09/030058720.shtml",
  "http://news.nankai.edu.cn/ywsd/system/2023/09/03/030057681.shtml",
  "http://news.nankai.edu.cn/gynk/system/2023/06/20/030056821.shtml",
  "http://news.nankai.edu.cn/gynk/system/2023/04/18/030055528.shtml",
  "http://news.nankai.edu.cn/gynk/system/2022/11/14/030053598.shtml",
  "http://news.nankai.edu.cn/gynk/system/2022/09/29/030052978.shtml",
  "http://news.nankai.edu.cn/gynk/system/2022/07/12/030052010.shtml",
  "http://news.nankai.edu.cn/gynk/system/2022/04/30/030051129.shtml",
  "http://news.nankai.edu.cn/gynk/system/2022/03/21/030050685.shtml",
  "http://news.nankai.edu.cn/gynk/system/2022/03/16/030050612.shtml",
  "http://news.nankai.edu.cn/gynk/system/2022/02/23/030050371.shtml",
  "http://news.nankai.edu.cn/gynk/system/2022/01/19/030050041.shtml",
  "http://news.nankai.edu.cn/ywsd/system/2021/11/15/030048853.shtml",
  "http://news.nankai.edu.cn/gynk/system/2021/11/08/030048707.shtml",
  "http://news.nankai.edu.cn/ywsd/system/2021/10/27/030048540.shtml",
  "http://news.nankai.edu.cn/ztbd/system/2013/12/03/000157742.shtml",
  "http://news.nankai.edu.cn/ztbd/system/2013/11/13/000152854.shtml",
  "http://news.nankai.edu.cn/ztbd/system/2013/10/30/000149657.shtml",
  "http://news.nankai.edu.cn/ztbd/system/2013/10/22/000147755.shtml",
  "http://news.nankai.edu.cn/ztbd/system/2013/10/12/000144834.shtml",
  "http://news.nankai.edu.cn/ztbd/system/2013/10/06/000143974.shtml",
  "http://news.nankai.edu.cn/ztbd/system/2013/09/29/000143081.shtml",
  "http://news.nankai.edu.cn/ztbd/system/2013/08/03/000136276.shtml",
  "http://news.nankai.edu.cn/ztbd/system/2013/06/21/000131644.shtml",
  "http://news.nankai.edu.cn/ztbd/system/2013/05/17/000125554.shtml",
  "http://news.nankai.edu.cn/ztbd/system/2013/06/19/000131254.shtml",
  "http://news.nankai.edu.cn/ztbd/system/2013/06/18/000130514.shtml",
  "http://news.nankai.edu.cn/ztbd/system/2013/06/19/000130774.shtml",
  "http://news.nankai.edu.cn/ztbd/system/2013/06/14/000129817.shtml",
  "http://news.nankai.edu.cn/ztbd/system/2013/05/21/000126274.shtml",
  "http://news.nankai.edu.cn/ztbd/system/2013/05/09/000123794.shtml",
  "http://news.nankai.edu.cn/ztbd/system/2013/04/25/000119768.shtml",
  "http://news.nankai.edu.cn/ztbd/system/2013/04/02/000116275.shtml",
  "http://news.nankai.edu.cn/ztbd/system/2013/03/06/000112762.shtml",
  "http://news.nankai.edu.cn/ztbd/system/2013/02/26/000111714.shtml",
  "http://news.nankai.edu.cn/zhxw/system/2013/01/22/000109639.shtml",
  "http://news.nankai.edu.cn/dcxy/system/2013/01/19/000109358.shtml",
  "http://news.nankai.edu.cn/ztbd/system/2013/01/10/000108694.shtml",
  "http://news.nankai.edu.cn/zhxw/system/2013/01/10/000108763.shtml",
  "http://news.nankai.edu.cn/pic/0/00/06/75/67590_203424.jpg",
  "http://news.nankai.edu.cn/pic/0/00/06/75/67591_933787.jpg",
  "http://news.nankai.edu.cn/pic/0/00/06/75/67592_805630.jpg",
  "http://news.nankai.edu.cn/pic/0/00/06/75/67593_063219.jpg",
  "http://news.nankai.edu.cn/pic/0/00/06/75/67594_873945.jpg",
  "http://news.nankai.edu.cn/pic/0/00/06/75/67595_881169.jpg",
  "http://news.nankai.edu.cn/pic/0/00/06/75/67596_078250.jpg",
  "http://news.nankai.edu.cn/pic/0/00/06/75/67597_796611.jpg",
  "http://news.nankai.edu.cn/pic/0/00/06/75/67598_939073.jpg",
  "http://news.nankai.edu.cn/pic/0/00/06/75/67599_218155.jpg",
  "http://news.nankai.edu.cn/pic/0/00/06/76/67600_703333.jpg",
  "http://news.nankai.edu.cn/pic/0/00/06/76/67601_978180.jpg",
  "http://news.nankai.edu.cn/pic/0/00/10/99/109944_679661.jpg",
  "http://news.nankai.edu.cn/pic/0/00/10/98/109866_205999.jpg",
  "http://news.nankai.edu.cn/pic/0/00/10/98/109865_934725.jpg",
  "http://news.nankai.edu.cn/pic/0/00/10/98/109864_804068.jpg",
  "http://news.nankai.edu.cn/zhxw/system/2017/01/24/000316354.shtml",
  "http://news.nankai.edu.cn/nkyw/system/2016/03/05/000270795.shtml",
  "http://news.nankai.edu.cn/nkyw/system/2016/01/15/000265654.shtml",
  "http://news.nankai.edu.cn/nkyw/system/2016/01/13/000265314.shtml",
  "http://news.nankai.edu.cn/mtnk/system/2015/11/13/000255534.shtml",
  "http://news.nankai.edu.cn/mtnk/system/2016/03/09/000271620.shtml",
  "http://www.baidu.com/s?si=news.nankai.edu.cn&cl=3&ct=2097152&tn=baidulocal&word=%E2%80%9C%E5%85%A8%E7%90%83%E5%8D%97%E5%BC%80%E2%80%9D%E5%9B%BD%E9%99%85%E5%8C%96%E5%A4%A7%E8%AE%A8%E8%AE%BA",
  "http://news.nankai.edu.cn/zhxw/system/2016/03/17/000273277.shtml",
  "http://news.nankai.edu.cn/ywsd/system/2017/01/11/000315097.shtml",
  "http://news.nankai.edu.cn/ywsd/system/2017/01/10/000314815.shtml",
  "http://news.nankai.edu.cn/ywsd/system/2016/12/30/000313215.shtml",
  "http://news.nankai.edu.cn/ywsd/system/2016/12/23/000312395.shtml",
  "http://news.nankai.edu.cn/ywsd/system/2016/12/16/000311196.shtml",
  "http://news.nankai.edu.cn/ywsd/system/2016/12/09/000309939.shtml",
  "http://news.nankai.edu.cn/ywsd/system/2016/12/02/000308735.shtml",
  "http://news.nankai.edu.cn/ywsd/system/2016/11/22/000307094.shtml",
  "http://news.nankai.edu.cn/ywsd/system/2016/11/18/000306214.shtml",
  "http://news.nankai.edu.cn/ywsd/system/2016/11/11/000304515.shtml",
  "http://news.nankai.edu.cn/ywsd/system/2016/07/02/000287015.shtml",
  "http://jw.nankai.edu.cn/third.php?id=5096",
  "http://news.nankai.edu.cn/ywsd/system/2016/07/01/000286995.shtml",
  "http://news.nankai.edu.cn/ywsd/system/2016/10/29/000301876.shtml",
  "http://news.nankai.edu.cn/ywsd/system/2016/10/21/000300514.shtml",
  "http://news.nankai.edu.cn/zhxw/system/2016/10/31/000302114.shtml",
  "http://news.nankai.edu.cn/ywsd/system/2016/07/01/000287000.shtml",
  "http://news.nankai.edu.cn/ywsd/system/2016/07/01/000287001.shtml",
  "http://news.nankai.edu.cn/nkyw/system/2016/07/01/000287001.shtml",
  "http://news.nankai.edu.cn/ywsd/system/2016/05/15/000281394.shtml",
  "http://news.nankai.edu.cn/ywsd/system/2016/05/13/000281038.shtml",
  "http://news.nankai.edu.cn/ywsd/system/2016/05/16/000281434.shtml",
  "http://news.nankai.edu.cn/ywsd/system/2016/05/23/000282355.shtml",
  "http://news.nankai.edu.cn/ywsd/system/2016/03/08/000271314.shtml",
  "http://news.nankai.edu.cn/ztbd/system/2016/01/07/000264076.shtml",
  "http://news.nankai.edu.cn/ztbd/system/2016/01/07/000264079.shtml",
  "http://news.nankai.edu.cn/ztbd/system/2016/01/07/000264080.shtml",
  "http://news.nankai.edu.cn/ztbd/system/2016/01/07/000264081.shtml",
  "http://news.nankai.edu.cn/ztbd/system/2016/01/07/000264082.shtml",
  "http://news.nankai.edu.cn/ztbd/system/2016/01/07/000264083.shtml",
  "http://news.nankai.edu.cn/ztbd/system/2016/01/07/000264084.shtml",
  "http://news.nankai.edu.cn/ztbd/system/2016/01/08/000264354.shtml",
  "http://news.nankai.edu.cn/ywsd/system/2016/01/09/000264614.shtml",
  "http://news.nankai.edu.cn/nkyw/2016.pdf",
  "http://news.nankai.edu.cn/pic/0/00/09/91/99166_057062.jpg",
  "http://news.nankai.edu.cn/ywsd/system/2015/03/03/000223194.shtml",
  "http://news.nankai.edu.cn/ywsd/system/2015/03/06/000224075.shtml",
  "http://news.nankai.edu.cn/ywsd/system/2015/03/10/000224594.shtml",
  "http://news.nankai.edu.cn/ywsd/system/2015/03/09/000224494.shtml",
  "http://news.nankai.edu.cn/ztbd/system/2015/03/03/000223154.shtml",
  "http://news.nankai.edu.cn/ztbd/system/2015/03/03/000223216.shtml",
  "http://news.nankai.edu.cn/ztbd/system/2015/03/03/000223218.shtml",
  "http://news.nankai.edu.cn/ztbd/system/2015/03/03/000223222.shtml",
  "http://news.nankai.edu.cn/ztbd/system/2015/03/03/000223215.shtml",
  "http://news.nankai.edu.cn/ztbd/system/2015/03/03/000223217.shtml",
  "http://news.nankai.edu.cn/ztbd/system/2015/03/03/000223220.shtml",
  "http://news.nankai.edu.cn/ztbd/system/2015/03/03/000223221.shtml",
  "http://news.nankai.edu.cn/mtnk/system/2015/03/04/000223294.shtml",
  "http://news.nankai.edu.cn/mtnk/system/2015/03/05/000223658.shtml",
  "http://news.nankai.edu.cn/nkzs/system/2015/03/05/000223675.shtml",
  "http://news.nankai.edu.cn/nkzs/system/2015/03/05/000223814.shtml",
  "https://news.nankai.edu.cn/ztbd/system/2015/03/02/news.nankai.edu.cn/nkzs/system/2015/03/05/000223795.shtml",
  "http://news.nankai.edu.cn/mtnk/system/2015/03/08/000224375.shtml",
  "http://news.nankai.edu.cn/nkzs/system/2015/03/11/000224634.shtml",
  "http://news.nankai.edu.cn/nkzs/system/2015/03/11/000224714.shtml",
  "http://news.nankai.edu.cn/mtnk/system/2015/03/03/000223219.shtml",
  "http://news.nankai.edu.cn/nkzs/system/2015/03/02/000222875.shtml",
  "http://news.nankai.edu.cn/nkzs/system/2015/03/04/000223495.shtml",
  "http://news.nankai.edu.cn/nkzs/system/2015/03/05/000223755.shtml",
  "http://news.nankai.edu.cn/mtnk/system/2015/03/08/000224360.shtml",
  "http://news.nankai.edu.cn/nkzs/system/2015/03/09/000224418.shtml",
  "http://news.nankai.edu.cn/nkzs/system/2015/03/11/000224715.shtml",
  "http://news.nankai.edu.cn/nkzs/system/2015/03/11/000224699.shtml",
  "http://zsb.nankai.edu.cn/second.php?act=read&module=11&id=725",
  "http://zsb.nankai.edu.cn/second.php?act=read&module=41&id=325",
  "http://zsb.nankai.edu.cn/second.php?act=read&module=71&id=154",
  "http://zsb.nankai.edu.cn/second.php?act=consult&module=72",
  "http://zsb.nankai.edu.cn/second.php?act=read&module=11&id=299",
  "http://news.nankai.edu.cn/xwzt/fujian/2015.pdf",
  "http://news.nankai.edu.cn/nkyw/system/2014/08/09/000196682.shtml",
  "http://zsb.nankai.edu.cn/read.php?id=158&module=44",
  "http://zsb.nankai.edu.cn/read.php?id=529&module=44",
  "http://zsb.nankai.edu.cn/read.php?id=185&module=44",
  "http://zsb.nankai.edu.cn/read.php?id=184&module=44",
  "http://zsb.nankai.edu.cn/read.php?id=183&module=44",
  "http://zsb.nankai.edu.cn/read.php?id=182&module=44",
  "http://zsb.nankai.edu.cn/read.php?id=181&module=44",
  "http://zsb.nankai.edu.cn/read.php?id=180&module=44",
  "http://zsb.nankai.edu.cn/read.php?id=179&module=44",
  "http://zsb.nankai.edu.cn/read.php?id=178&module=44",
  "http://zsb.nankai.edu.cn/read.php?id=157&module=44",
  "http://zsb.nankai.edu.cn/read.php?id=177&module=44",
  "http://zsb.nankai.edu.cn/read.php?id=176&module=44",
  "http://zsb.nankai.edu.cn/read.php?id=175&module=44",
  "http://zsb.nankai.edu.cn/read.php?id=174&module=44",
  "http://zsb.nankai.edu.cn/read.php?id=173&module=44",
  "http://zsb.nankai.edu.cn/read.php?id=172&module=44",
  "http://zsb.nankai.edu.cn/read.php?id=171&module=44",
  "http://zsb.nankai.edu.cn/read.php?id=170&module=44",
  "http://zsb.nankai.edu.cn/read.php?id=169&module=44",
  "http://zsb.nankai.edu.cn/read.php?id=168&module=44",
  "http://zsb.nankai.edu.cn/read.php?id=167&module=44",
  "http://zsb.nankai.edu.cn/read.php?id=155&module=44",
  "http://zsb.nankai.edu.cn/read.php?id=166&module=44",
  "http://zsb.nankai.edu.cn/read.php?id=165&module=44",
  "http://zsb.nankai.edu.cn/read.php?id=163&module=44",
  "http://zsb.nankai.edu.cn/read.php?id=162&module=44",
  "http://zsb.nankai.edu.cn/read.php?id=161&module=44",
  "http://zsb.nankai.edu.cn/read.php?id=160&module=44",
  "http://zsb.nankai.edu.cn/read.php?id=159&module=44",
  "http://zsb.nankai.edu.cn/read.php?id=164&module=44",
  "http://news.nankai.edu.cn/nkyw/system/2015/01/19/000218674.shtml",
  "http://news.nankai.edu.cn/nkyw/system/2015/05/07/000230937.shtml",
  "http://news.nankai.edu.cn/ywsd/system/2015/06/25/000239557.shtml",
  "http://news.nankai.edu.cn/ywsd/system/2015/06/26/000239655.shtml",
  "http://news.nankai.edu.cn/ywsd/system/2015/06/26/000239654.shtml",
  "http://news.nankai.edu.cn/ywsd/system/2015/06/26/000239755.shtml",
  "http://news.nankai.edu.cn/ywsd/system/2015/06/28/000239876.shtml",
  "http://news.nankai.edu.cn/ywsd/system/2015/06/28/000239875.shtml",
  "http://news.nankai.edu.cn/ywsd/system/2015/06/26/000239657.shtml",
  "http://news.nankai.edu.cn/ywsd/system/2015/06/29/000239945.shtml",
  "http://news.nankai.edu.cn/ywsd/system/2015/06/25/000239535.shtml",
  "http://news.nankai.edu.cn/ywsd/system/2015/06/30/000240155.shtml",
  "http://news.nankai.edu.cn/ywsd/system/2015/06/24/000239355.shtml",
  "http://news.nankai.edu.cn/ywsd/system/2015/06/24/000239337.shtml",
  "http://news.nankai.edu.cn/ywsd/system/2015/06/19/000238875.shtml",
  "http://news.nankai.edu.cn/ywsd/system/2015/06/19/000238874.shtml",
  "http://news.nankai.edu.cn/ywsd/system/2015/06/11/000237427.shtml",
  "http://news.nankai.edu.cn/ywsd/system/2015/04/30/000230358.shtml",
  "http://news.nankai.edu.cn/ywsd/system/2015/05/08/000231034.shtml",
  "http://news.nankai.edu.cn/ywsd/system/2015/05/27/000235820.shtml",
  "http://news.nankai.edu.cn/ywsd/system/2015/06/12/000237575.shtml",
  "http://news.nankai.edu.cn/ywsd/system/2015/06/18/000238678.shtml",
  "http://news.nankai.edu.cn/ywsd/system/2015/06/27/000239796.shtml",
  "http://news.nankai.edu.cn/dcxy/system/2015/06/29/000240014.shtml",
  "http://news.nankai.edu.cn/ywsd/system/2015/06/25/000239615.shtml",
  "http://news.nankai.edu.cn/ywsd/system/2015/06/26/000239775.shtml",
  "http://news.nankai.edu.cn/ywsd/system/2015/06/24/000239354.shtml",
  "http://news.nankai.edu.cn/ywsd/system/2015/06/24/000239397.shtml",
  "http://news.nankai.edu.cn/mtnk/system/2015/06/29/000239939.shtml",
  "http://news.nankai.edu.cn/mtnk/system/2015/06/24/000239296.shtml",
  "http://news.nankai.edu.cn/mtnk/system/2015/06/23/000239254.shtml",
  "http://news.nankai.edu.cn/mtnk/system/2015/06/30/000240058.shtml",
  "http://news.nankai.edu.cn/mtnk/system/2015/06/25/000239555.shtml",
  "http://news.nankai.edu.cn/mtnk/system/2015/06/25/000239561.shtml",
  "http://news.nankai.edu.cn/mtnk/system/2015/06/30/000240056.shtml",
  "http://news.nankai.edu.cn/mtnk/system/2015/06/29/000239937.shtml",
  "http://news.nankai.edu.cn/mtnk/system/2015/06/29/000239932.shtml",
  "http://news.nankai.edu.cn/mtnk/system/2015/06/29/000239921.shtml",
  "http://news.nankai.edu.cn/ywsd/system/2015/07/01/000240277.shtml",
  "http://news.nankai.edu.cn/ywsd/system/2015/06/28/000239854.shtml",
  "http://news.nankai.edu.cn/ywsd/system/2015/06/28/000239855.shtml",
  "http://news.nankai.edu.cn/ywsd/system/2015/06/24/000239336.shtml",
  "http://news.nankai.edu.cn/ywsd/system/2015/06/24/000239335.shtml",
  "http://news.nankai.edu.cn/ywsd/system/2015/11/04/000254054.shtml",
  "http://news.nankai.edu.cn/ywsd/system/2015/11/05/000254254.shtml",
  "http://news.nankai.edu.cn/nkyw/system/2015/04/27/000229994.shtml",
  "http://news.nankai.edu.cn/nkyw/system/2015/05/07/000230934.shtml",
  "http://news.nankai.edu.cn/nkyw/system/2015/06/04/000236798.shtml",
  "http://news.nankai.edu.cn/nkyw/system/2015/05/21/000235134.shtml",
  "http://news.nankai.edu.cn/xwzt/system/2015/06/05/000236887.shtml",
  "http://news.nankai.edu.cn/xwzt/system/2015/04/27/000229939.shtml",
  "http://news.nankai.edu.cn/xwzt/system/2015/04/27/000229941.shtml",
  "http://news.nankai.edu.cn/xwzt/system/2015/04/27/000229955.shtml",
  "http://news.nankai.edu.cn/xwzt/system/2015/04/27/000229956.shtml",
  "http://news.nankai.edu.cn/xwzt/system/2015/04/27/000229957.shtml",
  "http://bbs.nankai.edu.cn/wap",
  "http://bbs.nankai.edu.cn/data/download/nkbbs.apk",
  "http://news.nankai.edu.cn/ztbd/system/2017/09/08/000344181.shtml",
  "http://news.nankai.edu.cn/ztbd/system/2017/09/08/000344182.shtml",
  "http://news.nankai.edu.cn/ztbd/system/2017/09/08/000344183.shtml",
  "http://news.nankai.edu.cn/ztbd/system/2017/09/08/000344184.shtml",
  "http://news.nankai.edu.cn/ztbd/system/2017/09/08/000344185.shtml",
  "http://news.nankai.edu.cn/ztbd/system/2017/09/08/000344186.shtml",
  "http://news.nankai.edu.cn/ztbd/system/2017/09/08/000344191.shtml",
  "http://news.nankai.edu.cn/ztbd/system/2017/09/08/000344193.shtml.shtml",
  "http://news.nankai.edu.cn/ztbd/system/2017/09/08/000344195.shtml",
  "http://news.nankai.edu.cn/ztbd/system/2017/09/08/000344197.shtml",
  "http://news.nankai.edu.cn/ztbd/system/2017/09/08/000344190.shtml",
  "http://news.nankai.edu.cn/ztbd/system/2017/09/08/000344192.shtml",
  "http://news.nankai.edu.cn/ztbd/system/2017/09/08/000344196.shtml",
  "http://news.nankai.edu.cn/ztbd/system/2017/09/08/000344204.shtml",
  "http://news.nankai.edu.cn/ztbd/system/2017/09/08/000344207.shtml",
  "http://news.nankai.edu.cn/nkyw/system/2017/09/24/000347035.shtml",
  "http://news.nankai.edu.cn/ywsd/system/2017/09/23/000346976.shtml",
  "http://news.nankai.edu.cn/ywsd/system/2017/09/24/000347035.shtml",
  "http://news.nankai.edu.cn/ztbd/system/2017/09/23/000346956.shtml",
  "http://news.nankai.edu.cn/ztbd/system/2017/09/23/000346958.shtml",
  "http://news.nankai.edu.cn/ztbd/system/2017/09/25/000347277.shtml",
  "http://news.nankai.edu.cn/ztbd/system/2017/09/24/000347154.shtml",
  "http://news.nankai.edu.cn/video/0/00/27/07/270706_320797.mp4",
  "http://xb.nankai.edu.cn/attach/2017/11/01/25767.pdf",
  "http://news.nankai.edu.cn/ztbd/system/2018/07/04/000397854.shtml",
  "http://news.nankai.edu.cn/ztbd/system/2018/07/04/000397834.shtml",
  "http://news.nankai.edu.cn/ywsd/system/2018/06/30/000396454.shtml",
  "http://news.nankai.edu.cn/ztbd/system/2018/07/04/000397616.shtml",
  "http://news.nankai.edu.cn/ztbd/system/2018/07/04/000397634.shtml",
  "http://news.nankai.edu.cn/ztbd/system/2018/07/04/000397614.shtml",
  "http://news.nankai.edu.cn/ztbd/system/2018/07/04/000397618.shtml",
  "http://news.nankai.edu.cn/ztbd/system/2018/07/04/000397617.shtml",
  "http://news.nankai.edu.cn/ztbd/system/2018/07/06/000398554.shtml",
  "http://news.nankai.edu.cn/ztbd/system/2018/07/04/000397594.shtml",
  "http://news.nankai.edu.cn/ztbd/system/2018/07/10/000399642.shtml",
  "http://news.nankai.edu.cn/ztbd/system/2018/07/04/000397954.shtml",
  "http://news.nankai.edu.cn/ztbd/system/2018/07/04/000397736.shtml",
  "http://news.nankai.edu.cn/ztbd/system/2018/07/04/000397735.shtml",
  "http://news.nankai.edu.cn/ztbd/system/2018/07/04/000397714.shtml",
  "http://news.nankai.edu.cn/ztbd/system/2018/07/04/000397716.shtml",
  "http://news.nankai.edu.cn/ztbd/system/2018/07/04/000397694.shtml",
  "http://news.nankai.edu.cn/ztbd/system/2018/07/04/000397794.shtml",
  "http://news.nankai.edu.cn/ztbd/system/2018/07/04/000397774.shtml",
  "http://news.nankai.edu.cn/ztbd/system/2018/07/04/000397754.shtml",
  "http://news.nankai.edu.cn/ztbd/system/2018/07/04/000397654.shtml",
  "http://news.nankai.edu.cn/ztbd/system/2018/07/04/000397674.shtml",
  "http://news.nankai.edu.cn/ztbd/system/2021/11/19/030048968.shtml",
  "http://news.nankai.edu.cn/ztbd/system/2021/11/19/030048969.shtml",
  "http://news.nankai.edu.cn/ztbd/system/2021/11/17/030048907.shtml",
  "http://news.nankai.edu.cn/ztbd/system/2021/11/17/030048908.shtml",
  "http://news.nankai.edu.cn/ztbd/system/2021/11/17/030048912.shtml",
  "http://news.nankai.edu.cn/ztbd/system/2021/11/17/030048913.shtml",
  "http://news.nankai.edu.cn/ztbd/system/2021/11/17/030048921.shtml",
  "http://news.nankai.edu.cn/ztbd/system/2021/11/17/030048931.shtml",
  "http://news.nankai.edu.cn/ztbd/system/2021/11/17/030048932.shtml",
  "http://news.nankai.edu.cn/ztbd/system/2021/11/17/030048914.shtml",
  "http://news.nankai.edu.cn/ztbd/system/2021/11/17/030048915.shtml",
  "http://news.nankai.edu.cn/ztbd/system/2021/11/17/030048933.shtml",
  "http://news.nankai.edu.cn/ztbd/system/2021/11/17/030048917.shtml",
  "http://news.nankai.edu.cn/ztbd/system/2021/11/17/030048922.shtml",
  "http://news.nankai.edu.cn/ztbd/system/2021/11/17/030048925.shtml",
  "http://news.nankai.edu.cn/ztbd/system/2021/11/17/030048926.shtml",
  "http://news.nankai.edu.cn/ztbd/system/2021/11/17/030048927.shtml",
  "http://news.nankai.edu.cn/ztbd/system/2021/11/17/030048928.shtml",
  "http://news.nankai.edu.cn/ztbd/system/2021/11/18/030048938.shtml",
  "http://news.nankai.edu.cn/ztbd/system/2021/11/17/030048935.shtml",
  "http://news.nankai.edu.cn/ztbd/system/2021/11/17/030048934.shtml",
  "http://news.nankai.edu.cn/ztbd/system/2021/11/18/030048939.shtml",
  "http://news.nankai.edu.cn/ztbd/system/2021/11/18/030048940.shtml",
  "http://news.nankai.edu.cn/ztbd/system/2021/11/18/030048941.shtml",
  "http://news.nankai.edu.cn/ztbd/system/2021/11/18/030048942.shtml",
  "http://news.nankai.edu.cn/ztbd/system/2021/11/18/030048943.shtml",
  "http://news.nankai.edu.cn/ztbd/system/2021/11/18/030048944.shtml",
  "http://news.nankai.edu.cn/ztbd/system/2021/11/18/030048948.shtml",
  "http://news.nankai.edu.cn/ztbd/system/2021/11/18/030048949.shtml",
  "http://news.nankai.edu.cn/ztbd/system/2021/11/18/030048950.shtml",
  "http://news.nankai.edu.cn/ztbd/system/2021/11/18/030048945.shtml",
  "http://news.nankai.edu.cn/ztbd/system/2021/11/18/030048946.shtml",
  "http://news.nankai.edu.cn/ztbd/system/2021/11/18/030048947.shtml",
  "http://news.nankai.edu.cn/ztbd/system/2021/11/18/030048952.shtml",
  "http://news.nankai.edu.cn/ztbd/system/2021/11/18/030048951.shtml",
  "http://news.nankai.edu.cn/ztbd/system/2021/11/18/030048953.shtml",
  "http://news.nankai.edu.cn/dcxy/system/2022/08/27/030052617.shtml",
  "http://news.nankai.edu.cn/dcxy/system/2022/08/26/030052604.shtml",
  "http://news.nankai.edu.cn/dcxy/system/2022/08/13/030052430.shtml",
  "http://news.nankai.edu.cn/dcxy/system/2022/08/02/030052337.shtml",
  "http://news.nankai.edu.cn/dcxy/system/2022/07/21/030052047.shtml",
  "http://news.nankai.edu.cn/dcxy/system/2022/07/08/030051991.shtml",
  "http://news.nankai.edu.cn/dcxy/system/2022/07/06/030051972.shtml",
  "http://news.nankai.edu.cn/dcxy/system/2022/07/02/030051934.shtml",
  "http://news.nankai.edu.cn/dcxy/system/2022/07/01/030051925.shtml",
  "http://news.nankai.edu.cn/dcxy/system/2022/05/20/030051383.shtml",
  "http://news.nankai.edu.cn/dcxy/system/2022/05/20/030051381.shtml",
  "http://news.nankai.edu.cn/dcxy/system/2022/05/20/030051380.shtml",
  "http://news.nankai.edu.cn/dcxy/system/2022/05/18/030051346.shtml",
  "http://http://news.nankai.edu.cn/dcxy/system/2022/05/18/030051345.shtml",
  "http://news.nankai.edu.cn/dcxy/system/2022/05/18/030051340.shtml",
  "http://news.nankai.edu.cn/dcxy/system/2022/05/17/030051330.shtml",
  "http://news.nankai.edu.cn/dcxy/system/2022/05/17/030051332.shtml",
  "http://news.nankai.edu.cn/dcxy/system/2022/05/17/030051334.shtml",
  "http://news.nankai.edu.cn/dcxy/system/2022/05/17/030051331.shtml",
  "http://news.nankai.edu.cn/dcxy/system/2022/05/17/030051328.shtml",
  "http://news.nankai.edu.cn/dcxy/system/2022/05/16/030051304.shtml",
  "http://http://news.nankai.edu.cn/dcxy/system/2022/05/16/030051303.shtml",
  "http://news.nankai.edu.cn/dcxy/system/2022/05/14/030051295.shtml",
  "http://news.nankai.edu.cn/dcxy/system/2022/05/13/030051289.shtml",
  "http://news.nankai.edu.cn/dcxy/system/2022/05/14/030051292.shtml",
  "http://news.nankai.edu.cn/dcxy/system/2022/05/13/030051275.shtml",
  "http://news.nankai.edu.cn/dcxy/system/2022/05/12/030051263.shtml",
  "http://news.nankai.edu.cn/dcxy/system/2022/05/12/030051258.shtml",
  "http://news.nankai.edu.cn/dcxy/system/2022/05/11/030051251.shtml",
  "http://news.nankai.edu.cn/dcxy/system/2022/05/11/030051242.shtml",
  "http://http://news.nankai.edu.cn/dcxy/system/2022/05/11/030051234.shtml",
  "http://news.nankai.edu.cn/dcxy/system/2022/05/11/030051233.shtml",
  "http://news.nankai.edu.cn/dcxy/system/2022/05/11/030051232.shtml",
  "http://news.nankai.edu.cn/dcxy/system/2022/05/10/030051227.shtml",
  "http://news.nankai.edu.cn/dcxy/system/2022/05/10/030051216.shtml",
  "http://news.nankai.edu.cn/dcxy/system/2022/05/07/030051206.shtml",
  "http://news.nankai.edu.cn/dcxy/system/2022/05/07/030051204.shtml",
  "http://news.nankai.edu.cn/dcxy/system/2022/05/06/030051197.shtml",
  "http://news.nankai.edu.cn/dcxy/system/2022/05/06/030051194.shtml",
  "http://news.nankai.edu.cn/mtnk/system/2020/05/31/030039482.shtml",
  "http://news.nankai.edu.cn/ywsd/system/2020/01/01/030037169.shtml",
  "http://news.nankai.edu.cn/bnxq/system/2019/12/07/030036749.shtml",
  "http://news.nankai.edu.cn/bnxq/system/2019/11/30/030036647.shtml",
  "http://news.nankai.edu.cn/bnxq/system/2019/11/27/030036573.shtml",
  "http://news.nankai.edu.cn/ywsd/system/2019/11/11/030036332.shtml",
  "http://news.nankai.edu.cn/ywsd/system/2019/11/11/030036321.shtml",
  "http://news.nankai.edu.cn/bnxq/system/2019/11/01/030036184.shtml",
  "http://news.nankai.edu.cn/ywsd/system/2019/10/27/030036065.shtml",
  "http://news.nankai.edu.cn/ywsd/system/2019/10/27/030036064.shtml",
  "http://news.nankai.edu.cn/ywsd/system/2019/10/25/030036038.shtml",
  "http://news.nankai.edu.cn/ywsd/system/2019/10/25/030036043.shtml",
  "http://news.nankai.edu.cn/ywsd/system/2019/10/25/030036045.shtml",
  "http://news.nankai.edu.cn/mtnk/system/2019/10/23/030036003.shtml",
  "http://news.nankai.edu.cn/mtnk/system/2019/10/23/030036001.shtml",
  "http://news.nankai.edu.cn/mtnk/system/2019/10/23/030036007.shtml",
  "http://news.nankai.edu.cn/mtnk/system/2019/10/23/030036009.shtml",
  "http://news.nankai.edu.cn/mtnk/system/2019/10/23/030035989.shtml",
  "http://news.nankai.edu.cn/mtnk/system/2019/10/23/030035987.shtml",
  "http://news.nankai.edu.cn/mtnk/system/2019/10/23/030035988.shtml",
  "http://news.nankai.edu.cn/mtnk/system/2019/10/22/030035957.shtml",
  "http://news.nankai.edu.cn/mtnk/system/2019/10/22/030035969.shtml",
  "http://news.nankai.edu.cn/bnxq/system/2019/10/20/030035870.shtml",
  "http://news.nankai.edu.cn/ywsd/system/2019/10/18/030035836.shtml",
  "http://news.nankai.edu.cn/ywsd/system/2019/10/18/030035833.shtml",
  "http://news.nankai.edu.cn/ywsd/system/2019/10/18/030035834.shtml",
  "http://news.nankai.edu.cn/ywsd/system/2019/10/18/030035837.shtml",
  "http://news.nankai.edu.cn/ztbd/system/2021/06/29/030047098.shtml",
  "http://news.nankai.edu.cn/ztbd/system/2021/06/29/030047097.shtml",
  "http://international.nankai.edu.cn/2020/1125/c22746a320657/page.htm",
  "http://international.nankai.edu.cn/2020/1125/c22746a320656/page.htm",
  "http://international.nankai.edu.cn/2020/1125/c22746a320658/page.htm",
  "http://international.nankai.edu.cn/2020/1125/c22746a320660/page.htm",
  "http://international.nankai.edu.cn/2020/1125/c22746a320659/page.htm",
  "http://international.nankai.edu.cn/2020/1125/c22746a320661/page.htm",
  "http://en.nankai.edu.cn/OnlineCourses/list.htm",
  "http://en.nankai.edu.cn/WisdomCollege/list.htm",
  "http://my.nankai.edu.cn/",
  "http://enven.nankai.edu.cn/NankaiUniversitywUniversityofGlasgowJointGraduateProgrammewDualMasterDegreew/list.htm",
  "http://xxgk.nankai.edu.cn/_upload/article/files/1b/ed/fd28c033487e9ea20f1f52d9037c/fea7a48b-ad0f-43a9-bcc7-af340ec08e0c.pdf",
  "http://news.nankai.edu.cn/doc/003/000/257/00300025733_0cc64e25.pdf",
  "http://news.nankai.edu.cn/doc/003/000/257/00300025731_af9f45ff.pdf",
  "http://news.nankai.edu.cn/doc/003/000/257/00300025729_d1dadaca.pdf",
  "http://news.nankai.edu.cn/doc/003/000/257/00300025727_e648573e.pdf",
  "http://news.nankai.edu.cn/ywsd/system/2015/12/10/000260094.shtml",
  "http://news.nankai.edu.cn/ywsd/system/2015/12/02/000258614.shtml",
  "http://news.nankai.edu.cn/ywsd/system/2015/10/30/000253464.shtml",
  "http://news.nankai.edu.cn/ywsd/system/2015/11/04/000253994.shtml",
  "http://news.nankai.edu.cn/ywsd/system/2015/11/06/000254441.shtml",
  "http://news.nankai.edu.cn/ywsd/system/2015/11/23/000257115.shtml",
  "http://news.nankai.edu.cn/ywsd/system/2015/11/11/000255274.shtml",
  "http://news.nankai.edu.cn/ywsd/system/2015/10/12/000250994.shtml",
  "http://news.nankai.edu.cn/ywsd/system/2015/11/07/000254535.shtml",
  "http://news.nankai.edu.cn/ywsd/system/2015/09/30/000250254.shtml",
  "http://news.nankai.edu.cn/ywsd/system/2015/09/23/000249315.shtml",
  "http://news.nankai.edu.cn/s/12/t/27/5f/dd/info24541.htm",
  "http://news.nankai.edu.cn/ywsd/system/2014/10/29/000206796.shtml",
  "http://news.nankai.edu.cn/ywsd/system/2014/10/28/000206675.shtml",
  "http://news.nankai.edu.cn/zhxw/system/2014/10/24/000206177.shtml",
  "http://news.nankai.edu.cn/ywsd/system/2014/10/23/000206016.shtml",
  "http://news.nankai.edu.cn/zhxw/system/2014/10/24/000206175.shtml",
  "http://news.nankai.edu.cn/ywsd/system/2014/10/20/000205538.shtml",
  "http://news.nankai.edu.cn/zhxw/system/2014/10/17/000205134.shtml",
  "http://news.nankai.edu.cn/ywsd/system/2014/10/24/000206215.shtml",
  "http://news.nankai.edu.cn/ywsd/system/2014/10/16/000204954.shtml",
  "http://news.nankai.edu.cn/ywsd/system/2014/10/22/000205854.shtml",
  "http://news.nankai.edu.cn/ywsd/system/2014/05/28/000184495.shtml",
  "http://news.nankai.edu.cn/ywsd/system/2014/09/23/000202377.shtml",
  "http://xb.nankai.edu.cn/attach/2014/09/25/20110.pdf",
  "http://jwc.nankai.edu.cn/NewsHTML/20140930114657.html",
  "http://news.nankai.edu.cn/ztbd/system/2014/11/12/000208656.shtml",
  "http://news.nankai.edu.cn/ztbd/system/2014/11/12/000208634.shtml",
  "http://news.nankai.edu.cn/ztbd/system/2014/11/12/000208635.shtml",
  "http://news.nankai.edu.cn/ztbd/system/2014/11/12/000208655.shtml",
  "http://news.nankai.edu.cn/ztbd/system/2014/11/12/000208616.shtml",
  "http://news.nankai.edu.cn/ztbd/system/2014/11/12/000208617.shtml",
  "http://news.nankai.edu.cn/ztbd/system/2014/11/12/000208618.shtml",
  "http://news.nankai.edu.cn/ztbd/system/2014/11/12/000208619.shtml",
  "http://news.nankai.edu.cn/ztbd/system/2014/11/12/000208620.shtml",
  "http://news.nankai.edu.cn/ywsd/system/2014/11/21/000209839.shtml",
  "http://news.nankai.edu.cn/ztbd/system/2014/11/21/000209954.shtml",
  "http://news.nankai.edu.cn/ztbd/system/2014/11/21/000209955.shtml",
  "http://news.nankai.edu.cn/ztbd/system/2014/11/21/000209956.shtml",
  "http://news.nankai.edu.cn/ztbd/system/2014/11/21/000209957.shtml",
  "http://news.nankai.edu.cn/ztbd/system/2014/11/21/000209958.shtml",
  "http://news.nankai.edu.cn/ztbd/system/2014/11/21/000209959.shtml",
  "http://news.nankai.edu.cn/ztbd/system/2014/11/21/000209960.shtml",
  "http://news.nankai.edu.cn/ztbd/system/2014/11/18/000209334.shtml",
  "http://news.nankai.edu.cn/ztbd/system/2013/02/26/000111715.shtml",
  "http://news.nankai.edu.cn/ztbd/system/2013/02/27/000111974.shtml",
  "http://news.nankai.edu.cn/ztbd/system/2013/02/28/000112037.shtml",
  "http://news.nankai.edu.cn/ywsd/system/2013/03/04/000112452.shtml",
  "http://news.nankai.edu.cn/ztbd/system/2013/03/04/000112358.shtml",
  "http://news.nankai.edu.cn/ztbd/system/2013/03/04/000112359.shtml",
  "http://news.nankai.edu.cn/ywsd/system/2013/03/25/000115134.shtml",
  "http://news.nankai.edu.cn/ywsd/system/2013/03/05/000112637.shtml",
  "http://news.nankai.edu.cn/ywsd/system/2013/03/12/000113554.shtml",
  "http://news.nankai.edu.cn/ztbd/system/2012/03/06/000057034.shtml",
  "http://news.nankai.edu.cn/ztbd/system/2010/03/21/000029274.shtml",
  "http://news.nankai.edu.cn/ywsd/system/2013/05/31/000128194.shtml",
  "http://bbs.nankai.edu.cn/group/view/211",
  "http://news.nankai.edu.cn/zhxw/system/2013/05/29/000127994.shtml",
  "http://news.nankai.edu.cn/ztbd/system/2013/05/30/000128135.shtml",
  "http://news.nankai.edu.cn/zhxw/system/2013/05/07/000123174.shtml",
  "http://news.nankai.edu.cn/ywsd/system/2013/05/01/000122054.shtml",
  "http://news.nankai.edu.cn/ywsd/system/2013/04/10/000117334.shtml",
  "http://news.nankai.edu.cn/zhxw/system/2013/05/13/000125000.shtml",
  "http://news.nankai.edu.cn/ywsd/system/2013/04/29/000121557.shtml",
  "http://news.nankai.edu.cn/ztbd/system/2013/04/29/000121556.shtml",
  "http://news.nankai.edu.cn/ztbd/system/2013/04/30/000121834.shtml",
  "http://news.nankai.edu.cn/ztbd/system/2013/04/30/000121835.shtml",
  "http://news.nankai.edu.cn/ywsd/system/2013/04/12/000117715.shtml",
  "http://news.nankai.edu.cn/ywsd/system/2013/04/16/000118276.shtml",
  "http://www.enorth.com.cn/sys/viewpic/default.html?url=http://news.nankai.edu.cn/pic/600/00/07/07/70767_869743.jpg",
  "http://news.nankai.edu.cn/ywsd/system/2012/03/03/000056575.shtml",
  "http://news.nankai.edu.cn/ywsd/system/2012/03/06/000056934.shtml",
  "http://news.nankai.edu.cn/zhxw/system/2013/08/08/000136459.shtml",
  "http://news.nankai.edu.cn/zhxw/system/2013/08/17/000137134.shtml",
  "http://news.nankai.edu.cn/zhxw/system/2013/08/16/000137114.shtml",
  "http://news.nankai.edu.cn/zhxw/system/2013/08/16/000137101.shtml",
  "http://news.nankai.edu.cn/zhxw/system/2013/08/13/000136816.shtml",
  "http://news.nankai.edu.cn/zhxw/system/2013/08/03/000136235.shtml",
  "http://news.nankai.edu.cn/zhxw/system/2013/08/12/000136798.shtml",
  "http://news.nankai.edu.cn/zhxw/system/2013/08/08/000136460.shtml",
  "http://news.nankai.edu.cn/zhxw/system/2013/08/08/000136477.shtml",
  "http://news.nankai.edu.cn/zhxw/system/2013/08/06/000136395.shtml",
  "http://news.nankai.edu.cn/zhxw/system/2013/08/04/000136336.shtml",
  "http://news.nankai.edu.cn/zhxw/system/2013/08/04/000136316.shtml",
  "http://news.nankai.edu.cn/zhxw/system/2013/08/04/000136315.shtml",
  "http://news.nankai.edu.cn/zhxw/system/2013/08/02/000136155.shtml",
  "http://news.nankai.edu.cn/ywsd/system/2013/07/23/000135615.shtml",
  "http://news.nankai.edu.cn/zhxw/system/2013/08/01/000136119.shtml",
  "http://news.nankai.edu.cn/zhxw/system/2013/08/01/000136120.shtml",
  "http://news.nankai.edu.cn/ywsd/system/2013/07/26/000135754.shtml",
  "http://news.nankai.edu.cn/zhxw/system/2013/08/01/000136117.shtml",
  "http://news.nankai.edu.cn/zhxw/system/2013/08/01/000136116.shtml",
  "http://news.nankai.edu.cn/zhxw/system/2013/08/01/000136115.shtml",
  "http://news.nankai.edu.cn/zhxw/system/2013/08/01/000136114.shtml",
  "http://news.nankai.edu.cn/zhxw/system/2013/08/01/000136094.shtml",
  "http://news.nankai.edu.cn/zhxw/system/2013/08/01/000136095.shtml",
  "http://news.nankai.edu.cn/zhxw/system/2013/07/31/000136077.shtml",
  "http://news.nankai.edu.cn/zhxw/system/2013/07/29/000135956.shtml",
  "http://news.nankai.edu.cn/zhxw/system/2013/07/28/000135899.shtml",
  "http://news.nankai.edu.cn/zhxw/system/2013/07/28/000135898.shtml",
  "http://news.nankai.edu.cn/zhxw/system/2013/07/28/000135896.shtml",
  "http://news.nankai.edu.cn/zhxw/system/2013/07/28/000135878.shtml",
  "http://news.nankai.edu.cn/zhxw/system/2013/07/28/000135876.shtml",
  "http://news.nankai.edu.cn/zhxw/system/2013/07/28/000135875.shtml",
  "http://news.nankai.edu.cn/zhxw/system/2013/07/28/000135874.shtml",
  "http://news.nankai.edu.cn/zhxw/system/2013/07/27/000135798.shtml",
  "http://news.nankai.edu.cn/zhxw/system/2013/07/27/000135797.shtml",
  "http://news.nankai.edu.cn/zhxw/system/2013/07/27/000135795.shtml",
  "http://news.nankai.edu.cn/zhxw/system/2013/07/26/000135781.shtml",
  "http://news.nankai.edu.cn/ywsd/system/2013/09/27/000142415.shtml",
  "http://news.nankai.edu.cn/dcxy/system/2013/09/28/000142894.shtml",
  "http://news.nankai.edu.cn/dcxy/system/2013/09/27/000142416.shtml",
  "http://news.nankai.edu.cn/dcxy/system/2013/09/28/000142661.shtml",
  "http://news.nankai.edu.cn/dcxy/system/2013/09/28/000142660.shtml",
  "http://news.nankai.edu.cn/dcxy/system/2013/09/28/000142895.shtml",
  "http://news.nankai.edu.cn/zhxw/system/2013/09/27/000142434.shtml",
  "http://news.nankai.edu.cn/zhxw/system/2013/09/27/000142435.shtml",
  "http://news.nankai.edu.cn/ztbd/system/2013/09/26/000142175.shtml",
  "http://energy.nankai.edu.cn/article/411",
  "http://energy.nankai.edu.cn/article/409",
  "http://energy.nankai.edu.cn/article/413",
  "http://energy.nankai.edu.cn/article/831",
  "http://energy.nankai.edu.cn/article/829",
  "http://energy.nankai.edu.cn/english/article/205",
  "http://energy.nankai.edu.cn/english/article/204",
  "http://energy.nankai.edu.cn/english/article/203",
  "http://energy.nankai.edu.cn/english/article/202",
  "http://energy.nankai.edu.cn/english/article/201",
  "http://energy.nankai.edu.cn/english/article/200",
  "http://energy.nankai.edu.cn/english/article/199",
  "http://energy.nankai.edu.cn/english/article/198",
  "http://energy.nankai.edu.cn/english/article/177",
  "http://energy.nankai.edu.cn/english/article/175",
  "http://energy.nankai.edu.cn/english/article/174",
  "http://energy.nankai.edu.cn/english/article/173",
  "http://energy.nankai.edu.cn/english/article/161",
  "http://energy.nankai.edu.cn/english/article/160",
  "http://energy.nankai.edu.cn/english/article/150",
  "http://energy.nankai.edu.cn/english/article/149",
  "http://energy.nankai.edu.cn/english/article/148",
  "http://energy.nankai.edu.cn/english/article/147",
  "http://energy.nankai.edu.cn/english/article/146",
  "http://energy.nankai.edu.cn/english/article/145",
  "http://energy.nankai.edu.cn/english/article/144",
  "http://energy.nankai.edu.cn/english/article/143",
  "http://energy.nankai.edu.cn/english/article/142",
  "http://energy.nankai.edu.cn/english/article/141",
  "http://energy.nankai.edu.cn/english/article/140",
  "http://energy.nankai.edu.cn/english/article/139",
  "http://energy.nankai.edu.cn/english/article/138",
  "http://energy.nankai.edu.cn/english/article/137",
  "http://energy.nankai.edu.cn/english/article/136",
  "http://energy.nankai.edu.cn/english/article/135",
  "http://energy.nankai.edu.cn/english/article/134",
  "http://energy.nankai.edu.cn/english/article/133",
  "http://energy.nankai.edu.cn/english/article/132",
  "http://energy.nankai.edu.cn/english/article/131",
  "http://energy.nankai.edu.cn/english/article/130",
  "http://energy.nankai.edu.cn/english/article/129",
  "http://energy.nankai.edu.cn/english/article/128",
  "http://energy.nankai.edu.cn/english/article/127",
  "http://energy.nankai.edu.cn/english/article/126",
  "http://energy.nankai.edu.cn/english/article/125",
  "http://energy.nankai.edu.cn/english/article/124",
  "http://energy.nankai.edu.cn/english/article/123",
  "http://energy.nankai.edu.cn/english/article/122",
  "http://energy.nankai.edu.cn/english/article/121",
  "http://energy.nankai.edu.cn/english/article/120",
  "http://energy.nankai.edu.cn/english/article/119",
  "http://energy.nankai.edu.cn/english/article/118",
  "http://energy.nankai.edu.cn/english/article/117",
  "http://energy.nankai.edu.cn/english/article/116",
  "http://energy.nankai.edu.cn/english/article/115",
  "http://energy.nankai.edu.cn/english/article/114",
  "http://energy.nankai.edu.cn/english/article/113",
  "http://energy.nankai.edu.cn/english/article/112",
  "http://energy.nankai.edu.cn/english/article/110",
  "http://energy.nankai.edu.cn/english/article/111",
  "http://energy.nankai.edu.cn/english/article/109",
  "http://energy.nankai.edu.cn/english/article/108",
  "http://energy.nankai.edu.cn/english/article/107",
  "http://energy.nankai.edu.cn/english/article/106",
  "http://energy.nankai.edu.cn/english/article/105",
  "http://energy.nankai.edu.cn/english/article/104",
  "http://energy.nankai.edu.cn/english/article/103",
  "http://energy.nankai.edu.cn/english/article/102",
  "http://energy.nankai.edu.cn/english/article/101",
  "http://energy.nankai.edu.cn/english/article/100",
  "http://energy.nankai.edu.cn/english/article/99",
  "http://energy.nankai.edu.cn/english/article/98",
  "http://energy.nankai.edu.cn/english/article/97",
  "http://energy.nankai.edu.cn/english/article/96",
  "http://energy.nankai.edu.cn/english/article/95",
  "http://energy.nankai.edu.cn/english/article/94",
  "http://energy.nankai.edu.cn/english/article/93",
  "http://energy.nankai.edu.cn/english/article/92",
  "http://energy.nankai.edu.cn/english/article/91",
  "http://energy.nankai.edu.cn/english/article/90",
  "http://energy.nankai.edu.cn/english/article/89",
  "http://energy.nankai.edu.cn/english/article/88",
  "http://energy.nankai.edu.cn/english/article/87",
  "http://energy.nankai.edu.cn/english/article/86",
  "http://energy.nankai.edu.cn/english/article/85",
  "http://energy.nankai.edu.cn/english/article/84",
  "http://energy.nankai.edu.cn/english/article/83",
  "http://energy.nankai.edu.cn/english/article/82",
  "http://energy.nankai.edu.cn/english/article/81",
  "http://energy.nankai.edu.cn/english/article/80",
  "http://energy.nankai.edu.cn/english/article/79",
  "http://energy.nankai.edu.cn/english/article/78",
  "http://energy.nankai.edu.cn/english/article/77",
  "http://energy.nankai.edu.cn/english/article/76",
  "http://energy.nankai.edu.cn/english/article/75",
  "http://energy.nankai.edu.cn/english/article/74",
  "http://energy.nankai.edu.cn/english/article/73",
  "http://energy.nankai.edu.cn/english/article/72",
  "http://energy.nankai.edu.cn/english/article/71",
  "http://energy.nankai.edu.cn/english/article/70",
  "http://energy.nankai.edu.cn/english/article/69",
  "http://energy.nankai.edu.cn/english/article/68",
  "http://energy.nankai.edu.cn/english/article/67",
  "http://energy.nankai.edu.cn/english/article/66",
  "http://energy.nankai.edu.cn/article/919",
  "http://energy.nankai.edu.cn/article/931",
  "http://energy.nankai.edu.cn/article/956",
  "http://energy.nankai.edu.cn/article/925",
  "http://energy.nankai.edu.cn/article/903",
  "http://energy.nankai.edu.cn/article/552",
  "http://energy.nankai.edu.cn/article/550",
  "http://news.nankai.edu.cn/ywsd/system/2022/10/03/030053018.shtml",
  "http://news.nankai.edu.cn/ywsd/system/2022/09/29/030052975.shtml",
  "http://news.nankai.edu.cn/ywsd/system/2022/09/25/030052936.shtml",
  "http://news.nankai.edu.cn/ywsd/system/2022/09/19/030052851.shtml",
  "http://news.nankai.edu.cn/ywsd/system/2022/09/29/030052983.shtml",
  "http://news.nankai.edu.cn/mtnk/system/2022/09/17/030052823.shtml",
  "http://news.nankai.edu.cn/ywsd/system/2022/09/10/030052739.shtml",
  "http://news.nankai.edu.cn/ywsd/system/2022/09/21/030052890.shtml",
  "http://news.nankai.edu.cn/ywsd/system/2022/09/15/030052804.shtml",
  "http://news.nankai.edu.cn/ywsd/system/2022/09/10/030052733.shtml",
  "http://news.nankai.edu.cn/ywsd/system/2022/09/08/030052716.shtml",
  "http://news.nankai.edu.cn/ywsd/system/2022/09/09/030052727.shtml",
  "http://news.nankai.edu.cn/ywsd/system/2022/09/03/030052668.shtml",
  "http://news.nankai.edu.cn/ywsd/system/2022/08/24/030052497.shtml",
  "http://news.nankai.edu.cn/ywsd/system/2018/09/30/000411958.shtml",
  "http://news.nankai.edu.cn/ywsd/system/2018/09/29/000411835.shtml",
  "http://news.nankai.edu.cn/ywsd/system/2018/09/27/000411514.shtml",
  "http://news.nankai.edu.cn/ywsd/system/2018/09/27/000411496.shtml",
  "http://news.nankai.edu.cn/ywsd/system/2018/09/26/000411334.shtml",
  "http://news.nankai.edu.cn/ywsd/system/2018/09/20/000409974.shtml",
  "http://news.nankai.edu.cn/ywsd/system/2018/09/20/000409855.shtml",
  "http://news.nankai.edu.cn/ywsd/system/2018/09/17/000409094.shtml",
  "http://news.nankai.edu.cn/ywsd/system/2018/09/15/000408814.shtml",
  "http://news.nankai.edu.cn/ywsd/system/2018/09/09/000408198.shtml",
  "http://news.nankai.edu.cn/ywsd/system/2018/09/08/000408114.shtml",
  "http://news.nankai.edu.cn/ywsd/system/2018/09/01/000407536.shtml",
  "http://news.nankai.edu.cn/ywsd/system/2018/08/10/000404774.shtml",
  "http://news.nankai.edu.cn/ywsd/system/2018/08/09/000404514.shtml",
  "http://news.nankai.edu.cn/ywsd/system/2018/08/03/000402956.shtml",
  "http://news.nankai.edu.cn/ywsd/system/2018/08/01/000402614.shtml",
  "http://news.nankai.edu.cn/ywsd/system/2018/09/10/000408334.shtml",
  "http://news.nankai.edu.cn/ywsd/system/2019/01/17/000429454.shtml",
  "http://news.nankai.edu.cn/ywsd/system/2019/01/17/000429514.shtml",
  "http://news.nankai.edu.cn/ywsd/system/2019/01/18/000429614.shtml",
  "http://news.nankai.edu.cn/ywsd/system/2019/01/18/000429715.shtml",
  "http://news.nankai.edu.cn/ywsd/system/2019/01/18/000429874.shtml",
  "http://news.nankai.edu.cn/ywsd/system/2019/01/18/000429794.shtml",
  "http://news.nankai.edu.cn/ywsd/system/2019/01/19/000430015.shtml",
  "http://news.nankai.edu.cn/mtnk/system/2019/02/14/000433074.shtml",
  "http://news.nankai.edu.cn/ywsd/system/2019/01/20/000430095.shtml",
  "http://news.nankai.edu.cn/ywsd/system/2019/01/20/000430094.shtml",
  "http://news.nankai.edu.cn/mtnk/system/2019/01/20/000430256.shtml",
  "http://news.nankai.edu.cn/ywsd/system/2022/05/05/030051178.shtml",
  "http://news.nankai.edu.cn/ywsd/system/2022/05/05/030051180.shtml",
  "http://news.nankai.edu.cn/ywsd/system/2021/01/16/030044195.shtml",
  "http://news.nankai.edu.cn/nkdxb/system/2021/01/27/030044462.shtml",
  "http://news.nankai.edu.cn/ywsd/system/2021/01/16/030044204.shtml",
  "http://news.nankai.edu.cn/ywsd/system/2021/01/16/030044203.shtml",
  "http://news.nankai.edu.cn/ywsd/system/2021/01/16/030044194.shtml",
  "http://news.nankai.edu.cn/ywsd/system/2020/01/17/030037393.shtml",
  "http://news.nankai.edu.cn/ywsd/system/2020/01/16/030037392.shtml",
  "http://news.nankai.edu.cn/ywsd/system/2020/01/09/030037262.shtml",
  "http://news.nankai.edu.cn/ywsd/system/2019/09/29/030035514.shtml",
  "http://news.nankai.edu.cn/ywsd/system/2019/06/28/030034127.shtml",
  "http://news.nankai.edu.cn/ywsd/system/2019/07/07/030034258.shtml",
  "http://news.nankai.edu.cn/ywsd/system/2019/07/04/030034236.shtml",
  "http://news.nankai.edu.cn/ywsd/system/2019/07/04/030034208.shtml",
  "http://news.nankai.edu.cn/ywsd/system/2019/06/06/030033885.shtml",
  "http://news.nankai.edu.cn/ywsd/system/2019/05/08/030033349.shtml",
  "http://news.nankai.edu.cn/sp/system/2019/05/09/030033359.shtml",
  "http://news.nankai.edu.cn/ywsd/system/2019/05/07/030033334.shtml",
  "http://news.nankai.edu.cn/ywsd/system/2019/05/07/030033333.shtml",
  "http://news.nankai.edu.cn/ywsd/system/2019/01/18/000429636.shtml",
  "http://news.nankai.edu.cn/ywsd/system/2019/01/19/000429995.shtml",
  "http://news.nankai.edu.cn/ywsd/system/2019/01/21/000430454.shtml",
  "http://news.nankai.edu.cn/ywsd/system/2019/01/23/000430777.shtml",
  "http://news.nankai.edu.cn/ywsd/system/2019/01/22/000430494.shtml",
  "http://news.nankai.edu.cn/ywsd/system/2019/01/25/000430955.shtml",
  "http://news.nankai.edu.cn/ywsd/system/2019/02/02/000431815.shtml",
  "http://news.nankai.edu.cn/ywsd/system/2019/02/19/000433374.shtml",
  "http://news.nankai.edu.cn/ywsd/system/2019/02/18/000433314.shtml",
  "http://news.nankai.edu.cn/ywsd/system/2019/02/14/000432997.shtml",
  "http://news.nankai.edu.cn/ywsd/system/2019/01/18/000429674.shtml",
  "http://news.nankai.edu.cn/ywsd/system/2019/01/21/000430415.shtml",
  "http://news.nankai.edu.cn/ywsd/system/2019/01/22/000430595.shtml",
  "http://news.nankai.edu.cn/ywsd/system/2019/01/24/000430814.shtml",
  "http://news.nankai.edu.cn/ywsd/system/2019/01/27/000431234.shtml",
  "http://news.nankai.edu.cn/ywsd/system/2019/01/30/000431415.shtml",
  "http://news.nankai.edu.cn/ywsd/system/2019/02/02/000431856.shtml",
  "http://news.nankai.edu.cn/ywsd/system/2019/02/05/000432074.shtml",
  "http://news.nankai.edu.cn/ywsd/system/2019/01/25/000430956.shtml",
  "http://news.nankai.edu.cn/ywsd/system/2019/01/19/000429994.shtml",
  "http://news.nankai.edu.cn/zhxw/system/2019/01/20/000430116.shtml",
  "http://news.nankai.edu.cn/dcxy/system/2019/01/20/000430194.shtml",
  "http://news.nankai.edu.cn/ywsd/system/2019/01/24/000430854.shtml",
  "http://news.nankai.edu.cn/zhxw/system/2019/01/24/000430894.shtml",
  "http://news.nankai.edu.cn/zhxw/system/2019/01/26/000431115.shtml",
  "http://news.nankai.edu.cn/zhxw/system/2019/01/27/000431274.shtml",
  "http://news.nankai.edu.cn/dcxy/system/2019/01/27/000431254.shtml",
  "http://news.nankai.edu.cn/dcxy/system/2019/01/26/000431194.shtml",
  "http://news.nankai.edu.cn/dcxy/system/2019/01/26/000431174.shtml",
  "http://news.nankai.edu.cn/dcxy/system/2019/01/26/000431134.shtml",
  "http://news.nankai.edu.cn/dcxy/system/2019/01/25/000431014.shtml",
  "http://news.nankai.edu.cn/dcxy/system/2019/01/25/000430994.shtml",
  "http://news.nankai.edu.cn/dcxy/system/2019/01/28/000431354.shtml",
  "http://news.nankai.edu.cn/dcxy/system/2019/01/29/000431397.shtml",
  "http://news.nankai.edu.cn/dcxy/system/2019/02/03/000431954.shtml",
  "http://news.nankai.edu.cn/dcxy/system/2019/02/02/000431794.shtml",
  "http://news.nankai.edu.cn/dcxy/system/2019/01/30/000431474.shtml",
  "http://news.nankai.edu.cn/zhxw/system/2019/02/04/000432036.shtml",
  "http://news.nankai.edu.cn/zhxw/system/2019/02/04/000432058.shtml",
  "http://news.nankai.edu.cn/zhxw/system/2019/02/13/000432754.shtml",
  "http://news.nankai.edu.cn/zhxw/system/2019/02/13/000432714.shtml",
  "http://news.nankai.edu.cn/dcxy/system/2019/02/09/000432274.shtml",
  "http://news.nankai.edu.cn/dcxy/system/2019/02/19/000433474.shtml",
  "http://news.nankai.edu.cn/zhxw/system/2019/02/18/000433337.shtml",
  "http://news.nankai.edu.cn/zhxw/system/2019/02/19/000433454.shtml",
  "http://news.nankai.edu.cn/zhxw/system/2019/02/20/000433555.shtml",
  "http://news.nankai.edu.cn/zhxw/system/2019/02/22/000434015.shtml",
  "http://news.nankai.edu.cn/zhxw/system/2019/02/22/000434020.shtml",
  "http://news.nankai.edu.cn/zhxw/system/2019/02/22/000434054.shtml",
  "http://news.nankai.edu.cn/zhxw/system/2019/02/24/000434254.shtml",
  "http://news.nankai.edu.cn/zhxw/system/2019/02/26/000434514.shtml",
  "http://news.nankai.edu.cn/zhxw/system/2019/02/27/000434796.shtml",
  "http://news.nankai.edu.cn/zhxw/system/2019/02/27/000434816.shtml",
  "http://news.nankai.edu.cn/zhxw/system/2019/03/02/000435116.shtml",
  "http://news.nankai.edu.cn/dcxy/system/2019/02/27/000434674.shtml",
  "http://news.nankai.edu.cn/dcxy/system/2019/02/27/000434798.shtml",
  "http://news.nankai.edu.cn/dcxy/system/2019/03/01/000435035.shtml",
  "http://news.nankai.edu.cn/dcxy/system/2019/03/01/000435039.shtml",
  "http://news.nankai.edu.cn/dcxy/system/2019/03/01/000435040.shtml",
  "http://news.nankai.edu.cn/mtnk/system/2022/05/06/030051191.shtml",
  "http://news.nankai.edu.cn/mtnk/system/2019/01/17/000429474.shtml",
  "http://news.nankai.edu.cn/mtnk/system/2019/01/18/000429797.shtml",
  "http://news.nankai.edu.cn/mtnk/system/2019/01/21/000430299.shtml",
  "http://news.nankai.edu.cn/mtnk/system/2019/01/21/000430317.shtml",
  "http://news.nankai.edu.cn/mtnk/system/2019/01/25/000431034.shtml",
  "http://news.nankai.edu.cn/mtnk/system/2019/01/20/000430097.shtml",
  "http://news.nankai.edu.cn/mtnk/system/2019/01/19/000429914.shtml",
  "http://news.nankai.edu.cn/mtnk/system/2019/02/17/000433195.shtml",
  "http://news.nankai.edu.cn/mtnk/system/2019/01/19/000429976.shtml",
  "http://news.nankai.edu.cn/mtnk/system/2019/01/19/000429975.shtml",
  "http://news.nankai.edu.cn/mtnk/system/2019/01/21/000430314.shtml",
  "http://news.nankai.edu.cn/mtnk/system/2019/01/25/000431075.shtml",
  "http://news.nankai.edu.cn/mtnk/system/2019/01/21/000430279.shtml",
  "http://news.nankai.edu.cn/mtnk/system/2019/01/17/000429436.shtml",
  "http://news.nankai.edu.cn/mtnk/system/2019/01/18/000429814.shtml",
  "http://news.nankai.edu.cn/mtnk/system/2019/01/19/000430014.shtml",
  "http://news.nankai.edu.cn/mtnk/system/2019/02/07/000432142.shtml",
  "http://news.nankai.edu.cn/mtnk/system/2019/01/17/000429516.shtml",
  "http://news.nankai.edu.cn/mtnk/system/2019/01/18/000429654.shtml",
  "http://news.nankai.edu.cn/mtnk/system/2019/01/23/000430754.shtml",
  "http://news.nankai.edu.cn/mtnk/system/2019/01/19/000430054.shtml",
  "http://news.nankai.edu.cn/mtnk/system/2019/01/19/000429935.shtml",
  "http://news.nankai.edu.cn/mtnk/system/2019/01/21/000430315.shtml",
  "http://news.nankai.edu.cn/mtnk/system/2019/01/27/000431276.shtml",
  "http://news.nankai.edu.cn/mtnk/system/2019/02/11/000432376.shtml",
  "http://news.nankai.edu.cn/mtnk/system/2019/01/19/000429934.shtml",
  "http://news.nankai.edu.cn/mtnk/system/2019/01/21/000430316.shtml",
  "http://news.nankai.edu.cn/mtnk/system/2019/01/19/000429974.shtml",
  "http://news.nankai.edu.cn/mtnk/system/2019/01/21/000430302.shtml",
  "http://news.nankai.edu.cn/mtnk/system/2019/01/19/000429936.shtml",
  "http://news.nankai.edu.cn/mtnk/system/2019/02/03/000431914.shtml",
  "http://news.nankai.edu.cn/mtnk/system/2019/01/19/000429940.shtml",
  "http://news.nankai.edu.cn/mtnk/system/2019/01/19/000429938.shtml",
  "http://news.nankai.edu.cn/mtnk/system/2019/01/21/000430278.shtml",
  "http://news.nankai.edu.cn/mtnk/system/2019/01/21/000430275.shtml",
  "http://news.nankai.edu.cn/mtnk/system/2019/01/21/000430280.shtml",
  "http://news.nankai.edu.cn/mtnk/system/2019/01/30/000431534.shtml",
  "http://news.nankai.edu.cn/mtnk/system/2019/02/14/000432996.shtml",
  "http://news.nankai.edu.cn/mtnk/system/2019/02/14/000433014.shtml",
  "http://news.nankai.edu.cn/mtnk/system/2019/02/14/000432994.shtml",
  "http://news.nankai.edu.cn/mtnk/system/2019/01/20/000430074.shtml",
  "http://news.nankai.edu.cn/mtnk/system/2019/01/21/000430298.shtml",
  "http://news.nankai.edu.cn/mtnk/system/2019/01/21/000430297.shtml",
  "http://news.nankai.edu.cn/mtnk/system/2019/01/21/000430294.shtml",
  "http://news.nankai.edu.cn/mtnk/system/2019/01/21/000430296.shtml ",
  "http://news.nankai.edu.cn/mtnk/system/2019/01/30/000431494.shtml",
  "http://news.nankai.edu.cn/mtnk/system/2019/02/07/000432136.shtml",
  "http://news.nankai.edu.cn/mtnk/system/2019/02/14/000433034.shtml",
  "http://news.nankai.edu.cn/mtnk/system/2019/02/14/000433054.shtml",
  "http://news.nankai.edu.cn/mtnk/system/2019/02/14/000433055.shtml",
  "http://news.nankai.edu.cn/mtnk/system/2019/01/19/000429939.shtml",
  "http://news.nankai.edu.cn/mtnk/system/2019/01/21/000430318.shtml",
  "http://news.nankai.edu.cn/mtnk/system/2019/01/21/000430319.shtml",
  "http://news.nankai.edu.cn/mtnk/system/2019/02/12/000432456.shtml",
  "http://news.nankai.edu.cn/mtnk/system/2019/02/12/000432483.shtml",
  "http://news.nankai.edu.cn/mtnk/system/2019/01/20/000430234.shtml",
  "http://news.nankai.edu.cn/mtnk/system/2019/01/21/000430276.shtml",
  "http://news.nankai.edu.cn/mtnk/system/2019/01/17/000429594.shtml",
  "http://news.nankai.edu.cn/mtnk/system/2019/01/17/000429595.shtml",
  "http://news.nankai.edu.cn/mtnk/system/2019/01/18/000429716.shtml",
  "http://news.nankai.edu.cn/mtnk/system/2019/01/18/000429694.shtml",
  "http://news.nankai.edu.cn/mtnk/system/2019/01/17/000429574.shtml",
  "http://news.nankai.edu.cn/mtnk/system/2019/02/14/000433094.shtml",
  "http://news.nankai.edu.cn/ywsd/system/2019/06/28/030034130.shtml",
  "http://news.nankai.edu.cn/ywsd/system/2019/07/04/030034245.shtml",
  "http://news.nankai.edu.cn/ztbd/system/2019/07/09/030034356.shtml",
  "http://news.nankai.edu.cn/ztbd/system/2019/07/09/030034355.shtml",
  "http://news.nankai.edu.cn/ztbd/system/2019/07/09/030034358.shtml",
  "http://news.nankai.edu.cn/ztbd/system/2019/07/09/030034354.shtml",
  "http://news.nankai.edu.cn/ztbd/system/2019/07/09/030034350.shtml",
  "http://news.nankai.edu.cn/ztbd/system/2019/07/09/030034359.shtml",
  "http://news.nankai.edu.cn/ztbd/system/2019/07/09/030034349.shtml",
  "http://news.nankai.edu.cn/ztbd/system/2019/07/09/030034352.shtml",
  "http://news.nankai.edu.cn/ztbd/system/2019/07/09/030034348.shtml",
  "http://news.nankai.edu.cn/ztbd/system/2019/07/09/030034351.shtml",
  "http://news.nankai.edu.cn/ywsd/system/2019/06/28/030034132.shtml",
  "http://news.nankai.edu.cn/ywsd/system/2019/07/04/030034247.shtml",
  "http://news.nankai.edu.cn/ywsd/system/2019/06/28/030034129.shtml",
  "http://news.nankai.edu.cn/ywsd/system/2019/07/04/030034244.shtml",
  "http://news.nankai.edu.cn/ywsd/system/2019/07/04/030034243.shtml",
  "http://news.nankai.edu.cn/ywsd/system/2019/07/04/030034219.shtml",
  "http://news.nankai.edu.cn/ywsd/system/2019/07/03/030034204.shtml",
  "http://news.nankai.edu.cn/ywsd/system/2019/06/28/030034135.shtml",
  "http://news.nankai.edu.cn/ywsd/system/2019/06/17/030034067.shtml",
  "http://news.nankai.edu.cn/ywsd/system/2019/06/24/030034094.shtml",
  "http://news.nankai.edu.cn/ywsd/system/2019/06/28/030034131.shtml",
  "http://news.nankai.edu.cn/ywsd/system/2019/07/04/030034246.shtml",
  "http://news.nankai.edu.cn/ywsd/system/2019/09/11/030035178.shtml",
  "http://news.nankai.edu.cn/ztbd/system/2010/04/21/000029936.shtml",
  "http://news.nankai.edu.cn/zhxw/system/2010/04/22/000029978.shtml",
  "http://news.nankai.edu.cn/zhxw/system/2010/04/21/000029937.shtml",
  "http://news.nankai.edu.cn/zhxw/system/2010/04/21/000029955.shtml",
  "http://news.nankai.edu.cn/zhxw/system/2010/04/22/000030000.shtml",
  "http://jw.nankai.edu.cn/",
  "http://news.nankai.edu.cn/ztbd/system/2010/04/12/000029720.shtml",
  "http://news.nankai.edu.cn/ztbd/system/2010/04/12/000029731.shtml",
  "http://news.nankai.edu.cn/ztbd/system/2010/06/04/000031414.shtml",
  "http://news.nankai.edu.cn/ztbd/system/2010/06/10/000031666.shtml",
  "http://news.nankai.edu.cn/zhxw/system/2010/06/06/000031478.shtml",
  "http://news.nankai.edu.cn/zhxw/system/2010/01/23/000028366.shtml",
  "http://news.nankai.edu.cn/ztbd/system/2010/06/03/000031399.shtml",
  "http://news.nankai.edu.cn/ywsd/system/2010/07/14/000032530.shtml",
  "http://news.nankai.edu.cn/ztbd/system/2010/06/08/000031542.shtml",
  "http://zsb.nankai.edu.cn/yxsz.htm",
  "http://news.nankai.edu.cn/ztbd/system/2010/06/07/000031507.shtml",
  "http://zsb.nankai.edu.cn/zsjh/beijing.htm",
  "http://zsb.nankai.edu.cn/zsjh/shanghai.htm",
  "http://zsb.nankai.edu.cn/zsjh/tianjin.htm",
  "http://zsb.nankai.edu.cn/zsjh/chongqing.htm",
  "http://zsb.nankai.edu.cn/zsjh/hebei.htm",
  "http://news.nankai.edu.cn/ztbd/system/2010/06/07/000031519.shtml",
  "http://zsb.nankai.edu.cn/default.asp",
  "http://zsb.nankai.edu.cn/kswd.html",
  "http://news.nankai.edu.cn/ztbd/system/2010/06/07/000031512.shtml",
  "http://news.nankai.edu.cn/ztbd/system/2010/06/07/000031511.shtml",
  "http://news.nankai.edu.cn/ztbd/system/2010/06/07/000031509.shtml",
  "http://news.nankai.edu.cn/pic/0/00/01/59/15900_921224.jpg",
  "http://ic.lib.nankai.edu.cn/clientweb/xcus/ic2/Default.aspx",
  "http://online.nankai.edu.cn/taskcenter/",
  "http://lib.nankai.edu.cn/2014/0219/c11989a182956/page.htm",
  "http://webplus3.nankai.edu.cn/_s139/mainm.psp",
  "http://pt.nankai.edu.cn/main.htm",
  "http://med.less.nankai.edu.cn/public",
  "http://env.less.nankai.edu.cn/public",
  "http://pharm.less.nankai.edu.cn",
  "http://life.less.nankai.edu.cn",
  "http://chem.less.nankai.edu.cn",
  "http://phy.less.nankai.edu.cn",
  "http://pec.nankai.edu.cn/12116/list.htm",
  "http://pec.nankai.edu.cn/12117/list.htm",
  "http://pec.nankai.edu.cn/12118/list.htm",
  "http://pec.nankai.edu.cn/12119/list.htm",
  "http://pec.nankai.edu.cn/12120/list.htm",
  "http://pec.nankai.edu.cn/12121/list.htm",
  "http://pec.nankai.edu.cn/12102/list.htm",
  "http://lac.nankai.edu.cn/19619/list.htm",
  "http://lac.nankai.edu.cn/11954/list.htm",
  "http://lac.nankai.edu.cn/11967/list.htm",
  "http://lac.nankai.edu.cn/sydwtpzs/list.htm",
  "http://lac.nankai.edu.cn/19747/list.htm",
  "http://lac.nankai.edu.cn/19749/list.htm",
  "http://energy.nankai.edu.cn/article/817",
  "http://news.nankai.edu.cn/ywsd/system/2023/04/07/030055292.shtml",
  "http://news.nankai.edu.cn/ywsd/system/2023/03/20/030054950.shtml",
  "http://news.nankai.edu.cn/ywsd/system/2023/03/17/030054916.shtml",
  "http://news.nankai.edu.cn/ywsd/system/2023/03/17/030054907.shtml",
  "http://news.nankai.edu.cn/ywsd/system/2023/02/20/030054423.shtml",
  "http://news.nankai.edu.cn/ywsd/system/2023/02/16/030054399.shtml",
  "http://news.nankai.edu.cn/ywsd/system/2023/01/08/030054205.shtml",
  "http://news.nankai.edu.cn/ywsd/system/2023/01/07/030054202.shtml",
  "http://news.nankai.edu.cn/ywsd/system/2023/01/02/030054181.shtml",
  "http://news.nankai.edu.cn/ywsd/system/2022/12/24/030054087.shtml",
  "http://news.nankai.edu.cn/ywsd/system/2022/12/20/030054066.shtml",
  "http://news.nankai.edu.cn/ywsd/system/2022/12/17/030054044.shtml",
  "http://news.nankai.edu.cn/ywsd/system/2022/12/16/030054041.shtml",
  "http://news.nankai.edu.cn/ywsd/system/2022/12/14/030054031.shtml",
  "http://news.nankai.edu.cn/ywsd/system/2022/12/09/030053979.shtml",
  "http://news.nankai.edu.cn/ywsd/system/2022/12/03/030053911.shtml",
  "http://news.nankai.edu.cn/ywsd/system/2022/12/02/030053903.shtml",
  "http://news.nankai.edu.cn/ywsd/system/2022/12/02/030053896.shtml",
  "http://news.nankai.edu.cn/ywsd/system/2022/11/29/030053867.shtml",
  "http://news.nankai.edu.cn/ywsd/system/2022/11/26/030053813.shtml",
  "http://news.nankai.edu.cn/ywsd/system/2022/11/25/030053809.shtml",
  "http://news.nankai.edu.cn/ywsd/system/2022/11/25/030053805.shtml",
  "http://news.nankai.edu.cn/ywsd/system/2022/11/24/030053788.shtml",
  "http://news.nankai.edu.cn/ywsd/system/2022/11/22/030053759.shtml",
  "http://news.nankai.edu.cn/ywsd/system/2022/11/22/030053744.shtml",
  "http://news.nankai.edu.cn/ywsd/system/2022/11/21/030053725.shtml",
  "http://news.nankai.edu.cn/ywsd/system/2022/11/19/030053705.shtml",
  "http://news.nankai.edu.cn/ywsd/system/2022/11/18/030053677.shtml",
  "http://news.nankai.edu.cn/ywsd/system/2022/11/18/030053675.shtml",
  "http://news.nankai.edu.cn/ywsd/system/2022/11/18/030053674.shtml",
  "http://news.nankai.edu.cn/ywsd/system/2022/11/17/030053668.shtml",
  "http://news.nankai.edu.cn/ywsd/system/2022/11/15/030053616.shtml",
  "http://news.nankai.edu.cn/ywsd/system/2022/11/14/030053591.shtml",
  "http://news.nankai.edu.cn/ywsd/system/2022/11/12/030053572.shtml",
  "http://news.nankai.edu.cn/ywsd/system/2022/11/11/030053558.shtml",
  "http://news.nankai.edu.cn/ywsd/system/2022/11/09/030053547.shtml",
  "http://news.nankai.edu.cn/ywsd/system/2022/11/09/030053538.shtml",
  "http://news.nankai.edu.cn/ywsd/system/2022/11/09/030053528.shtml",
  "http://news.nankai.edu.cn/ywsd/system/2022/11/08/030053524.shtml",
  "http://news.nankai.edu.cn/ywsd/system/2022/11/08/030053510.shtml",
  "http://news.nankai.edu.cn/ywsd/system/2022/11/04/030053475.shtml",
  "http://news.nankai.edu.cn/ywsd/system/2022/11/04/030053471.shtml",
  "http://news.nankai.edu.cn/ywsd/system/2022/11/03/030053442.shtml",
  "http://news.nankai.edu.cn/ywsd/system/2022/10/31/030053378.shtml",
  "http://news.nankai.edu.cn/ywsd/system/2022/10/31/030053373.shtml",
  "http://news.nankai.edu.cn/ywsd/system/2022/10/30/030053359.shtml",
  "http://news.nankai.edu.cn/ywsd/system/2022/10/29/030053347.shtml",
  "http://news.nankai.edu.cn/ywsd/system/2022/10/28/030053342.shtml",
  "http://news.nankai.edu.cn/ywsd/system/2022/10/28/030053334.shtml",
  "http://news.nankai.edu.cn/ywsd/system/2022/10/28/030053330.shtml",
  "http://news.nankai.edu.cn/ywsd/system/2022/10/26/030053316.shtml",
  "http://news.nankai.edu.cn/ywsd/system/2022/10/25/030053306.shtml",
  "http://news.nankai.edu.cn/ywsd/system/2022/10/23/030053269.shtml",
  "http://news.nankai.edu.cn/ywsd/system/2022/10/21/030053259.shtml",
  "http://news.nankai.edu.cn/ywsd/system/2022/10/21/030053255.shtml",
  "http://news.nankai.edu.cn/ywsd/system/2022/10/20/030053229.shtml",
  "http://news.nankai.edu.cn/ywsd/system/2022/10/18/030053197.shtml",
  "http://news.nankai.edu.cn/ywsd/system/2022/10/18/030053198.shtml",
  "http://news.nankai.edu.cn/ywsd/system/2022/10/17/030053189.shtml",
  "http://news.nankai.edu.cn/ywsd/system/2022/10/17/030053172.shtml",
  "http://news.nankai.edu.cn/ywsd/system/2022/10/16/030053160.shtml",
  "http://news.nankai.edu.cn/ywsd/system/2022/10/16/030053159.shtml",
  "http://news.nankai.edu.cn/mtnk/system/2022/12/31/030054154.shtml",
  "http://news.nankai.edu.cn/mtnk/system/2022/12/26/030054098.shtml",
  "http://news.nankai.edu.cn/mtnk/system/2022/11/28/030053843.shtml",
  "http://news.nankai.edu.cn/mtnk/system/2022/11/25/030053802.shtml",
  "http://news.nankai.edu.cn/mtnk/system/2022/11/25/030053801.shtml",
  "http://news.nankai.edu.cn/mtnk/system/2022/11/21/030053724.shtml",
  "http://news.nankai.edu.cn/mtnk/system/2022/11/18/030053691.shtml",
  "http://news.nankai.edu.cn/mtnk/system/2022/11/17/030053648.shtml",
  "http://news.nankai.edu.cn/mtnk/system/2022/11/17/030053647.shtml",
  "http://news.nankai.edu.cn/mtnk/system/2022/11/17/030053649.shtml",
  "http://news.nankai.edu.cn/mtnk/system/2022/11/16/030053638.shtml",
  "http://news.nankai.edu.cn/mtnk/system/2022/11/10/030053552.shtml",
  "http://news.nankai.edu.cn/mtnk/system/2022/11/09/030053530.shtml",
  "http://news.nankai.edu.cn/mtnk/system/2022/11/08/030053518.shtml",
  "http://news.nankai.edu.cn/mtnk/system/2022/11/07/030053499.shtml",
  "http://news.nankai.edu.cn/mtnk/system/2022/11/05/030053477.shtml",
  "http://news.nankai.edu.cn/mtnk/system/2022/11/02/030053422.shtml",
  "http://news.nankai.edu.cn/mtnk/system/2022/11/02/030053421.shtml",
  "http://news.nankai.edu.cn/mtnk/system/2022/11/02/030053410.shtml",
  "http://news.nankai.edu.cn/mtnk/system/2022/11/02/030053408.shtml",
  "http://news.nankai.edu.cn/mtnk/system/2022/11/02/030053407.shtml",
  "http://news.nankai.edu.cn/mtnk/system/2022/10/31/030053371.shtml",
  "http://news.nankai.edu.cn/mtnk/system/2022/10/28/030053333.shtml",
  "http://news.nankai.edu.cn/mtnk/system/2022/10/25/030053298.shtml",
  "http://news.nankai.edu.cn/mtnk/system/2022/10/24/030053280.shtml",
  "http://news.nankai.edu.cn/mtnk/system/2022/10/24/030053285.shtml",
  "http://news.nankai.edu.cn/zhxw/system/2023/04/08/030055305.shtml",
  "http://news.nankai.edu.cn/zhxw/system/2023/04/08/030055304.shtml",
  "http://news.nankai.edu.cn/zhxw/system/2023/04/07/030055297.shtml",
  "http://news.nankai.edu.cn/zhxw/system/2022/12/17/030054047.shtml",
  "http://news.nankai.edu.cn/zhxw/system/2022/12/17/030054046.shtml",
  "http://news.nankai.edu.cn/zhxw/system/2022/12/05/030053923.shtml",
  "http://news.nankai.edu.cn/zhxw/system/2022/11/26/030053825.shtml",
  "http://news.nankai.edu.cn/zhxw/system/2022/11/26/030053820.shtml",
  "http://news.nankai.edu.cn/zhxw/system/2022/11/22/030053752.shtml",
  "http://news.nankai.edu.cn/dcxy/system/2022/12/27/030054112.shtml",
  "http://news.nankai.edu.cn/dcxy/system/2022/12/23/030054080.shtml",
  "http://news.nankai.edu.cn/dcxy/system/2022/12/13/030054020.shtml",
  "http://news.nankai.edu.cn/dcxy/system/2022/11/30/030053868.shtml",
  "http://news.nankai.edu.cn/dcxy/system/2022/11/17/030053671.shtml",
  "http://news.nankai.edu.cn/dcxy/system/2022/11/17/030053658.shtml",
  "http://news.nankai.edu.cn/dcxy/system/2022/11/17/030053653.shtml",
  "http://news.nankai.edu.cn/dcxy/system/2022/11/17/030053650.shtml",
  "http://news.nankai.edu.cn/zhxw/system/2022/11/15/030053634.shtml",
  "http://news.nankai.edu.cn/zhxw/system/2022/11/15/030053628.shtml",
  "http://news.nankai.edu.cn/dcxy/system/2022/11/17/030053672.shtml",
  "http://news.nankai.edu.cn/zhxw/system/2022/10/27/030053323.shtml",
  "http://news.nankai.edu.cn/dcxy/system/2022/10/27/030053321.shtml",
  "http://news.nankai.edu.cn/dcxy/system/2022/10/27/030053318.shtml",
  "http://news.nankai.edu.cn/dcxy/system/2022/10/26/030053312.shtml",
  "http://news.nankai.edu.cn/dcxy/system/2022/10/26/030053315.shtml",
  "http://news.nankai.edu.cn/dcxy/system/2022/10/26/030053311.shtml",
  "http://news.nankai.edu.cn/zhxw/system/2022/10/26/030053317.shtml",
  "http://news.nankai.edu.cn/dcxy/system/2022/10/25/030053304.shtml",
  "http://news.nankai.edu.cn/dcxy/system/2022/10/21/030053257.shtml",
  "http://news.nankai.edu.cn/dcxy/system/2022/10/21/030053253.shtml",
  "http://news.nankai.edu.cn/dcxy/system/2022/10/21/030053252.shtml",
  "http://news.nankai.edu.cn/dcxy/system/2022/10/20/030053234.shtml",
  "http://news.nankai.edu.cn/dcxy/system/2022/10/20/030053231.shtml",
  "http://news.nankai.edu.cn/zhxw/system/2022/10/20/030053238.shtml",
  "http://news.nankai.edu.cn/zhxw/system/2022/10/19/030053225.shtml",
  "http://news.nankai.edu.cn/dcxy/system/2022/10/18/030053204.shtml",
  "http://news.nankai.edu.cn/dcxy/system/2022/10/18/030053206.shtml",
  "http://news.nankai.edu.cn/zhxw/system/2022/10/17/030053187.shtml",
  "http://news.nankai.edu.cn/zhxw/system/2022/10/17/030053181.shtml",
  "http://news.nankai.edu.cn/ywsd/system/2022/10/14/030053139.shtml",
  "http://news.nankai.edu.cn/ywsd/system/2022/10/12/030053108.shtml",
  "http://news.nankai.edu.cn/ywsd/system/2022/10/10/030053081.shtml",
  "http://news.nankai.edu.cn/ywsd/system/2022/10/15/030053156.shtml",
  "http://news.nankai.edu.cn/ywsd/system/2022/10/14/030053147.shtml",
  "http://news.nankai.edu.cn/ywsd/system/2022/10/12/030053125.shtml",
  "http://news.nankai.edu.cn/ywsd/system/2022/10/10/030053084.shtml",
  "http://news.nankai.edu.cn/ywsd/system/2022/10/12/030053126.shtml",
  "http://news.nankai.edu.cn/ywsd/system/2022/10/11/030053093.shtml",
  "http://news.nankai.edu.cn/ywsd/system/2022/10/09/030053075.shtml",
  "http://news.nankai.edu.cn/ywsd/system/2023/07/21/030057171.shtml",
  "http://news.nankai.edu.cn/ywsd/system/2023/08/30/030057623.shtml",
  "http://news.nankai.edu.cn/ywsd/system/2023/08/18/030057479.shtml",
  "http://news.nankai.edu.cn/ywsd/system/2023/07/20/030057160.shtml",
  "http://news.nankai.edu.cn/ztbd/system/2023/07/20/030057162.shtml",
  "http://news.nankai.edu.cn/ywsd/system/2023/07/15/030057121.shtml",
  "http://news.nankai.edu.cn/ztbd/system/2023/07/07/030057010.shtml",
  "http://news.nankai.edu.cn/ywsd/system/2023/07/06/030057001.shtml",
  "http://news.nankai.edu.cn/ywsd/system/2023/07/05/030056984.shtml",
  "http://news.nankai.edu.cn/ywsd/system/2023/06/21/030056829.shtml",
  "http://news.nankai.edu.cn/ywsd/system/2023/06/14/030056728.shtml",
  "http://news.nankai.edu.cn/ywsd/system/2023/06/13/030056713.shtml",
  "http://news.nankai.edu.cn/ywsd/system/2023/06/08/030056659.shtml",
  "http://news.nankai.edu.cn/ywsd/system/2023/06/06/030056627.shtml",
  "http://news.nankai.edu.cn/ywsd/system/2023/05/30/030056498.shtml",
  "http://news.nankai.edu.cn/ywsd/system/2023/05/26/030056434.shtml",
  "http://news.nankai.edu.cn/ywsd/system/2023/05/26/030056424.shtml",
  "http://news.nankai.edu.cn/ywsd/system/2023/05/25/030056384.shtml",
  "http://news.nankai.edu.cn/ywsd/system/2023/05/19/030056251.shtml",
  "http://news.nankai.edu.cn/ztbd/system/2023/05/19/030056257.shtml",
  "http://news.nankai.edu.cn/ywsd/system/2023/05/13/030056098.shtml",
  "http://news.nankai.edu.cn/ywsd/system/2023/05/12/030056070.shtml",
  "http://news.nankai.edu.cn/ywsd/system/2023/05/10/030056044.shtml",
  "http://news.nankai.edu.cn/ztbd/system/2023/05/02/030055860.shtml",
  "http://news.nankai.edu.cn/ztbd/system/2023/05/02/030055861.shtml",
  "http://news.nankai.edu.cn/ywsd/system/2023/04/28/030055823.shtml",
  "http://news.nankai.edu.cn/ywsd/system/2023/04/25/030055745.shtml",
  "http://news.nankai.edu.cn/ywsd/system/2023/04/23/030055647.shtml",
  "http://news.nankai.edu.cn/ywsd/system/2023/04/17/030055481.shtml",
  "http://news.nankai.edu.cn/ywsd/system/2023/04/16/030055454.shtml",
  "http://news.nankai.edu.cn/ywsd/system/2023/04/24/030055649.shtml",
  "http://news.nankai.edu.cn/ywsd/system/2023/04/22/030055620.shtml",
  "http://news.nankai.edu.cn/ywsd/system/2023/04/22/030055607.shtml",
  "http://news.nankai.edu.cn/ywsd/system/2023/04/22/030055623.shtml",
  "http://news.nankai.edu.cn/ywsd/system/2023/04/21/030055569.shtml",
  "http://news.nankai.edu.cn/ywsd/system/2023/04/18/030055536.shtml",
  "http://news.nankai.edu.cn/ywsd/system/2023/04/18/030055526.shtml",
  "http://news.nankai.edu.cn/ywsd/system/2023/04/11/030055376.shtml",
  "http://news.nankai.edu.cn/ywsd/system/2023/04/10/030055353.shtml",
  "http://news.nankai.edu.cn/ywsd/system/2023/04/06/030055261.shtml",
  "http://news.nankai.edu.cn/ywsd/system/2023/09/01/030057670.shtml",
  "http://news.nankai.edu.cn/ywsd/system/2023/08/17/030057474.shtml",
  "http://news.nankai.edu.cn/ywsd/system/2023/08/29/030057612.shtml",
  "http://news.nankai.edu.cn/ywsd/system/2023/08/10/030057411.shtml",
  "http://news.nankai.edu.cn/ywsd/system/2023/08/08/030057384.shtml",
  "http://news.nankai.edu.cn/ywsd/system/2023/08/07/030057375.shtml",
  "http://news.nankai.edu.cn/ywsd/system/2023/08/04/030057354.shtml",
  "http://news.nankai.edu.cn/ywsd/system/2023/08/04/030057353.shtml",
  "http://news.nankai.edu.cn/ywsd/system/2023/07/05/030056983.shtml",
  "http://news.nankai.edu.cn/ywsd/system/2023/07/01/030056945.shtml",
  "http://news.nankai.edu.cn/ztbd/system/2023/06/10/030056696.shtml",
  "http://news.nankai.edu.cn/ztbd/system/2023/06/10/030056697.shtml",
  "http://news.nankai.edu.cn/zhxw/system/2023/05/19/030056239.shtml",
  "http://news.nankai.edu.cn/zhxw/system/2023/05/18/030056194.shtml",
  "http://news.nankai.edu.cn/zhxw/system/2023/05/10/030056028.shtml",
  "http://news.nankai.edu.cn/zhxw/system/2023/04/28/030055822.shtml",
  "http://news.nankai.edu.cn/zhxw/system/2023/04/28/030055802.shtml",
  "http://news.nankai.edu.cn/zhxw/system/2023/04/26/030055763.shtml",
  "http://news.nankai.edu.cn/zhxw/system/2023/04/26/030055764.shtml",
  "http://news. nankai.edu.cn/zhxw/system/2023/04/26/030055756.shtml",
  "http://news.nankai.edu.cn/zhxw/system/2023/04/26/030055756.shtml",
  "http://news.nankai.edu.cn/zhxw/system/2023/04/25/030055711.shtml",
  "http://news.nankai.edu.cn/zhxw/system/2023/04/25/030055702.shtml",
  "http://news.nankai.edu.cn/zhxw/system/2023/04/24/030055697.shtml",
  "http://news.nankai.edu.cn/zhxw/system/2023/04/24/030055696.shtml",
  "http://news.nankai.edu.cn/zhxw/system/2023/04/24/030055695.shtml",
  "http://news.nankai.edu.cn/zhxw/system/2023/04/24/030055694.shtml",
  "http://news.nankai.edu.cn/zhxw/system/2023/04/24/030055687.shtml",
  "http://news.nankai.edu.cn/zhxw/system/2023/04/24/030055684.shtml",
  "http://news.nankai.edu.cn/zhxw/system/2023/04/24/030055683.shtml",
  "http://news.nankai.edu.cn/zhxw/system/2023/04/24/030055667.shtml",
  "http://news.nankai.edu.cn/zhxw/system/2023/04/24/030055656.shtml",
  "http://news.nankai.edu.cn/zhxw/system/2023/04/22/030055627.shtml",
  "http://news.nankai.edu.cn/zhxw/system/2023/04/22/030055626.shtml",
  "http://news. nankai.edu.cn/zhxw/system/2023/04/22/030055610.shtml",
  "http://news.nankai.edu.cn/zhxw/system/2023/04/21/030055597.shtml",
  "http://news. nankai.edu.cn/zhxw/system/2023/04/21/030055584.shtml",
  "http://news. nankai.edu.cn/zhxw/system/2023/04/21/030055573.shtml",
  "http://news. nankai.edu.cn/zhxw/system/2023/04/20/030055562.shtml",
  "http://news.nankai.edu.cn/zhxw/system/2023/04/18/030055527.shtml",
  "http://news.nankai.edu.cn/ywsd/system/2023/08/08/030057382.shtml",
  "http://news.nankai.edu.cn/ywsd/system/2023/08/05/030057358.shtml",
  "http://news.nankai.edu.cn/ywsd/system/2023/08/05/030057355.shtml",
  "http://news.nankai.edu.cn/mtnk/system/2023/08/04/030057334.shtml",
  "http://news.nankai.edu.cn/mtnk/system/2023/08/04/030057335.shtml",
  "http://news.nankai.edu.cn/mtnk/system/2023/05/19/030056224.shtml",
  "http://news.nankai.edu.cn/mtnk/system/2023/05/19/030056223.shtml",
  "http://news.nankai.edu.cn/mtnk/system/2023/04/06/030055266.shtml",
  "http://news.nankai.edu.cn/mtnk/system/2023/04/11/030055367.shtml",
  "http://news.nankai.edu.cn/mtnk/system/2023/04/11/030055370.shtml",
  "http://news.nankai.edu.cn/mtnk/system/2023/04/11/030055368.shtml",
  "http://news.nankai.edu.cn/mtnk/system/2023/04/25/030055726.shtml",
  "http://news.nankai.edu.cn/mtnk/system/2023/04/25/030055718.shtml",
  "http://energy.nankai.edu.cn/article/912",
  "http://energy.nankai.edu.cn/article/975",
  "http://energy.nankai.edu.cn/article/797",
  "http://energy.nankai.edu.cn/article/792",
  "http://news.nankai.edu.cn/ywsd/system/2022/03/03/030050479.shtml",
  "http://energy.nankai.edu.cn/article/762",
  "http://energy.nankai.edu.cn/article/893",
  "http://energy.nankai.edu.cn/article/875",
  "http://energy.nankai.edu.cn/article/408",
  "http://energy.nankai.edu.cn/article/742",
  "http://energy.nankai.edu.cn/article/825",
  "http://energy.nankai.edu.cn/article/530",
  "http://energy.nankai.edu.cn/article/528",
  "http://physics.nankai.edu.cn/xsq/main.htm",
  "http://physics.nankai.edu.cn/tlq/main.htm",
  "http://physics.nankai.edu.cn/lww1/main.htm",
  "https://webplus3.nankai.edu.cn/_upload/article/files/0c/b8/8bfe93b142e698774fe292af0cae/66dd185c-3638-4c01-84fd-4d1b67a8c986.pdf",
  "https://webplus3.nankai.edu.cn/_upload/article/files/d5/94/2ca2749e47dbae89278a8a48ceff/bd601313-f13d-4fd2-9455-c293d7120fab.pdf",
  "https://webplus3.nankai.edu.cn/_upload/article/files/0c/b8/8bfe93b142e698774fe292af0cae/bc6b65ae-2aa5-4872-8bc2-9f206338a4fa.pdf",
  "https://webplus3.nankai.edu.cn/_upload/article/files/0c/b8/8bfe93b142e698774fe292af0cae/69f377a6-88a6-4255-86cc-06f46eaa59c4.pdf",
  "https://webplus3.nankai.edu.cn/_upload/article/files/eb/47/9bf58d5741e090afcb409d16db41/87863d3e-15ac-4ec6-877f-9ef4b4d314ab.pdf",
  "https://webplus3.nankai.edu.cn/_upload/article/files/0c/b8/8bfe93b142e698774fe292af0cae/f3e007e5-8896-4e8c-9c59-b49808fcb386.pdf",
  "https://webplus3.nankai.edu.cn/_upload/article/files/0c/b8/8bfe93b142e698774fe292af0cae/c267b932-75eb-4d4e-bd60-45eaa207b33d.pdf",
  "https://webplus3.nankai.edu.cn/_upload/article/files/0c/b8/8bfe93b142e698774fe292af0cae/e8de0503-be62-4fb0-a15a-18432fdbe1ff.pdf",
  "https://webplus3.nankai.edu.cn/_upload/article/files/0c/b8/8bfe93b142e698774fe292af0cae/129a42e6-4e0e-40f0-b17e-cb8dcedecff9.pdf",
  "https://webplus3.nankai.edu.cn/_upload/article/files/0c/b8/8bfe93b142e698774fe292af0cae/831951c9-e3f4-473d-9be8-4258671be229.pdf",
  "https://webplus3.nankai.edu.cn/_upload/article/files/0c/b8/8bfe93b142e698774fe292af0cae/dc9a15cf-3ff5-464e-8390-f120cb27f3e4.pdf",
  "https://webplus3.nankai.edu.cn/_upload/article/files/0c/b8/8bfe93b142e698774fe292af0cae/35e62d44-de0e-4448-93f6-75318d73e063.pdf",
  "https://webplus3.nankai.edu.cn/_upload/article/files/0c/b8/8bfe93b142e698774fe292af0cae/7e012ca4-ec7d-4ba9-8e67-966cb639e392.pdf",
  "https://webplus3.nankai.edu.cn/_upload/article/files/0c/b8/8bfe93b142e698774fe292af0cae/07c6ffcc-9dfa-4827-8954-75e388b18dff.pdf",
  "https://webplus3.nankai.edu.cn/_upload/article/files/0c/b8/8bfe93b142e698774fe292af0cae/ffcc3341-ba8d-44eb-9573-2bd23db09811.pdf",
  "https://webplus3.nankai.edu.cn/_upload/article/files/0c/b8/8bfe93b142e698774fe292af0cae/1c1b3296-0965-4f1b-bb67-d56313e961ce.pdf",
  "https://webplus3.nankai.edu.cn/_upload/article/files/0c/b8/8bfe93b142e698774fe292af0cae/f7b72556-bfc5-4d36-bf0a-e2de9137e084.pdf",
  "https://webplus3.nankai.edu.cn/_upload/article/files/0c/b8/8bfe93b142e698774fe292af0cae/682452e3-81b6-408e-a624-8b153fea3430.pdf",
  "https://webplus3.nankai.edu.cn/_upload/article/files/0c/b8/8bfe93b142e698774fe292af0cae/d47e5cce-7c84-4593-99e1-8bd979bd8b4a.pdf",
  "https://webplus3.nankai.edu.cn/_upload/article/files/0c/b8/8bfe93b142e698774fe292af0cae/3ce46a94-8037-4504-813d-bf9cbd3eeafe.pdf",
  "https://webplus3.nankai.edu.cn/_upload/article/files/0c/b8/8bfe93b142e698774fe292af0cae/e95804bb-d18c-415c-bb88-6a2a09057c15.pdf",
  "https://webplus3.nankai.edu.cn/_upload/article/files/0c/b8/8bfe93b142e698774fe292af0cae/d1d6dcde-2b16-411d-9fa6-7e6f4aa05e6a.pdf",
  "https://webplus3.nankai.edu.cn/_upload/article/files/0c/b8/8bfe93b142e698774fe292af0cae/a422452a-eb01-4da3-b527-c71ae110d80a.pdf",
  "https://webplus3.nankai.edu.cn/_upload/article/files/0c/b8/8bfe93b142e698774fe292af0cae/31a52471-f50b-4f9e-9baa-ae21fe5ae8d7.pdf",
  "http://physics.nankai.edu.cn/ch/main.htm",
  "http://news.nankai.edu.cn/ztbd/system/2017/01/10/000314874.shtml",
  "http://news.nankai.edu.cn/ywsd/system/2013/06/06/000128975.shtml",
  "http://news.nankai.edu.cn/ywsd/system/2017/03/12/000321974.shtml",
  "http://news.nankai.edu.cn/ywsd/system/2017/03/12/000321975.shtml",
  "http://news.nankai.edu.cn/2016/0827/c157a46777/page.htm",
  "http://news.nankai.edu.cn/ywsd/system/2015/01/10/000217294.shtml",
  "http://news.nankai.edu.cn/ywsd/system/2015/01/14/000217675.shtml",
  "http://news.nankai.edu.cn/ztbd/system/2014/09/25/000202602.shtml",
  "http://news.nankai.edu.cn/ywsd/system/2014/10/13/000204395.shtml",
  "http://news.nankai.edu.cn/ywsd/system/2014/10/11/000204278.shtml",
  "http://news.nankai.edu.cn/s/12/t/27/5d/0b/info23819.htm",
  "http://news.nankai.edu.cn/ywsd/system/2014/09/26/000202637.shtml",
  "http://news.nankai.edu.cn/ztbd/system/2014/08/13/000196974.shtml",
  "http://news.nankai.edu.cn/ztbd/system/2013/10/30/000149817.shtml",
  "http://news.nankai.edu.cn/ywsd/system/2013/07/18/000135138.shtml",
  "http://news.nankai.edu.cn/ywsd/system/2013/04/29/000121674.shtml",
  "http://news.nankai.edu.cn/ywsd/system/2013/04/27/000121334.shtml",
  "http://news.nankai.edu.cn/ywsd/system/2013/04/25/000120434.shtml",
  "http://news.nankai.edu.cn/ywsd/system/2013/03/14/000113874.shtml",
  "http://news.nankai.edu.cn/ywsd/system/2012/12/20/000106714.shtml",
  "http://news.nankai.edu.cn/ztbd/system/2013/10/24/000148254.shtml",
  "http://news.nankai.edu.cn/ztbd/system/2013/10/31/000150095.shtml",
  "http://news.nankai.edu.cn/ztbd/system/2013/10/30/000149818.shtml",
  "http://news.nankai.edu.cn/ztbd/system/2013/10/30/000149820.shtml",
  "http://news.nankai.edu.cn/ztbd/system/2013/10/31/000150096.shtml",
  "http://news.nankai.edu.cn/ztbd/system/2013/10/30/000149819.shtml",
  "http://xb.nankai.edu.cn/attach/2014/03/31/19697.pdf",
  "http://xb.nankai.edu.cn/attach/17738.pdf",
  "http://news.nankai.edu.cn/ywsd/system/2017/06/28/000336334.shtml",
  "http://news.nankai.edu.cn/ywsd/system/2017/06/29/000336474.shtml",
  "http://news.nankai.edu.cn/ztbd/system/2017/06/28/000336352.shtml",
  "http://news.nankai.edu.cn/ztbd/system/2017/06/28/000336351.shtml ",
  "http://news.nankai.edu.cn/ztbd/system/2017/06/28/000336349.shtml",
  "http://news.nankai.edu.cn/ztbd/system/2017/06/28/000336348.shtml",
  "http://news.nankai.edu.cn/ztbd/system/2017/06/28/000336347.shtml",
  "http://news.nankai.edu.cn/ztbd/system/2017/06/28/000336345.shtml",
  "http://news.nankai.edu.cn/ztbd/system/2017/06/28/000336342.shtml",
  "http://news.nankai.edu.cn/ztbd/system/2017/06/28/000336341.shtml ",
  "http://news.nankai.edu.cn/ztbd/system/2017/06/28/000336340.shtml",
  "http://news.nankai.edu.cn/ztbd/system/2017/06/28/000336339.shtml",
  "http://news.nankai.edu.cn/ztbd/system/2017/06/28/000336337.shtml",
  "http://news.nankai.edu.cn/ztbd/system/2017/06/28/000336335.shtml",
  "http://news.nankai.edu.cn/ywsd/system/2017/06/29/000336516.shtml",
  "http://news.nankai.edu.cn/ywsd/system/2017/06/28/000336336.shtml",
  "http://news.nankai.edu.cn/ywsd/system/2017/06/28/000336314.shtml",
  "http://news.nankai.edu.cn/ywsd/system/2017/06/24/000335841.shtml",
  "http://news.nankai.edu.cn/ywsd/system/2017/06/28/000336278.shtml",
  "http://news.nankai.edu.cn/ywsd/system/2017/06/17/000335095.shtml",
  "http://news.nankai.edu.cn/ywsd/system/2017/06/21/000335378.shtml",
  "http://news.nankai.edu.cn/ywsd/system/2017/06/23/000335674.shtml",
  "http://news.nankai.edu.cn/ywsd/system/2017/06/09/000334296.shtml",
  "http://news.nankai.edu.cn/ywsd/system/2017/06/29/000336495.shtml",
  "http://news.nankai.edu.cn/ywsd/system/2017/06/27/000336215.shtml",
  "http://news.nankai.edu.cn/ywsd/system/2017/06/24/000335842.shtml",
  "http://news.nankai.edu.cn/mtnk/system/2017/06/28/000336395.shtml",
  "http://news.nankai.edu.cn/mtnk/system/2017/06/22/000335555.shtml",
  "http://news.nankai.edu.cn/mtnk/system/2017/06/26/000335936.shtml",
  "http://news.nankai.edu.cn/mtnk/system/2017/06/16/000334974.shtml",
  "http://news.nankai.edu.cn/mtnk/system/2017/06/14/000334775.shtml",
  "http://news.nankai.edu.cn/mtnk/system/2017/06/27/000336179.shtml",
  "http://news.nankai.edu.cn/mtnk/system/2017/06/19/000335214.shtml",
  "http://news.nankai.edu.cn/mtnk/system/2017/06/19/000335216.shtml",
  "http://news.nankai.edu.cn/mtnk/system/2017/06/21/000335435.shtml",
  "http://news.nankai.edu.cn/mtnk/system/2017/06/20/000335321.shtml",
  "http://news.nankai.edu.cn/mtnk/system/2017/06/28/000336394.shtml",
  "http://news.nankai.edu.cn/mtnk/system/2017/06/23/000335657.shtml",
  "http://news.nankai.edu.cn/mtnk/system/2017/06/20/000335322.shtml",
  "http://news.nankai.edu.cn/mtnk/system/2017/06/16/000334915.shtml",
  "http://news.nankai.edu.cn/mtnk/system/2017/06/19/000335224.shtml",
  "http://news.nankai.edu.cn/ztbd/system/2015/01/06/000216675.shtml",
  "http://news.nankai.edu.cn/ztbd/system/2015/01/06/000216616.shtml",
  "http://news.nankai.edu.cn/ztbd/system/2015/01/02/000216154.shtml",
  "http://news.nankai.edu.cn/ztbd/system/2015/01/01/000216094.shtml",
  "http://news.nankai.edu.cn/ztbd/system/2015/01/05/000216435.shtml",
  "http://news.nankai.edu.cn/ztbd/system/2015/01/06/000216620.shtml",
  "http://news.nankai.edu.cn/ztbd/system/2015/01/05/000216375.shtml",
  "http://news.nankai.edu.cn/ztbd/system/2015/01/06/000216617.shtml",
  "http://news.nankai.edu.cn/ztbd/system/2015/01/06/000216623.shtml",
  "http://news.nankai.edu.cn/ztbd/system/2014/12/30/000215875.shtml",
  "http://news.nankai.edu.cn/ztbd/system/2014/12/30/000215876.shtml",
  "http://news.nankai.edu.cn/ywsd/system/2014/11/30/000211094.shtml",
  "http://news.nankai.edu.cn/zhxw/system/2014/03/14/000169435.shtml",
  "http://news.nankai.edu.cn/ywsd/system/2014/09/12/000200897.shtml",
  "http://news.nankai.edu.cn/ywsd/system/2014/12/29/000215694.shtml",
  "http://news.nankai.edu.cn/zhxw/system/2014/04/21/000177758.shtml",
  "http://news.nankai.edu.cn/ztbd/system/2014/12/30/000215877.shtml",
  "http://xb.nankai.edu.cn/attach/18034.pdf",
  "http://xb.nankai.edu.cn/attach/2014/07/14/19952.pdf",
  "http://xb.nankai.edu.cn/attach/16986.pdf",
  "http://news.nankai.edu.cn/ywsd/system/2012/11/12/000099714.shtml",
  "http://news.nankai.edu.cn/ywsd/system/2014/12/08/000212319.shtml",
  "http://news.nankai.edu.cn/ywsd/system/2014/01/29/000164674.shtml ",
  "http://news.nankai.edu.cn/mtnk/system/2014/12/17/000213874.shtml",
  "http://news.nankai.edu.cn/mtnk/system/2010/04/07/000029571.shtml",
  "http://news.nankai.edu.cn/ywsd/system/2014/01/24/000164175.shtml",
  "http://news.nankai.edu.cn/pic/0/00/10/98/109868_975520.jpg",
  "http://news.nankai.edu.cn/ywsd/system/2017/05/22/000332434.shtml",
  "http://news.nankai.edu.cn/ywsd/system/2016/11/09/000304196.shtml",
  "http://news.nankai.edu.cn/ywsd/system/2017/05/11/000331321.shtml",
  "http://news.nankai.edu.cn/sp/system/2017/01/09/000314596.shtml",
  "http://news.nankai.edu.cn/spxw/system/2017/01/09/000314596.shtml",
  "http://news.nankai.edu.cn/sp/system/2017/01/09/000314614.shtml",
  "http://news.nankai.edu.cn/mtnk/system/2016/12/09/000309875.shtml",
  "http://news.nankai.edu.cn/mtnk/system/2015/11/11/000255247.shtml",
  "http://news.nankai.edu.cn/mtnk/system/2016/11/14/000305194.shtml",
  "http://news.nankai.edu.cn/ztbd/system/2016/05/31/000283294.shtml",
  "http://news.nankai.edu.cn/ywsd/system/2016/10/11/000298776.shtml",
  "http://news.nankai.edu.cn/nkdxb/system/2016/10/14/000299217.shtml",
  "http://news.nankai.edu.cn/ywsd/system/2016/10/26/000301396.shtml",
  "http://theory.nankai.edu.cn/student/ckxxkcList.action?start=0&limit=25",
  "http://jw.nankai.edu.cn/second.php?catagory=35",
  "http://jw.nankai.edu.cn/third.php?id=3023",
  "http://jw.nankai.edu.cn/third.php?id=3025",
  "http://jw.nankai.edu.cn/third.php?id=3026",
  "http://jw.nankai.edu.cn/third.php?id=3027",
  "http://jw.nankai.edu.cn/third.php?id=3028",
  "http://jw.nankai.edu.cn/third.php?id=3029",
  "http://news.nankai.edu.cn/ywsd/system/2016/10/21/000300536.shtml",
  "http://jw.nankai.edu.cn/third.php?id=3708",
  "http://jw.nankai.edu.cn/third.php?id=3024",
  "http://jw.nankai.edu.cn/third.php?id=3207",
  "http://jw.nankai.edu.cn/third.php?id=3208",
  "http://jw.nankai.edu.cn/third.php?id=3209",
  "http://news.nankai.edu.cn/ywsd/system/2016/12/04/000309055.shtml",
  "http://news.nankai.edu.cn/ywsd/system/2016/12/04/000308960.shtml",
  "http://news.nankai.edu.cn/zhxw/system/2016/10/20/000300276.shtml",
  "http://news.nankai.edu.cn/zhxw/system/2016/10/21/000300577.shtml",
  "http://news.nankai.edu.cn/ywsd/system/2016/05/28/000283035.shtml",
  "http://news.nankai.edu.cn/ywsd/system/2016/04/22/000278615.shtml",
  "http://news.nankai.edu.cn/zhxw/system/2016/03/25/000275334.shtml",
  "http://news.nankai.edu.cn/ywsd/system/2016/03/18/000273474.shtml",
  "http://news.nankai.edu.cn/zhxw/system/2016/03/18/000273615.shtml",
  "http://news.nankai.edu.cn/audio/0/00/21/42/214214_205988.mp3",
  "http://news.nankai.edu.cn/nkyw/system/2016/12/04/000309034.shtml",
  "http://news.nankai.edu.cn/nkyw/system/2016/11/23/000307514.shtml",
  "http://jz.nankai.edu.cn/newfindbyid.action?id=298",
  "http://news.nankai.edu.cn/nkyw/system/2016/11/01/000302594.shtml",
  "http://news.nankai.edu.cn/zhxw/system/2016/12/21/000312054.shtml",
  "http://news.nankai.edu.cn/nkyw/system/2016/12/09/000309996.shtml",
  "http://news.nankai.edu.cn/nkyw/system/2016/11/02/000302634.shtml",
  "http://news.nankai.edu.cn/nkyw/system/2016/12/02/000308894.shtml",
  "http://news.nankai.edu.cn/nkyw/system/2016/10/28/000301837.shtml",
  "http://news.nankai.edu.cn/zhxw/system/2016/11/08/000304083.shtml",
  "http://news.nankai.edu.cn/zhxw/system/2016/10/27/000301506.shtml",
  "http://jw.nankai.edu.cn/third.php?id=5462",
  "http://jw.nankai.edu.cn/third.php?id=5461",
  "http://jw.nankai.edu.cn/third.php?id=5463",
  "http://jw.nankai.edu.cn/third.php?id=5464",
  "http://news.nankai.edu.cn/mtnk/system/2016/11/01/000302374.shtml",
  "http://news.nankai.edu.cn/mtnk/system/2016/11/21/000306754.shtml",
  "http://news.nankai.edu.cn/mtnk/system/2016/10/29/000301934.shtml",
  "http://news.nankai.edu.cn/mtnk/system/2016/10/30/000302054.shtml",
  "http://news.nankai.edu.cn/mtnk/system/2016/11/17/000305979.shtml?wd=%CE%E2%D6%BE%B3%C9+%D0%C2%CE%C5%C1%AA%B2%A5&x=13&y=10",
  "http://news.nankai.edu.cn/mtnk/system/2016/11/17/000305874.shtml",
  "http://news.nankai.edu.cn/mtnk/system/2016/10/31/000302254.shtml",
  "http://news.nankai.edu.cn/mtnk/system/2016/10/30/000302096.shtml",
  "http://news.nankai.edu.cn/ywsd/system/2016/11/11/000304575.shtml",
  "http://news.nankai.edu.cn/ywsd/system/2017/01/01/000313554.shtml",
  "http://news.nankai.edu.cn/ywsd/system/2016/12/24/000312534.shtml",
  "http://news.nankai.edu.cn/ywsd/system/2016/12/22/000312275.shtml",
  "http://news.nankai.edu.cn/ywsd/system/2016/12/09/000310015.shtml",
  "http://news.nankai.edu.cn/ywsd/system/2016/12/09/000309974.shtml",
  "http://news.nankai.edu.cn/ywsd/system/2016/11/21/000307034.shtml",
  "http://news.nankai.edu.cn/ywsd/system/2016/11/03/000302894.shtml",
  "http://news.nankai.edu.cn/ywsd/system/2016/11/20/000306634.shtml",
  "http://news.nankai.edu.cn/ywsd/system/2016/11/18/000306134.shtml",
  "http://news.nankai.edu.cn/ywsd/system/2016/11/17/000305814.shtml",
  "http://news.nankai.edu.cn/ywsd/system/2016/11/17/000305795.shtml",
  "http://news.nankai.edu.cn/ywsd/system/2016/11/08/000303934.shtml",
  "http://news.nankai.edu.cn/ywsd/system/2016/11/03/000302834.shtml",
  "http://news.nankai.edu.cn/ywsd/system/2016/10/20/000300294.shtml",
  "http://news.nankai.edu.cn/ywsd/system/2016/10/18/000299856.shtml",
  "http://news.nankai.edu.cn/ywsd/system/2016/10/14/000299194.shtml",
  "http://news.nankai.edu.cn/ywsd/system/2016/07/01/000286894.shtml",
  "http://news.nankai.edu.cn/ztbd/system/2016/12/28/000312975.shtml ",
  "http://news.nankai.edu.cn/ztbd/system/2016/12/28/000312978.shtml ",
  "http://news.nankai.edu.cn/ywsd/system/2016/11/06/000303574.shtml",
  "http://news.nankai.edu.cn/mtnk/system/2016/11/10/000304296.shtml",
  "http://news.nankai.edu.cn/ztbd/system/2016/11/12/000304734.shtml",
  "http://news.nankai.edu.cn/ztbd/system/2016/11/12/000304735.shtml",
  "http://news.nankai.edu.cn/ztbd/system/2016/11/12/000304754.shtml",
  "http://news.nankai.edu.cn/ztbd/system/2016/11/12/000304775.shtml",
  "http://news.nankai.edu.cn/ztbd/system/2016/11/11/000304695.shtml",
  "http://news.nankai.edu.cn/ztbd/system/2016/11/11/000304696.shtml",
  "http://news.nankai.edu.cn/ztbd/system/2016/11/11/000304694.shtml",
  "http://news.nankai.edu.cn/ztbd/system/2016/11/11/000304714.shtml",
  "http://news.nankai.edu.cn/ztbd/system/2016/11/13/000305094.shtml",
  "http://news.nankai.edu.cn/ztbd/system/2016/11/13/000305074.shtml",
  "http://news.nankai.edu.cn/ztbd/system/2016/11/13/000305075.shtml",
  "http://news.nankai.edu.cn/ztbd/system/2016/11/13/000305076.shtml",
  "http://news.nankai.edu.cn/ztbd/system/2017/07/30/000340316.shtml",
  "http://news.nankai.edu.cn/ztbd/system/2017/07/30/000340317.shtml",
  "http://news.nankai.edu.cn/ztbd/system/2017/07/30/000340318.shtml",
  "http://news.nankai.edu.cn/ztbd/system/2017/07/30/000340319.shtml",
  "http://news.nankai.edu.cn/ztbd/system/2017/07/30/000340320.shtml",
  "http://news.nankai.edu.cn/ywsd/system/2017/07/30/000340395.shtml",
  "http://news.nankai.edu.cn/ztbd/system/2017/07/31/000340459.shtml",
  "http://news.nankai.edu.cn/ztbd/system/2017/07/31/000340460.shtml",
  "http://news.nankai.edu.cn/ywsd/system/2017/09/22/000346775.shtml",
  "http://jw.nankai.edu.cn/video.php?id=7208",
  "http://news.nankai.edu.cn/nkzs/system/2023/06/16/030056765.shtml",
  "http://news.nankai.edu.cn/nkzs/system/2020/10/29/030041465.shtml",
  "http://news.nankai.edu.cn/nkzs/system/2020/11/02/030041526.shtml",
  "http://news.nankai.edu.cn/nkzs/system/2022/11/03/030053445.shtml",
  "http://news.nankai.edu.cn/nkzs/system/2022/11/03/030053444.shtml",
  "http://news.nankai.edu.cn/nkzs/system/2022/11/03/030053443.shtml",
  "http://news.nankai.edu.cn/nkzs/system/2020/12/04/030043082.shtml",
  "http://news.nankai.edu.cn/nkzs/system/2020/11/26/030042444.shtml",
  "http://news.nankai.edu.cn/nkzs/system/2020/11/25/030042428.shtml",
  "http://news.nankai.edu.cn/mtnk/system/2020/11/07/030041631.shtml",
  "http://news.nankai.edu.cn/nkzs/system/2020/11/03/030041579.shtml",
  "http://news.nankai.edu.cn/nkzs/system/2020/11/03/030041561.shtml",
  "http://news.nankai.edu.cn/nkzs/system/2020/11/02/030041546.shtml",
  "http://news.nankai.edu.cn/nkzs/system/2020/11/02/030041545.shtml",
  "http://news.nankai.edu.cn/nkzs/system/2020/11/02/030041542.shtml",
  "http://news.nankai.edu.cn/nkzs/system/2020/11/02/030041541.shtml",
  "http://news.nankai.edu.cn/nkzs/system/2020/11/01/030041490.shtml",
  "http://news.nankai.edu.cn/nkzs/system/2020/10/12/030041181.shtml",
  "http://news.nankai.edu.cn/nkzs/system/2020/10/11/030041142.shtml",
  "http://news.nankai.edu.cn/nkzs/system/2020/10/11/030041121.shtml",
  "http://news.nankai.edu.cn/nkzs/system/2020/09/29/030041003.shtml",
  "http://news.nankai.edu.cn/nkzs/system/2020/09/29/030040999.shtml",
  "http://news.nankai.edu.cn/nkzs/system/2020/09/21/030040898.shtml",
  "http://news.nankai.edu.cn/nkzs/system/2020/09/21/030040897.shtml",
  "http://news.nankai.edu.cn/nkzs/system/2020/09/21/030040896.shtml",
  "http://news.nankai.edu.cn/nkzs/system/2020/09/15/030040810.shtml",
  "http://news.nankai.edu.cn/nkzs/system/2020/09/08/030040728.shtml",
  "http://news.nankai.edu.cn/nkzs/system/2020/09/08/030040727.shtml",
  "http://news.nankai.edu.cn/nkzs/system/2020/09/07/030040692.shtml",
  "http://news.nankai.edu.cn/nkzs/system/2020/09/04/030040666.shtml",
  "http://news.nankai.edu.cn/pic/003/000/291/00300029122_5c8fe52a.jpg",
  "http://news.nankai.edu.cn/ywsd/system/2015/11/12/000255435.shtml",
  "http://news.nankai.edu.cn/ywsd/system/2015/11/27/000257934.shtml",
  "http://news.nankai.edu.cn/ywsd/system/2015/11/12/000255478.shtml",
  "http://news.nankai.edu.cn/ywsd/system/2015/11/14/000255776.shtml",
  "http://news.nankai.edu.cn/ywsd/system/2015/11/14/000255775.shtml",
  "http://news.nankai.edu.cn/ywsd/system/2015/11/12/000255477.shtml",
  "http://news.nankai.edu.cn/ywsd/system/2015/11/14/000255774.shtml",
  "http://news.nankai.edu.cn/mtnk/system/2015/11/27/000257954.shtml",
  "http://news.nankai.edu.cn/mtnk/system/2015/11/24/000257379.shtml",
  "http://news.nankai.edu.cn/mtnk/system/2015/11/13/000255514.shtml",
  "http://news.nankai.edu.cn/mtnk/system/2015/11/13/000255576.shtml",
  "http://news.nankai.edu.cn/mtnk/system/2015/11/12/000255414.shtml",
  "http://news.nankai.edu.cn/mtnk/system/2015/11/11/000255246.shtml",
  "http://news.nankai.edu.cn/mtnk/system/2015/11/15/000255860.shtml",
  "http://news.nankai.edu.cn/ztbd/system/2015/12/05/000259257.shtml",
  "http://news.nankai.edu.cn/ztbd/system/2015/12/05/000259201.shtml",
  "http://news.nankai.edu.cn/ztbd/system/2015/12/05/000259217.shtml",
  "http://news.nankai.edu.cn/ztbd/system/2015/12/05/000259218.shtml",
  "http://news.nankai.edu.cn/ztbd/system/2015/12/05/000259223.shtml",
  "http://news.nankai.edu.cn/ztbd/system/2015/12/05/000259227.shtml",
  "http://news.nankai.edu.cn/ztbd/system/2015/12/05/000259234.shtml",
  "http://news.nankai.edu.cn/ztbd/system/2015/12/05/000259236.shtml",
  "http://news.nankai.edu.cn/ztbd/system/2015/12/05/000259237.shtml",
  "http://news.nankai.edu.cn/ztbd/system/2015/12/05/000259239.shtml",
  "http://news.nankai.edu.cn/ztbd/system/2015/12/05/000259238.shtml",
  "http://news.nankai.edu.cn/ztbd/system/2015/12/05/000259240.shtml",
  "http://news.nankai.edu.cn/ztbd/system/2015/12/05/000259241.shtml",
  "http://news.nankai.edu.cn/ztbd/system/2015/12/05/000259254.shtml",
  "http://news.nankai.edu.cn/ztbd/system/2015/12/05/000259255.shtml",
  "http://news.nankai.edu.cn/ztbd/system/2015/12/05/000259256.shtml",
  "http://news.nankai.edu.cn/ztbd/system/2015/12/08/000259680.shtml",
  "http://news.nankai.edu.cn/ztbd/system/2015/12/05/000259258.shtml",
  "http://news.nankai.edu.cn/ztbd/system/2015/12/05/000259259.shtml",
  "http://news.nankai.edu.cn/ztbd/system/2015/12/05/000259260.shtml",
  "http://news.nankai.edu.cn/ztbd/system/2015/12/05/000259261.shtml",
  "http://news.nankai.edu.cn/ztbd/system/2015/12/05/000259262.shtml",
  "http://news.nankai.edu.cn/ztbd/system/2015/12/05/000259263.shtml",
  "http://news.nankai.edu.cn/ztbd/system/2015/12/05/000259266.shtml",
  "http://news.nankai.edu.cn/ztbd/system/2015/12/05/000259267.shtml",
  "http://news.nankai.edu.cn/ztbd/system/2015/12/05/000259226.shtml",
  "https://news.nankai.edu.cn/ztbd/system/2015/12/04/news.nankai.edu.cn/ztbd/system/2015/12/10/000260040.shtml",
  "http://news.nankai.edu.cn/ztbd/system/2015/12/10/000260040.shtml",
  "http://news.nankai.edu.cn/ztbd/system/2015/12/10/000260050.shtml",
  "http://news.nankai.edu.cn/ztbd/system/2015/12/10/000260052.shtml",
  "http://news.nankai.edu.cn/ztbd/system/2015/12/10/000260055.shtml",
  "http://news.nankai.edu.cn/ztbd/system/2015/12/10/000260059.shtml",
  "http://news.nankai.edu.cn/ztbd/system/2015/12/10/000260063.shtml",
  "http://news.nankai.edu.cn/ztbd/system/2015/12/10/000260051.shtml",
  "http://news.nankai.edu.cn/ztbd/system/2015/12/10/000260064.shtml",
  "http://news.nankai.edu.cn/ztbd/system/2015/12/10/000260069.shtml",
  "http://news.nankai.edu.cn/ztbd/system/2015/12/10/000260066.shtml",
  "http://news.nankai.edu.cn/ztbd/system/2015/12/10/000260072.shtml",
  "http://news.nankai.edu.cn/ztbd/system/2015/12/10/000260065.shtml",
  "http://news.nankai.edu.cn/ztbd/system/2015/12/10/000260073.shtml",
  "http://news.nankai.edu.cn/ztbd/system/2015/12/10/000260057.shtml",
  "http://news.nankai.edu.cn/ztbd/system/2015/12/10/000260078.shtml",
  "http://news.nankai.edu.cn/ztbd/system/2015/12/10/000260077.shtml",
  "http://news.nankai.edu.cn/ztbd/system/2015/12/10/000260079.shtml",
  "http://news.nankai.edu.cn/ztbd/system/2015/12/10/000260080.shtml",
  "http://news.nankai.edu.cn/ztbd/system/2015/12/10/000260074.shtml",
  "http://news.nankai.edu.cn/ztbd/system/2015/12/10/000260081.shtml",
  "http://news.nankai.edu.cn/ztbd/system/2015/12/11/000260221.shtml",
  "http://news.nankai.edu.cn/ztbd/system/2015/12/10/000260082.shtml",
  "http://news.nankai.edu.cn/ztbd/system/2015/12/10/000260085.shtml",
  "http://news.nankai.edu.cn/ztbd/system/2015/12/11/000260222.shtml",
  "http://news.nankai.edu.cn/ztbd/system/2015/12/11/000260256.shtml",
  "http://news.nankai.edu.cn/ztbd/system/2015/12/11/000260257.shtml",
  "http://news.nankai.edu.cn/ztbd/system/2015/12/11/000260234.shtml",
  "http://news.nankai.edu.cn/ztbd/system/2015/12/11/000260254.shtml",
  "http://news.nankai.edu.cn/ztbd/system/2015/12/11/000260258.shtml",
  "http://news.nankai.edu.cn/ztbd/system/2015/12/18/000261285.shtml",
  "http://news.nankai.edu.cn/ztbd/system/2015/12/18/000261286.shtml",
  "http://news.nankai.edu.cn/ztbd/system/2015/12/10/000260076.shtml",
  "http://news.nankai.edu.cn/ztbd/system/2015/12/04/000259057.shtml",
  "http://news.nankai.edu.cn/ztbd/system/2015/12/04/000259035.shtml",
  "http://news.nankai.edu.cn/ztbd/system/2015/12/04/000259036.shtml",
  "http://news.nankai.edu.cn/ztbd/system/2015/12/04/000259015.shtml",
  "http://news.nankai.edu.cn/ztbd/system/2015/12/04/000259040.shtml",
  "http://news.nankai.edu.cn/ztbd/system/2015/12/04/000259056.shtml",
  "http://news.nankai.edu.cn/ztbd/system/2015/12/04/000259042.shtml",
  "http://news.nankai.edu.cn/ztbd/system/2015/12/04/000259037.shtml",
  "http://news.nankai.edu.cn/ztbd/system/2015/12/04/000259047.shtml",
  "http://news.nankai.edu.cn/ztbd/system/2015/12/04/000259046.shtml",
  "http://news.nankai.edu.cn/ztbd/system/2015/12/04/000259014.shtml",
  "http://news.nankai.edu.cn/ztbd/system/2015/12/04/000258998.shtml",
  "http://news.nankai.edu.cn/ztbd/system/2015/12/04/000259054.shtml",
  "http://news.nankai.edu.cn/ztbd/system/2015/12/04/000259051.shtml",
  "http://news.nankai.edu.cn/ztbd/system/2015/12/04/000259053.shtml",
  "http://news.nankai.edu.cn/ztbd/system/2015/12/04/000259055.shtml",
  "http://news.nankai.edu.cn/ztbd/system/2015/12/04/000258995.shtml",
  "http://news.nankai.edu.cn/ztbd/system/2015/12/04/000259038.shtml",
  "http://news.nankai.edu.cn/ztbd/system/2015/12/04/000259050.shtml",
  "http://news.nankai.edu.cn/ztbd/system/2015/12/08/000259676.shtml",
  "http://news.nankai.edu.cn/ztbd/system/2015/12/04/000259041.shtml",
  "http://news.nankai.edu.cn/ztbd/system/2015/12/08/000259678.shtml",
  "http://news.nankai.edu.cn/ztbd/system/2015/12/04/000259052.shtml",
  "http://news.nankai.edu.cn/ztbd/system/2015/12/08/000259675.shtml",
  "http://news.nankai.edu.cn/ztbd/system/2015/12/08/000259679.shtml",
  "http://news.nankai.edu.cn/ztbd/system/2015/12/18/000261317.shtml",
  "http://news.nankai.edu.cn/ztbd/system/2015/12/05/000259198.shtml",
  "http://news.nankai.edu.cn/ztbd/system/2015/12/05/000259200.shtml",
  "http://news.nankai.edu.cn/ztbd/system/2015/12/05/000259216.shtml",
  "http://news.nankai.edu.cn/ztbd/system/2015/12/05/000259222.shtml",
  "http://news.nankai.edu.cn/ztbd/system/2015/12/05/000259224.shtml",
  "http://news.nankai.edu.cn/ztbd/system/2015/12/05/000259225.shtml",
  "http://news.nankai.edu.cn/ztbd/system/2015/12/07/000259377.shtml",
  "http://news.nankai.edu.cn/ztbd/system/2015/12/07/000259379.shtml",
  "http://news.nankai.edu.cn/ztbd/system/2015/12/07/000259380.shtml",
  "http://news.nankai.edu.cn/ztbd/system/2015/12/09/000259854.shtml",
  "http://news.nankai.edu.cn/ztbd/system/2015/12/09/000259857.shtml",
  "http://news.nankai.edu.cn/ztbd/system/2015/12/18/000261319.shtml",
  "http://news.nankai.edu.cn/ztbd/system/2015/12/18/000261322.shtml",
  "http://news.nankai.edu.cn/ztbd/system/2015/12/18/000261323.shtml",
  "http://news.nankai.edu.cn/ztbd/system/2015/12/18/000261324.shtml",
  "http://news.nankai.edu.cn/ztbd/system/2015/12/08/000259565.shtml",
  "http://news.nankai.edu.cn/ztbd/system/2015/12/08/000259580.shtml",
  "http://news.nankai.edu.cn/ztbd/system/2015/12/08/000259563.shtml",
  "http://news.nankai.edu.cn/ztbd/system/2015/12/10/000260002.shtml",
  "http://news.nankai.edu.cn/ztbd/system/2015/12/10/000260000.shtml",
  "http://news.nankai.edu.cn/ztbd/system/2015/12/10/000259981.shtml",
  "http://news.nankai.edu.cn/ztbd/system/2015/12/10/000259975.shtml",
  "http://news.nankai.edu.cn/ztbd/system/2015/12/08/000259579.shtml",
  "http://news.nankai.edu.cn/ztbd/system/2015/12/10/000259979.shtml",
  "http://news.nankai.edu.cn/ztbd/system/2015/12/10/000259980.shtml",
  "http://news.nankai.edu.cn/ztbd/system/2015/12/08/000259574.shtml",
  "http://news.nankai.edu.cn/ztbd/system/2015/12/10/000260003.shtml",
  "http://news.nankai.edu.cn/ywsd/system/2014/03/08/000168600.shtml",
  "http://news.nankai.edu.cn/dcxy/system/2014/03/08/000168599.shtml",
  "http://news.nankai.edu.cn/dcxy/system/2014/03/08/000168598.shtml",
  "http://news.nankai.edu.cn/dcxy/system/2014/03/08/000168597.shtml",
  "http://news.nankai.edu.cn/dcxy/system/2014/03/07/000168478.shtml",
  "http://news.nankai.edu.cn/dcxy/system/2014/03/07/000168479.shtml",
  "http://news.nankai.edu.cn/dcxy/system/2014/03/07/000168481.shtml",
  "http://news.nankai.edu.cn/dcxy/system/2014/03/07/000168474.shtml",
  "http://news.nankai.edu.cn/pic/0/00/11/85/118544_654564.jpg",
  "http://news.nankai.edu.cn/nkyw/system/2014/04/04/000173354.shtml",
  "http://news.nankai.edu.cn/ywsd/system/2014/04/04/000173336.shtml",
  "http://news.nankai.edu.cn/ywsd/system/2014/03/31/000172174.shtml",
  "http://news.nankai.edu.cn/ywsd/system/2014/04/02/000172635.shtml",
  "http://news.nankai.edu.cn/ywsd/system/2014/04/01/000172415.shtml",
  "http://news.nankai.edu.cn/ywsd/system/2014/04/03/000172956.shtml",
  "http://news.nankai.edu.cn/mtnk/system/2014/04/10/000174695.shtml",
  "http://news.nankai.edu.cn/mtnk/system/2014/04/02/000172738.shtml",
  "http://news.nankai.edu.cn/nkzs/system/2010/10/26/000034503.shtml",
  "http://news.nankai.edu.cn/mtnk/system/2014/03/03/000167882.shtml",
  "http://news.nankai.edu.cn/nkzs/system/2010/10/27/000034556.shtml",
  "http://news.nankai.edu.cn/mtnk/system/2014/04/03/000172896.shtml",
  "http://news.nankai.edu.cn/mtnk/system/2014/04/02/000172756.shtml",
  "http://news.nankai.edu.cn/mtnk/system/2014/04/02/000172754.shtml",
  "http://news.nankai.edu.cn/mtnk/system/2014/04/02/000172757.shtml",
  "http://news.nankai.edu.cn/pic/0/00/12/00/120084_971907.jpg",
  "http://news.nankai.edu.cn/ztbd/system/2012/03/21/000059837.shtml",
  "http://news.nankai.edu.cn/ztbd/system/2014/05/22/000183315.shtml",
  "http://news.nankai.edu.cn/ztbd/system/2018/11/13/000418646.shtml",
  "http://news.nankai.edu.cn/ztbd/system/2018/11/13/000418647.shtml",
  "http://news.nankai.edu.cn/zhxw/system/2014/08/18/000197314.shtml",
  "http://news.nankai.edu.cn/zhxw/system/2014/08/17/000197234.shtml",
  "http://news.nankai.edu.cn/zhxw/system/2014/08/16/000197174.shtml",
  "http://news.nankai.edu.cn/dcxy/system/2014/08/15/000197134.shtml",
  "http://news.nankai.edu.cn/zhxw/system/2014/08/15/000197095.shtml",
  "http://news.nankai.edu.cn/zhxw/system/2014/08/09/000196695.shtml",
  "http://news.nankai.edu.cn/zhxw/system/2014/08/10/000196774.shtml",
  "http://news.nankai.edu.cn/zhxw/system/2014/08/11/000196854.shtml",
  "http://news.nankai.edu.cn/zhxw/system/2014/08/12/000196894.shtml",
  "http://news.nankai.edu.cn/ywsd/system/2014/08/07/000196515.shtml",
  "http://news.nankai.edu.cn/dcxy/system/2014/08/06/000196494.shtml",
  "http://news.nankai.edu.cn/zhxw/system/2014/08/08/000196577.shtml",
  "http://news.nankai.edu.cn/zhxw/system/2014/08/07/000196537.shtml",
  "http://news.nankai.edu.cn/zhxw/system/2014/08/07/000196536.shtml",
  "http://news.nankai.edu.cn/zhxw/system/2014/08/07/000196535.shtml",
  "http://news.nankai.edu.cn/zhxw/system/2014/08/07/000196534.shtml",
  "http://news.nankai.edu.cn/zhxw/system/2014/08/06/000196477.shtml",
  "http://news.nankai.edu.cn/ywsd/system/2014/08/05/000196414.shtml",
  "http://news.nankai.edu.cn/ywsd/system/2014/08/05/000196434.shtml",
  "http://news.nankai.edu.cn/zhxw/system/2014/08/05/000196440.shtml",
  "http://news.nankai.edu.cn/zhxw/system/2014/08/05/000196439.shtml",
  "http://news.nankai.edu.cn/zhxw/system/2014/08/05/000196438.shtml",
  "http://news.nankai.edu.cn/zhxw/system/2014/08/05/000196436.shtml",
  "http://news.nankai.edu.cn/zhxw/system/2014/08/05/000196435.shtml",
  "http://news.nankai.edu.cn/zhxw/system/2014/08/01/000196215.shtml",
  "http://news.nankai.edu.cn/zhxw/system/2014/08/01/000196214.shtml",
  "http://news.nankai.edu.cn/zhxw/system/2014/08/01/000196194.shtml",
  "http://news.nankai.edu.cn/zhxw/system/2014/07/31/000196137.shtml",
  "http://news.nankai.edu.cn/zhxw/system/2014/07/31/000196136.shtml",
  "http://news.nankai.edu.cn/zhxw/system/2014/07/31/000196135.shtml",
  "http://news.nankai.edu.cn/zhxw/system/2014/07/31/000196134.shtml",
  "http://news.nankai.edu.cn/zhxw/system/2014/07/29/000196039.shtml",
  "http://news.nankai.edu.cn/zhxw/system/2014/07/29/000196038.shtml",
  "http://news.nankai.edu.cn/zhxw/system/2014/07/29/000196037.shtml",
  "http://news.nankai.edu.cn/zhxw/system/2014/07/29/000196036.shtml",
  "http://news.nankai.edu.cn/zhxw/system/2014/07/29/000196035.shtml",
  "http://news.nankai.edu.cn/zhxw/system/2014/07/26/000195783.shtml",
  "http://news.nankai.edu.cn/zhxw/system/2014/07/26/000195796.shtml",
  "http://news.nankai.edu.cn/zhxw/system/2014/07/26/000195795.shtml",
  "http://news.nankai.edu.cn/dcxy/system/2014/07/26/000195815.shtml",
  "http://news.nankai.edu.cn/zhxw/system/2014/07/26/000195784.shtml",
  "http://news.nankai.edu.cn/zhxw/system/2014/07/26/000195782.shtml",
  "http://news.nankai.edu.cn/zhxw/system/2014/07/26/000195778.shtml",
  "http://news.nankai.edu.cn/zhxw/system/2014/07/26/000195777.shtml",
  "http://news.nankai.edu.cn/zhxw/system/2014/07/26/000195776.shtml",
  "http://news.nankai.edu.cn/zhxw/system/2014/07/25/000195737.shtml",
  "http://news.nankai.edu.cn/zhxw/system/2014/07/25/000195754.shtml",
  "http://news.nankai.edu.cn/zhxw/system/2014/07/26/000195797.shtml",
  "http://news.nankai.edu.cn/zhxw/system/2014/07/25/000195699.shtml",
  "http://news.nankai.edu.cn/zhxw/system/2014/07/25/000195697.shtml",
  "http://news.nankai.edu.cn/zhxw/system/2014/07/25/000195696.shtml",
  "http://news.nankai.edu.cn/zhxw/system/2014/07/25/000195695.shtml",
  "http://news.nankai.edu.cn/zhxw/system/2014/07/24/000195634.shtml",
  "http://news.nankai.edu.cn/zhxw/system/2014/07/23/000195560.shtml",
  "http://news.nankai.edu.cn/zhxw/system/2014/07/23/000195555.shtml",
  "http://news.nankai.edu.cn/zhxw/system/2014/07/19/000195134.shtml",
  "http://news.nankai.edu.cn/dcxy/system/2014/07/19/000195136.shtml",
  "http://news.nankai.edu.cn/dcxy/system/2014/07/17/000194995.shtml",
  "http://news.nankai.edu.cn/dcxy/system/2014/07/17/000194994.shtml",
  "http://news.nankai.edu.cn/dcxy/system/2014/07/15/000194274.shtml",
  "http://news.nankai.edu.cn/dcxy/system/2014/07/14/000194056.shtml",
  "http://news.nankai.edu.cn/dcxy/system/2014/07/14/000194034.shtml",
  "http://news.nankai.edu.cn/ywsd/system/2014/07/12/000193774.shtml",
  "http://news.nankai.edu.cn/dcxy/system/2014/07/07/000193198.shtml",
  "http://news.nankai.edu.cn/dcxy/system/2014/07/04/000192874.shtml",
  "http://news.nankai.edu.cn/dcxy/system/2014/07/04/000192674.shtml",
  "http://news.nankai.edu.cn/ywsd/system/2010/12/27/000036535.shtml",
  "http://news.nankai.edu.cn/sp/system/2013/12/20/000160660.shtml",
  "http://news.nankai.edu.cn/ywsd/system/2015/06/07/000237034.shtml",
  "http://news.nankai.edu.cn/ywsd/system/2014/08/29/000199374.shtml",
  "http://news.nankai.edu.cn/ywsd/system/2014/08/19/000197514.shtml",
  "http://news.nankai.edu.cn/ywsd/system/2014/08/14/000197014.shtml",
  "http://news.nankai.edu.cn/ywsd/system/2014/08/24/000198394.shtml",
  "http://news.nankai.edu.cn/ywsd/system/2014/07/07/000193136.shtml",
  "http://news.nankai.edu.cn/ztbd/system/2014/09/26/000202641.shtml",
  "http://news.nankai.edu.cn/ztbd/system/2014/09/26/000202642.shtml",
  "http://news.nankai.edu.cn/ztbd/system/2014/09/26/000202643.shtml",
  "http://news.nankai.edu.cn/ztbd/system/2014/09/26/000202644.shtml",
  "http://news.nankai.edu.cn/ztbd/system/2014/09/26/000202645.shtml",
  "http://news.nankai.edu.cn/ztbd/system/2014/09/26/000202646.shtml",
  "http://news.nankai.edu.cn/ztbd/system/2014/09/26/000202649.shtml",
  "http://news.nankai.edu.cn/ztbd/system/2014/09/26/000202650.shtml",
  "http://news.nankai.edu.cn/ztbd/system/2014/09/26/000202652.shtml",
  "http://news.nankai.edu.cn/ztbd/system/2014/09/26/000202653.shtml",
  "http://news.nankai.edu.cn/ztbd/system/2014/09/26/000202654.shtml",
  "http://news.nankai.edu.cn/ztbd/system/2014/09/26/000202655.shtml",
  "http://news.nankai.edu.cn/ztbd/system/2014/09/26/000202656.shtml",
  "http://news.nankai.edu.cn/ztbd/system/2014/09/26/000202657.shtml",
  "http://news.nankai.edu.cn/ztbd/system/2014/09/26/000202695.shtml",
  "http://news.nankai.edu.cn/ztbd/system/2014/09/26/000202696.shtml",
  "http://news.nankai.edu.cn/ztbd/system/2014/09/26/000202698.shtml",
  "http://news.nankai.edu.cn/ztbd/system/2014/09/26/000202699.shtml",
  "http://news.nankai.edu.cn/ztbd/system/2014/09/26/000202700.shtml",
  "http://news.nankai.edu.cn/ztbd/system/2014/09/26/000202701.shtml",
  "http://news.nankai.edu.cn/ztbd/system/2014/09/28/000202856.shtml",
  "http://news.nankai.edu.cn/ztbd/system/2014/09/28/000202857.shtml",
  "http://news.nankai.edu.cn/ztbd/system/2014/09/28/000202858.shtml",
  "http://news.nankai.edu.cn/ztbd/system/2014/09/28/000202859.shtml",
  "http://news.nankai.edu.cn/ztbd/system/2014/09/28/000202860.shtml",
  "http://news.nankai.edu.cn/ztbd/system/2014/09/28/000202861.shtml",
  "http://news.nankai.edu.cn/ztbd/system/2014/09/28/000202862.shtml",
  "http://jw.nankai.edu.cn/xxqlm.pdf",
  "http://jw.nankai.edu.cn/xxqlmjs.pdf",
  "http://nkxxq.nankai.edu.cn/",
  "http://news.nankai.edu.cn/ywsd/system/2010/12/27/000036536.shtml",
  "http://news.nankai.edu.cn/ztbd/system/2010/12/30/000036622.shtml",
  "http://news.nankai.edu.cn/ztbd/system/2010/12/31/000036626.shtml",
  "http://news.nankai.edu.cn/ztbd/system/2010/12/31/000036627.shtml",
  "http://news.nankai.edu.cn/zhxw/system/2013/01/19/000109297.shtml",
  "http://news.nankai.edu.cn/zhxw/system/2013/01/19/000109314.shtml",
  "http://news.nankai.edu.cn/zhxw/system/2013/01/19/000109315.shtml",
  "http://news.nankai.edu.cn/zhxw/system/2013/01/19/000109335.shtml",
  "http://news.nankai.edu.cn/ywsd/system/2013/10/20/000147195.shtml",
  "http://news.nankai.edu.cn/ywsd/system/2013/10/21/000147594.shtml",
  "http://news.nankai.edu.cn/ywsd/system/2013/08/04/000136314.shtml",
  "http://news.nankai.edu.cn/ywsd/system/2013/07/05/000133340.shtml",
  "http://news.nankai.edu.cn/ztbd/system/2013/10/13/000145118.shtml",
  "http://news.nankai.edu.cn/ztbd/system/2013/10/14/000145419.shtml",
  "http://news.nankai.edu.cn/ztbd/system/2013/10/14/000145417.shtml",
  "http://news.nankai.edu.cn/ztbd/system/2013/10/14/000145414.shtml ",
  "http://news.nankai.edu.cn/ztbd/system/2013/10/15/000145734.shtml",
  "http://news.nankai.edu.cn/ztbd/system/2013/10/15/000145714.shtml",
  "http://news.nankai.edu.cn/ztbd/system/2013/10/14/000145655.shtml",
  "http://news.nankai.edu.cn/ztbd/system/2013/10/14/000145674.shtml",
  "http://news.nankai.edu.cn/ztbd/system/2013/10/15/000145931.shtml",
  "http://news.nankai.edu.cn/ztbd/system/2013/10/11/000144597.shtml",
  "http://news.nankai.edu.cn/ztbd/system/2013/10/11/000144620.shtml",
  "http://news.nankai.edu.cn/ztbd/system/2013/10/11/000144622.shtml",
  "http://news.nankai.edu.cn/ztbd/system/2013/10/11/000144623.shtml",
  "http://news.nankai.edu.cn/ztbd/system/2013/10/11/000144624.shtml",
  "http://news.nankai.edu.cn/ztbd/system/2013/10/11/000144626.shtml",
  "http://news.nankai.edu.cn/ztbd/system/2013/10/11/000144627.shtml",
  "http://news.nankai.edu.cn/ztbd/system/2013/10/11/000144628.shtml",
  "http://news.nankai.edu.cn/ztbd/system/2013/10/11/000144629.shtml",
  "http://news.nankai.edu.cn/ztbd/system/2013/10/11/000144634.shtml",
  "http://news.nankai.edu.cn/ztbd/system/2013/10/12/000144928.shtml",
  "http://news.nankai.edu.cn/ztbd/system/2013/10/12/000144927.shtml",
  "http://news.nankai.edu.cn/ztbd/system/2013/10/12/000144926.shtml",
  "http://news.nankai.edu.cn/ztbd/system/2013/10/12/000144925.shtml",
  "http://news.nankai.edu.cn/ztbd/system/2013/10/12/000144924.shtml",
  "http://news.nankai.edu.cn/ztbd/system/2013/10/12/000144923.shtml",
  "http://news.nankai.edu.cn/ztbd/system/2013/10/12/000144921.shtml",
  "http://news.nankai.edu.cn/ztbd/system/2013/10/12/000144920.shtml",
  "http://news.nankai.edu.cn/ztbd/system/2013/10/12/000144919.shtml",
  "http://news.nankai.edu.cn/ywsd/system/2013/09/26/000142067.shtml",
  "http://news.nankai.edu.cn/ywsd/system/2013/09/13/000140157.shtml",
  "http://news.nankai.edu.cn/ywsd/system/2013/09/13/000140174.shtml",
  "http://news.nankai.edu.cn/ztbd/system/2013/09/26/000142154.shtml",
  "http://news.nankai.edu.cn/ztbd/system/2013/09/26/000142134.shtml",
  "http://news.nankai.edu.cn/ztbd/system/2010/12/29/000036576.shtml",
  "http://news.nankai.edu.cn/nkdxb/system/2011/12/30/000051964.shtml",
  "http://news.nankai.edu.cn/ztbd/system/2013/10/14/000145595.shtml",
  "http://news.nankai.edu.cn/ztbd/system/2013/10/12/000144975.shtml",
  "http://news.nankai.edu.cn/ztbd/system/2013/10/12/000144994.shtml",
  "http://news.nankai.edu.cn/ztbd/system/2013/10/14/000145616.shtml",
  "http://news.nankai.edu.cn/ztbd/system/2013/10/13/000145115.shtml",
  "http://news.nankai.edu.cn/ztbd/system/2013/10/13/000145117.shtml",
  "http://news.nankai.edu.cn/nkrw/system/2013/10/01/000143594.shtml",
  "http://news.nankai.edu.cn/nkrw/system/2013/10/01/000143634.shtml",
  "http://news.nankai.edu.cn/nkrw/system/2012/11/05/000098475.shtml",
  "http://news.nankai.edu.cn/nkrw/system/2012/07/09/000077539.shtml",
  "http://news.nankai.edu.cn/mtnk/system/2012/07/02/000076692.shtml",
  "http://news.nankai.edu.cn/nkrw/system/2011/04/23/000038554.shtml",
  "http://news.nankai.edu.cn/nkdxb/system/2010/11/26/000035805.shtml",
  "http://news.nankai.edu.cn/mtnk/system/2010/10/21/000034328.shtml",
  "http://news.nankai.edu.cn/xwzt/system/2010/03/07/000028950.shtml",
  "http://news.nankai.edu.cn/ztbd/system/2013/11/13/000152895.shtml",
  "http://news.nankai.edu.cn/ywsd/system/2013/11/14/000153174.shtml",
  "http://news.nankai.edu.cn/nkdxb/system/2013/11/25/000156567.shtml",
  "http://news.nankai.edu.cn/ywsd/system/2013/11/25/000156517.shtml",
  "http://news.nankai.edu.cn/ywsd/system/2013/12/20/000160663.shtml",
  "http://news.nankai.edu.cn/ztbd/system/2013/12/11/000159115.shtml",
  "http://news.nankai.edu.cn/ztbd/system/2013/12/11/000159116.shtml",
  "http://news.nankai.edu.cn/ztbd/system/2013/12/11/000159118.shtml",
  "http://news.nankai.edu.cn/ztbd/system/2013/12/11/000159119.shtml",
  "http://news.nankai.edu.cn/ztbd/system/2013/12/11/000159120.shtml",
  "http://news.nankai.edu.cn/ztbd/system/2013/12/11/000159121.shtml",
  "http://news.nankai.edu.cn/ztbd/system/2013/12/11/000159122.shtml",
  "http://news.nankai.edu.cn/ztbd/system/2013/12/11/000159123.shtml",
  "http://news.nankai.edu.cn/ztbd/system/2013/12/15/000159755.shtml",
  "http://news.nankai.edu.cn/ztbd/system/2013/12/11/000159125.shtml",
  "http://news.nankai.edu.cn/ztbd/system/2013/12/11/000159135.shtml",
  "http://news.nankai.edu.cn/ztbd/system/2013/12/11/000159157.shtml",
  "http://news.nankai.edu.cn/ztbd/system/2013/12/11/000159114.shtml",
  "http://news.nankai.edu.cn/ztbd/system/2013/12/11/000159095.shtml",
  "http://news.nankai.edu.cn/ztbd/system/2013/12/11/000159117.shtml",
  "http://news.nankai.edu.cn/ztbd/system/2013/12/11/000159124.shtml",
  "http://news.nankai.edu.cn/ztbd/system/2013/12/11/000159094.shtml",
  "http://news.nankai.edu.cn/ztbd/system/2013/12/15/000159754.shtml",
  "http://news.nankai.edu.cn/ztbd/system/2013/12/17/000160175.shtml",
  "http://news.nankai.edu.cn/ywsd/system/2013/11/27/000157034.shtml",
  "http://news.nankai.edu.cn/ywsd/system/2013/12/18/000160279.shtml",
  "http://news.nankai.edu.cn/dcxy/system/2013/11/26/000156916.shtml",
  "http://news.nankai.edu.cn/ztbd/system/2013/11/25/000156475.shtml",
  "http://news.nankai.edu.cn/ztbd/system/2013/11/25/000156474.shtml",
  "http://bbs.nankai.edu.cn/group/view/7",
  "http://bbs.nankai.edu.cn/group/view/5",
  "http://news.nankai.edu.cn/ywsd/system/2017/07/04/000337255.shtml",
  "http://news.nankai.edu.cn/2017/0704/c157a70604/page.htm",
  "http://news.nankai.edu.cn/ywsd/system/2017/07/08/000337934.shtml",
  "http://news.nankai.edu.cn/mtnk/system/2015/09/13/000247886.shtml",
  "http://news.nankai.edu.cn/ywsd/system/2017/07/04/000337254.shtml",
  "http://news.nankai.edu.cn/ywsd/system/2017/07/05/000337352.shtml",
  "http://news.nankai.edu.cn/ywsd/system/2014/08/15/000197075.shtml",
  "http://news.nankai.edu.cn/mtnk/system/2013/07/07/000133536.shtml",
  "http://news.nankai.edu.cn/ywsd/system/2014/01/23/000164114.shtml",
  "http://news.nankai.edu.cn/ztbd/system/2017/07/05/000337374.shtml",
  "http://news.nankai.edu.cn/mtnk/system/2017/07/10/000338061.shtml",
  "http://news.nankai.edu.cn/ywsd/system/2017/07/09/000338014.shtml",
  "http://news.nankai.edu.cn/mtnk/system/2017/07/05/000337349.shtml",
  "http://news.nankai.edu.cn/mtnk/system/2017/07/05/000337317.shtml",
  "http://news.nankai.edu.cn/mtnk/system/2017/07/06/000337455.shtml",
  "http://news.nankai.edu.cn/mtnk/system/2017/07/05/000337350.shtml",
  "http://news.nankai.edu.cn/mtnk/system/2017/07/06/000337498.shtml",
  "http://news.nankai.edu.cn/mtnk/system/2017/07/05/000337351.shtml",
  "http://news.nankai.edu.cn/mtnk/system/2017/07/05/000337342.shtml",
  "http://news.nankai.edu.cn/mtnk/system/2017/07/10/000338062.shtml",
  "http://news.nankai.edu.cn/mtnk/system/2017/07/05/000337336.shtml",
  "http://news.nankai.edu.cn/mtnk/system/2017/07/05/000337348.shtml",
  "http://news.nankai.edu.cn/mtnk/system/2017/07/05/000337337.shtml",
  "http://news.nankai.edu.cn/mtnk/system/2017/07/04/000337297.shtml",
  "http://news.nankai.edu.cn/mtnk/system/2017/07/06/000337537.shtml",
  "http://news.nankai.edu.cn/ztbd/system/2022/09/07/030052714.shtml",
  "http://news.nankai.edu.cn/ztbd/system/2022/06/27/030051858.shtml",
  "http://news.nankai.edu.cn/ztbd/system/2022/06/24/030051805.shtml",
  "http://news.nankai.edu.cn/ztbd/system/2022/06/22/030051777.shtml",
  "http://news.nankai.edu.cn/ztbd/system/2022/06/22/030051778.shtml",
  "http://news.nankai.edu.cn/ztbd/system/2022/06/22/030051776.shtml",
  "http://news.nankai.edu.cn/ztbd/system/2021/12/31/030049804.shtml",
  "http://news.nankai.edu.cn/ztbd/system/2021/12/03/030049264.shtml",
  "http://news.nankai.edu.cn/ywsd/system/2020/01/09/030037261.shtml",
  "http://news.nankai.edu.cn/ywsd/system/2020/01/09/030037260.shtml",
  "http://news.nankai.edu.cn/ywsd/system/2019/06/10/030033971.shtml",
  "http://news.nankai.edu.cn/ywsd/system/2019/06/10/030033983.shtml",
  "http://news.nankai.edu.cn/ztbd/system/2019/09/16/030035233.shtml",
  "http://news.nankai.edu.cn/ywsd/system/2020/01/10/030037288.shtml",
  "http://news.nankai.edu.cn/ywsd/system/2020/01/09/030037268.shtml",
  "http://news.nankai.edu.cn/ywsd/system/2019/12/29/030037094.shtml",
  "http://news.nankai.edu.cn/ywsd/system/2019/12/25/030037026.shtml",
  "http://news.nankai.edu.cn/ywsd/system/2019/12/19/030036961.shtml",
  "http://news.nankai.edu.cn/ywsd/system/2019/12/13/030036794.shtml",
  "http://news.nankai.edu.cn/ywsd/system/2019/12/05/030036711.shtml",
  "http://news.nankai.edu.cn/ywsd/system/2019/11/28/030036611.shtml",
  "http://news.nankai.edu.cn/ywsd/system/2019/11/26/030036553.shtml",
  "http://news.nankai.edu.cn/ywsd/system/2019/11/27/030036568.shtml",
  "http://news.nankai.edu.cn/ywsd/system/2019/11/22/030036460.shtml",
  "http://news.nankai.edu.cn/ywsd/system/2019/11/20/030036437.shtml",
  "http://news.nankai.edu.cn/ywsd/system/2019/11/15/030036405.shtml",
  "http://news.nankai.edu.cn/ywsd/system/2019/11/13/030036375.shtml",
  "http://news.nankai.edu.cn/ywsd/system/2019/11/13/030036368.shtml",
  "http://news.nankai.edu.cn/ywsd/system/2019/11/11/030036319.shtml",
  "http://news.nankai.edu.cn/ywsd/system/2019/11/09/030036303.shtml",
  "http://news.nankai.edu.cn/ywsd/system/2019/11/08/030036297.shtml",
  "http://news.nankai.edu.cn/ywsd/system/2019/11/08/030036302.shtml",
  "http://news.nankai.edu.cn/ywsd/system/2019/11/08/030036280.shtml",
  "http://news.nankai.edu.cn/ywsd/system/2019/11/07/030036272.shtml",
  "http://news.nankai.edu.cn/ywsd/system/2019/11/07/030036271.shtml",
  "http://news.nankai.edu.cn/ywsd/system/2019/11/06/030036269.shtml",
  "http://news.nankai.edu.cn/ywsd/system/2019/10/28/030036099.shtml",
  "http://news.nankai.edu.cn/ywsd/system/2019/07/21/030034583.shtml",
  "http://news.nankai.edu.cn/ywsd/system/2019/09/10/030035155.shtml",
  "http://news.nankai.edu.cn/ywsd/system/2019/11/06/030036266.shtml",
  "http://news.nankai.edu.cn/ywsd/system/2019/11/06/030036258.shtml",
  "http://news.nankai.edu.cn/ywsd/system/2019/11/06/030036265.shtml",
  "http://news.nankai.edu.cn/ywsd/system/2019/11/05/030036254.shtml",
  "http://news.nankai.edu.cn/ywsd/system/2019/11/05/030036257.shtml",
  "http://news.nankai.edu.cn/ywsd/system/2019/11/05/030036242.shtml",
  "http://news.nankai.edu.cn/ywsd/system/2019/11/04/030036213.shtml",
  "http://news.nankai.edu.cn/ywsd/system/2019/11/02/030036191.shtml",
  "http://news.nankai.edu.cn/ywsd/system/2019/11/01/030036179.shtml",
  "http://news.nankai.edu.cn/ywsd/system/2019/10/31/030036169.shtml",
  "http://news.nankai.edu.cn/ywsd/system/2019/10/31/030036166.shtml",
  "http://news.nankai.edu.cn/ywsd/system/2019/10/29/030036134.shtml",
  "http://news.nankai.edu.cn/ywsd/system/2019/10/25/030036041.shtml",
  "http://news.nankai.edu.cn/ywsd/system/2019/10/25/030036033.shtml",
  "http://news.nankai.edu.cn/ywsd/system/2019/10/23/030035992.shtml",
  "http://news.nankai.edu.cn/ywsd/system/2019/10/23/030035991.shtml",
  "http://news.nankai.edu.cn/ywsd/system/2019/10/22/030035961.shtml",
  "http://news.nankai.edu.cn/ywsd/system/2019/10/09/030035637.shtml",
  "http://news.nankai.edu.cn/ywsd/system/2019/10/21/030035902.shtml",
  "http://news.nankai.edu.cn/ywsd/system/2019/10/11/030035662.shtml",
  "http://news.nankai.edu.cn/ywsd/system/2019/10/10/030035660.shtml",
  "http://news.nankai.edu.cn/ywsd/system/2019/10/10/030035658.shtml",
  "http://news.nankai.edu.cn/ywsd/system/2019/10/01/030035567.shtml",
  "http://news.nankai.edu.cn/ywsd/system/2019/10/01/030035574.shtml",
  "http://news.nankai.edu.cn/ywsd/system/2019/09/30/030035560.shtml",
  "http://news.nankai.edu.cn/ywsd/system/2019/09/30/030035551.shtml",
  "http://news.nankai.edu.cn/ywsd/system/2019/09/28/030035499.shtml",
  "http://news.nankai.edu.cn/ywsd/system/2019/09/28/030035497.shtml",
  "http://news.nankai.edu.cn/ywsd/system/2019/09/26/030035467.shtml",
  "http://news.nankai.edu.cn/ywsd/system/2019/09/26/030035471.shtml",
  "http://news.nankai.edu.cn/ywsd/system/2019/09/25/030035435.shtml",
  "http://news.nankai.edu.cn/ywsd/system/2019/09/24/030035424.shtml",
  "http://news.nankai.edu.cn/ywsd/system/2019/09/21/030035351.shtml",
  "http://news.nankai.edu.cn/ywsd/system/2019/09/17/030035267.shtml",
  "http://news.nankai.edu.cn/ywsd/system/2019/09/12/030035218.shtml",
  "http://news.nankai.edu.cn/ywsd/system/2019/09/10/030035160.shtml",
  "http://news.nankai.edu.cn/ywsd/system/2019/08/31/030035038.shtml",
  "http://news.nankai.edu.cn/ywsd/system/2019/08/27/030034957.shtml",
  "http://news.nankai.edu.cn/ywsd/system/2019/08/20/030034894.shtml",
  "http://news.nankai.edu.cn/ywsd/system/2019/08/08/030034786.shtml",
  "http://news.nankai.edu.cn/ywsd/system/2019/07/09/030034361.shtml",
  "http://news.nankai.edu.cn/ywsd/system/2019/06/13/030034041.shtml",
  "http://news.nankai.edu.cn/ywsd/system/2019/07/04/030034254.shtml",
  "http://news.nankai.edu.cn/zhxw/system/2020/01/04/030037209.shtml",
  "http://news.nankai.edu.cn/zhxw/system/2019/12/26/030037058.shtml",
  "http://news.nankai.edu.cn/zhxw/system/2019/12/18/030036954.shtml",
  "http://news.nankai.edu.cn/zhxw/system/2019/12/18/030036940.shtml",
  "http://news.nankai.edu.cn/zhxw/system/2019/12/18/030036920.shtml",
  "http://news.nankai.edu.cn/zhxw/system/2019/12/16/030036867.shtml",
  "http://news.nankai.edu.cn/zhxw/system/2019/12/16/030036863.shtml",
  "http://news.nankai.edu.cn/zhxw/system/2019/12/15/030036834.shtml",
  "http://news.nankai.edu.cn/zhxw/system/2019/12/14/030036827.shtml",
  "http://news.nankai.edu.cn/zhxw/system/2019/12/13/030036804.shtml",
  "http://news.nankai.edu.cn/zhxw/system/2019/12/13/030036800.shtml",
  "http://news.nankai.edu.cn/zhxw/system/2019/12/09/030036770.shtml",
  "http://news.nankai.edu.cn/zhxw/system/2019/12/07/030036742.shtml",
  "http://news.nankai.edu.cn/zhxw/system/2019/12/07/030036743.shtml",
  "http://news.nankai.edu.cn/zhxw/system/2019/12/05/030036716.shtml",
  "http://news.nankai.edu.cn/zhxw/system/2019/12/05/030036714.shtml",
  "http://news.nankai.edu.cn/zhxw/system/2019/12/05/030036713.shtml",
  "http://news.nankai.edu.cn/zhxw/system/2019/12/03/030036692.shtml",
  "http://news.nankai.edu.cn/zhxw/system/2019/12/02/030036671.shtml",
  "http://news.nankai.edu.cn/zhxw/system/2019/12/02/030036672.shtml",
  "http://news.nankai.edu.cn/zhxw/system/2019/12/02/030036670.shtml",
  "http://news.nankai.edu.cn/zhxw/system/2019/12/01/030036655.shtml",
  "http://news.nankai.edu.cn/zhxw/system/2019/11/29/030036633.shtml",
  "http://news.nankai.edu.cn/zhxw/system/2019/11/29/030036640.shtml",
  "http://news.nankai.edu.cn/zhxw/system/2019/11/29/030036631.shtml",
  "http://news.nankai.edu.cn/zhxw/system/2019/11/29/030036612.shtml",
  "http://news.nankai.edu.cn/zhxw/system/2019/11/28/030036600.shtml",
  "http://news.nankai.edu.cn/zhxw/system/2019/11/27/030036560.shtml",
  "http://news.nankai.edu.cn/zhxw/system/2019/11/25/030036529.shtml",
  "http://news.nankai.edu.cn/zhxw/system/2019/11/25/030036524.shtml",
  "http://news.nankai.edu.cn/zhxw/system/2019/11/25/030036520.shtml",
  "http://news.nankai.edu.cn/zhxw/system/2019/11/25/030036509.shtml",
  "http://news.nankai.edu.cn/zhxw/system/2019/11/25/030036514.shtml",
  "http://news.nankai.edu.cn/zhxw/system/2019/11/25/030036495.shtml",
  "http://news.nankai.edu.cn/zhxw/system/2019/11/24/030036488.shtml",
  "http://news.nankai.edu.cn/zhxw/system/2019/11/23/030036483.shtml",
  "http://news.nankai.edu.cn/zhxw/system/2019/11/23/030036480.shtml",
  "http://news.nankai.edu.cn/zhxw/system/2019/11/22/030036473.shtml",
  "http://news.nankai.edu.cn/ywsd/system/2019/09/20/030035337.shtml",
  "http://news.nankai.edu.cn/zhxw/system/2019/11/20/030036440.shtml",
  "http://news.nankai.edu.cn/zhxw/system/2019/09/19/030035318.shtml",
  "http://news.nankai.edu.cn/zhxw/system/2019/09/21/030035345.shtml",
  "http://news.nankai.edu.cn/zhxw/system/2019/09/20/030035340.shtml",
  "http://news.nankai.edu.cn/zhxw/system/2019/09/20/030035341.shtml",
  "http://news.nankai.edu.cn/zhxw/system/2019/09/21/030035343.shtml",
  "http://news.nankai.edu.cn/zhxw/system/2019/09/21/030035344.shtml",
  "http://news.nankai.edu.cn/zhxw/system/2019/09/21/030035346.shtml",
  "http://news.nankai.edu.cn/zhxw/system/2019/09/21/030035354.shtml",
  "http://news.nankai.edu.cn/zhxw/system/2019/09/22/030035371.shtml",
  "http://news.nankai.edu.cn/zhxw/system/2019/09/22/030035373.shtml",
  "http://news.nankai.edu.cn/zhxw/system/2019/09/23/030035406.shtml",
  "http://news.nankai.edu.cn/zhxw/system/2019/09/23/030035405.shtml",
  "http://news.nankai.edu.cn/zhxw/system/2019/09/23/030035410.shtml",
  "http://news.nankai.edu.cn/zhxw/system/2019/09/23/030035413.shtml",
  "http://news.nankai.edu.cn/zhxw/system/2019/09/24/030035426.shtml",
  "http://news.nankai.edu.cn/zhxw/system/2019/09/24/030035427.shtml",
  "http://news.nankai.edu.cn/zhxw/system/2019/09/24/030035429.shtml",
  "http://news.nankai.edu.cn/zhxw/system/2019/09/25/030035441.shtml",
  "http://news.nankai.edu.cn/zhxw/system/2019/09/29/030035513.shtml",
  "http://news.nankai.edu.cn/zhxw/system/2019/09/29/030035512.shtml",
  "http://news.nankai.edu.cn/zhxw/system/2019/09/29/030035515.shtml",
  "http://news.nankai.edu.cn/zhxw/system/2019/09/29/030035511.shtml",
  "http://news.nankai.edu.cn/zhxw/system/2019/09/29/030035510.shtml",
  "http://news.nankai.edu.cn/zhxw/system/2019/09/29/030035518.shtml",
  "http://news.nankai.edu.cn/zhxw/system/2019/09/29/030035519.shtml",
  "http://news.nankai.edu.cn/zhxw/system/2019/09/29/030035520.shtml",
  "http://news.nankai.edu.cn/zhxw/system/2019/09/29/030035517.shtml",
  "http://news.nankai.edu.cn/zhxw/system/2019/09/30/030035554.shtml",
  "http://news.nankai.edu.cn/zhxw/system/2019/09/30/030035556.shtml",
  "http://news.nankai.edu.cn/zhxw/system/2019/10/03/030035594.shtml",
  "http://news.nankai.edu.cn/zhxw/system/2019/10/04/030035601.shtml",
  "http://news.nankai.edu.cn/zhxw/system/2019/10/12/030035730.shtml",
  "http://news.nankai.edu.cn/zhxw/system/2019/10/12/030035732.shtml",
  "http://news.nankai.edu.cn/zhxw/system/2019/10/18/030035832.shtml",
  "http://news.nankai.edu.cn/zhxw/system/2019/10/19/030035852.shtml",
  "http://news.nankai.edu.cn/zhxw/system/2019/10/21/030035915.shtml",
  "http://news.nankai.edu.cn/zhxw/system/2019/10/28/030036107.shtml",
  "http://news.nankai.edu.cn/zhxw/system/2019/10/28/030036106.shtml",
  "http://news.nankai.edu.cn/zhxw/system/2019/10/30/030036144.shtml",
  "http://news.nankai.edu.cn/zhxw/system/2019/10/30/030036146.shtml",
  "http://news.nankai.edu.cn/zhxw/system/2019/10/30/030036150.shtml",
  "http://news.nankai.edu.cn/zhxw/system/2019/10/31/030036156.shtml",
  "http://news.nankai.edu.cn/zhxw/system/2019/10/31/030036157.shtml",
  "http://news.nankai.edu.cn/zhxw/system/2019/10/31/030036163.shtml",
  "http://news.nankai.edu.cn/zhxw/system/2019/10/31/030036164.shtml",
  "http://news.nankai.edu.cn/zhxw/system/2019/11/01/030036174.shtml",
  "http://news.nankai.edu.cn/zhxw/system/2019/11/01/030036175.shtml",
  "http://news.nankai.edu.cn/zhxw/system/2019/11/03/030036207.shtml",
  "http://news.nankai.edu.cn/zhxw/system/2019/11/03/030036206.shtml",
  "http://news.nankai.edu.cn/zhxw/system/2019/11/03/030036201.shtml",
  "http://news.nankai.edu.cn/zhxw/system/2019/11/03/030036196.shtml",
  "http://news.nankai.edu.cn/zhxw/system/2019/11/04/030036215.shtml",
  "http://news.nankai.edu.cn/zhxw/system/2019/11/04/030036219.shtml",
  "http://news.nankai.edu.cn/zhxw/system/2019/11/04/030036217.shtml",
  "http://news.nankai.edu.cn/zhxw/system/2019/11/04/030036227.shtml",
  "http://news.nankai.edu.cn/zhxw/system/2019/11/08/030036284.shtml",
  "http://news.nankai.edu.cn/zhxw/system/2019/11/08/030036293.shtml",
  "http://news.nankai.edu.cn/zhxw/system/2019/11/12/030036358.shtml",
  "http://news.nankai.edu.cn/ywsd/system/2020/02/16/030037580.shtml",
  "http://news.nankai.edu.cn/ywsd/system/2020/03/11/030038095.shtml",
  "http://news.nankai.edu.cn/ywsd/system/2020/03/11/030038093.shtml",
  "https://www.nankai.edu.cn/2020/0228/c17471a266385/page.htm",
  "http://yzb.nankai.edu.cn/2020/0207/c5508a264844/page.htm?from=timeline&isappinstalled=0",
  "http://news.nankai.edu.cn/ywsd/system/2020/02/01/030037482.shtml",
  "http://news.nankai.edu.cn/ywsd/system/2020/08/28/030040538.shtml",
  "http://news.nankai.edu.cn/ywsd/system/2020/06/19/030039690.shtml",
  "http://news.nankai.edu.cn/ywsd/system/2020/05/30/030039460.shtml",
  "http://news.nankai.edu.cn/ywsd/system/2020/05/09/030039126.shtml",
  "http://news.nankai.edu.cn/ywsd/system/2020/05/09/030039123.shtml",
  "http://news.nankai.edu.cn/ywsd/system/2020/05/09/030039122.shtml",
  "http://news.nankai.edu.cn/ywsd/system/2020/05/09/030039104.shtml",
  "http://news.nankai.edu.cn/ywsd/system/2020/05/07/030039098.shtml",
  "http://news.nankai.edu.cn/ywsd/system/2020/05/06/030039091.shtml",
  "http://news.nankai.edu.cn/ywsd/system/2020/05/06/030039090.shtml",
  "http://news.nankai.edu.cn/ywsd/system/2020/05/06/030039088.shtml",
  "http://news.nankai.edu.cn/ywsd/system/2020/05/05/030039084.shtml",
  "http://news.nankai.edu.cn/ywsd/system/2020/05/01/030038998.shtml",
  "http://news.nankai.edu.cn/ywsd/system/2020/05/01/030039000.shtml",
  "http://news.nankai.edu.cn/ywsd/system/2020/05/01/030038997.shtml",
  "http://news.nankai.edu.cn/ywsd/system/2020/05/01/030038996.shtml",
  "http://news.nankai.edu.cn/ywsd/system/2020/04/26/030038944.shtml",
  "http://news.nankai.edu.cn/ywsd/system/2020/04/25/030038943.shtml",
  "http://news.nankai.edu.cn/ywsd/system/2020/04/22/030038895.shtml",
  "http://news.nankai.edu.cn/ywsd/system/2020/04/21/030038867.shtml",
  "http://news.nankai.edu.cn/ywsd/system/2020/04/20/030038856.shtml",
  "http://news.nankai.edu.cn/ywsd/system/2020/04/18/030038808.shtml",
  "http://news.nankai.edu.cn/ywsd/system/2020/04/16/030038769.shtml",
  "http://news.nankai.edu.cn/ywsd/system/2020/04/14/030038753.shtml",
  "http://news.nankai.edu.cn/ywsd/system/2020/04/14/030038752.shtml",
  "http://news.nankai.edu.cn/ywsd/system/2020/04/08/030038613.shtml",
  "http://news.nankai.edu.cn/ywsd/system/2020/04/08/030038614.shtml",
  "http://news.nankai.edu.cn/ywsd/system/2020/04/07/030038598.shtml",
  "http://news.nankai.edu.cn/ywsd/system/2020/04/04/030038558.shtml",
  "http://news.nankai.edu.cn/ywsd/system/2020/04/03/030038525.shtml",
  "http://news.nankai.edu.cn/ywsd/system/2020/03/31/030038491.shtml",
  "http://news.nankai.edu.cn/ywsd/system/2020/03/30/030038455.shtml",
  "http://news.nankai.edu.cn/ywsd/system/2020/03/30/030038456.shtml",
  "http://news.nankai.edu.cn/ywsd/system/2020/03/27/030038409.shtml",
  "http://news.nankai.edu.cn/ywsd/system/2020/03/24/030038344.shtml",
  "http://news.nankai.edu.cn/ywsd/system/2020/03/25/030038366.shtml",
  "http://news.nankai.edu.cn/ywsd/system/2020/03/25/030038367.shtml",
  "http://news.nankai.edu.cn/ywsd/system/2020/03/23/030038329.shtml",
  "http://news.nankai.edu.cn/ywsd/system/2020/03/20/030038296.shtml",
  "http://news.nankai.edu.cn/ywsd/system/2020/03/20/030038294.shtml",
  "http://news.nankai.edu.cn/ywsd/system/2020/03/19/030038264.shtml",
  "http://news.nankai.edu.cn/ywsd/system/2020/03/19/030038263.shtml",
  "http://news.nankai.edu.cn/ywsd/system/2020/03/19/030038265.shtml",
  "http://news.nankai.edu.cn/ywsd/system/2020/03/18/030038262.shtml",
  "http://news.nankai.edu.cn/ywsd/system/2020/03/17/030038256.shtml",
  "http://news.nankai.edu.cn/ywsd/system/2020/03/14/030038239.shtml",
  "http://news.nankai.edu.cn/ywsd/system/2020/03/13/030038215.shtml",
  "http://news.nankai.edu.cn/ywsd/system/2020/03/12/030038105.shtml",
  "http://news.nankai.edu.cn/ywsd/system/2020/03/12/030038104.shtml",
  "http://news.nankai.edu.cn/ywsd/system/2020/03/11/030038091.shtml",
  "http://news.nankai.edu.cn/ywsd/system/2020/03/11/030038092.shtml",
  "http://news.nankai.edu.cn/ywsd/system/2020/03/10/030038064.shtml",
  "http://news.nankai.edu.cn/ywsd/system/2020/03/09/030038037.shtml",
  "http://news.nankai.edu.cn/ywsd/system/2020/03/09/030038052.shtml",
  "http://news.nankai.edu.cn/ywsd/system/2020/03/08/030038020.shtml",
  "http://news.nankai.edu.cn/ywsd/system/2020/03/08/030038019.shtml",
  "http://news.nankai.edu.cn/ywsd/system/2020/03/07/030038004.shtml",
  "http://news.nankai.edu.cn/ywsd/system/2020/03/07/030038003.shtml",
  "http://news.nankai.edu.cn/ywsd/system/2020/03/05/030037991.shtml",
  "http://news.nankai.edu.cn/ywsd/system/2020/03/05/030037983.shtml",
  "http://news.nankai.edu.cn/ywsd/system/2020/03/05/030037978.shtml",
  "http://news.nankai.edu.cn/ywsd/system/2020/03/05/030037982.shtml",
  "http://news.nankai.edu.cn/ywsd/system/2020/03/05/030037972.shtml",
  "http://news.nankai.edu.cn/ywsd/system/2020/03/04/030037964.shtml",
  "http://news.nankai.edu.cn/ywsd/system/2020/03/03/030037935.shtml",
  "http://news.nankai.edu.cn/ywsd/system/2020/03/02/030037921.shtml",
  "http://news.nankai.edu.cn/ywsd/system/2020/03/01/030037894.shtml",
  "http://news.nankai.edu.cn/ywsd/system/2020/02/28/030037888.shtml",
  "http://news.nankai.edu.cn/ywsd/system/2020/02/28/030037870.shtml",
  "http://news.nankai.edu.cn/ywsd/system/2020/02/28/030037871.shtml",
  "http://news.nankai.edu.cn/ywsd/system/2020/02/27/030037863.shtml",
  "http://news.nankai.edu.cn/ywsd/system/2020/02/27/030037861.shtml",
  "http://news.nankai.edu.cn/ywsd/system/2020/02/27/030037862.shtml",
  "http://news.nankai.edu.cn/ywsd/system/2020/02/26/030037844.shtml",
  "http://news.nankai.edu.cn/ywsd/system/2020/02/26/030037856.shtml",
  "http://news.nankai.edu.cn/ywsd/system/2020/02/25/030037810.shtml",
  "http://news.nankai.edu.cn/ywsd/system/2020/02/25/030037807.shtml",
  "http://news.nankai.edu.cn/ywsd/system/2020/02/25/030037806.shtml",
  "http://news.nankai.edu.cn/ywsd/system/2020/02/24/030037722.shtml",
  "http://news.nankai.edu.cn/ywsd/system/2020/02/24/030037723.shtml",
  "http://news.nankai.edu.cn/ywsd/system/2020/02/23/030037699.shtml",
  "http://news.nankai.edu.cn/ywsd/system/2020/02/22/030037691.shtml",
  "http://news.nankai.edu.cn/ywsd/system/2020/02/22/030037692.shtml",
  "http://news.nankai.edu.cn/ywsd/system/2020/02/21/030037667.shtml",
  "http://news.nankai.edu.cn/ywsd/system/2020/02/20/030037652.shtml",
  "http://news.nankai.edu.cn/ywsd/system/2020/02/20/030037651.shtml",
  "http://news.nankai.edu.cn/ywsd/system/2020/02/17/030037612.shtml",
  "http://news.nankai.edu.cn/ywsd/system/2020/02/17/030037611.shtml",
  "http://news.nankai.edu.cn/ywsd/system/2020/02/16/030037599.shtml",
  "http://news.nankai.edu.cn/ywsd/system/2020/02/15/030037578.shtml",
  "http://news.nankai.edu.cn/ywsd/system/2020/02/14/030037564.shtml",
  "http://news.nankai.edu.cn/ywsd/system/2020/02/14/030037563.shtml",
  "http://news.nankai.edu.cn/ywsd/system/2020/02/13/030037550.shtml",
  "http://news.nankai.edu.cn/ywsd/system/2020/02/13/030037553.shtml",
  "http://news.nankai.edu.cn/ywsd/system/2020/02/11/030037541.shtml",
  "http://news.nankai.edu.cn/ywsd/system/2020/02/11/030037538.shtml",
  "http://news.nankai.edu.cn/ywsd/system/2020/02/11/030037540.shtml",
  "http://news.nankai.edu.cn/ywsd/system/2020/02/08/030037528.shtml",
  "http://news.nankai.edu.cn/ywsd/system/2020/02/07/030037525.shtml",
  "http://news.nankai.edu.cn/ywsd/system/2020/02/07/030037526.shtml",
  "http://news.nankai.edu.cn/ywsd/system/2020/02/06/030037521.shtml",
  "http://news.nankai.edu.cn/ywsd/system/2020/02/04/030037510.shtml",
  "http://news.nankai.edu.cn/ywsd/system/2020/02/03/030037505.shtml",
  "http://news.nankai.edu.cn/ywsd/system/2020/01/31/030037480.shtml",
  "http://news.nankai.edu.cn/ywsd/system/2020/01/31/030037476.shtml",
  "http://news.nankai.edu.cn/ywsd/system/2020/01/30/030037474.shtml?from=singlemessage&isappinstalled=0",
  "http://news.nankai.edu.cn/ywsd/system/2020/01/29/030037470.shtml",
  "http://news.nankai.edu.cn/ywsd/system/2020/01/27/030037467.shtml",
  "http://news.nankai.edu.cn/ywsd/system/2020/01/24/030037460.shtml",
  "http://news.nankai.edu.cn/ywsd/system/2020/01/23/030037445.shtml",
  "http://news.nankai.edu.cn/ywsd/system/2020/01/23/030037442.shtml",
  "http://news.nankai.edu.cn/ywsd/system/2020/01/31/030037481.shtml",
  "http://news.nankai.edu.cn/zhxw/system/2020/02/02/030037503.shtml",
  "http://news.nankai.edu.cn/mtnk/system/2020/02/19/030037641.shtml\u200b",
  "http://news.nankai.edu.cn/mtnk/system/2020/02/17/030037619.shtml",
  "http://news.nankai.edu.cn/nkzs/system/2020/02/16/030037585.shtml",
  "http://news.nankai.edu.cn/nkzs/system/2020/02/13/030037556.shtml",
  "http://news.nankai.edu.cn/mtnk/system/2020/02/01/030037496.shtml",
  "http://news.nankai.edu.cn/ywsd/system/2020/06/14/030039646.shtml",
  "http://news.nankai.edu.cn/ywsd/system/2020/06/14/030039647.shtml",
  "http://news.nankai.edu.cn/ywsd/system/2020/06/01/030039486.shtml",
  "http://news.nankai.edu.cn/ywsd/system/2020/05/31/030039485.shtml",
  "http://news.nankai.edu.cn/ywsd/system/2020/05/31/030039484.shtml",
  "http://news.nankai.edu.cn/ywsd/system/2020/05/26/030039421.shtml",
  "http://news.nankai.edu.cn/ywsd/system/2020/05/24/030039364.shtml",
  "http://news.nankai.edu.cn/ywsd/system/2020/05/22/030039278.shtml",
  "http://news.nankai.edu.cn/ywsd/system/2020/05/20/030039252.shtml",
  "http://news.nankai.edu.cn/ywsd/system/2020/03/28/030038411.shtml",
  "http://news.nankai.edu.cn/ywsd/system/2020/02/29/030037889.shtml",
  "http://news.nankai.edu.cn/ywsd/system/2020/01/19/030037400.shtml",
  "http://news.nankai.edu.cn/ywsd/system/2020/01/15/030037384.shtml",
  "http://news.nankai.edu.cn/ywsd/system/2020/01/04/030037204.shtml",
  "http://news.nankai.edu.cn/ywsd/system/2019/10/29/030036129.shtml",
  "http://news.nankai.edu.cn/ywsd/system/2019/07/13/030034443.shtml",
  "http://news.nankai.edu.cn/ywsd/system/2019/07/13/030034442.shtml",
  "http://news.nankai.edu.cn/ywsd/system/2019/05/30/030033620.shtml",
  "http://news.nankai.edu.cn/ywsd/system/2019/05/15/030033502.shtml",
  "http://news.nankai.edu.cn/ywsd/system/2019/04/23/000446715.shtml",
  "http://news.nankai.edu.cn/ywsd/system/2019/01/11/000428576.shtml",
  "http://news.nankai.edu.cn/ywsd/system/2018/12/29/000426175.shtml",
  "http://news.nankai.edu.cn/ywsd/system/2018/12/29/000426137.shtml",
  "http://news.nankai.edu.cn/ywsd/system/2018/12/26/000425535.shtml",
  "http://news.nankai.edu.cn/ywsd/system/2018/12/14/000423635.shtml",
  "http://news.nankai.edu.cn/ywsd/system/2018/11/26/000420334.shtml",
  "http://news.nankai.edu.cn/ywsd/system/2018/11/23/000419855.shtml",
  "http://news.nankai.edu.cn/ywsd/system/2018/11/22/000419714.shtml",
  "http://news.nankai.edu.cn/ywsd/system/2018/08/05/000403694.shtml",
  "http://news.nankai.edu.cn/ywsd/system/2018/07/23/000401294.shtml",
  "http://news.nankai.edu.cn/ywsd/system/2018/07/22/000401076.shtml",
  "http://news.nankai.edu.cn/ywsd/system/2018/07/18/000400534.shtml",
  "http://news.nankai.edu.cn/ywsd/system/2018/07/16/000400354.shtml",
  "http://news.nankai.edu.cn/ywsd/system/2018/06/29/000396154.shtml",
  "http://news.nankai.edu.cn/ywsd/system/2018/06/27/000394994.shtml",
  "http://news.nankai.edu.cn/ywsd/system/2018/06/26/000394574.shtml",
  "http://news.nankai.edu.cn/ywsd/system/2018/06/23/000393674.shtml",
  "http://news.nankai.edu.cn/ywsd/system/2018/06/22/000393274.shtml",
  "http://news.nankai.edu.cn/ywsd/system/2018/06/07/000388754.shtml",
  "http://news.nankai.edu.cn/ywsd/system/2018/05/03/000379935.shtml",
  "http://news.nankai.edu.cn/ywsd/system/2018/04/16/000377034.shtml",
  "http://news.nankai.edu.cn/ywsd/system/2018/03/21/000372814.shtml",
  "http://news.nankai.edu.cn/ywsd/system/2017/11/16/000356135.shtml",
  "http://news.nankai.edu.cn/ywsd/system/2017/11/03/000353874.shtml",
  "http://news.nankai.edu.cn/ywsd/system/2017/11/05/000354139.shtml",
  "http://news.nankai.edu.cn/ywsd/system/2017/10/17/000350757.shtml",
  "http://news.nankai.edu.cn/ywsd/system/2017/08/09/000341174.shtml",
  "http://news.nankai.edu.cn/ywsd/system/2017/06/03/000333694.shtml",
  "http://news.nankai.edu.cn/ywsd/system/2016/10/19/000300075.shtml",
  "http://news.nankai.edu.cn/ywsd/system/2016/04/18/000278034.shtml",
  "http://news.nankai.edu.cn/ywsd/system/2016/01/24/000266794.shtml",
  "http://news.nankai.edu.cn/ywsd/system/2016/02/08/000268114.shtml",
  "http://news.nankai.edu.cn/ywsd/system/2015/12/05/000259135.shtml",
  "http://news.nankai.edu.cn/ywsd/system/2014/10/17/000205141.shtml",
  "http://news.nankai.edu.cn/ywsd/system/2014/09/22/000202214.shtml",
  "http://news.nankai.edu.cn/ywsd/system/2014/08/15/000197074.shtml",
  "http://news.nankai.edu.cn/ywsd/system/2014/02/02/000164914.shtml",
  "http://news.nankai.edu.cn/ywsd/system/2013/10/24/000148274.shtml",
  "http://news.nankai.edu.cn/ztbd/system/2010/03/24/000029331.shtml",
  "http://news.nankai.edu.cn/ztbd/system/2010/03/25/000029341.shtml",
  "http://news.nankai.edu.cn/ztbd/system/2010/03/25/000029342.shtml",
  "http://news.nankai.edu.cn/ztbd/system/2010/03/24/000029332.shtml",
  "http://news.nankai.edu.cn/ztbd/system/2010/04/29/000030157.shtml",
  "http://news.nankai.edu.cn/ztbd/system/2010/05/11/000030429.shtml",
  "http://news.nankai.edu.cn/ztbd/system/2010/04/29/000030150.shtml",
  "http://news.nankai.edu.cn/ztbd/system/2010/04/29/000030153.shtml",
  "http://news.nankai.edu.cn/sp/system/2010/04/30/000030172.shtml",
  "http://news.nankai.edu.cn/zhxw/system/2010/05/05/000030317.shtml",
  "http://news.nankai.edu.cn/zhxw/system/2010/05/23/000030832.shtml",
  "http://news.nankai.edu.cn/mtnk/system/2010/05/08/000030374.shtml",
  "http://news.nankai.edu.cn/zhxw/system/2010/05/10/000030385.shtml",
  "http://prt.nankai.edu.cn/2020/1228/c31238a492516/page.htm",
  "http://prt.nankai.edu.cn/2019/0618/c31341a493447/page.htm",
  "https://prt.nankai.edu.cn  ",
  "http://cuter.nankai.edu.cn/en.php",
  "http://env.nankai.edu.cn",
  "http://mba.nankai.edu.cn/MEMxmjs/list.htm",
  "http://news.nankai.edu.cn/video/003/000/275/00300027500_vw00000000000001_2aa23478.mp4",
  "http://news.nankai.edu.cn/ztbd/system/2010/05/31/000031223.shtml",
  "http://news.nankai.edu.cn/ztbd/system/2010/05/31/000031225.shtml",
  "http://news.nankai.edu.cn/ztbd/system/2010/05/31/000031226.shtml",
  "http://news.nankai.edu.cn/ztbd/system/2010/05/31/000031227.shtml",
  "http://news.nankai.edu.cn/ztbd/system/2010/05/31/000031228.shtml",
  "http://news.nankai.edu.cn/ywsd/system/2010/06/30/000032238.shtml",
  "http://news.nankai.edu.cn/ywsd/system/2010/06/30/000032244.shtml",
  "http://news.nankai.edu.cn/ywsd/system/2010/06/30/000032245.shtml",
  "http://news.nankai.edu.cn/ywsd/system/2010/07/02/000032304.shtml",
  "http://news.nankai.edu.cn/ywsd/system/2010/07/01/000032254.shtml",
  "http://www.lib.nankai.edu.cn/2020/0508/c11989a271359/page.htm",
  "http://www.lib.nankai.edu.cn/2020/0428/c11989a270330/page.htm",
  "http://lib.nankai.edu.cn/2016/0505/c11989a176341/page.htm",
  "http://lib.nankai.edu.cn/2015/1209/c11989a183098/page.htm",
  "http://dxwl.nankai.edu.cn/main.htm",
  "https://career.nankai.edu.cn/Uploads/2024-09-09/66de54ef766df.pdf",
  "https://lims.nankai.edu.cn",
  "https://sysaqpx.nankai.edu.cn/",
  "https://ilab-x.nankai.edu.cn/",
  "http://energy.nankai.edu.cn/article/687",
  "http://energy.nankai.edu.cn/article/860",
  "http://energy.nankai.edu.cn/article/738",
  "http://energy.nankai.edu.cn/article/547",
  "http://energy.nankai.edu.cn/article/545",
  "http://energy.nankai.edu.cn/article/881",
  "http://energy.nankai.edu.cn/article/555",
  "http://energy.nankai.edu.cn/article/553",
  "http://energy.nankai.edu.cn/article/911",
  "http://energy.nankai.edu.cn/article/832",
  "http://energy.nankai.edu.cn/article/830",
  "http://energy.nankai.edu.cn/article/544",
  "http://energy.nankai.edu.cn/article/542",
  "http://energy.nankai.edu.cn/article/960",
  "http://energy.nankai.edu.cn/article/930",
  "http://energy.nankai.edu.cn/article/950",
  "http://energy.nankai.edu.cn/article/575",
  "http://energy.nankai.edu.cn/article/551",
  "http://physics.nankai.edu.cn/hy/main.htm",
  "http://physics.nankai.edu.cn/kyf_en/main.htm",
  "http://chenlab.nankai.edu.cn/12213/list.htm",
  "http://chenlab.nankai.edu.cn/12220/list.htm",
  "http://chenlab.nankai.edu.cn/12224/list.htm",
  "http://chenlab.nankai.edu.cn/12209/list.htm",
  "http://zzb.nankai.edu.cn/main.htm",
  "http://gbpx.nankai.edu.cn/",
  "http://news.nankai.edu.cn/ywsd/system/2021/09/11/030047886.shtml",
  "http://news.nankai.edu.cn/ywsd/system/2021/08/21/030047646.shtml",
  "http://news.nankai.edu.cn/mtnk/system/2021/07/03/030047148.shtml",
  "http://news.nankai.edu.cn/ywsd/system/2021/07/03/030047144.shtml",
  "http://news.nankai.edu.cn/ywsd/system/2021/06/30/030047128.shtml",
  "http://energy.nankai.edu.cn/article/969",
  "http://energy.nankai.edu.cn/article/883",
  "http://energy.nankai.edu.cn/article/864",
  "http://energy.nankai.edu.cn/article/526",
  "http://energy.nankai.edu.cn/article/548",
  "http://energy.nankai.edu.cn/article/406",
  "http://energy.nankai.edu.cn/article/546",
  "http://news.nankai.edu.cn/zhxw/system/2024/12/05/030064904.shtml",
  "http://news.nankai.edu.cn/zhxw/system/2024/12/04/030064893.shtml",
  "http://news.nankai.edu.cn/zhxw/system/2024/12/04/030064891.shtml",
  "http://news.nankai.edu.cn/zhxw/system/2024/12/04/030064887.shtml",
  "http://news.nankai.edu.cn/zhxw/system/2024/12/04/030064875.shtml",
  "http://news.nankai.edu.cn/zhxw/system/2024/12/04/030064878.shtml",
  "http://news.nankai.edu.cn/zhxw/system/2024/12/03/030064859.shtml",
  "http://news.nankai.edu.cn/zhxw/system/2024/12/03/030064856.shtml",
  "http://news.nankai.edu.cn/zhxw/system/2024/12/03/030064848.shtml",
  "http://news.nankai.edu.cn/zhxw/system/2024/12/03/030064841.shtml",
  "http://news.nankai.edu.cn/zhxw/system/2024/12/02/030064794.shtml",
  "http://news.nankai.edu.cn/zhxw/system/2024/11/29/030064767.shtml",
  "http://news.nankai.edu.cn/zhxw/system/2024/11/29/030064757.shtml",
  "http://news.nankai.edu.cn/zhxw/system/2024/11/29/030064756.shtml",
  "http://news.nankai.edu.cn/zhxw/system/2024/11/29/030064755.shtml",
  "http://news.nankai.edu.cn/zhxw/system/2024/11/29/030064754.shtml",
  "http://news.nankai.edu.cn/zhxw/system/2024/11/27/030064722.shtml",
  "http://news.nankai.edu.cn/zhxw/system/2024/11/27/030064715.shtml",
  "http://news.nankai.edu.cn/zhxw/system/2024/11/26/030064674.shtml",
  "http://news.nankai.edu.cn/gb/system/2021/01/15/030044185.shtml",
  "http://news.nankai.edu.cn/gb/system/2021/01/15/030044186.shtml",
  "http://news.nankai.edu.cn/gb/system/2021/01/15/030044187.shtml",
  "http://news.nankai.edu.cn/gb/system/2021/01/15/030044188.shtml",
  "http://news.nankai.edu.cn/gb/system/2021/01/15/030044189.shtml",
  "http://news.nankai.edu.cn/gb/system/2021/01/15/030044191.shtml",
  "http://news.nankai.edu.cn/gb/system/2021/01/15/030044192.shtml",
  "http://news.nankai.edu.cn/gb/system/2021/01/15/030044183.shtml",
  "http://news.nankai.edu.cn/gb/system/2021/01/15/030044177.shtml",
  "http://news.nankai.edu.cn/gb/system/2021/01/15/030044178.shtml",
  "http://news.nankai.edu.cn/gb/system/2021/01/15/030044179.shtml",
  "http://news.nankai.edu.cn/gb/system/2021/01/15/030044176.shtml",
  "http://news.nankai.edu.cn/gb/system/2021/01/15/030044180.shtml",
  "http://news.nankai.edu.cn/gb/system/2021/01/15/030044181.shtml",
  "http://news.nankai.edu.cn/gb/system/2021/01/15/030044182.shtml",
  "http://news.nankai.edu.cn/gb/system/2021/01/15/030044168.shtml",
  "http://news.nankai.edu.cn/gb/system/2021/01/15/030044170.shtml",
  "http://news.nankai.edu.cn/gb/system/2021/01/15/030044171.shtml",
  "http://news.nankai.edu.cn/gb/system/2021/01/15/030044172.shtml",
  "http://news.nankai.edu.cn/gb/system/2021/01/15/030044173.shtml",
  "http://news.nankai.edu.cn/gb/system/2021/01/15/030044174.shtml",
  "http://news.nankai.edu.cn/gb/system/2021/01/15/030044167.shtml",
  "http://news.nankai.edu.cn/gb/system/2021/01/15/030044175.shtml",
  "http://news.nankai.edu.cn/gb/system/2021/01/15/030044160.shtml",
  "http://news.nankai.edu.cn/gb/system/2021/01/15/030044161.shtml",
  "http://news.nankai.edu.cn/gb/system/2021/01/15/030044162.shtml",
  "http://news.nankai.edu.cn/gb/system/2021/01/15/030044163.shtml",
  "http://news.nankai.edu.cn/gb/system/2021/01/15/030044164.shtml",
  "http://news.nankai.edu.cn/gb/system/2021/01/15/030044159.shtml",
  "http://news.nankai.edu.cn/gb/system/2021/01/15/030044165.shtml",
  "http://news.nankai.edu.cn/ywsd/system/2014/11/28/000210954.shtml",
  "http://news.nankai.edu.cn/ywsd/system/2014/10/12/000204315.shtml",
  "http://news.nankai.edu.cn/ywsd/system/2014/10/11/000204256.shtml",
  "http://news.nankai.edu.cn/ywsd/system/2014/05/23/000183576.shtml",
  "http://news.nankai.edu.cn/ywsd/system/2014/04/17/000176494.shtml",
  "http://news.nankai.edu.cn/ywsd/system/2014/04/03/000173094.shtml",
  "http://news.nankai.edu.cn/ywsd/system/2014/03/27/000171619.shtml",
  "http://news.nankai.edu.cn/ywsd/system/2014/03/25/000171177.shtml",
  "http://news.nankai.edu.cn/ywsd/system/2014/03/24/000171102.shtml",
  "http://news.nankai.edu.cn/ztbd/system/2014/03/25/000171176.shtml",
  "http://news.nankai.edu.cn/ywsd/system/2014/03/23/000170874.shtml",
  "http://news.nankai.edu.cn/ywsd/system/2014/03/23/000170918.shtml",
  "http://news.nankai.edu.cn/ywsd/system/2014/03/20/000170394.shtml",
  "http://news.nankai.edu.cn/ywsd/system/2014/03/20/000170354.shtml",
  "http://news.nankai.edu.cn/ywsd/system/2014/03/20/000170282.shtml",
  "http://news.nankai.edu.cn/ywsd/system/2014/03/18/000169916.shtml",
  "http://news.nankai.edu.cn/ywsd/system/2014/03/16/000169597.shtml",
  "http://news.nankai.edu.cn/ywsd/system/2014/03/16/000169594.shtml",
  "http://news.nankai.edu.cn/ywsd/system/2014/03/14/000169356.shtml",
  "http://news.nankai.edu.cn/ywsd/system/2014/03/14/000169355.shtml",
  "http://news.nankai.edu.cn/ywsd/system/2014/03/12/000169115.shtml",
  "http://news.nankai.edu.cn/ywsd/system/2014/03/06/000168419.shtml",
  "http://news.nankai.edu.cn/ywsd/system/2014/02/25/000167417.shtml",
  "http://news.nankai.edu.cn/ywsd/system/2014/01/16/000163535.shtml",
  "http://news.nankai.edu.cn/ywsd/system/2013/12/31/000161798.shtml",
  "http://news.nankai.edu.cn/ywsd/system/2013/12/19/000160534.shtml",
  "http://news.nankai.edu.cn/ywsd/system/2013/09/28/000142655.shtml",
  "http://news.nankai.edu.cn/ywsd/system/2013/04/25/000120034.shtml",
  "http://news.nankai.edu.cn/ywsd/system/2013/03/13/000113616.shtml",
  "http://news.nankai.edu.cn/ztbd/system/2014/03/04/000168074.shtml",
  "http://news.nankai.edu.cn/ztbd/system/2014/03/04/000168075.shtml",
  "http://news.nankai.edu.cn/ztbd/system/2014/03/04/000168077.shtml",
  "http://news.nankai.edu.cn/ztbd/system/2014/03/04/000168078.shtml",
  "http://news.nankai.edu.cn/ztbd/system/2014/02/11/000165554.shtml",
  "http://news.nankai.edu.cn/ztbd/system/2014/02/11/000165555.shtml",
  "http://news.nankai.edu.cn/ztbd/system/2014/02/11/000165556.shtml",
  "http://news.nankai.edu.cn/ztbd/system/2014/02/11/000165557.shtml",
  "http://news.nankai.edu.cn/ztbd/system/2014/02/11/000165558.shtml",
  "http://news.nankai.edu.cn/ztbd/system/2014/02/11/000165594.shtml",
  "http://news.nankai.edu.cn/ztbd/system/2014/02/11/000165595.shtml",
  "http://news.nankai.edu.cn/ztbd/system/2014/02/11/000165596.shtml",
  "http://news.nankai.edu.cn/ztbd/system/2014/02/11/000165597.shtml",
  "http://news.nankai.edu.cn/ztbd/system/2014/02/11/000165598.shtml",
  "http://news.nankai.edu.cn/ztbd/system/2014/02/11/000165599.shtml",
  "http://news.nankai.edu.cn/ztbd/system/2014/02/11/000165559.shtml",
  "http://news.nankai.edu.cn/ztbd/system/2014/02/11/000165560.shtml",
  "http://news.nankai.edu.cn/ztbd/system/2014/02/11/000165561.shtml",
  "http://news.nankai.edu.cn/ztbd/system/2014/02/11/000165564.shtml",
  "http://news.nankai.edu.cn/ztbd/system/2014/02/11/000165562.shtml",
  "http://news.nankai.edu.cn/ztbd/system/2014/02/11/000165563.shtml",
  "http://news.nankai.edu.cn/ztbd/system/2013/12/29/000161574.shtml",
  "http://news.nankai.edu.cn/ywsd/system/2014/06/29/000191034.shtml",
  "http://news.nankai.edu.cn/ywsd/system/2014/06/29/000191014.shtml",
  "http://news.nankai.edu.cn/ywsd/system/2014/06/27/000190334.shtml",
  "http://news.nankai.edu.cn/ywsd/system/2014/06/26/000190154.shtml",
  "http://news.nankai.edu.cn/ywsd/system/2014/06/26/000189894.shtml",
  "http://news.nankai.edu.cn/ywsd/system/2014/06/25/000189674.shtml",
  "http://news.nankai.edu.cn/ywsd/system/2014/07/07/000193194.shtml",
  "http://news.nankai.edu.cn/ywsd/system/2014/06/28/000190934.shtml",
  "http://news.nankai.edu.cn/ywsd/system/2014/06/26/000190176.shtml",
  "http://news.nankai.edu.cn/ywsd/system/2014/06/28/000190814.shtml",
  "http://news.nankai.edu.cn/nkyw/system/2014/06/28/000190794.shtml",
  "http://news.nankai.edu.cn/ywsd/system/2014/06/26/000189914.shtml",
  "http://news.nankai.edu.cn/ywsd/system/2014/06/28/000190834.shtml",
  "http://news.nankai.edu.cn/sp/system/2014/06/25/000189534.shtml",
  "http://news.nankai.edu.cn/ywsd/system/2014/06/23/000188914.shtml",
  "http://news.nankai.edu.cn/ywsd/system/2014/06/23/000188734.shtml",
  "http://news.nankai.edu.cn/ywsd/system/2014/06/19/000187694.shtml",
  "http://news.nankai.edu.cn/ywsd/system/2014/06/16/000186774.shtml",
  "http://news.nankai.edu.cn/ywsd/system/2014/06/06/000185934.shtml",
  "http://news.nankai.edu.cn/ywsd/system/2014/05/28/000184497.shtml",
  "http://news.nankai.edu.cn/ywsd/system/2014/04/18/000177014.shtml",
  "http://news.nankai.edu.cn/zhxw/system/2014/05/28/000184584.shtml",
  "http://news.nankai.edu.cn/zhxw/system/2014/04/28/000178934.shtml",
  "http://news.nankai.edu.cn/dcxy/system/2014/06/06/000185754.shtml",
  "http://news.nankai.edu.cn/dcxy/system/2014/06/22/000188354.shtml",
  "http://news.nankai.edu.cn/dcxy/system/2014/06/20/000187954.shtml",
  "http://news.nankai.edu.cn/ywsd/system/2014/06/19/000187594.shtml",
  "http://news.nankai.edu.cn/ywsd/system/2014/06/16/000186838.shtml",
  "http://news.nankai.edu.cn/ywsd/system/2014/05/21/000183136.shtml",
  "http://news.nankai.edu.cn/ywsd/system/2014/05/14/000181174.shtml",
  "http://news.nankai.edu.cn/ywsd/system/2014/05/06/000180015.shtml",
  "http://news.nankai.edu.cn/dcxy/system/2014/06/12/000186495.shtml",
  "http://news.nankai.edu.cn/dcxy/system/2014/06/06/000185774.shtml",
  "http://news.nankai.edu.cn/dcxy/system/2014/05/28/000184519.shtml",
  "http://news.nankai.edu.cn/dcxy/system/2014/06/01/000184954.shtml",
  "http://news.nankai.edu.cn/dcxy/system/2014/05/18/000181754.shtml",
  "http://bbs.nankai.edu.cn/group/article/198291",
  "http://news.nankai.edu.cn/dcxy/system/2014/06/13/000186659.shtml",
  "http://news.nankai.edu.cn/ztbd/system/2014/10/01/000203415.shtml",
  "http://news.nankai.edu.cn/ztbd/system/2014/09/30/000203314.shtml",
  "http://news.nankai.edu.cn/ztbd/system/2014/09/30/000203235.shtml",
  "http://news.nankai.edu.cn/ztbd/system/2014/09/29/000203115.shtml",
  "http://news.nankai.edu.cn/ztbd/system/2014/10/01/000203421.shtml",
  "http://news.nankai.edu.cn/ztbd/system/2014/10/01/000203420.shtml",
  "http://news.nankai.edu.cn/ztbd/system/2014/09/29/000203116.shtml",
  "http://news.nankai.edu.cn/ztbd/system/2014/09/29/000203117.shtml",
  "http://news.nankai.edu.cn/ztbd/system/2014/09/29/000203134.shtml",
  "http://news.nankai.edu.cn/ztbd/system/2014/09/30/000203236.shtml",
  "http://news.nankai.edu.cn/ztbd/system/2014/09/30/000203304.shtml",
  "http://news.nankai.edu.cn/ztbd/system/2014/09/30/000203301.shtml",
  "http://news.nankai.edu.cn/ztbd/system/2014/09/30/000203303.shtml",
  "http://news.nankai.edu.cn/ztbd/system/2014/09/30/000203305.shtml",
  "http://news.nankai.edu.cn/ywsd/system/2014/09/30/000203299.shtml",
  "http://news.nankai.edu.cn/ywsd/system/2014/09/30/000203281.shtml",
  "http://news.nankai.edu.cn/ztbd/system/2014/09/30/000203237.shtml",
  "http://news.nankai.edu.cn/ztbd/system/2014/09/30/000203255.shtml",
  "http://news.nankai.edu.cn/ztbd/system/2014/09/30/000203257.shtml",
  "http://news.nankai.edu.cn/ywsd/system/2013/03/05/000112494.shtml",
  "http://news.nankai.edu.cn/ztbd/system/2013/03/06/000112740.shtml",
  "http://news.nankai.edu.cn/ztbd/system/2013/03/06/000112737.shtml",
  "http://news.nankai.edu.cn/ztbd/system/2013/03/06/000112755.shtml",
  "http://news.nankai.edu.cn/ztbd/system/2013/03/06/000112759.shtml",
  "http://news.nankai.edu.cn/ztbd/system/2013/03/06/000112761.shtml",
  "http://news.nankai.edu.cn/ztbd/system/2013/03/06/000112763.shtml",
  "http://news.nankai.edu.cn/ztbd/system/2013/03/06/000112764.shtml",
  "http://news.nankai.edu.cn/ztbd/system/2013/03/06/000112754.shtml",
  "http://news.nankai.edu.cn/ztbd/system/2013/03/06/000112756.shtml",
  "http://news.nankai.edu.cn/ztbd/system/2013/03/06/000112757.shtml",
  "http://news.nankai.edu.cn/ztbd/system/2013/03/06/000112758.shtml",
  "http://news.nankai.edu.cn/ztbd/system/2013/03/07/000112796.shtml",
  "http://news.nankai.edu.cn/ztbd/system/2013/03/07/000112797.shtml",
  "http://news.nankai.edu.cn/ztbd/system/2013/03/07/000112798.shtml",
  "http://news.nankai.edu.cn/ztbd/system/2013/03/07/000112801.shtml",
  "http://news.nankai.edu.cn/ztbd/system/2013/03/07/000112803.shtml",
  "http://news.nankai.edu.cn/ztbd/system/2013/03/07/000112809.shtml",
  "http://news.nankai.edu.cn/ztbd/system/2013/03/07/000112814.shtml",
  "http://news.nankai.edu.cn/ztbd/system/2013/03/07/000112816.shtml",
  "http://news.nankai.edu.cn/ztbd/system/2013/03/07/000112820.shtml",
  "http://news.nankai.edu.cn/ztbd/system/2013/03/07/000112821.shtml",
  "http://bbs.nankai.edu.cn/site/article/266",
  "http://zhaopin.nankai.edu.cn",
  "http://my.nankai.edu.cn/rdzy/list.htm",
  "http://my.nankai.edu.cn/xylb/list.htm",
  "http://my.nankai.edu.cn/zjgx/list.htm",
  "http://cuter.nankai.edu.cn/",
  "http://env.nankai.edu.cn/2019/0612/c14181a178131/page.htm",
  "https://env.nankai.edu.cn/2019/0612/c14181a178415/page.htm",
  "http://env.nankai.edu.cn/2019/0612/c14182a178400/page.htm",
  "http://env.nankai.edu.cn/2019/0612/c14180a178082/page.htm",
  "http://env.nankai.edu.cn/2019/0612/c14182a178397/page.htm",
  "http://env.nankai.edu.cn/2019/0612/c14180a177260/page.htm",
  "http://www.cim.nankai.edu.cn/_upload/article/files/82/b0/ddcb1fab451c88da131b279fb33a/d8e501c2-b17e-420e-8633-52bcd1da2b86.pdf",
  "http://www.cim.nankai.edu.cn/_upload/article/files/82/b0/ddcb1fab451c88da131b279fb33a/87325a61-22a3-4af4-ac98-12210cd778ee.pdf",
  "http://news.nankai.edu.cn/ywsd/system/2013/10/07/000144054.shtml",
  "http://news.nankai.edu.cn/ztbd/system/2013/10/11/000144675.shtml",
  "http://news.nankai.edu.cn/ywsd/system/2013/10/14/000145361.shtml",
  "http://news.nankai.edu.cn/ztbd/system/2013/10/11/000144635.shtml",
  "http://news.nankai.edu.cn/ywsd/system/2013/10/05/000143874.shtml",
  "http://news.nankai.edu.cn/ywsd/system/2013/10/05/000143854.shtml",
  "http://news.nankai.edu.cn/ywsd/system/2013/10/03/000143734.shtml",
  "http://news.nankai.edu.cn/nkyw/system/2013/10/01/000143514.shtml",
  "http://news.nankai.edu.cn/zhxw/system/2013/09/30/000143454.shtml",
  "http://news.nankai.edu.cn/ywsd/system/2013/09/27/000142275.shtml",
  "http://news.nankai.edu.cn/ywsd/system/2013/09/17/000140754.shtml",
  "http://news.nankai.edu.cn/ywsd/system/2013/09/06/000139194.shtml",
  "http://news.nankai.edu.cn/ywsd/system/2013/08/27/000138196.shtml",
  "http://news.nankai.edu.cn/ywsd/system/2013/06/03/000128494.shtml",
  "http://news.nankai.edu.cn/dcxy/system/2013/04/30/000121945.shtml",
  "http://news.nankai.edu.cn/zhxw/system/2013/10/22/000147795.shtml",
  "http://news.nankai.edu.cn/ywsd/system/2013/10/12/000144735.shtml",
  "http://news.nankai.edu.cn/mtnk/system/2013/10/09/000144316.shtml",
  "http://news.nankai.edu.cn/mtnk/system/2013/10/08/000144134.shtml",
  "http://news.nankai.edu.cn/zhxw/system/2013/10/07/000143997.shtml",
  "http://news.nankai.edu.cn/zhxw/system/2013/09/28/000142658.shtml",
  "http://news.nankai.edu.cn/zhxw/system/2013/07/08/000133714.shtml",
  "http://news.nankai.edu.cn/zhxw/system/2013/03/19/000114476.shtml",
  "http://news.nankai.edu.cn/zhxw/system/2013/03/18/000114277.shtml",
  "http://news.nankai.edu.cn/ywsd/system/2017/06/21/000335496.shtml",
  "http://news.nankai.edu.cn/ywsd/system/2017/06/30/000336696.shtml",
  "http://news.nankai.edu.cn/ywsd/system/2017/06/21/000335497.shtml",
  "http://news.nankai.edu.cn/ywsd/system/2017/06/22/000335514.shtml",
  "http://news.nankai.edu.cn/ywsd/system/2017/07/04/000337234.shtml",
  "http://news.nankai.edu.cn/ywsd/system/2017/07/20/000339614.shtml",
  "http://news.nankai.edu.cn/ywsd/system/2017/07/22/000339696.shtml",
  "http://news.nankai.edu.cn/ywsd/system/2017/07/20/000339594.shtml",
  "http://news.nankai.edu.cn/ywsd/system/2017/07/20/000339434.shtml",
  "http://news.nankai.edu.cn/ywsd/system/2017/07/19/000339315.shtml",
  "http://news.nankai.edu.cn/ywsd/system/2017/07/19/000339279.shtml",
  "http://news.nankai.edu.cn/ywsd/system/2017/07/17/000339054.shtml",
  "http://news.nankai.edu.cn/ywsd/system/2017/07/15/000338816.shtml",
  "http://news.nankai.edu.cn/ywsd/system/2017/07/14/000338754.shtml",
  "http://news.nankai.edu.cn/ywsd/system/2017/07/15/000338815.shtml",
  "http://news.nankai.edu.cn/ywsd/system/2017/07/13/000338536.shtml",
  "http://news.nankai.edu.cn/ywsd/system/2017/07/12/000338414.shtml",
  "http://news.nankai.edu.cn/ywsd/system/2017/07/12/000338454.shtml",
  "http://news.nankai.edu.cn/ywsd/system/2017/07/12/000338495.shtml",
  "http://news.nankai.edu.cn/ywsd/system/2017/07/13/000338515.shtml",
  "http://news.nankai.edu.cn/ywsd/system/2017/07/08/000337915.shtml",
  "http://news.nankai.edu.cn/ywsd/system/2017/07/08/000337901.shtml",
  "http://news.nankai.edu.cn/ywsd/system/2017/07/12/000338419.shtml",
  "http://news.nankai.edu.cn/ywsd/system/2017/07/08/000337899.shtml",
  "http://news.nankai.edu.cn/ywsd/system/2017/07/05/000337416.shtml",
  "http://news.nankai.edu.cn/ywsd/system/2017/07/01/000336875.shtml",
  "http://news.nankai.edu.cn/ywsd/system/2017/06/24/000335794.shtml",
  "http://news.nankai.edu.cn/ywsd/system/2017/07/05/000337414.shtml",
  "http://news.nankai.edu.cn/ywsd/system/2017/06/30/000336642.shtml",
  "http://news.nankai.edu.cn/ywsd/system/2017/07/10/000338154.shtml",
  "http://news.nankai.edu.cn/ywsd/system/2017/06/30/000336694.shtml",
  "http://news.nankai.edu.cn/ywsd/system/2017/06/30/000336714.shtml",
  "http://news.nankai.edu.cn/ywsd/system/2017/07/02/000337076.shtml",
  "http://news.nankai.edu.cn/ywsd/system/2017/06/23/000335694.shtml",
  "http://news.nankai.edu.cn/ywsd/system/2017/06/29/000336594.shtml",
  "http://news.nankai.edu.cn/ywsd/system/2017/06/24/000335854.shtml",
  "http://news.nankai.edu.cn/ywsd/system/2017/07/03/000337109.shtml",
  "http://news.nankai.edu.cn/ywsd/system/2017/07/12/000338403.shtml",
  "http://news.nankai.edu.cn/ywsd/system/2017/07/03/000337113.shtml",
  "http://news.nankai.edu.cn/ywsd/system/2017/07/12/000338401.shtml",
  "http://news.nankai.edu.cn/xwzt/system/2013/11/25/000156475.shtml",
  "http://news.nankai.edu.cn/xwzt/system/2013/11/25/000156474.shtml",
  "http://news.nankai.edu.cn/xwzt/system/2013/10/12/000144834.shtml",
  "http://news.nankai.edu.cn/ywsd/system/2017/07/25/000339937.shtml",
  "http://news.nankai.edu.cn/ywsd/system/2017/07/25/000339936.shtml",
  "http://news.nankai.edu.cn/ywsd/system/2017/07/25/000339935.shtml",
  "http://news.nankai.edu.cn/ywsd/system/2017/07/25/000339934.shtml",
  "http://news.nankai.edu.cn/ywsd/system/2017/07/24/000339895.shtml",
  "http://news.nankai.edu.cn/ywsd/system/2017/05/13/000331479.shtml",
  "http://news.nankai.edu.cn/ywsd/system/2016/04/02/000276414.shtml",
  "http://news.nankai.edu.cn/ywsd/system/2015/11/22/000256974.shtml",
  "http://news.nankai.edu.cn/ywsd/system/2017/07/14/000338675.shtml",
  "http://news.nankai.edu.cn/ywsd/system/2017/01/25/000316514.shtml",
  "http://news.nankai.edu.cn/ywsd/system/2014/08/09/000196676.shtml",
  "http://news.nankai.edu.cn/nkzs/system/2017/07/12/000338378.shtml",
  "http://news.nankai.edu.cn/ywsd/system/2016/12/09/000309914.shtml",
  "http://news.nankai.edu.cn/mtnk/system/2016/12/12/000310476.shtml",
  "http://news.nankai.edu.cn/ywsd/system/2016/11/23/000307495.shtml",
  "http://news.nankai.edu.cn/ywsd/system/2017/07/17/000338983.shtml",
  "http://news.nankai.edu.cn/nkzs/system/2015/11/03/000253779.shtml",
  "http://news.nankai.edu.cn/ywsd/system/2017/04/16/000328034.shtml",
  "http://news.nankai.edu.cn/ywsd/system/2017/04/13/000327454.shtml",
  "http://news.nankai.edu.cn/ywsd/system/2017/03/30/000325374.shtml",
  "http://news.nankai.edu.cn/ywsd/system/2017/07/19/000339354.shtml",
  "http://news.nankai.edu.cn/ywsd/system/2016/08/15/000292634.shtml",
  "http://news.nankai.edu.cn/ywsd/system/2017/07/20/000339436.shtml",
  "http://news.nankai.edu.cn/ywsd/system/2017/01/10/000314932.shtml",
  "http://news.nankai.edu.cn/ywsd/system/2015/12/31/000263214.shtml",
  "http://news.nankai.edu.cn/ywsd/system/2017/04/21/000329534.shtml",
  "http://news.nankai.edu.cn/ywsd/system/2017/07/10/000338067.shtml",
  "http://news.nankai.edu.cn/ywsd/system/2017/04/23/000329697.shtml",
  "http://news.nankai.edu.cn/ztbd/system/2017/06/05/000333835.shtml",
  "http://news.nankai.edu.cn/ywsd/system/2014/08/10/000196714.shtml",
  "http://news.nankai.edu.cn/ywsd/system/2017/04/25/000329954.shtml",
  "http://news.nankai.edu.cn/mtnk/system/2016/03/28/000275817.shtml",
  "http://news.nankai.edu.cn/mtnk/system/2016/06/17/000285016.shtml ",
  "http://news.nankai.edu.cn/mtnk/system/2017/07/22/000339715.shtml",
  "http://news.nankai.edu.cn/mtnk/system/2015/09/14/000247954.shtml",
  "http://news.nankai.edu.cn/mtnk/system/2016/06/24/000285861.shtml",
  "http://news.nankai.edu.cn/mtnk/system/2017/07/02/000337000.shtml",
  "http://news.nankai.edu.cn/mtnk/system/2017/03/18/000323320.shtml",
  "http://news.nankai.edu.cn/mtnk/system/2017/03/20/000323498.shtml",
  "http://news.nankai.edu.cn/mtnk/system/2016/09/15/000296215.shtml",
  "http://news.nankai.edu.cn/tpxw/system/2017/09/23/000346958.shtml",
  "http://news.nankai.edu.cn/ywsd/system/2017/12/28/000363316.shtml",
  "http://news.nankai.edu.cn/ywsd/system/2017/12/28/000363275.shtml",
  "http://news.nankai.edu.cn/ywsd/system/2017/12/28/000363274.shtml",
  "http://news.nankai.edu.cn/ywsd/system/2017/09/21/000346754.shtml",
  "http://news.nankai.edu.cn/ywsd/system/2016/01/15/000265654.shtml",
  "http://news.nankai.edu.cn/ywsd/system/2016/07/24/000290455.shtml",
  "http://news.nankai.edu.cn/ywsd/system/2017/10/16/000350495.shtml",
  "http://news.nankai.edu.cn/ywsd/system/2016/07/24/000290495.shtml",
  "http://news.nankai.edu.cn/ywsd/system/2016/03/05/000270795.shtml",
  "http://news.nankai.edu.cn/ztbd/system/2018/09/05/000407857.shtml",
  "http://news.nankai.edu.cn/ztbd/system/2018/09/05/000407864.shtml",
  "http://news.nankai.edu.cn/ztbd/system/2018/09/05/000407854.shtml",
  "http://news.nankai.edu.cn/ztbd/system/2018/09/05/000407859.shtml",
  "http://news.nankai.edu.cn/ztbd/system/2018/09/05/000407865.shtml",
  "http://news.nankai.edu.cn/ztbd/system/2018/09/05/000407862.shtml",
  "http://news.nankai.edu.cn/ztbd/system/2018/09/05/000407863.shtml",
  "http://news.nankai.edu.cn/ztbd/system/2018/09/05/000407860.shtml",
  "http://news.nankai.edu.cn/ztbd/system/2018/09/05/000407858.shtml",
  "http://news.nankai.edu.cn/ztbd/system/2018/09/05/000407861.shtml",
  "http://news.nankai.edu.cn/ztbd/system/2018/09/05/000407866.shtml",
  "http://news.nankai.edu.cn/ztbd/system/2018/09/05/000407867.shtml",
  "http://news.nankai.edu.cn/ztbd/system/2018/09/05/000407868.shtml",
  "http://news.nankai.edu.cn/ztbd/system/2018/09/05/000407869.shtml",
  "http://news.nankai.edu.cn/ztbd/system/2018/09/05/000407870.shtml",
  "http://news.nankai.edu.cn/ztbd/system/2018/09/05/000407871.shtml",
  "http://news.nankai.edu.cn/ztbd/system/2018/09/05/000407874.shtml",
  "http://news.nankai.edu.cn/ztbd/system/2018/09/05/000407876.shtml",
  "http://news.nankai.edu.cn/ztbd/system/2018/09/05/000407877.shtml",
  "http://news.nankai.edu.cn/ztbd/system/2018/09/05/000407878.shtml",
  "http://news.nankai.edu.cn/ztbd/system/2018/09/05/000407879.shtml",
  "http://news.nankai.edu.cn/ztbd/system/2018/09/05/000407880.shtml",
  "http://news.nankai.edu.cn/ztbd/system/2018/09/05/000407881.shtml",
  "http://news.nankai.edu.cn/ztbd/system/2018/09/05/000407883.shtml",
  "http://news.nankai.edu.cn/ztbd/system/2018/09/05/000407884.shtml",
  "http://news.nankai.edu.cn/ztbd/system/2018/09/05/000407885.shtml",
  "http://news.nankai.edu.cn/ztbd/system/2018/09/05/000407886.shtml",
  "http://news.nankai.edu.cn/ztbd/system/2018/09/05/000407887.shtml",
  "http://news.nankai.edu.cn/ztbd/system/2018/09/05/000407888.shtml",
  "http://news.nankai.edu.cn/ztbd/system/2018/09/05/000407889.shtml",
  "http://news.nankai.edu.cn/ztbd/system/2018/09/05/000407890.shtml",
  "http://news.nankai.edu.cn/ztbd/system/2018/09/05/000407891.shtml",
  "http://news.nankai.edu.cn/ztbd/system/2018/09/05/000407892.shtml",
  "http://news.nankai.edu.cn/ztbd/system/2018/09/05/000407893.shtml",
  "http://news.nankai.edu.cn/ztbd/system/2018/09/05/000407894.shtml",
  "http://news.nankai.edu.cn/ztbd/system/2018/09/05/000407916.shtml",
  "http://news.nankai.edu.cn/ztbd/system/2018/09/05/000407914.shtml",
  "http://news.nankai.edu.cn/ztbd/system/2018/09/05/000407917.shtml",
  "http://news.nankai.edu.cn/ztbd/system/2018/09/05/000407918.shtml",
  "http://news.nankai.edu.cn/ztbd/system/2018/09/05/000407919.shtml",
  "http://news.nankai.edu.cn/ztbd/system/2018/09/05/000407920.shtml",
  "http://news.nankai.edu.cn/ztbd/system/2021/09/04/030047759.shtml",
  "http://news.nankai.edu.cn/ztbd/system/2021/09/04/030047760.shtml",
  "http://news.nankai.edu.cn/ztbd/system/2021/09/04/030047761.shtml",
  "http://news.nankai.edu.cn/ztbd/system/2021/09/04/030047762.shtml",
  "http://news.nankai.edu.cn/ztbd/system/2021/09/04/030047763.shtml",
  "http://news.nankai.edu.cn/ztbd/system/2021/09/04/030047764.shtml",
  "http://news.nankai.edu.cn/ztbd/system/2021/09/04/030047765.shtml",
  "http://news.nankai.edu.cn/ztbd/system/2021/09/04/030047766.shtml",
  "http://news.nankai.edu.cn/ztbd/system/2021/09/04/030047767.shtml",
  "http://news.nankai.edu.cn/ztbd/system/2021/09/04/030047768.shtml",
  "http://news.nankai.edu.cn/ztbd/system/2021/09/06/030047780.shtml",
  "http://news.nankai.edu.cn/ztbd/system/2021/09/06/030047781.shtml",
  "http://news.nankai.edu.cn/ztbd/system/2021/09/06/030047782.shtml",
  "http://news.nankai.edu.cn/ztbd/system/2021/09/06/030047783.shtml",
  "http://news.nankai.edu.cn/ztbd/system/2021/09/06/030047784.shtml",
  "http://news.nankai.edu.cn/ztbd/system/2021/09/06/030047785.shtml",
  "http://news.nankai.edu.cn/ztbd/system/2021/09/06/030047786.shtml",
  "http://news.nankai.edu.cn/ztbd/system/2021/09/06/030047787.shtml",
  "http://news.nankai.edu.cn/ztbd/system/2021/09/06/030047788.shtml",
  "http://news.nankai.edu.cn/ztbd/system/2021/09/06/030047789.shtml",
  "http://news.nankai.edu.cn/ztbd/system/2021/09/06/030047791.shtml",
  "http://news.nankai.edu.cn/ztbd/system/2021/09/06/030047792.shtml",
  "http://news.nankai.edu.cn/ztbd/system/2021/09/06/030047793.shtml",
  "http://news.nankai.edu.cn/ztbd/system/2021/09/06/030047794.shtml",
  "http://news.nankai.edu.cn/ztbd/system/2021/09/06/030047795.shtml",
  "http://news.nankai.edu.cn/ztbd/system/2021/09/06/030047796.shtml",
  "http://news.nankai.edu.cn/ztbd/system/2021/09/06/030047797.shtml",
  "http://news.nankai.edu.cn/ztbd/system/2021/09/06/030047798.shtml",
  "http://news.nankai.edu.cn/ztbd/system/2021/09/06/030047799.shtml",
  "http://news.nankai.edu.cn/ztbd/system/2021/09/06/030047800.shtml",
  "http://news.nankai.edu.cn/ztbd/system/2021/09/06/030047802.shtml",
  "http://news.nankai.edu.cn/ztbd/system/2021/09/06/030047803.shtml",
  "http://news.nankai.edu.cn/ztbd/system/2021/09/06/030047804.shtml",
  "http://news.nankai.edu.cn/ztbd/system/2021/09/06/030047805.shtml",
  "http://news.nankai.edu.cn/ztbd/system/2021/09/06/030047806.shtml",
  "http://news.nankai.edu.cn/ztbd/system/2021/09/06/030047807.shtml",
  "http://news.nankai.edu.cn/ztbd/system/2021/09/06/030047808.shtml",
  "http://news.nankai.edu.cn/ztbd/system/2021/09/06/030047809.shtml",
  "http://news.nankai.edu.cn/ztbd/system/2021/09/06/030047810.shtml",
  "http://news.nankai.edu.cn/ztbd/system/2021/09/06/030047811.shtml",
  "http://news.nankai.edu.cn/ztbd/system/2021/09/06/030047812.shtml",
  "http://news.nankai.edu.cn/ztbd/system/2021/09/06/030047813.shtml",
  "http://news.nankai.edu.cn/ztbd/system/2021/09/06/030047814.shtml",
  "http://news.nankai.edu.cn/ywsd/system/2022/02/20/030050327.shtml",
  "http://news.nankai.edu.cn/ywsd/system/2022/02/26/030050392.shtml",
  "http://news.nankai.edu.cn/ywsd/system/2022/02/23/030050370.shtml",
  "http://news.nankai.edu.cn/ywsd/system/2022/02/23/030050368.shtml",
  "http://news.nankai.edu.cn/ywsd/system/2022/02/23/030050367.shtml",
  "http://news.nankai.edu.cn/ywsd/system/2022/02/23/030050366.shtml",
  "http://news.nankai.edu.cn/ywsd/system/2022/02/23/030050365.shtml",
  "http://news.nankai.edu.cn/ywsd/system/2022/02/23/030050364.shtml",
  "http://news.nankai.edu.cn/ywsd/system/2022/02/22/030050349.shtml",
  "http://news.nankai.edu.cn/ywsd/system/2022/02/22/030050344.shtml",
  "http://news.nankai.edu.cn/ywsd/system/2022/02/22/030050338.shtml",
  "http://news.nankai.edu.cn/ywsd/system/2022/02/22/030050343.shtml",
  "http://news.nankai.edu.cn/ywsd/system/2022/02/22/030050340.shtml",
  "http://news.nankai.edu.cn/ywsd/system/2022/02/22/030050345.shtml",
  "http://news.nankai.edu.cn/ywsd/system/2022/02/22/030050346.shtml",
  "http://news.nankai.edu.cn/ywsd/system/2022/02/22/030050347.shtml",
  "http://news.nankai.edu.cn/ywsd/system/2022/02/22/030050348.shtml",
  "http://news.nankai.edu.cn/ywsd/system/2022/02/22/030050350.shtml",
  "http://news.nankai.edu.cn/ywsd/system/2022/02/22/030050351.shtml",
  "http://news.nankai.edu.cn/ywsd/system/2022/02/22/030050352.shtml",
  "http://news.nankai.edu.cn/ywsd/system/2022/02/22/030050353.shtml",
  "http://news.nankai.edu.cn/ywsd/system/2022/02/22/030050354.shtml",
  "http://news.nankai.edu.cn/ywsd/system/2022/02/22/030050355.shtml",
  "http://news.nankai.edu.cn/ywsd/system/2022/02/22/030050356.shtml",
  "http://news.nankai.edu.cn/ywsd/system/2022/02/22/030050357.shtml",
  "http://news.nankai.edu.cn/ywsd/system/2022/02/21/030050337.shtml",
  "http://news.nankai.edu.cn/ywsd/system/2022/02/21/030050336.shtml",
  "http://news.nankai.edu.cn/ywsd/system/2022/02/21/030050333.shtml",
  "http://news.nankai.edu.cn/ywsd/system/2022/02/21/030050335.shtml",
  "http://news.nankai.edu.cn/ywsd/system/2022/02/21/030050334.shtml",
  "http://news.nankai.edu.cn/ywsd/system/2022/02/20/030050329.shtml",
  "http://news.nankai.edu.cn/ywsd/system/2022/02/20/030050330.shtml",
  "http://news.nankai.edu.cn/ywsd/system/2022/02/20/030050328.shtml",
  "http://news.nankai.edu.cn/ywsd/system/2022/01/06/030049869.shtml",
  "http://news.nankai.edu.cn/ywsd/system/2022/02/18/030050308.shtml",
  "http://news.nankai.edu.cn/ywsd/system/2022/02/17/030050306.shtml",
  "http://news.nankai.edu.cn/ywsd/system/2022/02/16/030050300.shtml",
  "http://news.nankai.edu.cn/ywsd/system/2021/12/31/030049801.shtml",
  "http://news.nankai.edu.cn/ywsd/system/2021/12/31/030049800.shtml",
  "http://news.nankai.edu.cn/ywsd/system/2022/01/05/030049834.shtml",
  "http://news.nankai.edu.cn/ywsd/system/2022/01/04/030049825.shtml",
  "http://news.nankai.edu.cn/ywsd/system/2022/01/01/030049815.shtml",
  "http://news.nankai.edu.cn/ywsd/system/2021/12/30/030049779.shtml",
  "http://news.nankai.edu.cn/ywsd/system/2021/12/30/030049778.shtml",
  "http://news.nankai.edu.cn/ywsd/system/2021/12/26/030049714.shtml",
  "http://news.nankai.edu.cn/ywsd/system/2021/12/23/030049686.shtml",
  "http://news.nankai.edu.cn/ywsd/system/2021/12/13/030049417.shtml",
  "http://news.nankai.edu.cn/ywsd/system/2021/12/05/030049287.shtml",
  "http://news.nankai.edu.cn/ywsd/system/2022/02/19/030050325.shtml",
  "http://news.nankai.edu.cn/ywsd/system/2022/01/08/030049879.shtml",
  "http://news.nankai.edu.cn/ywsd/system/2022/01/07/030049873.shtml",
  "http://news.nankai.edu.cn/ywsd/system/2022/01/06/030049868.shtml",
  "http://news.nankai.edu.cn/ywsd/system/2022/01/05/030049836.shtml",
  "http://news.nankai.edu.cn/ywsd/system/2022/01/04/030049829.shtml",
  "http://news.nankai.edu.cn/ywsd/system/2022/01/03/030049824.shtml",
  "http://news.nankai.edu.cn/ywsd/system/2022/07/04/030051941.shtml",
  "http://news.nankai.edu.cn/ywsd/system/2022/05/11/030051237.shtml",
  "http://news.nankai.edu.cn/ywsd/system/2022/05/11/030051238.shtml",
  "http://news.nankai.edu.cn/ywsd/system/2021/11/03/030048634.shtml",
  "http://news.nankai.edu.cn/ywsd/system/2021/10/06/030048223.shtml",
  "http://news.nankai.edu.cn/ywsd/system/2021/09/13/030047903.shtml",
  "http://news.nankai.edu.cn/ywsd/system/2021/09/11/030047884.shtml",
  "http://news.nankai.edu.cn/ywsd/system/2021/05/27/030046304.shtml",
  "http://news.nankai.edu.cn/ywsd/system/2021/05/19/030046121.shtml",
  "http://news.nankai.edu.cn/ywsd/system/2021/03/29/030045137.shtml",
  "http://news.nankai.edu.cn/ywsd/system/2021/04/09/030045366.shtml",
  "http://news.nankai.edu.cn/ywsd/system/2021/01/02/030043728.shtml",
  "http://news.nankai.edu.cn/ywsd/system/2021/01/02/030043729.shtml",
  "http://news.nankai.edu.cn/zhxw/system/2022/08/08/030052384.shtml",
  "http://news.nankai.edu.cn/zhxw/system/2022/08/02/030052334.shtml",
  "http://news.nankai.edu.cn/zhxw/system/2022/07/07/030051986.shtml",
  "http://news.nankai.edu.cn/zhxw/system/2022/07/04/030051956.shtml",
  "http://news.nankai.edu.cn/zhxw/system/2022/06/28/030051897.shtml",
  "http://news.nankai.edu.cn/zhxw/system/2022/06/28/030051896.shtml",
  "http://news.nankai.edu.cn/zhxw/system/2022/06/18/030051743.shtml",
  "http://news.nankai.edu.cn/zhxw/system/2022/06/16/030051717.shtml",
  "http://news.nankai.edu.cn/ywsd/system/2022/06/02/030051598.shtml",
  "http://news.nankai.edu.cn/zhxw/system/2022/05/19/030051367.shtml",
  "http://news.nankai.edu.cn/zhxw/system/2022/05/20/030051377.shtml",
  "http://news.nankai.edu.cn/zhxw/system/2022/05/20/030051374.shtml",
  "http://news.nankai.edu.cn/zhxw/system/2022/05/19/030051370.shtml",
  "http://news.nankai.edu.cn/zhxw/system/2022/05/19/030051366.shtml",
  "http://news.nankai.edu.cn/zhxw/system/2022/05/19/030051365.shtml",
  "http://news.nankai.edu.cn/zhxw/system/2022/05/18/030051348.shtml",
  "http://news.nankai.edu.cn/zhxw/system/2022/05/18/030051347.shtml",
  "http://news.nankai.edu.cn/zhxw/system/2019/03/20/000439034.shtml",
  "http://news.nankai.edu.cn/zhxw/system/2022/05/17/030051333.shtml",
  "http://news.nankai.edu.cn/zhxw/system/2022/05/17/030051329.shtml",
  "http://news.nankai.edu.cn/zhxw/system/2022/05/16/030051306.shtml",
  "http://news.nankai.edu.cn/zhxw/system/2022/05/16/030051305.shtml",
  "http://news.nankai.edu.cn/zhxw/system/2022/05/15/030051300.shtml",
  "http://news.nankai.edu.cn/zhxw/system/2022/05/14/030051294.shtml",
  "http://news.nankai.edu.cn/zhxw/system/2022/05/14/030051291.shtml",
  "http://news.nankai.edu.cn/zhxw/system/2022/05/13/030051290.shtml",
  "http://news.nankai.edu.cn/zhxw/system/2022/05/13/030051288.shtml",
  "http://news.nankai.edu.cn/zhxw/system/2022/05/13/030051284.shtml",
  "http://news.nankai.edu.cn/zhxw/system/2022/05/13/030051281.shtml",
  "http://news.nankai.edu.cn/zhxw/system/2022/05/13/030051274.shtml",
  "http://news.nankai.edu.cn/zhxw/system/2022/05/13/030051272.shtml",
  "http://news.nankai.edu.cn/zhxw/system/2022/05/12/030051260.shtml",
  "http://news.nankai.edu.cn/zhxw/system/2021/09/23/030048065.shtml",
  "http://news.nankai.edu.cn/zhxw/system/2022/05/10/030051215.shtml",
  "http://news.nankai.edu.cn/zhxw/system/2022/05/10/030051225.shtml",
  "http://news.nankai.edu.cn/zhxw/system/2022/05/10/030051219.shtml",
  "http://news.nankai.edu.cn/zhxw/system/2022/05/10/030051217.shtml",
  "http://news.nankai.edu.cn/zhxw/system/2022/05/07/030051205.shtml",
  "http://news.nankai.edu.cn/zhxw/system/2022/05/06/030051196.shtml",
  "http://news.nankai.edu.cn/ywsd/system/2022/05/11/030051241.shtml",
  "http://news.nankai.edu.cn/ywsd/system/2022/05/10/030051231.shtml",
  "http://news.nankai.edu.cn/ywsd/system/2022/05/09/030051210.shtml",
  "http://news.nankai.edu.cn/ywsd/system/2022/05/07/030051201.shtml",
  "http://news.nankai.edu.cn/ywsd/system/2022/05/07/030051203.shtml",
  "http://news.nankai.edu.cn/ywsd/system/2022/04/29/030051108.shtml",
  "http://news.nankai.edu.cn/ywsd/system/2022/04/28/030051091.shtml",
  "http://news.nankai.edu.cn/ywsd/system/2022/04/29/030051107.shtml",
  "http://news.nankai.edu.cn/ywsd/system/2022/03/21/030050688.shtml",
  "http://news.nankai.edu.cn/ywsd/system/2022/03/11/030050572.shtml",
  "http://news.nankai.edu.cn/ywsd/system/2022/02/23/030050362.shtml",
  "http://news.nankai.edu.cn/dcxy/system/2022/04/29/030051120.shtml",
  "http://news.nankai.edu.cn/zhxw/system/2022/03/15/030050598.shtml",
  "http://news.nankai.edu.cn/dcxy/system/2022/04/06/030050814.shtml",
  "http://news.nankai.edu.cn/dcxy/system/2022/04/05/030050810.shtml",
  "http://news.nankai.edu.cn/ywsd/system/2022/06/18/030051744.shtml",
  "http://news.nankai.edu.cn/ywsd/system/2022/05/22/030051402.shtml",
  "http://news.nankai.edu.cn/ywsd/system/2022/05/14/030051298.shtml",
  "http://news.nankai.edu.cn/ywsd/system/2022/05/06/030051200.shtml",
  "http://news.nankai.edu.cn/ywsd/system/2022/05/06/030051195.shtml",
  "http://news.nankai.edu.cn/ywsd/system/2022/04/30/030051131.shtml",
  "http://news.nankai.edu.cn/ywsd/system/2022/04/21/030050995.shtml",
  "http://news.nankai.edu.cn/ywsd/system/2022/04/17/030050940.shtml",
  "http://news.nankai.edu.cn/ywsd/system/2022/04/16/030050937.shtml",
  "http://news.nankai.edu.cn/ywsd/system/2022/04/13/030050884.shtml",
  "http://news.nankai.edu.cn/ywsd/system/2022/03/19/030050649.shtml",
  "http://news.nankai.edu.cn/ywsd/system/2022/03/18/030050648.shtml",
  "http://news.nankai.edu.cn/ywsd/system/2022/03/16/030050613.shtml",
  "http://news.nankai.edu.cn/ywsd/system/2022/03/16/030050615.shtml",
  "http://news.nankai.edu.cn/ywsd/system/2022/03/15/030050608.shtml",
  "http://news.nankai.edu.cn/ywsd/system/2022/03/09/030050529.shtml",
  "http://news.nankai.edu.cn/ywsd/system/2022/03/05/030050490.shtml",
  "http://news.nankai.edu.cn/ywsd/system/2022/03/05/030050491.shtml",
  "http://news.nankai.edu.cn/ywsd/system/2022/03/04/030050480.shtml",
  "http://news.nankai.edu.cn/ywsd/system/2022/03/03/030050465.shtml",
  "http://news.nankai.edu.cn/ywsd/system/2022/02/25/030050389.shtml",
  "http://news.nankai.edu.cn/ywsd/system/2022/02/25/030050390.shtml",
  "http://news.nankai.edu.cn/ywsd/system/2022/02/26/030050394.shtml",
  "http://news.nankai.edu.cn/ywsd/system/2022/02/25/030050385.shtml",
  "http://news.nankai.edu.cn/zhxw/system/2022/05/22/030051408.shtml",
  "http://news.nankai.edu.cn/zhxw/system/2022/04/20/030050982.shtml",
  "http://news.nankai.edu.cn/zhxw/system/2022/05/05/030051185.shtml",
  "http://news.nankai.edu.cn/zhxw/system/2022/03/14/030050597.shtml",
  "http://news.nankai.edu.cn/dcxy/system/2022/04/20/030050991.shtml",
  "http://news.nankai.edu.cn/dcxy/system/2022/03/11/030050585.shtml",
  "http://news.nankai.edu.cn/ywsd/system/2022/06/21/030051762.shtml",
  "http://news.nankai.edu.cn/ywsd/system/2022/06/22/030051767.shtml",
  "http://news.nankai.edu.cn/ywsd/system/2022/06/21/030051763.shtml",
  "http://news.nankai.edu.cn/ywsd/system/2022/06/18/030051742.shtml",
  "http://news.nankai.edu.cn/ywsd/system/2022/06/16/030051725.shtml",
  "http://news.nankai.edu.cn/ywsd/system/2022/06/16/030051724.shtml",
  "http://news.nankai.edu.cn/ywsd/system/2022/06/16/030051719.shtml",
  "http://news.nankai.edu.cn/ywsd/system/2022/06/11/030051683.shtml",
  "http://news.nankai.edu.cn/ywsd/system/2022/06/05/030051620.shtml",
  "http://news.nankai.edu.cn/ywsd/system/2022/06/21/030051761.shtml",
  "http://tedabio.nankai.edu.cn/nkdxfzwswxyjsjybzdsys/list.htm",
  "http://tedabio.nankai.edu.cn/tjswswgnjyzxzdsys/list.htm",
  "http://tedabio.nankai.edu.cn/wswgnjyzyjcjsjybgcyjzx/list.htm",
  "http://tedabio.nankai.edu.cn/tjsgnjyzyswxpyjzx/list.htm",
  "http://teda.nankai.edu.cn/en/main.htm",
  "http://chem.nankai.edu.cn/ejym.aspx?t=0&m=15",
  "http://nerc.nankai.edu.cn/",
  "http://ace.nankai.edu.cn/member/user/chanagepwd",
  "http://ace.nankai.edu.cn/class/33",
  "http://ace.nankai.edu.cn/class/34",
  "http://ace.nankai.edu.cn/class/35",
  "http://catalyst.nankai.edu.cn",
  "http://news.nankai.edu.cn/ztbd/system/2021/11/17/030048889.shtml",
  "http://news.nankai.edu.cn/ztbd/system/2021/11/17/030048890.shtml",
  "http://news.nankai.edu.cn/ztbd/system/2021/11/17/030048891.shtml",
  "http://news.nankai.edu.cn/ztbd/system/2021/11/17/030048893.shtml",
  "http://news.nankai.edu.cn/ztbd/system/2021/11/17/030048895.shtml",
  "http://news.nankai.edu.cn/ztbd/system/2021/11/17/030048896.shtml",
  "http://news.nankai.edu.cn/ztbd/system/2021/11/17/030048898.shtml",
  "http://news.nankai.edu.cn/ztbd/system/2021/11/17/030048899.shtml",
  "http://news.nankai.edu.cn/ztbd/system/2021/11/17/030048901.shtml",
  "http://news.nankai.edu.cn/ztbd/system/2021/11/17/030048904.shtml",
  "http://http://news.nankai.edu.cn/ywsd/system/2021/09/11/030047884.shtml",
  "http://http://news.nankai.edu.cn/ywsd/system/2021/05/19/030046121.shtml",
  "http://http://news.nankai.edu.cn/ywsd/system/2021/01/02/030043729.shtml",
  "http://news.nankai.edu.cn/ywsd/system/2020/12/24/030043395.shtml",
  "http://news.nankai.edu.cn/ywsd/system/2020/12/17/030043284.shtml",
  "http://http://news.nankai.edu.cn/ywsd/system/2020/12/16/030043272.shtml",
  "http://news.nankai.edu.cn/ywsd/system/2020/11/25/030042405.shtml",
  "http://news.nankai.edu.cn/ywsd/system/2020/08/23/030040517.shtml",
  "http://news.nankai.edu.cn/ywsd/system/2020/08/17/030040460.shtml",
  "http://news.nankai.edu.cn/ywsd/system/2020/06/05/030039594.shtml",
  "http://news.nankai.edu.cn/ywsd/system/2020/06/02/030039518.shtml",
  "http://news.nankai.edu.cn/ywsd/system/2018/11/26/000420354.shtml",
  "http://news.nankai.edu.cn/ywsd/system/2020/01/10/030037286.shtml",
  "http://news.nankai.edu.cn/ywsd/system/2019/07/04/030034216.shtml",
  "http://http://news.nankai.edu.cn/ywsd/system/2019/06/28/030034128.shtml",
  "http://news.nankai.edu.cn/ywsd/system/2019/05/15/030033479.shtml",
  "http://news.nankai.edu.cn/ywsd/system/2019/03/06/000435594.shtml",
  "http://news.nankai.edu.cn/ywsd/system/2019/01/08/000427914.shtml",
  "http://news.nankai.edu.cn/ywsd/system/2019/01/03/000426954.shtml",
  "http://news.nankai.edu.cn/ywsd/system/2018/12/05/000422234.shtml",
  "http://news.nankai.edu.cn/ywsd/system/2018/10/29/000414794.shtml",
  "http://news.nankai.edu.cn/ywsd/system/2018/09/30/000411960.shtml",
  "http://news.nankai.edu.cn/ztbd/system/2021/06/27/030047003.shtml",
  "http://news.nankai.edu.cn/ztbd/system/2021/06/27/030047004.shtml",
  "http://news.nankai.edu.cn/ztbd/system/2021/06/27/030047005.shtml",
  "http://news.nankai.edu.cn/ztbd/system/2021/06/27/030047006.shtml",
  "http://news.nankai.edu.cn/ztbd/system/2021/06/27/030047007.shtml",
  "http://news.nankai.edu.cn/ztbd/system/2021/06/27/030047008.shtml",
  "http://news.nankai.edu.cn/ztbd/system/2021/06/27/030047009.shtml",
  "http://news.nankai.edu.cn/ztbd/system/2021/06/27/030047010.shtml",
  "http://news.nankai.edu.cn/ztbd/system/2021/06/27/030047011.shtml",
  "http://news.nankai.edu.cn/ztbd/system/2021/06/27/030047012.shtml",
  "http://news.nankai.edu.cn/ztbd/system/2021/06/27/030047013.shtml",
  "http://news.nankai.edu.cn/ztbd/system/2021/06/27/030047014.shtml",
  "http://news.nankai.edu.cn/ztbd/system/2021/06/27/030047015.shtml",
  "http://news.nankai.edu.cn/ztbd/system/2021/06/27/030047016.shtml",
  "http://news.nankai.edu.cn/ztbd/system/2021/06/27/030047018.shtml",
  "http://news.nankai.edu.cn/ztbd/system/2021/06/27/030047019.shtml",
  "http://news.nankai.edu.cn/ztbd/system/2021/06/27/030047020.shtml",
  "http://news.nankai.edu.cn/ztbd/system/2021/06/27/030047021.shtml",
  "http://news.nankai.edu.cn/ztbd/system/2021/06/27/030047022.shtml",
  "http://news.nankai.edu.cn/ztbd/system/2021/06/27/030047023.shtml",
  "http://news.nankai.edu.cn/ztbd/system/2021/06/27/030047024.shtml",
  "http://news.nankai.edu.cn/ztbd/system/2021/06/27/030047025.shtml",
  "http://news.nankai.edu.cn/ztbd/system/2021/06/27/030047026.shtml",
  "http://news.nankai.edu.cn/ztbd/system/2021/06/27/030047029.shtml",
  "http://news.nankai.edu.cn/ztbd/system/2021/06/27/030047030.shtml",
  "http://news.nankai.edu.cn/ztbd/system/2021/06/27/030047031.shtml",
  "http://news.nankai.edu.cn/ztbd/system/2021/06/27/030047033.shtml",
  "http://news.nankai.edu.cn/ztbd/system/2021/06/27/030047034.shtml",
  "http://news.nankai.edu.cn/ztbd/system/2021/06/27/030047035.shtml",
  "http://news.nankai.edu.cn/ztbd/system/2021/06/27/030047036.shtml",
  "http://news.nankai.edu.cn/ztbd/system/2021/06/27/030047037.shtml",
  "http://news.nankai.edu.cn/ztbd/system/2021/06/27/030047038.shtml",
  "http://news.nankai.edu.cn/ztbd/system/2021/06/27/030047039.shtml",
  "http://news.nankai.edu.cn/ztbd/system/2021/06/27/030047040.shtml",
  "http://news.nankai.edu.cn/ztbd/system/2021/06/27/030047041.shtml",
  "http://news.nankai.edu.cn/ztbd/system/2021/06/27/030047042.shtml",
  "http://news.nankai.edu.cn/ztbd/system/2021/06/27/030047043.shtml",
  "http://news.nankai.edu.cn/ztbd/system/2021/06/27/030047044.shtml",
  "http://news.nankai.edu.cn/ztbd/system/2021/06/27/030047045.shtml",
  "http://news.nankai.edu.cn/ztbd/system/2021/06/27/030047046.shtml",
  "http://news.nankai.edu.cn/ztbd/system/2021/06/27/030047047.shtml",
  "http://news.nankai.edu.cn/ztbd/system/2010/04/02/000029477.shtml",
  "http://news.nankai.edu.cn/zhxw/system/2010/04/02/000029493.shtml",
  "http://news.nankai.edu.cn/ztbd/system/2010/04/02/000029492.shtml",
  "http://energy.nankai.edu.cn/article/414",
  "http://energy.nankai.edu.cn/article/814",
  "http://energy.nankai.edu.cn/article/884",
  "http://energy.nankai.edu.cn/article/570",
  "http://news.nankai.edu.cn/ywsd/system/2022/10/09/030053077.shtml",
  "http://ygb.nankai.edu.cn/ygben/main.htm",
  "http://physics.nankai.edu.cn/lh/main.htm",
  "http://physics.nankai.edu.cn/lzc/main.htm",
  "http://online.nankai.edu.cn/taskcenter",
  "http://international.nankai.edu.cn/13552/list.htm",
  "http://international.nankai.edu.cn/13553/list.htm",
  "http://international.nankai.edu.cn/13558/list.htm",
  "http://international.nankai.edu.cn/13551/list.htm",
  "http://international.nankai.edu.cn/13554/list.htm",
  "http://online.nankai.edu.cn/nk_jlk/index",
  "http://international.nankai.edu.cn/13531/list.htm",
  "http://international.nankai.edu.cn/tzgg/list.htm",
  "http://international.nankai.edu.cn/13533/list.htm",
  "http://international.nankai.edu.cn/13534/list.htm",
  "http://international.nankai.edu.cn/13537/list.htm",
  "http://international.nankai.edu.cn/13536/list.htm",
  "http://www.enorth.com.cn/sys/viewpic/default.html?url=http://news.nankai.edu.cn/pic/0/00/32/36/323685_910743.jpg",
  "http://www.enorth.com.cn/sys/viewpic/default.html?url=http://news.nankai.edu.cn/pic/0/00/32/36/323686_144572.jpg",
  "http://news.nankai.edu.cn/ztbd/system/2016/12/08/000309797.shtml",
  "http://news.nankai.edu.cn/ztbd/system/2016/11/11/000304656.shtml",
  "http://news.nankai.edu.cn/ztbd/system/2016/11/10/000304282.shtml",
  "http://news.nankai.edu.cn/ztbd/system/2016/10/24/000300994.shtml",
  "http://news.nankai.edu.cn/ztbd/system/2016/09/26/000297294.shtml",
  "http://news.nankai.edu.cn/ztbd/system/2016/09/23/000296976.shtml",
  "http://news.nankai.edu.cn/ztbd/system/2016/09/19/000296574.shtml",
  "http://news.nankai.edu.cn/ztbd/system/2016/09/13/000295914.shtml",
  "http://news.nankai.edu.cn/ztbd/system/2016/05/18/000281754.shtml",
  "http://news.nankai.edu.cn/ztbd/system/2016/04/01/000276337.shtml",
  "http://news.nankai.edu.cn/ztbd/system/2016/03/18/000273676.shtml",
  "http://news.nankai.edu.cn/ztbd/system/2016/03/02/000270314.shtml",
  "http://news.nankai.edu.cn/ztbd/system/2016/01/05/000263835.shtml",
  "http://news.nankai.edu.cn/ztbd/system/2016/01/05/000263714.shtml",
  "http://news.nankai.edu.cn/ywsd/system/2017/01/13/000315454.shtml",
  "http://news.nankai.edu.cn/ztbd/system/2017/01/04/000313954.shtml",
  "http://news.nankai.edu.cn/ywsd/system/2017/01/15/000315734.shtml",
  "http://news.nankai.edu.cn/ywsd/system/2017/01/13/000315494.shtml",
  "http://news.nankai.edu.cn/ywsd/system/2017/01/13/000315555.shtml",
  "http://news.nankai.edu.cn/ywsd/system/2017/01/13/000315554.shtml",
  "http://news.nankai.edu.cn/ywsd/system/2017/01/13/000315455.shtml",
  "http://news.nankai.edu.cn/ywsd/system/2017/01/13/000315514.shtml",
  "http://news.nankai.edu.cn/ywsd/system/2017/01/13/000315534.shtml",
  "http://news.nankai.edu.cn/ywsd/system/2017/01/13/000315496.shtml",
  "http://news.nankai.edu.cn/ztbd/system/2017/01/04/000313955.shtml",
  "http://news.nankai.edu.cn/ztbd/system/2017/01/04/000313956.shtml",
  "http://news.nankai.edu.cn/spxw/system/2017/01/09/000314614.shtml",
  "http://news.nankai.edu.cn/ywsd/system/2017/03/21/000323635.shtml",
  "http://news.nankai.edu.cn/ywsd/system/2016/01/13/000265314.shtml",
  "http://news.nankai.edu.cn/pic/0/00/10/99/109948_110877.jpg",
  "http://news.nankai.edu.cn/pic/0/00/10/99/109947_776375.jpg",
  "http://news.nankai.edu.cn/pic/0/00/10/99/109945_250017.jpg",
  "http://news.nankai.edu.cn/ywsd/system/2017/01/13/000315495.shtml",
  "http://news.nankai.edu.cn/ywsd/system/2017/01/13/000315434.shtml",
  "http://news.nankai.edu.cn/ywsd/system/2017/01/13/000315414.shtml",
  "http://news.nankai.edu.cn/ywsd/system/2017/01/13/000315374.shtml",
  "http://news.nankai.edu.cn/ywsd/system/2017/01/13/000315403.shtml",
  "http://news.nankai.edu.cn/ywsd/system/2017/01/13/000315394.shtml",
  "http://news.nankai.edu.cn/ywsd/system/2017/01/13/000315402.shtml",
  "http://news.nankai.edu.cn/ywsd/system/2017/01/13/000315395.shtml",
  "http://news.nankai.edu.cn/ywsd/system/2017/01/13/000315398.shtml",
  "http://news.nankai.edu.cn/ywsd/system/2017/01/13/000315397.shtml",
  "http://news.nankai.edu.cn/ywsd/system/2017/01/13/000315405.shtml",
  "http://news.nankai.edu.cn/ywsd/system/2017/01/13/000315399.shtml",
  "http://news.nankai.edu.cn/ywsd/system/2017/01/13/000315404.shtml",
  "http://news.nankai.edu.cn/ywsd/system/2017/01/13/000315400.shtml",
  "http://news.nankai.edu.cn/ywsd/system/2017/01/13/000315396.shtml",
  "http://news.nankai.edu.cn/ywsd/system/2017/01/13/000315401.shtml",
  "http://news.nankai.edu.cn/ywsd/system/2017/01/12/000315314.shtml",
  "http://news.nankai.edu.cn/ywsd/system/2017/01/12/000315294.shtml",
  "http://news.nankai.edu.cn/ywsd/system/2017/01/12/000315274.shtml",
  "http://news.nankai.edu.cn/ywsd/system/2017/01/11/000315174.shtml",
  "http://news.nankai.edu.cn/ywsd/system/2017/01/11/000315175.shtml",
  "http://news.nankai.edu.cn/mtnk/system/2017/08/23/000342115.shtml",
  "http://news.nankai.edu.cn/nkzs/system/2017/08/09/000341194.shtml",
  "http://news.nankai.edu.cn/nkzs/system/2017/08/07/000341068.shtml",
  "http://news.nankai.edu.cn/nkzs/system/2017/08/07/000341067.shtml",
  "http://news.nankai.edu.cn/nkzs/system/2017/08/07/000341066.shtml",
  "http://news.nankai.edu.cn/nkzs/system/2017/08/07/000341065.shtml",
  "http://news.nankai.edu.cn/nkzs/system/2017/08/07/000341064.shtml",
  "http://news.nankai.edu.cn/nkzs/system/2017/08/07/000341063.shtml",
  "http://news.nankai.edu.cn/nkzs/system/2017/08/07/000341062.shtml",
  "http://news.nankai.edu.cn/nkzs/system/2017/08/07/000341061.shtml",
  "http://news.nankai.edu.cn/nkzs/system/2017/08/07/000341060.shtml",
  "http://news.nankai.edu.cn/nkzs/system/2017/08/07/000341059.shtml",
  "http://news.nankai.edu.cn/ywsd/system/2017/08/02/000340634.shtml",
  "http://news.nankai.edu.cn/ywsd/system/2017/08/05/000340934.shtml",
  "http://news.nankai.edu.cn/ywsd/system/2017/08/02/000340714.shtml",
  "http://news.nankai.edu.cn/ywsd/system/2016/03/19/000273734.shtml",
  "http://news.nankai.edu.cn/ywsd/system/2016/03/19/000273754.shtml",
  "http://news.nankai.edu.cn/ywsd/system/2016/03/03/000270554.shtml",
  "http://news.nankai.edu.cn/mtnk/system/2016/03/15/000272696.shtml",
  "http://news.nankai.edu.cn/mtnk/system/2016/03/15/000272697.shtml",
  "http://news.nankai.edu.cn/mtnk/system/2016/03/15/000272674.shtml",
  "http://news.nankai.edu.cn/mtnk/system/2016/03/11/000272214.shtml",
  "http://news.nankai.edu.cn/mtnk/system/2016/03/13/000272359.shtml",
  "http://news.nankai.edu.cn/mtnk/system/2016/03/13/000272358.shtml",
  "http://news.nankai.edu.cn/mtnk/system/2016/03/13/000272360.shtml",
  "http://news.nankai.edu.cn/mtnk/system/2016/03/13/000272362.shtml",
  "http://news.nankai.edu.cn/mtnk/system/2016/03/11/000272037.shtml",
  "http://news.nankai.edu.cn/mtnk/system/2016/03/11/000272014.shtml",
  "http://news.nankai.edu.cn/mtnk/system/2016/03/10/000271856.shtml",
  "http://news.nankai.edu.cn/mtnk/system/2016/03/10/000271954.shtml",
  "http://news.nankai.edu.cn/mtnk/system/2016/03/10/000271998.shtml",
  "http://news.nankai.edu.cn/mtnk/system/2016/03/11/000272202.shtml",
  "http://news.nankai.edu.cn/mtnk/system/2016/03/10/000271855.shtml",
  "http://news.nankai.edu.cn/ywsd/system/2016/03/07/000271155.shtml",
  "http://news.nankai.edu.cn/mtnk/system/2016/03/07/000271119.shtml",
  "http://news.nankai.edu.cn/ywsd/system/2016/03/06/000270934.shtml",
  "http://news.nankai.edu.cn/mtnk/system/2016/03/06/000270975.shtml",
  "http://news.nankai.edu.cn/mtnk/system/2016/03/06/000270963.shtml",
  "http://news.nankai.edu.cn/mtnk/system/2016/03/06/000270962.shtml",
  "http://news.nankai.edu.cn/mtnk/system/2016/03/06/000270956.shtml",
  "http://news.nankai.edu.cn/xs/system/2016/03/28/000275835.shtml",
  "http://news.nankai.edu.cn/ywsd/system/2016/02/23/000269155.shtml",
  "http://news.nankai.edu.cn/xs/system/2013/10/19/000146897.shtml",
  "http://news.nankai.edu.cn/nkrw/system/2015/11/03/000253780.shtml",
  "http://news.nankai.edu.cn/xs/system/2013/11/25/000156637.shtml",
  "http://news.nankai.edu.cn/xs/system/2014/01/03/000162094.shtml",
  "http://news.nankai.edu.cn/ywsd/system/2013/04/07/000116684.shtml",
  "http://news.nankai.edu.cn/mtnk/system/2014/08/01/000196176.shtml",
  "http://news.nankai.edu.cn/mtnk/system/2013/10/11/000144538.shtml",
  "http://news.nankai.edu.cn/xs/system/2013/11/21/000155314.shtml",
  "http://news.nankai.edu.cn/xs/system/2013/10/20/000147075.shtml",
  "http://news.nankai.edu.cn/xs/system/2013/10/20/000147095.shtml",
  "http://news.nankai.edu.cn/ywsd/system/2015/10/18/000251774.shtml",
  "http://news.nankai.edu.cn/xs/system/2016/01/05/000263794.shtml",
  "http://news.nankai.edu.cn/ztbd/system/2016/04/05/000276621.shtml",
  "http://news.nankai.edu.cn/ywsd/system/2015/05/12/000232054.shtml",
  "http://news.nankai.edu.cn/ztbd/system/2016/04/05/000276577.shtml"
]