https://news.nankai.edu.cn
https://jwc.nankai.edu.cn
https://hxkj.nankai.edu.cn
https://advisingcenter.nankai.edu.cn/index
https://news.nankai.edu.cn/xlzt/system/2022/10/04/030053022.shtml
https://news.nankai.edu.cn/xlzt/system/2023/04/11/030055373.shtml
https://jwcold.nankai.edu.cn/
https://advisingcenter.nankai.edu.cn/
https://news.nankai.edu.cn/xlzt/system/2024/04/19/030061043.shtml
https://news.nankai.edu.cn/ywsd/system/2024/11/25/030064626.shtml
https://news.nankai.edu.cn/sp/system/2024/12/03/030064853.shtml
https://jwc.nankai.edu.cn/main.htm
https://news.nankai.edu.cn/nkdxb/system/2024/09/20/030063498.shtml
https://eamis.nankai.edu.cn/eams/login.action;jsessionid=7C962C3D6BD3A71857527DB00F8FCBFA.std5
https://iam.nankai.edu.cn/login?next=%2Fapi%2Fcas%2Flogin%3Fservice%3Dhttps%253a%252f%252fjxpj.nankai.edu.cn%252fDealSSO.ashx%252f%253funiversitycode%253d10055_1
https://news.nankai.edu.cn/nkdxb/system/2024/09/30/030063747.shtml
https://news.nankai.edu.cn/ywsd/system/2024/04/19/030061044.shtml
https://news.nankai.edu.cn/ywsd/system/2013/06/27/000132329.shtml
https://webplus3.nankai.edu.cn/_s10/cybg_5364/list.psp
https://news.nankai.edu.cn/nkdxb/system/2024/10/25/030064090.shtml
https://news.nankai.edu.cn/ywsd/system/2013/11/01/000150394.shtml
https://jwc.nankai.edu.cn/a4/99/c5098a42137/page.psp
https://news.nankai.edu.cn/ywsd/system/2014/05/24/000184014.shtml
https://news.nankai.edu.cn/ywsd/system/2015/10/18/000251734.shtml
https://news.nankai.edu.cn/nkdxb/system/2024/11/18/030064500.shtml
https://news.nankai.edu.cn/ywsd/system/2016/09/11/000295716.shtml
https://news.nankai.edu.cn/nkdxb/system/2024/12/09/030064945.shtml
https://news.nankai.edu.cn/nkdxb/system/2024/12/04/030064871.shtml
https://news.nankai.edu.cn/ywsd/system/2024/12/03/030064868.shtml
https://news.nankai.edu.cn/ywsd/system/2016/12/19/000311624.shtml
https://news.nankai.edu.cn/mtnk/system/2023/04/25/030055718.shtml
https://news.nankai.edu.cn/ywsd/system/2017/04/13/000327555.shtml
https://news.nankai.edu.cn/ywsd/system/2017/06/25/000335895.shtml
https://news.nankai.edu.cn/ywsd/system/2017/12/22/000362255.shtml
https://news.nankai.edu.cn/ywsd/system/2019/09/11/030035187.shtml
https://news.nankai.edu.cn/mtnk/system/2024/11/27/030064694.shtml
https://news.nankai.edu.cn/mtnk/system/2024/11/27/030064692.shtml
https://news.nankai.edu.cn/mtnk/system/2024/11/27/030064693.shtml
https://news.nankai.edu.cn/mtnk/system/2024/11/27/030064684.shtml
https://news.nankai.edu.cn/mtnk/system/2024/11/27/030064678.shtml
https://news.nankai.edu.cn/mtnk/system/2024/11/27/030064691.shtml
https://news.nankai.edu.cn/mtnk/system/2024/11/27/030064679.shtml
https://news.nankai.edu.cn/mtnk/system/2024/11/28/030064732.shtml
https://news.nankai.edu.cn/mtnk/system/2024/11/28/030064731.shtml
https://news.nankai.edu.cn/mtnk/system/2024/11/27/030064695.shtml
https://news.nankai.edu.cn/ywsd/system/2021/02/18/030044599.shtml
https://news.nankai.edu.cn/ywsd/system/2011/03/24/000037810.shtml
https://news.nankai.edu.cn/ywsd/system/2020/09/11/030040750.shtml
https://news.nankai.edu.cn/ywsd/system/2023/09/10/030057810.shtml
https://news.nankai.edu.cn/ywsd/system/2023/10/16/030058295.shtml
https://news.nankai.edu.cn/ywsd/system/2024/07/07/030062491.shtml
https://news.nankai.edu.cn/mtnk/system/2024/11/27/030064709.shtml
https://news.nankai.edu.cn/mtnk/system/2024/12/02/030064810.shtml
https://news.nankai.edu.cn/mtnk/system/2024/12/02/030064808.shtml
https://news.nankai.edu.cn/mtnk/system/2024/11/27/030064701.shtml
https://news.nankai.edu.cn/mtnk/system/2024/11/27/030064702.shtml
https://news.nankai.edu.cn/mtnk/system/2024/11/26/030064661.shtml
https://news.nankai.edu.cn/mtnk/system/2024/12/01/030064778.shtml
https://news.nankai.edu.cn/mtnk/system/2024/12/01/030064777.shtml
https://news.nankai.edu.cn/mtnk/system/2024/11/27/030064720.shtml
https://news.nankai.edu.cn/mtnk/system/2024/11/28/030064736.shtml
https://news.nankai.edu.cn/mtnk/system/2024/11/27/030064719.shtml
https://news.nankai.edu.cn/mtnk/system/2024/11/27/030064721.shtml
https://news.nankai.edu.cn/mtnk/system/2024/11/27/030064707.shtml
https://news.nankai.edu.cn/mtnk/system/2024/11/27/030064677.shtml
https://news.nankai.edu.cn/mtnk/system/2024/11/26/030064653.shtml
https://news.nankai.edu.cn/mtnk/system/2024/11/28/030064743.shtml
https://news.nankai.edu.cn/mtnk/system/2024/11/28/030064742.shtml
https://news.nankai.edu.cn/mtnk/system/2024/11/28/030064741.shtml
https://news.nankai.edu.cn/mtnk/system/2024/11/28/030064737.shtml
https://news.nankai.edu.cn/mtnk/system/2024/11/28/030064727.shtml
https://news.nankai.edu.cn/mtnk/system/2024/12/02/030064824.shtml
https://news.nankai.edu.cn/mtnk/system/2024/11/27/030064703.shtml
https://news.nankai.edu.cn/mtnk/system/2024/11/26/030064650.shtml
https://news.nankai.edu.cn/mtnk/system/2024/12/01/030064787.shtml
https://news.nankai.edu.cn/mtnk/system/2024/11/26/030064637.shtml
https://news.nankai.edu.cn/mtnk/system/2024/11/27/030064700.shtml
https://news.nankai.edu.cn/mtnk/system/2024/11/26/030064649.shtml
https://news.nankai.edu.cn/mtnk/system/2024/12/02/030064821.shtml
https://news.nankai.edu.cn/mtnk/system/2024/12/01/030064781.shtml
https://news.nankai.edu.cn/mtnk/system/2024/11/27/030064698.shtml
https://news.nankai.edu.cn/mtnk/system/2024/11/27/030064705.shtml
https://news.nankai.edu.cn/mtnk/system/2024/12/02/030064807.shtml
https://news.nankai.edu.cn/mtnk/system/2024/11/26/030064628.shtml
https://news.nankai.edu.cn/mtnk/system/2024/11/26/030064647.shtml
https://news.nankai.edu.cn/mtnk/system/2024/11/26/030064646.shtml
https://news.nankai.edu.cn/mtnk/system/2024/11/26/030064641.shtml
https://news.nankai.edu.cn/mtnk/system/2024/11/26/030064645.shtml
https://news.nankai.edu.cn/mtnk/system/2024/12/01/030064780.shtml
https://news.nankai.edu.cn/mtnk/system/2024/12/03/030064860.shtml
https://news.nankai.edu.cn/mtnk/system/2024/12/01/030064788.shtml
https://news.nankai.edu.cn/mtnk/system/2024/12/03/030064861.shtml
https://news.nankai.edu.cn/mtnk/system/2024/12/03/030064837.shtml
https://news.nankai.edu.cn/mtnk/system/2024/11/26/030064651.shtml
https://news.nankai.edu.cn/mtnk/system/2024/11/26/030064652.shtml
https://news.nankai.edu.cn/mtnk/system/2024/11/26/030064640.shtml
https://news.nankai.edu.cn/mtnk/system/2024/11/26/030064639.shtml
https://news.nankai.edu.cn/mtnk/system/2024/11/26/030064633.shtml
https://news.nankai.edu.cn/ywsd/system/2024/11/28/030064744.shtml
https://news.nankai.edu.cn/ywsd/system/2024/11/30/030064774.shtml
https://news.nankai.edu.cn/ywsd/system/2024/11/24/030064596.shtml
https://news.nankai.edu.cn/zhxw/system/2024/04/19/030061058.shtml
https://news.nankai.edu.cn/zhxw/system/2024/04/21/030061076.shtml
https://news.nankai.edu.cn/ywsd/system/2024/04/22/030061102.shtml
https://news.nankai.edu.cn/ywsd/system/2024/04/25/030061199.shtml
https://news.nankai.edu.cn/ywsd/system/2024/12/01/030064793.shtml
https://news.nankai.edu.cn/zhxw/system/2024/04/26/030061230.shtml
https://news.nankai.edu.cn/zhxw/system/2024/04/19/030061048.shtml
https://news.nankai.edu.cn/zhxw/system/2024/04/26/030061229.shtml
https://news.nankai.edu.cn/zhxw/system/2024/04/26/030061232.shtml
https://news.nankai.edu.cn/zhxw/system/2024/04/27/030061252.shtml
https://news.nankai.edu.cn/zhxw/system/2024/04/23/030061110.shtml
https://news.nankai.edu.cn/ywsd/system/2024/04/17/030061006.shtml
https://news.nankai.edu.cn/zhxw/system/2024/04/23/030061111.shtml
https://news.nankai.edu.cn/ywsd/system/2024/04/23/030061139.shtml
https://news.nankai.edu.cn/ywsd/system/2024/04/24/030061162.shtml
https://news.nankai.edu.cn/ywsd/system/2024/04/27/030061253.shtml
https://news.nankai.edu.cn/zhxw/system/2024/04/25/030061180.shtml
https://news.nankai.edu.cn/zhxw/system/2024/04/25/030061205.shtml
https://news.nankai.edu.cn/zhxw/system/2024/04/25/030061207.shtml
https://news.nankai.edu.cn/zhxw/system/2024/04/28/030061288.shtml
https://news.nankai.edu.cn/zhxw/system/2024/04/28/030061283.shtml
https://news.nankai.edu.cn/zhxw/system/2024/04/29/030061307.shtml
https://news.nankai.edu.cn/zhxw/system/2024/04/29/030061320.shtml
https://news.nankai.edu.cn/zhxw/system/2024/04/29/030061321.shtml
https://news.nankai.edu.cn/zhxw/system/2024/04/29/030061326.shtml
https://news.nankai.edu.cn/zhxw/system/2024/04/30/030061330.shtml
https://news.nankai.edu.cn/zhxw/system/2024/04/30/030061358.shtml
https://news.nankai.edu.cn/zhxw/system/2024/04/30/030061367.shtml
https://news.nankai.edu.cn/zhxw/system/2024/05/02/030061383.shtml
https://news.nankai.edu.cn/zhxw/system/2024/05/03/030061388.shtml
https://news.nankai.edu.cn/zhxw/system/2024/05/04/030061390.shtml
https://news.nankai.edu.cn/ywsd/system/2024/05/06/030061403.shtml
https://news.nankai.edu.cn/zhxw/system/2024/05/07/030061419.shtml
https://news.nankai.edu.cn/zhxw/system/2024/05/06/030061397.shtml
https://news.nankai.edu.cn/zhxw/system/2024/05/08/030061436.shtml
https://news.nankai.edu.cn/zhxw/system/2024/05/08/030061463.shtml
https://news.nankai.edu.cn/zhxw/system/2024/05/08/030061464.shtml
https://news.nankai.edu.cn/zhxw/system/2024/05/09/030061466.shtml
https://news.nankai.edu.cn/zhxw/system/2024/05/09/030061470.shtml
https://news.nankai.edu.cn/zhxw/system/2024/05/10/030061496.shtml
https://news.nankai.edu.cn/zhxw/system/2024/05/10/030061501.shtml
https://news.nankai.edu.cn/zhxw/system/2024/05/10/030061503.shtml
https://news.nankai.edu.cn/ywsd/system/2024/05/09/030061478.shtml
https://news.nankai.edu.cn/ywsd/system/2024/05/10/030061518.shtml
https://news.nankai.edu.cn/ywsd/system/2024/05/13/030061544.shtml
https://news.nankai.edu.cn/zhxw/system/2024/05/10/030061505.shtml
https://news.nankai.edu.cn/zhxw/system/2024/05/14/030061559.shtml
https://news.nankai.edu.cn/zhxw/system/2024/05/16/030061591.shtml
https://news.nankai.edu.cn/zhxw/system/2024/05/17/030061610.shtml
https://news.nankai.edu.cn/zhxw/system/2024/05/17/030061612.shtml
https://news.nankai.edu.cn/ywsd/system/2024/05/16/030061605.shtml
https://news.nankai.edu.cn/ywsd/system/2024/05/18/030061653.shtml
https://news.nankai.edu.cn/ywsd/system/2024/05/18/030061649.shtml
https://news.nankai.edu.cn/ywsd/system/2024/05/17/030061648.shtml
https://news.nankai.edu.cn/ywsd/system/2024/05/20/030061706.shtml
https://news.nankai.edu.cn/dcxy/system/2024/05/22/030061758.shtml
https://news.nankai.edu.cn/zhxw/system/2024/05/17/030061643.shtml
https://news.nankai.edu.cn/zhxw/system/2024/05/20/030061690.shtml
https://news.nankai.edu.cn/zhxw/system/2024/05/20/030061696.shtml
https://news.nankai.edu.cn/zhxw/system/2024/05/20/030061700.shtml
https://news.nankai.edu.cn/zhxw/system/2024/05/20/030061705.shtml
https://news.nankai.edu.cn/ywsd/system/2024/05/20/030061703.shtml
https://news.nankai.edu.cn/zhxw/system/2024/05/21/030061743.shtml
https://news.nankai.edu.cn/zhxw/system/2024/05/22/030061745.shtml
https://news.nankai.edu.cn/zhxw/system/2024/05/24/030061835.shtml
https://news.nankai.edu.cn/zhxw/system/2024/05/24/030061821.shtml
https://news.nankai.edu.cn/ywsd/system/2024/05/25/030061840.shtml
https://news.nankai.edu.cn/ywsd/system/2024/05/25/030061844.shtml
https://news.nankai.edu.cn/ywsd/system/2024/05/26/030061852.shtml
https://news.nankai.edu.cn/zhxw/system/2024/05/26/030061861.shtml
https://news.nankai.edu.cn/ywsd/system/2024/05/28/030061898.shtml
https://news.nankai.edu.cn/zhxw/system/2024/05/28/030061904.shtml
https://news.nankai.edu.cn/zhxw/system/2024/05/29/030061911.shtml
https://news.nankai.edu.cn/zhxw/system/2024/05/29/030061925.shtml
https://news.nankai.edu.cn/zhxw/system/2024/05/29/030061924.shtml
https://news.nankai.edu.cn/zhxw/system/2024/05/31/030061962.shtml
https://news.nankai.edu.cn/zhxw/system/2024/05/31/030061971.shtml
https://news.nankai.edu.cn/zhxw/system/2024/06/01/030061993.shtml
https://news.nankai.edu.cn/zhxw/system/2024/06/03/030062020.shtml
https://news.nankai.edu.cn/zhxw/system/2024/06/04/030062036.shtml
https://news.nankai.edu.cn/zhxw/system/2024/06/04/030062038.shtml
https://news.nankai.edu.cn/zhxw/system/2024/06/06/030062085.shtml
https://news.nankai.edu.cn/zhxw/system/2024/06/07/030062099.shtml
https://news.nankai.edu.cn/zhxw/system/2024/06/09/030062125.shtml
https://news.nankai.edu.cn/dcxy/system/2024/06/06/030062080.shtml
https://news.nankai.edu.cn/ywsd/system/2024/06/07/030062103.shtml
https://news.nankai.edu.cn/zhxw/system/2024/06/11/030062137.shtml
https://news.nankai.edu.cn/zhxw/system/2024/06/11/030062147.shtml
https://news.nankai.edu.cn/zhxw/system/2024/06/19/030062272.shtml
https://news.nankai.edu.cn/zhxw/system/2024/06/20/030062277.shtml
https://news.nankai.edu.cn/zhxw/system/2024/06/20/030062279.shtml
https://news.nankai.edu.cn/zhxw/system/2024/06/21/030062308.shtml
https://news.nankai.edu.cn/dcxy/system/2024/06/21/030062307.shtml
https://news.nankai.edu.cn/zhxw/system/2024/06/27/030062377.shtml
https://news.nankai.edu.cn/zhxw/system/2024/06/28/030062396.shtml
https://news.nankai.edu.cn/dcxy/system/2024/07/10/030062531.shtml
https://news.nankai.edu.cn/dcxy/system/2024/07/10/030062532.shtml
https://news.nankai.edu.cn/zhxw/system/2024/07/11/030062542.shtml
https://news.nankai.edu.cn/dcxy/system/2024/07/03/030062450.shtml
https://news.nankai.edu.cn/ywsd/system/2024/06/28/030062392.shtml
https://news.nankai.edu.cn/ywsd/system/2024/07/12/030062568.shtml
https://news.nankai.edu.cn/zhxw/system/2024/07/20/030062674.shtml
https://news.nankai.edu.cn/zhxw/system/2024/07/17/030062628.shtml
https://news.nankai.edu.cn/zhxw/system/2024/07/17/030062631.shtml
https://news.nankai.edu.cn/ywsd/system/2024/07/24/030062698.shtml
https://news.nankai.edu.cn/ywsd/system/2024/07/01/030062429.shtml
https://news.nankai.edu.cn/mtnk/system/2023/07/11/030057044.shtml
https://news.nankai.edu.cn/mtnk/system/2023/07/12/030057069.shtml
https://news.nankai.edu.cn/zhxw/system/2024/08/01/030062803.shtml
https://news.nankai.edu.cn/ywsd/system/2024/09/08/030063260.shtml
https://news.nankai.edu.cn/mtnk/system/2023/04/25/030055726.shtml
https://news.nankai.edu.cn/mtnk/system/2023/04/11/030055368.shtml
https://news.nankai.edu.cn/mtnk/system/2023/04/11/030055370.shtml
https://news.nankai.edu.cn/mtnk/system/2023/04/11/030055367.shtml
https://news.nankai.edu.cn/mtnk/system/2023/04/06/030055266.shtml
https://news.nankai.edu.cn/mtnk/system/2023/05/19/030056223.shtml
https://news.nankai.edu.cn/mtnk/system/2023/05/19/030056224.shtml
https://news.nankai.edu.cn/mtnk/system/2023/08/04/030057335.shtml
https://news.nankai.edu.cn/mtnk/system/2023/08/04/030057334.shtml
https://news.nankai.edu.cn/ywsd/system/2023/08/05/030057355.shtml
https://news.nankai.edu.cn/ywsd/system/2023/08/05/030057358.shtml
https://news.nankai.edu.cn/ywsd/system/2023/08/08/030057382.shtml
https://news.nankai.edu.cn/zhxw/system/2023/04/18/030055527.shtml
https://news.nankai.edu.cn/zhxw/system/2023/04/21/030055597.shtml
https://news.nankai.edu.cn/zhxw/system/2023/04/22/030055626.shtml
https://news.nankai.edu.cn/zhxw/system/2023/04/22/030055627.shtml
https://news.nankai.edu.cn/zhxw/system/2023/04/24/030055656.shtml
https://news.nankai.edu.cn/zhxw/system/2023/04/24/030055667.shtml
https://news.nankai.edu.cn/zhxw/system/2023/04/24/030055683.shtml
https://news.nankai.edu.cn/zhxw/system/2023/04/24/030055684.shtml
https://news.nankai.edu.cn/zhxw/system/2023/04/24/030055687.shtml
https://news.nankai.edu.cn/zhxw/system/2023/04/24/030055694.shtml
https://news.nankai.edu.cn/zhxw/system/2023/04/24/030055695.shtml
https://news.nankai.edu.cn/zhxw/system/2023/04/24/030055696.shtml
https://news.nankai.edu.cn/zhxw/system/2023/04/24/030055697.shtml
https://news.nankai.edu.cn/zhxw/system/2023/04/25/030055702.shtml
https://news.nankai.edu.cn/zhxw/system/2023/04/25/030055711.shtml
https://news.nankai.edu.cn/zhxw/system/2023/04/26/030055756.shtml
https://news.nankai.edu.cn/dcxy/system/2023/06/13/030056725.shtml
https://news.nankai.edu.cn/dcxy/system/2023/06/20/030056817.shtml
https://news.nankai.edu.cn/zhxw/system/2023/04/26/030055764.shtml
https://news.nankai.edu.cn/dcxy/system/2023/06/27/030056903.shtml
https://news.nankai.edu.cn/zhxw/system/2023/04/26/030055763.shtml
https://news.nankai.edu.cn/dcxy/system/2023/06/27/030056908.shtml
https://news.nankai.edu.cn/dcxy/system/2023/06/27/030056909.shtml
https://news.nankai.edu.cn/zhxw/system/2023/06/28/030056912.shtml
https://news.nankai.edu.cn/zhxw/system/2023/04/28/030055802.shtml
https://news.nankai.edu.cn/zhxw/system/2023/04/28/030055822.shtml
https://news.nankai.edu.cn/zhxw/system/2023/05/10/030056028.shtml
https://news.nankai.edu.cn/zhxw/system/2023/05/18/030056194.shtml
https://news.nankai.edu.cn/zhxw/system/2023/05/19/030056239.shtml
https://news.nankai.edu.cn/ztbd/system/2023/06/10/030056697.shtml
https://news.nankai.edu.cn/ztbd/system/2023/06/10/030056696.shtml
https://news.nankai.edu.cn/ywsd/system/2023/07/08/030057014.shtml
https://news.nankai.edu.cn/ywsd/system/2023/07/11/030057038.shtml
https://news.nankai.edu.cn/ywsd/system/2023/07/13/030057084.shtml
https://news.nankai.edu.cn/ywsd/system/2023/07/14/030057099.shtml
https://news.nankai.edu.cn/ywsd/system/2023/07/16/030057130.shtml
https://news.nankai.edu.cn/ywsd/system/2023/07/19/030057148.shtml
https://news.nankai.edu.cn/ywsd/system/2023/07/21/030057167.shtml
https://news.nankai.edu.cn/ywsd/system/2023/07/01/030056945.shtml
https://news.nankai.edu.cn/ywsd/system/2023/07/05/030056983.shtml
https://news.nankai.edu.cn/ztbd/system/2023/07/07/030057010.shtml
https://news.nankai.edu.cn/ywsd/system/2023/07/06/030057001.shtml
https://news.nankai.edu.cn/ywsd/system/2023/08/04/030057353.shtml
https://news.nankai.edu.cn/ywsd/system/2023/08/04/030057354.shtml
https://news.nankai.edu.cn/ywsd/system/2023/08/07/030057375.shtml
https://news.nankai.edu.cn/ywsd/system/2023/08/08/030057384.shtml
https://news.nankai.edu.cn/ywsd/system/2023/08/10/030057411.shtml
https://news.nankai.edu.cn/ywsd/system/2023/08/29/030057612.shtml
https://news.nankai.edu.cn/ztbd/index.shtml
https://news.nankai.edu.cn/ywsd/system/2023/08/17/030057474.shtml
https://news.nankai.edu.cn/ywsd/system/2023/09/01/030057670.shtml
https://news.nankai.edu.cn/ywsd/system/2023/04/19/030055550.shtml
https://news.nankai.edu.cn/ywsd/system/2023/04/06/030055261.shtml
https://news.nankai.edu.cn/ywsd/system/2023/04/10/030055353.shtml
https://news.nankai.edu.cn/ywsd/system/2023/04/11/030055376.shtml
https://news.nankai.edu.cn/ywsd/system/2023/04/18/030055526.shtml
https://news.nankai.edu.cn/ywsd/system/2023/04/18/030055536.shtml
https://news.nankai.edu.cn/ywsd/system/2023/04/21/030055569.shtml
https://news.nankai.edu.cn/ywsd/system/2023/04/22/030055623.shtml
https://news.nankai.edu.cn/ywsd/system/2023/04/22/030055607.shtml
https://news.nankai.edu.cn/ywsd/system/2023/04/22/030055620.shtml
https://news.nankai.edu.cn/ywsd/system/2023/04/24/030055649.shtml
https://news.nankai.edu.cn/ywsd/system/2023/04/16/030055454.shtml
https://news.nankai.edu.cn/ywsd/system/2023/04/17/030055481.shtml
https://news.nankai.edu.cn/ywsd/system/2023/04/23/030055647.shtml
https://news.nankai.edu.cn/ztbd/system/2021/11/18/030048945.shtml
https://news.nankai.edu.cn/ztbd/system/2021/11/18/030048946.shtml
https://news.nankai.edu.cn/ztbd/system/2021/11/18/030048947.shtml
https://news.nankai.edu.cn/ztbd/system/2021/11/18/030048948.shtml
https://news.nankai.edu.cn/ztbd/system/2021/11/18/030048949.shtml
https://news.nankai.edu.cn/ztbd/system/2021/11/18/030048950.shtml
https://news.nankai.edu.cn/ztbd/system/2021/11/18/030048951.shtml
https://news.nankai.edu.cn/ztbd/system/2021/11/18/030048952.shtml
https://news.nankai.edu.cn/ztbd/system/2021/11/18/030048953.shtml
https://news.nankai.edu.cn/ztbd/system/2021/11/19/030048968.shtml
https://news.nankai.edu.cn/ztbd/system/2021/11/19/030048969.shtml
https://news.nankai.edu.cn/ztbd/system/2021/12/03/030049264.shtml
https://news.nankai.edu.cn/ztbd/system/2021/12/31/030049804.shtml
https://news.nankai.edu.cn/ztbd/system/2022/06/22/030051776.shtml
https://news.nankai.edu.cn/ztbd/system/2022/06/22/030051778.shtml
https://news.nankai.edu.cn/ztbd/system/2022/06/22/030051777.shtml
https://news.nankai.edu.cn/ztbd/system/2022/06/24/030051805.shtml
https://news.nankai.edu.cn/ztbd/system/2022/09/07/030052714.shtml
https://news.nankai.edu.cn/ztbd/system/2022/06/27/030051858.shtml
https://news.nankai.edu.cn/ztbd/system/2022/09/14/030052795.shtml
https://news.nankai.edu.cn/ztbd/system/2024/12/03/030064845.shtml
https://news.nankai.edu.cn/ztbd/system/2024/12/03/030064846.shtml
https://news.nankai.edu.cn/ztbd/system/2024/12/03/030064847.shtml
https://news.nankai.edu.cn/ywsd/system/2023/04/25/030055745.shtml
https://news.nankai.edu.cn/ywsd/system/2023/04/28/030055823.shtml
https://news.nankai.edu.cn/ztbd/system/2023/05/02/030055861.shtml
https://news.nankai.edu.cn/ztbd/system/2021/11/11/030048801.shtml
https://news.nankai.edu.cn/ztbd/system/2021/11/17/030048904.shtml
https://news.nankai.edu.cn/ztbd/system/2021/11/17/030048901.shtml
https://news.nankai.edu.cn/ywsd/system/2018/09/20/000409974.shtml
https://news.nankai.edu.cn/ywsd/system/2018/09/30/000411960.shtml
https://news.nankai.edu.cn/ywsd/system/2018/10/29/000414794.shtml
https://news.nankai.edu.cn/ywsd/system/2018/12/05/000422234.shtml
https://news.nankai.edu.cn/ywsd/system/2019/01/03/000426954.shtml
https://news.nankai.edu.cn/ywsd/system/2019/01/08/000427914.shtml
https://news.nankai.edu.cn/ywsd/system/2019/03/06/000435594.shtml
https://news.nankai.edu.cn/ywsd/system/2019/05/15/030033479.shtml
https://news.nankai.edu.cn/ywsd/system/2019/07/04/030034216.shtml
https://news.nankai.edu.cn/ywsd/system/2020/01/10/030037286.shtml
https://news.nankai.edu.cn/ywsd/system/2018/11/26/000420354.shtml
https://news.nankai.edu.cn/ywsd/system/2020/06/02/030039518.shtml
https://news.nankai.edu.cn/ywsd/system/2020/06/05/030039594.shtml
https://news.nankai.edu.cn/ywsd/system/2020/08/17/030040460.shtml
https://news.nankai.edu.cn/ywsd/system/2020/08/23/030040517.shtml
https://news.nankai.edu.cn/ywsd/system/2020/11/25/030042405.shtml
https://news.nankai.edu.cn/ywsd/system/2020/12/14/030043218.shtml
https://news.nankai.edu.cn/ywsd/system/2020/12/14/030043217.shtml
https://news.nankai.edu.cn/ywsd/system/2020/12/17/030043284.shtml
https://news.nankai.edu.cn/ywsd/system/2020/12/24/030043395.shtml
https://news.nankai.edu.cn/ywsd/system/2021/01/02/030043728.shtml
https://news.nankai.edu.cn/ywsd/system/2021/04/09/030045366.shtml
https://news.nankai.edu.cn/ywsd/system/2021/03/29/030045137.shtml
https://news.nankai.edu.cn/ywsd/system/2021/05/27/030046304.shtml
https://news.nankai.edu.cn/ywsd/system/2021/09/13/030047903.shtml
https://news.nankai.edu.cn/ywsd/system/2021/10/06/030048223.shtml
https://news.nankai.edu.cn/ywsd/system/2021/11/03/030048634.shtml
https://news.nankai.edu.cn/ywsd/system/2022/05/11/030051238.shtml
https://news.nankai.edu.cn/ywsd/system/2022/05/11/030051237.shtml
https://news.nankai.edu.cn/ztbd/system/2021/11/17/030048899.shtml
https://news.nankai.edu.cn/ztbd/system/2021/11/17/030048898.shtml
https://news.nankai.edu.cn/ztbd/system/2021/11/17/030048896.shtml
https://news.nankai.edu.cn/ztbd/system/2021/11/17/030048895.shtml
https://news.nankai.edu.cn/ztbd/system/2021/11/17/030048893.shtml
https://news.nankai.edu.cn/ztbd/system/2021/11/17/030048891.shtml
https://news.nankai.edu.cn/ztbd/system/2021/11/17/030048890.shtml
https://news.nankai.edu.cn/ztbd/system/2021/11/17/030048889.shtml
https://news.nankai.edu.cn/ztbd/system/2021/11/11/030048800.shtml
https://news.nankai.edu.cn/ztbd/system/2021/11/11/030048799.shtml
https://news.nankai.edu.cn/ztbd/system/2021/11/11/030048797.shtml
https://news.nankai.edu.cn/ztbd/system/2023/05/02/030055860.shtml
https://news.nankai.edu.cn/ywsd/system/2023/05/10/030056044.shtml
https://news.nankai.edu.cn/ywsd/system/2023/05/12/030056070.shtml
https://news.nankai.edu.cn/ywsd/system/2023/05/13/030056098.shtml
https://news.nankai.edu.cn/ztbd/system/2023/05/19/030056257.shtml
https://news.nankai.edu.cn/ywsd/system/2023/05/19/030056251.shtml
https://news.nankai.edu.cn/ywsd/system/2023/05/25/030056384.shtml
https://news.nankai.edu.cn/ywsd/system/2023/05/26/030056424.shtml
https://news.nankai.edu.cn/ywsd/system/2023/05/26/030056434.shtml
https://news.nankai.edu.cn/ywsd/system/2023/05/30/030056498.shtml
https://news.nankai.edu.cn/ywsd/system/2023/05/31/030056522.shtml
https://news.nankai.edu.cn/ywsd/system/2023/06/02/030056567.shtml
https://news.nankai.edu.cn/ywsd/system/2023/06/17/030056775.shtml
https://news.nankai.edu.cn/ywsd/system/2023/06/06/030056627.shtml
https://news.nankai.edu.cn/ywsd/system/2023/06/17/030056774.shtml
https://news.nankai.edu.cn/ywsd/system/2023/06/18/030056781.shtml
https://news.nankai.edu.cn/ywsd/system/2023/06/26/030056899.shtml
https://news.nankai.edu.cn/ywsd/system/2023/06/08/030056659.shtml
https://news.nankai.edu.cn/ywsd/system/2023/06/13/030056713.shtml
https://news.nankai.edu.cn/ywsd/system/2023/06/14/030056728.shtml
https://news.nankai.edu.cn/ywsd/system/2023/07/13/030057083.shtml
https://news.nankai.edu.cn/ywsd/system/2023/07/12/030057055.shtml
https://news.nankai.edu.cn/ywsd/system/2023/06/21/030056829.shtml
https://news.nankai.edu.cn/ywsd/system/2023/07/08/030057016.shtml
https://news.nankai.edu.cn/ywsd/system/2023/07/05/030056984.shtml
https://news.nankai.edu.cn/ywsd/system/2023/07/15/030057121.shtml
https://news.nankai.edu.cn/ztbd/system/2023/07/20/030057162.shtml
https://news.nankai.edu.cn/ywsd/system/2023/07/20/030057160.shtml
https://news.nankai.edu.cn/ywsd/system/2023/08/18/030057479.shtml
https://news.nankai.edu.cn/ywsd/system/2023/08/30/030057623.shtml
https://news.nankai.edu.cn/ywsd/system/2023/07/21/030057171.shtml
https://news.nankai.edu.cn/ywsd/system/2024/12/04/030064885.shtml
https://news.nankai.edu.cn/ywsd/system/2024/12/05/030064912.shtml
https://news.nankai.edu.cn/ywsd/system/2024/12/05/030064914.shtml
https://news.nankai.edu.cn/ywsd/system/2024/12/03/030064855.shtml
https://news.nankai.edu.cn/ywsd/system/2024/12/05/030064917.shtml
https://news.nankai.edu.cn/ywsd/system/2024/12/04/030064892.shtml
https://news.nankai.edu.cn/ywsd/system/2024/12/05/030064905.shtml
https://news.nankai.edu.cn/ywsd/system/2024/12/05/030064916.shtml
https://news.nankai.edu.cn/ywsd/system/2024/12/03/030064867.shtml
https://news.nankai.edu.cn/wx/index.shtml
https://news.nankai.edu.cn/wx/system/2019/06/03/030033750.shtml
https://news.nankai.edu.cn/ywsd/system/2022/08/24/030052497.shtml
https://news.nankai.edu.cn/ywsd/system/2022/09/03/030052668.shtml
https://news.nankai.edu.cn/ywsd/system/2022/09/09/030052727.shtml
https://news.nankai.edu.cn/ywsd/system/2022/09/08/030052716.shtml
https://news.nankai.edu.cn/ywsd/system/2022/09/10/030052733.shtml
https://news.nankai.edu.cn/ywsd/system/2022/09/15/030052804.shtml
https://news.nankai.edu.cn/ywsd/system/2022/09/21/030052890.shtml
https://news.nankai.edu.cn/ywsd/system/2022/09/10/030052739.shtml
https://news.nankai.edu.cn/mtnk/system/2022/09/17/030052823.shtml
https://news.nankai.edu.cn/ywsd/system/2022/09/29/030052983.shtml
https://news.nankai.edu.cn/ywsd/system/2022/10/09/030053075.shtml
https://news.nankai.edu.cn/ywsd/system/2022/10/11/030053093.shtml
https://news.nankai.edu.cn/ywsd/system/2022/10/12/030053126.shtml
https://news.nankai.edu.cn/ywsd/system/2022/09/19/030052851.shtml
https://news.nankai.edu.cn/ywsd/system/2022/09/25/030052936.shtml
https://news.nankai.edu.cn/ywsd/system/2022/09/29/030052975.shtml
https://news.nankai.edu.cn/ywsd/system/2022/10/03/030053018.shtml
https://news.nankai.edu.cn/ywsd/system/2022/10/10/030053084.shtml
https://news.nankai.edu.cn/ywsd/system/2022/10/12/030053125.shtml
https://news.nankai.edu.cn/ywsd/system/2022/10/14/030053147.shtml
https://news.nankai.edu.cn/ywsd/system/2022/10/15/030053156.shtml
https://news.nankai.edu.cn/ywsd/system/2022/10/10/030053081.shtml
https://news.nankai.edu.cn/ywsd/system/2022/10/12/030053108.shtml
https://news.nankai.edu.cn/ywsd/system/2022/10/14/030053139.shtml
https://news.nankai.edu.cn/zhxw/system/2022/10/17/030053187.shtml
https://news.nankai.edu.cn/zhxw/system/2022/10/17/030053181.shtml
https://news.nankai.edu.cn/dcxy/system/2022/10/18/030053204.shtml
https://news.nankai.edu.cn/dcxy/system/2022/10/18/030053206.shtml
https://news.nankai.edu.cn/zhxw/system/2022/10/19/030053225.shtml
https://news.nankai.edu.cn/zhxw/system/2022/10/20/030053238.shtml
https://news.nankai.edu.cn/dcxy/system/2022/10/20/030053231.shtml
https://news.nankai.edu.cn/dcxy/system/2022/10/20/030053234.shtml
https://news.nankai.edu.cn/dcxy/system/2022/10/21/030053252.shtml
https://news.nankai.edu.cn/dcxy/system/2022/10/21/030053253.shtml
https://news.nankai.edu.cn/dcxy/system/2022/10/21/030053257.shtml
https://news.nankai.edu.cn/dcxy/system/2022/10/25/030053304.shtml
https://news.nankai.edu.cn/zhxw/system/2022/10/26/030053317.shtml
https://news.nankai.edu.cn/dcxy/system/2022/10/26/030053311.shtml
https://news.nankai.edu.cn/dcxy/system/2022/10/26/030053315.shtml
https://news.nankai.edu.cn/dcxy/system/2022/10/26/030053312.shtml
https://news.nankai.edu.cn/dcxy/system/2022/10/27/030053318.shtml
https://news.nankai.edu.cn/dcxy/system/2022/10/27/030053321.shtml
https://news.nankai.edu.cn/zhxw/system/2022/10/27/030053323.shtml
https://news.nankai.edu.cn/dcxy/system/2022/11/17/030053672.shtml
https://news.nankai.edu.cn/zhxw/system/2022/11/15/030053628.shtml
https://news.nankai.edu.cn/zhxw/system/2022/11/15/030053634.shtml
https://news.nankai.edu.cn/dcxy/system/2022/11/17/030053650.shtml
https://news.nankai.edu.cn/dcxy/system/2022/11/17/030053653.shtml
https://news.nankai.edu.cn/dcxy/system/2022/11/17/030053671.shtml
https://news.nankai.edu.cn/dcxy/system/2022/11/30/030053868.shtml
https://news.nankai.edu.cn/dcxy/system/2022/11/17/030053658.shtml
https://news.nankai.edu.cn/dcxy/system/2022/12/13/030054020.shtml
https://news.nankai.edu.cn/dcxy/system/2022/12/23/030054080.shtml
https://news.nankai.edu.cn/dcxy/system/2022/12/27/030054112.shtml
https://news.nankai.edu.cn/zhxw/system/2022/11/22/030053752.shtml
https://news.nankai.edu.cn/zhxw/system/2022/11/26/030053820.shtml
https://news.nankai.edu.cn/zhxw/system/2022/11/26/030053825.shtml
https://news.nankai.edu.cn/zhxw/system/2022/12/05/030053923.shtml
https://news.nankai.edu.cn/zhxw/system/2022/12/17/030054046.shtml
https://news.nankai.edu.cn/zhxw/system/2022/12/17/030054047.shtml
https://news.nankai.edu.cn/zhxw/system/2023/04/07/030055297.shtml
https://news.nankai.edu.cn/zhxw/system/2023/04/08/030055304.shtml
https://news.nankai.edu.cn/zhxw/system/2023/04/08/030055305.shtml
https://news.nankai.edu.cn/mtnk/system/2022/10/24/030053285.shtml
https://news.nankai.edu.cn/mtnk/system/2022/10/24/030053280.shtml
https://news.nankai.edu.cn/mtnk/system/2022/10/25/030053298.shtml
https://news.nankai.edu.cn/mtnk/system/2022/10/28/030053333.shtml
https://news.nankai.edu.cn/mtnk/system/2022/10/31/030053371.shtml
https://news.nankai.edu.cn/mtnk/system/2022/11/02/030053407.shtml
https://news.nankai.edu.cn/mtnk/system/2022/11/02/030053408.shtml
https://news.nankai.edu.cn/mtnk/system/2022/11/02/030053410.shtml
https://news.nankai.edu.cn/mtnk/system/2022/11/02/030053421.shtml
https://news.nankai.edu.cn/mtnk/system/2022/11/02/030053422.shtml
https://news.nankai.edu.cn/mtnk/system/2022/11/05/030053477.shtml
https://news.nankai.edu.cn/mtnk/system/2022/11/07/030053499.shtml
https://news.nankai.edu.cn/mtnk/system/2022/11/08/030053518.shtml
https://news.nankai.edu.cn/mtnk/system/2022/11/09/030053530.shtml
https://news.nankai.edu.cn/mtnk/system/2022/11/10/030053552.shtml
https://news.nankai.edu.cn/mtnk/system/2022/11/16/030053638.shtml
https://news.nankai.edu.cn/mtnk/system/2022/11/17/030053649.shtml
https://news.nankai.edu.cn/mtnk/system/2022/11/17/030053647.shtml
https://news.nankai.edu.cn/mtnk/system/2022/11/17/030053648.shtml
https://news.nankai.edu.cn/mtnk/system/2022/11/18/030053691.shtml
https://news.nankai.edu.cn/mtnk/system/2022/11/21/030053724.shtml
https://news.nankai.edu.cn/mtnk/system/2022/11/25/030053801.shtml
https://news.nankai.edu.cn/mtnk/system/2022/11/25/030053802.shtml
https://news.nankai.edu.cn/mtnk/system/2022/11/28/030053843.shtml
https://news.nankai.edu.cn/mtnk/system/2022/12/26/030054098.shtml
https://news.nankai.edu.cn/mtnk/system/2022/12/31/030054154.shtml
https://news.nankai.edu.cn/ywsd/system/2022/10/16/030053159.shtml
https://news.nankai.edu.cn/ywsd/system/2022/10/16/030053160.shtml
https://news.nankai.edu.cn/ywsd/system/2022/10/17/030053172.shtml
https://news.nankai.edu.cn/ywsd/system/2022/10/17/030053189.shtml
https://news.nankai.edu.cn/ywsd/system/2022/10/18/030053198.shtml
https://news.nankai.edu.cn/ywsd/system/2022/10/18/030053197.shtml
https://news.nankai.edu.cn/ywsd/system/2022/10/20/030053229.shtml
https://news.nankai.edu.cn/ywsd/system/2022/10/21/030053255.shtml
https://news.nankai.edu.cn/ywsd/system/2022/10/21/030053259.shtml
https://news.nankai.edu.cn/ywsd/system/2022/10/23/030053269.shtml
https://news.nankai.edu.cn/ywsd/system/2022/10/25/030053306.shtml
https://news.nankai.edu.cn/ywsd/system/2022/10/26/030053316.shtml
https://news.nankai.edu.cn/ywsd/system/2022/10/28/030053330.shtml
https://news.nankai.edu.cn/ywsd/system/2022/10/28/030053334.shtml
https://news.nankai.edu.cn/ywsd/system/2022/10/28/030053342.shtml
https://news.nankai.edu.cn/ywsd/system/2022/10/29/030053347.shtml
https://news.nankai.edu.cn/ywsd/system/2022/10/30/030053359.shtml
https://news.nankai.edu.cn/ywsd/system/2022/10/31/030053373.shtml
https://news.nankai.edu.cn/ywsd/system/2022/10/31/030053378.shtml
https://news.nankai.edu.cn/ywsd/system/2022/11/03/030053442.shtml
https://news.nankai.edu.cn/ywsd/system/2022/11/04/030053471.shtml
https://news.nankai.edu.cn/ywsd/system/2022/11/04/030053475.shtml
https://news.nankai.edu.cn/ywsd/system/2022/11/08/030053510.shtml
https://news.nankai.edu.cn/ywsd/system/2022/11/08/030053524.shtml
https://news.nankai.edu.cn/ywsd/system/2022/11/09/030053528.shtml
https://news.nankai.edu.cn/ywsd/system/2022/11/09/030053538.shtml
https://news.nankai.edu.cn/ywsd/system/2022/11/09/030053547.shtml
https://news.nankai.edu.cn/ywsd/system/2022/11/11/030053558.shtml
https://news.nankai.edu.cn/ywsd/system/2022/11/12/030053572.shtml
https://news.nankai.edu.cn/ywsd/system/2022/11/14/030053591.shtml
https://news.nankai.edu.cn/ywsd/system/2022/11/15/030053616.shtml
https://news.nankai.edu.cn/ywsd/system/2022/11/17/030053668.shtml
https://news.nankai.edu.cn/ywsd/system/2022/11/18/030053674.shtml
https://news.nankai.edu.cn/ywsd/system/2022/11/18/030053675.shtml
https://news.nankai.edu.cn/ywsd/system/2022/11/18/030053677.shtml
https://news.nankai.edu.cn/ywsd/system/2022/11/19/030053705.shtml
https://news.nankai.edu.cn/ywsd/system/2022/11/21/030053725.shtml
https://news.nankai.edu.cn/ywsd/system/2022/11/22/030053744.shtml
https://news.nankai.edu.cn/ywsd/system/2022/11/22/030053759.shtml
https://news.nankai.edu.cn/ywsd/system/2022/11/24/030053788.shtml
https://news.nankai.edu.cn/ywsd/system/2022/11/25/030053805.shtml
https://news.nankai.edu.cn/ywsd/system/2022/11/25/030053809.shtml
https://news.nankai.edu.cn/ywsd/system/2022/11/26/030053813.shtml
https://news.nankai.edu.cn/ywsd/system/2022/11/29/030053867.shtml
https://news.nankai.edu.cn/ywsd/system/2022/12/02/030053896.shtml
https://news.nankai.edu.cn/ywsd/system/2022/12/02/030053903.shtml
https://news.nankai.edu.cn/ywsd/system/2022/12/03/030053911.shtml
https://news.nankai.edu.cn/ywsd/system/2022/12/07/030053962.shtml
https://news.nankai.edu.cn/ywsd/system/2022/12/09/030053979.shtml
https://news.nankai.edu.cn/ywsd/system/2022/12/14/030054031.shtml
https://news.nankai.edu.cn/ywsd/system/2022/12/16/030054041.shtml
https://news.nankai.edu.cn/ywsd/system/2022/12/17/030054044.shtml
https://news.nankai.edu.cn/ywsd/system/2022/12/20/030054066.shtml
https://news.nankai.edu.cn/ywsd/system/2022/12/24/030054087.shtml
https://news.nankai.edu.cn/ywsd/system/2023/01/02/030054181.shtml
https://news.nankai.edu.cn/ywsd/system/2023/01/07/030054202.shtml
https://news.nankai.edu.cn/ywsd/system/2023/01/08/030054205.shtml
https://news.nankai.edu.cn/ywsd/system/2023/02/16/030054399.shtml
https://news.nankai.edu.cn/ywsd/system/2023/02/20/030054423.shtml
https://news.nankai.edu.cn/ywsd/system/2023/03/17/030054907.shtml
https://news.nankai.edu.cn/ywsd/system/2023/03/17/030054916.shtml
https://news.nankai.edu.cn/ywsd/system/2023/03/20/030054950.shtml
https://news.nankai.edu.cn/ywsd/system/2023/04/07/030055292.shtml
https://news.nankai.edu.cn/ztbd/system/2014/03/06/000168359.shtml
https://news.nankai.edu.cn/xlzt/index.shtml
https://news.nankai.edu.cn/nkrw/system/2024/11/10/030064334.shtml
https://news.nankai.edu.cn/nkrw/system/2024/11/10/030064336.shtml
https://news.nankai.edu.cn/nkrw/system/2024/11/10/030064337.shtml
https://news.nankai.edu.cn/nkrw/system/2024/11/10/030064335.shtml
https://news.nankai.edu.cn/nkrw/system/2024/11/20/030064537.shtml
https://news.nankai.edu.cn/nkrw/system/2024/11/20/030064536.shtml
https://news.nankai.edu.cn/nkrw/system/2024/11/20/030064535.shtml
https://news.nankai.edu.cn/nkrw/system/2024/11/20/030064538.shtml
https://news.nankai.edu.cn/dcxy/system/2024/12/09/030064946.shtml
https://news.nankai.edu.cn/dcxy/system/2024/12/09/030064954.shtml
https://news.nankai.edu.cn/dcxy/system/2024/12/09/030064957.shtml
https://news.nankai.edu.cn/dcxy/system/2024/12/10/030064961.shtml
https://news.nankai.edu.cn/dcxy/system/2024/12/10/030064974.shtml
https://news.nankai.edu.cn/dcxy/system/2024/12/10/030064981.shtml
https://news.nankai.edu.cn/dcxy/system/2024/12/10/030064982.shtml
https://news.nankai.edu.cn/ztbd/system/2010/03/07/000028950.shtml
https://news.nankai.edu.cn/ztbd/system/2018/09/10/000408436.shtml
https://news.nankai.edu.cn/ztbd/system/2018/09/11/000408517.shtml
https://news.nankai.edu.cn/ztbd/system/2018/09/18/000409158.shtml
https://news.nankai.edu.cn/xlzt/system/2019/07/09/030034366.shtml
https://news.nankai.edu.cn/xlzt/system/2019/12/26/030037055.shtml
https://news.nankai.edu.cn/xlzt/system/2019/04/03/030012504.shtml
https://news.nankai.edu.cn/xlzt/system/2019/06/12/030033996.shtml
https://news.nankai.edu.cn/xlzt/system/2019/07/08/030034347.shtml
https://news.nankai.edu.cn/xlzt/system/2019/09/10/030035157.shtml
https://news.nankai.edu.cn/xlzt/system/2019/10/22/030035931.shtml
https://news.nankai.edu.cn/xlzt/system/2020/01/29/030037471.shtml
https://news.nankai.edu.cn/xlzt/system/2020/05/09/030039125.shtml
https://news.nankai.edu.cn/xlzt/system/2020/06/24/030039738.shtml
https://news.nankai.edu.cn/xlzt/system/2020/12/14/030043234.shtml
https://news.nankai.edu.cn/xlzt/system/2021/03/30/030045151.shtml
https://news.nankai.edu.cn/xlzt/system/2021/06/24/030046933.shtml
https://news.nankai.edu.cn/ztbd/system/2010/07/01/000032285.shtml
https://news.nankai.edu.cn/zhxw/system/2018/09/13/000408637.shtml
https://news.nankai.edu.cn/mtnk/system/2018/09/14/000408739.shtml
https://news.nankai.edu.cn/mtnk/system/2018/09/10/000408335.shtml
https://news.nankai.edu.cn/ywsd/system/2018/09/10/000408334.shtml
https://news.nankai.edu.cn/ztbd/system/2012/03/21/000059835.shtml
https://news.nankai.edu.cn/mtnk/system/2019/02/14/000433094.shtml
https://news.nankai.edu.cn/zhxw/system/2019/11/12/030036358.shtml
https://news.nankai.edu.cn/ywsd/system/2019/07/04/030034246.shtml
https://news.nankai.edu.cn/ywsd/system/2019/09/11/030035178.shtml
https://news.nankai.edu.cn/mtnk/system/2020/02/01/030037496.shtml
https://news.nankai.edu.cn/ywsd/system/2013/10/24/000148274.shtml
https://news.nankai.edu.cn/ztbd/system/2020/06/24/030039747.shtml
https://news.nankai.edu.cn/ywsd/system/2020/11/13/030041723.shtml
https://news.nankai.edu.cn/ztbd/system/2021/03/31/030045190.shtml
https://news.nankai.edu.cn/ztbd/system/2021/06/27/030047047.shtml
https://news.nankai.edu.cn/ztbd/system/2010/01/26/000028428.shtml
https://news.nankai.edu.cn/ztbd/system/2010/03/11/000029105.shtml
https://news.nankai.edu.cn/ztbd/system/2010/04/02/000029494.shtml
https://news.nankai.edu.cn/ztbd/system/2010/03/24/000029327.shtml
https://news.nankai.edu.cn/ztbd/system/2010/04/19/000029865.shtml
https://news.nankai.edu.cn/ztbd/system/2010/04/30/000030171.shtml
https://news.nankai.edu.cn/ztbd/system/2010/04/12/000029732.shtml
https://news.nankai.edu.cn/ztbd/system/2010/05/24/000030853.shtml
https://news.nankai.edu.cn/dcxy/system/2021/02/23/030044640.shtml
https://news.nankai.edu.cn/dcxy/system/2021/02/27/030044678.shtml
https://news.nankai.edu.cn/dcxy/system/2021/03/12/030044840.shtml
https://news.nankai.edu.cn/dcxy/system/2021/03/12/030044843.shtml
https://news.nankai.edu.cn/dcxy/system/2021/03/12/030044844.shtml
https://news.nankai.edu.cn/dcxy/system/2021/03/17/030044948.shtml
https://news.nankai.edu.cn/dcxy/system/2021/03/18/030044960.shtml
https://news.nankai.edu.cn/dcxy/system/2021/03/24/030045064.shtml
https://news.nankai.edu.cn/ztbd/system/2010/03/11/000029098.shtml
https://news.nankai.edu.cn/ztbd/system/2010/04/02/000029492.shtml
https://news.nankai.edu.cn/zhxw/system/2010/04/02/000029493.shtml
https://news.nankai.edu.cn/ztbd/system/2010/03/24/000029332.shtml
https://news.nankai.edu.cn/zhxw/system/2010/04/22/000030000.shtml
https://news.nankai.edu.cn/sp/system/2010/04/30/000030172.shtml
https://news.nankai.edu.cn/ztbd/system/2010/04/12/000029731.shtml
https://news.nankai.edu.cn/zhxw/system/2010/05/10/000030385.shtml
https://news.nankai.edu.cn/mtnk/system/2010/05/08/000030374.shtml
https://news.nankai.edu.cn/zhxw/system/2010/05/23/000030832.shtml
https://news.nankai.edu.cn/zhxw/system/2010/05/05/000030317.shtml
https://news.nankai.edu.cn/ztbd/system/2010/04/12/000029720.shtml
https://news.nankai.edu.cn/ztbd/system/2010/04/29/000030153.shtml
https://news.nankai.edu.cn/ztbd/system/2010/04/29/000030150.shtml
https://news.nankai.edu.cn/ztbd/system/2010/05/11/000030429.shtml
https://news.nankai.edu.cn/ztbd/system/2010/04/29/000030157.shtml
https://news.nankai.edu.cn/zhxw/system/2010/04/21/000029955.shtml
https://news.nankai.edu.cn/zhxw/system/2010/04/21/000029937.shtml
https://news.nankai.edu.cn/zhxw/system/2010/04/22/000029978.shtml
https://news.nankai.edu.cn/ztbd/system/2010/04/21/000029936.shtml
https://news.nankai.edu.cn/ztbd/system/2010/03/25/000029342.shtml
https://news.nankai.edu.cn/ztbd/system/2010/03/25/000029341.shtml
https://news.nankai.edu.cn/ztbd/system/2010/03/24/000029331.shtml
https://news.nankai.edu.cn/ztbd/system/2010/04/02/000029477.shtml
https://news.nankai.edu.cn/ztbd/system/2010/03/11/000029097.shtml
https://news.nankai.edu.cn/ztbd/system/2010/03/11/000029096.shtml
https://news.nankai.edu.cn/ztbd/system/2010/03/11/000029094.shtml
https://news.nankai.edu.cn/ztbd/system/2010/03/11/000029093.shtml
https://news.nankai.edu.cn/ztbd/system/2010/03/11/000029092.shtml
https://news.nankai.edu.cn/ztbd/system/2010/03/11/000029091.shtml
https://news.nankai.edu.cn/ztbd/system/2010/03/11/000029090.shtml
https://news.nankai.edu.cn/ztbd/system/2010/03/11/000029089.shtml
https://news.nankai.edu.cn/ztbd/system/2010/03/11/000029088.shtml
https://news.nankai.edu.cn/ztbd/system/2010/03/11/000029087.shtml
https://news.nankai.edu.cn/ztbd/system/2010/03/11/000029086.shtml
https://news.nankai.edu.cn/ztbd/system/2010/03/11/000029085.shtml
https://news.nankai.edu.cn/ztbd/system/2010/03/11/000029084.shtml
https://news.nankai.edu.cn/ztbd/system/2010/03/11/000029083.shtml
https://news.nankai.edu.cn/ztbd/system/2010/03/11/000029082.shtml
https://news.nankai.edu.cn/ztbd/system/2010/03/11/000029081.shtml
https://news.nankai.edu.cn/ztbd/system/2010/03/11/000029080.shtml
https://news.nankai.edu.cn/ztbd/system/2010/03/11/000029079.shtml
https://news.nankai.edu.cn/ztbd/system/2010/03/11/000029078.shtml
https://news.nankai.edu.cn/ztbd/system/2010/03/11/000029077.shtml
https://news.nankai.edu.cn/ztbd/system/2010/03/11/000029076.shtml
https://news.nankai.edu.cn/ztbd/system/2010/03/11/000029074.shtml
https://news.nankai.edu.cn/zhxw/system/2010/03/09/000029010.shtml
https://news.nankai.edu.cn/mtnk/system/2010/03/19/000029237.shtml
https://news.nankai.edu.cn/zhxw/system/2010/03/18/000029221.shtml
https://news.nankai.edu.cn/zhxw/system/2010/03/08/000028998.shtml
https://news.nankai.edu.cn/zhxw/system/2010/03/12/000029120.shtml
https://news.nankai.edu.cn/mtnk/system/2010/03/05/000028902.shtml
https://news.nankai.edu.cn/mtnk/system/2010/03/10/000029046.shtml
https://news.nankai.edu.cn/zhxw/system/2010/03/07/000028952.shtml
https://news.nankai.edu.cn/zhxw/system/2010/03/02/000028858.shtml
https://news.nankai.edu.cn/zhxw/system/2010/03/03/000028866.shtml
https://news.nankai.edu.cn/mtnk/system/2010/03/05/000028903.shtml
https://news.nankai.edu.cn/zhxw/system/2010/03/10/000029059.shtml
https://news.nankai.edu.cn/zhxw/system/2010/03/02/000028854.shtml
https://news.nankai.edu.cn/zhxw/system/2010/03/21/000029270.shtml
https://news.nankai.edu.cn/zhxw/system/2010/03/11/000029069.shtml
https://news.nankai.edu.cn/dcxy/system/2021/04/14/030045437.shtml
https://news.nankai.edu.cn/dcxy/system/2021/04/14/030045436.shtml
https://news.nankai.edu.cn/dcxy/system/2021/04/14/030045445.shtml
https://news.nankai.edu.cn/dcxy/system/2021/04/14/030045448.shtml
https://news.nankai.edu.cn/dcxy/system/2021/04/15/030045455.shtml
https://news.nankai.edu.cn/dcxy/system/2021/04/15/030045457.shtml
https://news.nankai.edu.cn/dcxy/system/2021/04/16/030045489.shtml
https://news.nankai.edu.cn/dcxy/system/2021/04/17/030045500.shtml
https://news.nankai.edu.cn/dcxy/system/2021/04/18/030045531.shtml
https://news.nankai.edu.cn/dcxy/system/2021/04/19/030045539.shtml
https://news.nankai.edu.cn/dcxy/system/2021/04/19/030045542.shtml
https://news.nankai.edu.cn/dcxy/system/2021/04/19/030045543.shtml
https://news.nankai.edu.cn/dcxy/system/2021/04/19/030045544.shtml
https://news.nankai.edu.cn/dcxy/system/2021/04/20/030045555.shtml
https://news.nankai.edu.cn/dcxy/system/2021/04/21/030045602.shtml
https://news.nankai.edu.cn/dcxy/system/2021/04/22/030045611.shtml
https://news.nankai.edu.cn/dcxy/system/2021/04/21/030045605.shtml
https://news.nankai.edu.cn/dcxy/system/2021/04/24/030045641.shtml
https://news.nankai.edu.cn/dcxy/system/2021/04/25/030045659.shtml
https://news.nankai.edu.cn/dcxy/system/2021/04/25/030045661.shtml
https://news.nankai.edu.cn/dcxy/system/2021/04/24/030045643.shtml
https://news.nankai.edu.cn/dcxy/system/2021/04/25/030045662.shtml
https://news.nankai.edu.cn/dcxy/system/2021/04/25/030045665.shtml
https://news.nankai.edu.cn/dcxy/system/2021/04/25/030045667.shtml
https://news.nankai.edu.cn/dcxy/system/2021/04/27/030045688.shtml
https://news.nankai.edu.cn/dcxy/system/2021/04/26/030045675.shtml
https://news.nankai.edu.cn/dcxy/system/2021/04/27/030045695.shtml
https://news.nankai.edu.cn/dcxy/system/2021/04/27/030045699.shtml
https://news.nankai.edu.cn/dcxy/system/2021/04/29/030045710.shtml
https://news.nankai.edu.cn/dcxy/system/2021/04/29/030045715.shtml
https://news.nankai.edu.cn/dcxy/system/2021/04/29/030045718.shtml
https://news.nankai.edu.cn/dcxy/system/2021/04/30/030045754.shtml
https://news.nankai.edu.cn/dcxy/system/2021/04/30/030045746.shtml
https://news.nankai.edu.cn/dcxy/system/2021/05/01/030045769.shtml
https://news.nankai.edu.cn/dcxy/system/2021/05/01/030045786.shtml
https://news.nankai.edu.cn/dcxy/system/2021/05/02/030045797.shtml
https://news.nankai.edu.cn/dcxy/system/2021/05/03/030045800.shtml
https://news.nankai.edu.cn/dcxy/system/2021/05/06/030045854.shtml
https://news.nankai.edu.cn/dcxy/system/2021/05/06/030045859.shtml
https://news.nankai.edu.cn/dcxy/system/2021/05/07/030045886.shtml
https://news.nankai.edu.cn/dcxy/system/2021/05/07/030045903.shtml
https://news.nankai.edu.cn/dcxy/system/2021/05/07/030045905.shtml
https://news.nankai.edu.cn/dcxy/system/2021/05/08/030045912.shtml
https://news.nankai.edu.cn/dcxy/system/2021/05/10/030045939.shtml
https://news.nankai.edu.cn/dcxy/system/2021/05/12/030045965.shtml
https://news.nankai.edu.cn/dcxy/system/2021/05/13/030045999.shtml
https://news.nankai.edu.cn/dcxy/system/2021/05/14/030046032.shtml
https://news.nankai.edu.cn/dcxy/system/2021/05/12/030045971.shtml
https://news.nankai.edu.cn/dcxy/system/2021/05/14/030046040.shtml
https://news.nankai.edu.cn/dcxy/system/2021/05/14/030046041.shtml
https://news.nankai.edu.cn/dcxy/system/2021/05/14/030046042.shtml
https://news.nankai.edu.cn/dcxy/system/2021/05/14/030046043.shtml
https://news.nankai.edu.cn/dcxy/system/2021/05/15/030046053.shtml
https://news.nankai.edu.cn/dcxy/system/2021/05/15/030046066.shtml
https://news.nankai.edu.cn/dcxy/system/2021/05/18/030046075.shtml
https://news.nankai.edu.cn/dcxy/system/2021/05/18/030046078.shtml
https://news.nankai.edu.cn/dcxy/system/2021/05/18/030046090.shtml
https://news.nankai.edu.cn/dcxy/system/2021/05/19/030046115.shtml
https://news.nankai.edu.cn/dcxy/system/2021/05/19/030046122.shtml
https://news.nankai.edu.cn/dcxy/system/2021/05/20/030046147.shtml
https://news.nankai.edu.cn/dcxy/system/2021/05/20/030046154.shtml
https://news.nankai.edu.cn/dcxy/system/2021/05/21/030046188.shtml
https://news.nankai.edu.cn/dcxy/system/2021/05/21/030046185.shtml
https://news.nankai.edu.cn/dcxy/system/2021/05/21/030046176.shtml
https://news.nankai.edu.cn/dcxy/system/2021/05/21/030046186.shtml
https://news.nankai.edu.cn/dcxy/system/2021/05/21/030046177.shtml
https://news.nankai.edu.cn/dcxy/system/2021/05/26/030046263.shtml
https://news.nankai.edu.cn/dcxy/system/2021/05/26/030046257.shtml
https://news.nankai.edu.cn/dcxy/system/2021/05/26/030046274.shtml
https://news.nankai.edu.cn/dcxy/system/2021/05/26/030046288.shtml
https://news.nankai.edu.cn/dcxy/system/2021/05/26/030046290.shtml
https://news.nankai.edu.cn/dcxy/system/2021/05/27/030046305.shtml
https://news.nankai.edu.cn/dcxy/system/2021/05/28/030046332.shtml
https://news.nankai.edu.cn/dcxy/system/2021/05/28/030046334.shtml
https://news.nankai.edu.cn/dcxy/system/2021/05/28/030046337.shtml
https://news.nankai.edu.cn/dcxy/system/2021/05/30/030046364.shtml
https://news.nankai.edu.cn/dcxy/system/2021/05/30/030046365.shtml
https://news.nankai.edu.cn/dcxy/system/2021/05/30/030046368.shtml
https://news.nankai.edu.cn/dcxy/system/2021/06/01/030046409.shtml
https://news.nankai.edu.cn/dcxy/system/2021/06/02/030046427.shtml
https://news.nankai.edu.cn/dcxy/system/2021/06/02/030046428.shtml
https://news.nankai.edu.cn/dcxy/system/2021/06/02/030046432.shtml
https://news.nankai.edu.cn/dcxy/system/2021/06/02/030046436.shtml
https://news.nankai.edu.cn/dcxy/system/2021/06/02/030046438.shtml
https://news.nankai.edu.cn/dcxy/system/2021/06/02/030046442.shtml
https://news.nankai.edu.cn/dcxy/system/2021/06/03/030046462.shtml
https://news.nankai.edu.cn/dcxy/system/2021/06/03/030046468.shtml
https://news.nankai.edu.cn/dcxy/system/2021/06/03/030046471.shtml
https://news.nankai.edu.cn/dcxy/system/2021/06/03/030046473.shtml
https://news.nankai.edu.cn/dcxy/system/2021/06/05/030046514.shtml
https://news.nankai.edu.cn/dcxy/system/2021/06/07/030046526.shtml
https://news.nankai.edu.cn/dcxy/system/2021/06/07/030046529.shtml
https://news.nankai.edu.cn/dcxy/system/2021/06/07/030046544.shtml
https://news.nankai.edu.cn/dcxy/system/2021/06/08/030046558.shtml
https://news.nankai.edu.cn/dcxy/system/2021/06/09/030046571.shtml
https://news.nankai.edu.cn/dcxy/system/2021/06/09/030046572.shtml
https://news.nankai.edu.cn/zhxw/system/2021/02/27/030044687.shtml
https://news.nankai.edu.cn/zhxw/system/2021/02/28/030044696.shtml
https://news.nankai.edu.cn/zhxw/system/2021/03/02/030044715.shtml
https://news.nankai.edu.cn/zhxw/system/2021/03/16/030044924.shtml
https://news.nankai.edu.cn/zhxw/system/2021/03/17/030044928.shtml
https://news.nankai.edu.cn/zhxw/system/2021/03/19/030044990.shtml
https://news.nankai.edu.cn/zhxw/system/2021/03/22/030045022.shtml
https://news.nankai.edu.cn/zhxw/system/2021/03/24/030045060.shtml
https://news.nankai.edu.cn/zhxw/system/2021/03/24/030045066.shtml
https://news.nankai.edu.cn/zhxw/system/2021/03/24/030045070.shtml
https://news.nankai.edu.cn/zhxw/system/2021/03/25/030045088.shtml
https://news.nankai.edu.cn/zhxw/system/2021/03/24/030045073.shtml
https://news.nankai.edu.cn/zhxw/system/2021/03/24/030045072.shtml
https://news.nankai.edu.cn/zhxw/system/2021/03/31/030045183.shtml
https://news.nankai.edu.cn/zhxw/system/2021/03/30/030045163.shtml
https://news.nankai.edu.cn/zhxw/system/2021/03/25/030045089.shtml
https://news.nankai.edu.cn/zhxw/system/2021/04/12/030045390.shtml
https://news.nankai.edu.cn/zhxw/system/2021/04/12/030045392.shtml
https://news.nankai.edu.cn/zhxw/system/2021/04/13/030045398.shtml
https://news.nankai.edu.cn/zhxw/system/2021/04/18/030045530.shtml
https://news.nankai.edu.cn/zhxw/system/2021/04/18/030045529.shtml
https://news.nankai.edu.cn/zhxw/system/2021/04/18/030045534.shtml
https://news.nankai.edu.cn/zhxw/system/2021/04/20/030045557.shtml
https://news.nankai.edu.cn/zhxw/system/2021/04/20/030045558.shtml
https://news.nankai.edu.cn/zhxw/system/2021/04/20/030045564.shtml
https://news.nankai.edu.cn/zhxw/system/2021/04/20/030045570.shtml
https://news.nankai.edu.cn/zhxw/system/2021/04/21/030045578.shtml
https://news.nankai.edu.cn/zhxw/system/2021/04/21/030045581.shtml
https://news.nankai.edu.cn/zhxw/system/2021/04/21/030045582.shtml
https://news.nankai.edu.cn/zhxw/system/2021/04/25/030045652.shtml
https://news.nankai.edu.cn/zhxw/system/2021/04/21/030045588.shtml
https://news.nankai.edu.cn/zhxw/system/2021/04/24/030045640.shtml
https://news.nankai.edu.cn/zhxw/system/2021/04/26/030045671.shtml
https://news.nankai.edu.cn/zhxw/system/2021/04/25/030045648.shtml
https://news.nankai.edu.cn/zhxw/system/2021/04/26/030045673.shtml
https://news.nankai.edu.cn/zhxw/system/2021/04/26/030045684.shtml
https://news.nankai.edu.cn/zhxw/system/2021/04/27/030045701.shtml
https://news.nankai.edu.cn/zhxw/system/2021/04/28/030045702.shtml
https://news.nankai.edu.cn/zhxw/system/2021/04/29/030045711.shtml
https://news.nankai.edu.cn/zhxw/system/2021/04/29/030045709.shtml
https://news.nankai.edu.cn/zhxw/system/2021/04/29/030045714.shtml
https://news.nankai.edu.cn/zhxw/system/2021/04/30/030045749.shtml
https://news.nankai.edu.cn/zhxw/system/2021/04/30/030045752.shtml
https://news.nankai.edu.cn/zhxw/system/2021/04/30/030045758.shtml
https://news.nankai.edu.cn/zhxw/system/2021/05/01/030045775.shtml
https://news.nankai.edu.cn/zhxw/system/2021/05/03/030045801.shtml
https://news.nankai.edu.cn/zhxw/system/2021/05/03/030045802.shtml
https://news.nankai.edu.cn/zhxw/system/2021/05/06/030045862.shtml
https://news.nankai.edu.cn/zhxw/system/2021/05/07/030045893.shtml
https://news.nankai.edu.cn/zhxw/system/2021/05/07/030045894.shtml
https://news.nankai.edu.cn/zhxw/system/2021/05/07/030045895.shtml
https://news.nankai.edu.cn/zhxw/system/2021/05/08/030045910.shtml
https://news.nankai.edu.cn/zhxw/system/2021/05/08/030045911.shtml
https://news.nankai.edu.cn/zhxw/system/2021/05/08/030045913.shtml
https://news.nankai.edu.cn/zhxw/system/2021/05/09/030045921.shtml
https://news.nankai.edu.cn/zhxw/system/2021/05/11/030045952.shtml
https://news.nankai.edu.cn/zhxw/system/2021/05/11/030045948.shtml
https://news.nankai.edu.cn/zhxw/system/2021/05/12/030045970.shtml
https://news.nankai.edu.cn/zhxw/system/2021/05/13/030045998.shtml
https://news.nankai.edu.cn/zhxw/system/2021/05/14/030046033.shtml
https://news.nankai.edu.cn/zhxw/system/2021/05/13/030046004.shtml
https://news.nankai.edu.cn/zhxw/system/2021/05/14/030046034.shtml
https://news.nankai.edu.cn/zhxw/system/2021/05/14/030046038.shtml
https://news.nankai.edu.cn/zhxw/system/2021/05/14/030046044.shtml
https://news.nankai.edu.cn/zhxw/system/2021/05/15/030046055.shtml
https://news.nankai.edu.cn/zhxw/system/2021/05/18/030046084.shtml
https://news.nankai.edu.cn/zhxw/system/2021/05/18/030046085.shtml
https://news.nankai.edu.cn/zhxw/system/2021/05/18/030046088.shtml
https://news.nankai.edu.cn/zhxw/system/2021/05/21/030046178.shtml
https://news.nankai.edu.cn/zhxw/system/2021/05/25/030046234.shtml
https://news.nankai.edu.cn/zhxw/system/2021/05/25/030046243.shtml
https://news.nankai.edu.cn/zhxw/system/2021/05/25/030046246.shtml
https://news.nankai.edu.cn/zhxw/system/2021/05/26/030046253.shtml
https://news.nankai.edu.cn/zhxw/system/2021/05/26/030046255.shtml
https://news.nankai.edu.cn/zhxw/system/2021/05/26/030046268.shtml
https://news.nankai.edu.cn/zhxw/system/2021/05/26/030046277.shtml
https://news.nankai.edu.cn/zhxw/system/2021/05/26/030046279.shtml
https://news.nankai.edu.cn/zhxw/system/2021/05/26/030046283.shtml
https://news.nankai.edu.cn/zhxw/system/2021/05/27/030046324.shtml
https://news.nankai.edu.cn/zhxw/system/2021/05/28/030046333.shtml
https://news.nankai.edu.cn/zhxw/system/2021/05/27/030046318.shtml
https://news.nankai.edu.cn/zhxw/system/2021/05/28/030046326.shtml
https://news.nankai.edu.cn/zhxw/system/2021/05/30/030046366.shtml
https://news.nankai.edu.cn/zhxw/system/2021/06/03/030046466.shtml
https://news.nankai.edu.cn/zhxw/system/2021/06/04/030046505.shtml
https://news.nankai.edu.cn/zhxw/system/2021/06/05/030046511.shtml
https://news.nankai.edu.cn/zhxw/system/2021/06/07/030046543.shtml
https://news.nankai.edu.cn/zhxw/system/2021/06/07/030046546.shtml
https://news.nankai.edu.cn/zhxw/system/2021/06/07/030046549.shtml
https://news.nankai.edu.cn/zhxw/system/2021/06/09/030046567.shtml
https://news.nankai.edu.cn/zhxw/system/2021/06/09/030046580.shtml
https://news.nankai.edu.cn/ywsd/system/2021/03/10/030044795.shtml
https://news.nankai.edu.cn/ywsd/system/2021/03/10/030044805.shtml
https://news.nankai.edu.cn/ywsd/system/2021/03/18/030044972.shtml
https://news.nankai.edu.cn/ywsd/system/2021/03/11/030044827.shtml
https://news.nankai.edu.cn/ywsd/system/2021/03/24/030045068.shtml
https://news.nankai.edu.cn/ywsd/system/2021/03/19/030044978.shtml
https://news.nankai.edu.cn/ywsd/system/2021/03/23/030045039.shtml
https://news.nankai.edu.cn/ywsd/system/2021/03/27/030045122.shtml
https://news.nankai.edu.cn/ywsd/system/2021/04/11/030045383.shtml
https://news.nankai.edu.cn/ywsd/system/2021/04/11/030045382.shtml
https://news.nankai.edu.cn/ywsd/system/2021/05/20/030046140.shtml
https://news.nankai.edu.cn/ywsd/system/2021/05/25/030046229.shtml
https://news.nankai.edu.cn/ywsd/system/2021/06/07/030046547.shtml
https://news.nankai.edu.cn/ywsd/system/2021/06/08/030046554.shtml
https://news.nankai.edu.cn/ywsd/system/2021/06/09/030046563.shtml
https://news.nankai.edu.cn/ywsd/system/2021/06/12/030046617.shtml
https://news.nankai.edu.cn/ywsd/system/2021/06/16/030046666.shtml
https://news.nankai.edu.cn/ywsd/system/2021/06/16/030046678.shtml
https://news.nankai.edu.cn/ywsd/system/2021/06/17/030046688.shtml
https://news.nankai.edu.cn/ywsd/system/2021/06/17/030046697.shtml
https://news.nankai.edu.cn/ywsd/system/2021/06/18/030046710.shtml
https://news.nankai.edu.cn/ywsd/system/2021/06/19/030046811.shtml
https://news.nankai.edu.cn/ywsd/system/2021/06/22/030046867.shtml
https://news.nankai.edu.cn/ywsd/system/2021/06/22/030046868.shtml
https://news.nankai.edu.cn/ywsd/system/2021/06/28/030047054.shtml
https://news.nankai.edu.cn/ywsd/system/2021/06/26/030046968.shtml
https://news.nankai.edu.cn/ywsd/system/2021/06/30/030047107.shtml
https://news.nankai.edu.cn/ywsd/system/2021/07/01/030047129.shtml
https://news.nankai.edu.cn/ywsd/system/2021/07/02/030047139.shtml
https://news.nankai.edu.cn/ywsd/system/2021/07/03/030047143.shtml
https://news.nankai.edu.cn/ywsd/system/2021/09/26/030048095.shtml
https://news.nankai.edu.cn/ztbd/system/2010/05/31/000031224.shtml
https://news.nankai.edu.cn/ztbd/system/2010/06/03/000031397.shtml
https://news.nankai.edu.cn/ztbd/system/2010/06/28/000032189.shtml
https://news.nankai.edu.cn/ztbd/system/2010/06/07/000031523.shtml
https://news.nankai.edu.cn/ztbd/system/2010/06/11/000031685.shtml
https://news.nankai.edu.cn/dcxy/system/2010/06/28/000032185.shtml
https://news.nankai.edu.cn/ztbd/system/2021/06/27/030047046.shtml
https://news.nankai.edu.cn/ztbd/system/2021/06/27/030047045.shtml
https://news.nankai.edu.cn/ztbd/system/2021/06/27/030047044.shtml
https://news.nankai.edu.cn/ztbd/system/2021/06/27/030047043.shtml
https://news.nankai.edu.cn/ztbd/system/2021/06/27/030047042.shtml
https://news.nankai.edu.cn/ztbd/system/2021/06/27/030047041.shtml
https://news.nankai.edu.cn/ztbd/system/2021/06/27/030047040.shtml
https://news.nankai.edu.cn/ztbd/system/2021/06/27/030047039.shtml
https://news.nankai.edu.cn/ztbd/system/2021/06/27/030047038.shtml
https://news.nankai.edu.cn/ztbd/system/2021/06/27/030047037.shtml
https://news.nankai.edu.cn/ztbd/system/2021/06/27/030047036.shtml
https://news.nankai.edu.cn/ztbd/system/2010/05/31/000031228.shtml
https://news.nankai.edu.cn/ztbd/system/2010/06/03/000031399.shtml
https://news.nankai.edu.cn/zhxw/system/2010/01/23/000028366.shtml
https://news.nankai.edu.cn/zhxw/system/2010/06/06/000031478.shtml
https://news.nankai.edu.cn/ztbd/system/2010/06/13/000031771.shtml
https://news.nankai.edu.cn/ztbd/system/2010/06/10/000031672.shtml
https://news.nankai.edu.cn/dcxy/system/2010/05/21/000030807.shtml
https://news.nankai.edu.cn/ztbd/system/2010/06/10/000031671.shtml
https://news.nankai.edu.cn/dcxy/system/2010/05/21/000030802.shtml
https://news.nankai.edu.cn/dcxy/system/2010/05/21/000030808.shtml
https://news.nankai.edu.cn/dcxy/system/2010/05/21/000030805.shtml
https://news.nankai.edu.cn/dcxy/system/2010/05/19/000030757.shtml
https://news.nankai.edu.cn/dcxy/system/2010/05/19/000030752.shtml
https://news.nankai.edu.cn/dcxy/system/2010/05/21/000030804.shtml
https://news.nankai.edu.cn/dcxy/system/2010/05/19/000030755.shtml
https://news.nankai.edu.cn/dcxy/system/2010/05/20/000030788.shtml
https://mail.nankai.edu.cn/
https://news.nankai.edu.cn/ztbd/system/2010/06/07/000031519.shtml
https://news.nankai.edu.cn/ztbd/system/2010/06/07/000031507.shtml
https://news.nankai.edu.cn/ztbd/system/2010/06/08/000031542.shtml
https://news.nankai.edu.cn/ywsd/system/2010/07/14/000032530.shtml
https://nankai.edu.cn/
https://news.nankai.edu.cn/ywsd/system/2010/07/01/000032254.shtml
https://news.nankai.edu.cn/ywsd/system/2010/07/02/000032304.shtml
https://news.nankai.edu.cn/ywsd/system/2010/06/30/000032245.shtml
https://news.nankai.edu.cn/ywsd/system/2010/06/30/000032244.shtml
https://news.nankai.edu.cn/ztbd/system/2010/06/10/000031666.shtml
https://news.nankai.edu.cn/ywsd/system/2010/06/30/000032238.shtml
https://news.nankai.edu.cn/ztbd/system/2010/06/04/000031414.shtml
https://news.nankai.edu.cn/ztbd/system/2010/05/31/000031227.shtml
https://news.nankai.edu.cn/ztbd/system/2010/05/31/000031226.shtml
https://news.nankai.edu.cn/ztbd/system/2010/05/31/000031225.shtml
https://news.nankai.edu.cn/ztbd/system/2010/05/31/000031223.shtml
https://sso.nankai.edu.cn/sso/login?service=https://mailreg.nankai.edu.cn
https://news.nankai.edu.cn/ztbd/system/2021/06/27/030047035.shtml
https://news.nankai.edu.cn/ztbd/system/2021/06/27/030047034.shtml
https://news.nankai.edu.cn/ztbd/system/2021/06/27/030047033.shtml
https://news.nankai.edu.cn/ztbd/system/2021/06/27/030047031.shtml
https://news.nankai.edu.cn/ztbd/system/2021/06/27/030047030.shtml
https://news.nankai.edu.cn/ztbd/system/2021/06/27/030047029.shtml
https://news.nankai.edu.cn/ztbd/system/2021/06/27/030047026.shtml
https://news.nankai.edu.cn/ztbd/system/2021/06/27/030047025.shtml
https://news.nankai.edu.cn/ztbd/system/2021/06/27/030047024.shtml
https://news.nankai.edu.cn/ztbd/system/2021/06/27/030047023.shtml
https://news.nankai.edu.cn/ztbd/system/2021/06/27/030047022.shtml
https://news.nankai.edu.cn/ztbd/system/2021/06/27/030047021.shtml
https://news.nankai.edu.cn/ztbd/system/2021/06/27/030047020.shtml
https://news.nankai.edu.cn/ztbd/system/2021/06/27/030047019.shtml
https://news.nankai.edu.cn/ztbd/system/2021/06/27/030047018.shtml
https://news.nankai.edu.cn/ztbd/system/2021/06/27/030047016.shtml
https://news.nankai.edu.cn/ztbd/system/2021/06/27/030047015.shtml
https://news.nankai.edu.cn/ztbd/system/2021/06/27/030047014.shtml
https://news.nankai.edu.cn/ztbd/system/2021/06/27/030047013.shtml
https://news.nankai.edu.cn/ztbd/system/2021/06/27/030047012.shtml
https://news.nankai.edu.cn/ztbd/system/2021/06/27/030047011.shtml
https://news.nankai.edu.cn/ztbd/system/2021/06/27/030047010.shtml
https://news.nankai.edu.cn/ztbd/system/2021/06/27/030047009.shtml
https://news.nankai.edu.cn/ztbd/system/2021/06/27/030047008.shtml
https://news.nankai.edu.cn/ztbd/system/2021/06/27/030047007.shtml
https://news.nankai.edu.cn/ztbd/system/2021/06/27/030047006.shtml
https://news.nankai.edu.cn/ztbd/system/2021/06/27/030047005.shtml
https://news.nankai.edu.cn/ztbd/system/2021/06/27/030047004.shtml
https://news.nankai.edu.cn/ztbd/system/2021/06/27/030047003.shtml
https://news.nankai.edu.cn/ztbd/system/2021/06/29/030047097.shtml
https://news.nankai.edu.cn/ztbd/system/2021/06/29/030047098.shtml
https://news.nankai.edu.cn/ywsd/system/2021/04/11/030045384.shtml
https://news.nankai.edu.cn/ywsd/system/2021/04/11/030045385.shtml
https://news.nankai.edu.cn/ywsd/system/2021/04/13/030045397.shtml
https://news.nankai.edu.cn/ywsd/system/2021/04/13/030045411.shtml
https://news.nankai.edu.cn/ywsd/system/2021/04/16/030045472.shtml
https://news.nankai.edu.cn/ywsd/system/2021/04/19/030045536.shtml
https://news.nankai.edu.cn/ywsd/system/2021/04/19/030045547.shtml
https://news.nankai.edu.cn/ywsd/system/2021/04/28/030045703.shtml
https://news.nankai.edu.cn/ywsd/system/2021/04/26/030045669.shtml
https://news.nankai.edu.cn/ywsd/system/2021/04/26/030045685.shtml
https://news.nankai.edu.cn/ywsd/system/2021/05/01/030045766.shtml
https://news.nankai.edu.cn/ywsd/system/2021/05/05/030045814.shtml
https://news.nankai.edu.cn/ywsd/system/2021/05/25/030046248.shtml
https://news.nankai.edu.cn/ywsd/system/2021/05/26/030046261.shtml
https://news.nankai.edu.cn/ywsd/system/2021/05/29/030046349.shtml
https://news.nankai.edu.cn/ywsd/system/2021/06/04/030046508.shtml
https://news.nankai.edu.cn/ywsd/system/2021/06/11/030046603.shtml
https://news.nankai.edu.cn/ywsd/system/2021/06/11/030046607.shtml
https://news.nankai.edu.cn/ywsd/system/2021/06/23/030046895.shtml
https://news.nankai.edu.cn/ywsd/system/2021/06/25/030046952.shtml
https://news.nankai.edu.cn/ywsd/system/2021/07/04/030047157.shtml
https://iam.nankai.edu.cn/login?next=%2Fapi%2Fcas%2Flogin%3Fservice%3Dhttps%253A%252F%252Fonline.nankai.edu.cn%252Fsso%252Flogin%253Bjsessionid%253D40945DE57F1E6D937560C9ECE7339F29%253Fredirect_uri%253Dhttps%25253A%25252F%25252Fonline.nankai.edu.cn%25252Fsso%25252Foauth2%25252Fauthorize%25253Fscope%25253Dopenid%252526response_type%25253Dcode%252526redirect_uri%25253Dhttps%2525253A%2525252F%2525252Fonline.nankai.edu.cn%2525252Finfoplus%2525252Flogin%2525253FretUrl%2525253Dhttps%252525253A%252525252F%252525252Fonline.nankai.edu.cn%252525252Finfoplus%252525252Fform%252525252FXXMHDLWTFK%252525252Fstart%252526state%25253D6e2537%252526client_id%25253Dspvy3Wr26GKmlbQGcrkv%2526x_client%253Dcas%26pid%3Djgg2zflm
https://news.nankai.edu.cn/ywsd/system/2021/07/04/030047158.shtml
https://news.nankai.edu.cn/ywsd/system/2021/09/28/030048130.shtml
https://news.nankai.edu.cn/ztbd/system/2020/06/24/030039746.shtml
https://news.nankai.edu.cn/ztbd/system/2020/06/24/030039745.shtml
https://news.nankai.edu.cn/ztbd/system/2020/06/24/030039744.shtml
https://news.nankai.edu.cn/ztbd/system/2020/06/24/030039743.shtml
https://news.nankai.edu.cn/ztbd/system/2020/06/24/030039742.shtml
https://news.nankai.edu.cn/ztbd/system/2020/06/24/030039741.shtml
https://news.nankai.edu.cn/ztbd/system/2020/06/24/030039740.shtml
https://news.nankai.edu.cn/ztbd/system/2020/06/24/030039739.shtml
https://news.nankai.edu.cn/ztbd/system/2020/06/24/030039753.shtml
https://news.nankai.edu.cn/ztbd/system/2020/06/24/030039752.shtml
https://news.nankai.edu.cn/ztbd/system/2020/06/24/030039751.shtml
https://news.nankai.edu.cn/ztbd/system/2020/06/24/030039750.shtml
https://news.nankai.edu.cn/ztbd/system/2020/06/24/030039758.shtml
https://news.nankai.edu.cn/ztbd/system/2020/06/24/030039749.shtml
https://news.nankai.edu.cn/ztbd/system/2020/06/24/030039757.shtml
https://news.nankai.edu.cn/ztbd/system/2020/06/24/030039748.shtml
https://news.nankai.edu.cn/ywsd/system/2014/02/02/000164914.shtml
https://news.nankai.edu.cn/ywsd/system/2014/08/15/000197074.shtml
https://news.nankai.edu.cn/ywsd/system/2014/09/22/000202214.shtml
https://news.nankai.edu.cn/ywsd/system/2014/10/17/000205141.shtml
https://news.nankai.edu.cn/ywsd/system/2015/12/05/000259135.shtml
https://news.nankai.edu.cn/ywsd/system/2016/02/08/000268114.shtml
https://news.nankai.edu.cn/ywsd/system/2016/01/24/000266794.shtml
https://news.nankai.edu.cn/ywsd/system/2016/02/11/000268374.shtml
https://news.nankai.edu.cn/ywsd/system/2016/01/24/000266814.shtml
https://news.nankai.edu.cn/ywsd/system/2016/03/14/000272435.shtml
https://news.nankai.edu.cn/ywsd/system/2016/04/18/000278034.shtml
https://news.nankai.edu.cn/ywsd/system/2016/06/02/000283475.shtml
https://news.nankai.edu.cn/ywsd/system/2016/10/19/000300075.shtml
https://news.nankai.edu.cn/ywsd/system/2016/10/25/000301237.shtml
https://news.nankai.edu.cn/ywsd/system/2016/10/20/000300235.shtml
https://news.nankai.edu.cn/ywsd/system/2017/01/03/000313718.shtml
https://news.nankai.edu.cn/ywsd/system/2017/03/15/000322594.shtml
https://news.nankai.edu.cn/ywsd/system/2017/01/20/000316174.shtml
https://news.nankai.edu.cn/ywsd/system/2017/06/03/000333694.shtml
https://news.nankai.edu.cn/ywsd/system/2017/08/09/000341174.shtml
https://news.nankai.edu.cn/ywsd/system/2017/10/17/000350757.shtml
https://news.nankai.edu.cn/ywsd/system/2017/11/05/000354139.shtml
https://news.nankai.edu.cn/ywsd/system/2017/11/03/000353874.shtml
https://news.nankai.edu.cn/ywsd/system/2017/11/16/000356135.shtml
https://news.nankai.edu.cn/ywsd/system/2018/03/21/000372814.shtml
https://news.nankai.edu.cn/ywsd/system/2018/04/16/000377034.shtml
https://news.nankai.edu.cn/ywsd/system/2018/05/03/000379935.shtml
https://news.nankai.edu.cn/ywsd/system/2018/06/07/000388754.shtml
https://news.nankai.edu.cn/ywsd/system/2018/06/22/000393274.shtml
https://news.nankai.edu.cn/ywsd/system/2018/06/23/000393674.shtml
https://news.nankai.edu.cn/ywsd/system/2018/06/26/000394574.shtml
https://news.nankai.edu.cn/ywsd/system/2018/06/27/000394994.shtml
https://news.nankai.edu.cn/ywsd/system/2018/06/29/000396154.shtml
https://news.nankai.edu.cn/ywsd/system/2018/07/16/000400354.shtml
https://news.nankai.edu.cn/ywsd/system/2018/07/18/000400534.shtml
https://news.nankai.edu.cn/ywsd/system/2018/07/22/000401076.shtml
https://news.nankai.edu.cn/ywsd/system/2018/07/23/000401294.shtml
https://news.nankai.edu.cn/ywsd/system/2018/08/05/000403694.shtml
https://news.nankai.edu.cn/ywsd/system/2018/11/22/000419714.shtml
https://news.nankai.edu.cn/ywsd/system/2018/11/23/000419855.shtml
https://news.nankai.edu.cn/ywsd/system/2018/11/26/000420334.shtml
https://news.nankai.edu.cn/ywsd/system/2018/12/14/000423635.shtml
https://news.nankai.edu.cn/ywsd/system/2018/12/26/000425535.shtml
https://news.nankai.edu.cn/ywsd/system/2018/12/29/000426137.shtml
https://news.nankai.edu.cn/ywsd/system/2018/12/29/000426175.shtml
https://news.nankai.edu.cn/ywsd/system/2019/01/11/000428576.shtml
https://news.nankai.edu.cn/ywsd/system/2019/04/23/000446715.shtml
https://news.nankai.edu.cn/ywsd/system/2019/05/15/030033502.shtml
https://news.nankai.edu.cn/ywsd/system/2019/05/30/030033620.shtml
https://news.nankai.edu.cn/ywsd/system/2019/07/13/030034442.shtml
https://news.nankai.edu.cn/ywsd/system/2019/07/13/030034443.shtml
https://news.nankai.edu.cn/ywsd/system/2019/10/29/030036129.shtml
https://news.nankai.edu.cn/ywsd/system/2020/01/04/030037204.shtml
https://news.nankai.edu.cn/ywsd/system/2020/01/15/030037384.shtml
https://news.nankai.edu.cn/ywsd/system/2020/01/19/030037400.shtml
https://news.nankai.edu.cn/ywsd/system/2020/02/29/030037889.shtml
https://news.nankai.edu.cn/ywsd/system/2020/03/28/030038411.shtml
https://news.nankai.edu.cn/ywsd/system/2020/05/20/030039252.shtml
https://news.nankai.edu.cn/ywsd/system/2020/05/22/030039278.shtml
https://news.nankai.edu.cn/ywsd/system/2020/05/24/030039364.shtml
https://news.nankai.edu.cn/ywsd/system/2020/05/26/030039421.shtml
https://news.nankai.edu.cn/ywsd/system/2020/05/31/030039484.shtml
https://news.nankai.edu.cn/ywsd/system/2020/05/31/030039485.shtml
https://news.nankai.edu.cn/ywsd/system/2020/06/01/030039486.shtml
https://news.nankai.edu.cn/ywsd/system/2020/06/14/030039647.shtml
https://news.nankai.edu.cn/ywsd/system/2020/06/14/030039646.shtml
https://news.nankai.edu.cn/nkzs/system/2020/02/13/030037556.shtml
https://news.nankai.edu.cn/nkzs/system/2020/02/16/030037585.shtml
https://news.nankai.edu.cn/mtnk/system/2020/02/17/030037619.shtml
https://news.nankai.edu.cn/zhxw/system/2020/02/02/030037503.shtml
https://news.nankai.edu.cn/ywsd/system/2020/01/31/030037481.shtml
https://news.nankai.edu.cn/ywsd/system/2020/01/23/030037442.shtml
https://news.nankai.edu.cn/ywsd/system/2020/01/23/030037445.shtml
https://news.nankai.edu.cn/ywsd/system/2020/01/24/030037460.shtml
https://news.nankai.edu.cn/ywsd/system/2020/01/27/030037467.shtml
https://news.nankai.edu.cn/ywsd/system/2020/01/29/030037470.shtml
https://news.nankai.edu.cn/ywsd/system/2020/01/30/030037474.shtml?from=singlemessage&isappinstalled=0
https://news.nankai.edu.cn/ywsd/system/2020/01/31/030037476.shtml
https://news.nankai.edu.cn/ywsd/system/2020/01/31/030037480.shtml
https://news.nankai.edu.cn/ywsd/system/2020/02/03/030037505.shtml
https://news.nankai.edu.cn/ywsd/system/2020/02/04/030037510.shtml
https://news.nankai.edu.cn/ywsd/system/2020/02/06/030037521.shtml
https://news.nankai.edu.cn/ywsd/system/2020/05/09/030039123.shtml
https://news.nankai.edu.cn/ywsd/system/2020/05/09/030039126.shtml
https://news.nankai.edu.cn/ywsd/system/2020/05/30/030039460.shtml
https://news.nankai.edu.cn/ywsd/system/2020/06/19/030039690.shtml
https://news.nankai.edu.cn/ywsd/system/2020/08/28/030040538.shtml
https://news.nankai.edu.cn/ywsd/system/2020/02/01/030037482.shtml
https://yzb.nankai.edu.cn/2020/0207/c5508a264844/page.htm?from=timeline&isappinstalled=0
https://news.nankai.edu.cn/ywsd/system/2020/03/11/030038093.shtml
https://news.nankai.edu.cn/ywsd/system/2020/03/11/030038095.shtml
https://news.nankai.edu.cn/ywsd/system/2020/02/16/030037580.shtml
https://news.nankai.edu.cn/mtnk/system/2019/10/08/030035634.shtml
https://news.nankai.edu.cn/mtnk/system/2019/10/11/030035688.shtml
https://news.nankai.edu.cn/mtnk/system/2019/10/11/030035674.shtml
https://news.nankai.edu.cn/mtnk/system/2019/10/11/030035684.shtml
https://news.nankai.edu.cn/mtnk/system/2019/10/11/030035681.shtml
https://news.nankai.edu.cn/mtnk/system/2019/10/11/030035666.shtml
https://news.nankai.edu.cn/mtnk/system/2019/10/11/030035667.shtml
https://news.nankai.edu.cn/mtnk/system/2019/10/08/030035628.shtml
https://news.nankai.edu.cn/mtnk/system/2019/10/09/030035642.shtml
https://news.nankai.edu.cn/mtnk/system/2019/10/20/030035873.shtml
https://yzb.nankai.edu.cn/
https://news.nankai.edu.cn/mtnk/system/2019/10/11/030035679.shtml
https://news.nankai.edu.cn/mtnk/system/2019/10/12/030035724.shtml
https://news.nankai.edu.cn/mtnk/system/2019/10/12/030035723.shtml
https://lib.nankai.edu.cn/2020/0428/c11989a270330/page.htm
https://lib.nankai.edu.cn/2020/0508/c11989a271359/page.htm
https://news.nankai.edu.cn/mtnk/system/2019/10/20/030035893.shtml
https://news.nankai.edu.cn/mtnk/system/2019/10/20/030035891.shtml
https://news.nankai.edu.cn/mtnk/system/2019/10/20/030035892.shtml
https://news.nankai.edu.cn/ywsd/system/2024/04/28/030061275.shtml
https://news.nankai.edu.cn/ywsd/system/2024/06/05/030062059.shtml
https://news.nankai.edu.cn/mtnk/system/2019/10/20/030035890.shtml
https://news.nankai.edu.cn/ywsd/system/2024/06/03/030062014.shtml
https://news.nankai.edu.cn/mtnk/system/2019/10/05/030035611.shtml
https://news.nankai.edu.cn/ywsd/system/2024/06/26/030062360.shtml
https://news.nankai.edu.cn/mtnk/system/2019/10/20/030035887.shtml
https://news.nankai.edu.cn/mtnk/system/2019/10/20/030035881.shtml
https://news.nankai.edu.cn/mtnk/system/2019/10/12/030035725.shtml
https://news.nankai.edu.cn/mtnk/system/2019/10/12/030035720.shtml
https://news.nankai.edu.cn/mtnk/system/2019/10/12/030035726.shtml
http://www.mathlib.nankai.edu.cn/
https://news.nankai.edu.cn/mtnk/system/2019/10/12/030035727.shtml
http://xb.nankai.edu.cn/
https://ipis.nankai.edu.cn/
https://enlib.nankai.edu.cn/
https://lib.nankai.edu.cn/whhd/list.htm
https://lib.nankai.edu.cn/pxyjz/list.htm
https://lib.nankai.edu.cn/tsxxkkczy/list.htm
https://lib.nankai.edu.cn/2021/1025/c15444a406677/page.htm
https://lib.nankai.edu.cn/sjkjs_15469/list.htm
https://lib.nankai.edu.cn/main.htm
https://lib.nankai.edu.cn/
https://lib.nankai.edu.cn/tjtgw/
http://www.mathlib.nankai.edu.cn/english/index.htm
https://hq.nankai.edu.cn/
https://iam.nankai.edu.cn/login?next=%2Fapi%2Fcas%2Flogin%3Fservice%3Dhttps%253A%252F%252Flibvpn.nankai.edu.cn%252Flogin%253Fcas_login%253Dtrue
https://space.nankai.edu.cn/space/
https://lib.nankai.edu.cn/12074/list.htm
http://www.mathlib.nankai.edu.cn/EJournal/DEFAULT.ASP
https://enlib.nankai.edu.cn/SiteNavigation/list.htm
https://lib.nankai.edu.cn/2019/0709/c15470a185121/page.htm
https://lib.nankai.edu.cn/11986/list.htm
https://lib.nankai.edu.cn/12069/list.htm
https://lib.nankai.edu.cn/12063/list.htm
https://online.nankai.edu.cn/nk_portal/index
https://lib.nankai.edu.cn/12053/list.htm
https://lib.nankai.edu.cn/12025/list.htm
https://youeryuan.nankai.edu.cn/
https://xyy.nankai.edu.cn/
https://nkjd.nankai.edu.cn/
https://lib.nankai.edu.cn/2023/0506/c11989a511281/page.htm
https://stjgpt.nankai.edu.cn/
https://hq.nankai.edu.cn/main.htm
https://lib.nankai.edu.cn/12024/list.htm
https://lib.nankai.edu.cn/12023/list.htm
https://lib.nankai.edu.cn/12022/list.htm
https://lib.nankai.edu.cn/12021/list.htm
https://lib.nankai.edu.cn/12011/list.htm
https://lib.nankai.edu.cn/12057/list.htm
https://lib.nankai.edu.cn/12060/list.htm
https://space.nankai.edu.cn/space/newBook
https://lib.nankai.edu.cn/12067/list.htm
https://space.nankai.edu.cn/space/index
https://lib.nankai.edu.cn/2019/0916/c15444a203858/page.htm
https://xyy.nankai.edu.cn/main.htm
https://lib.nankai.edu.cn/12056/list.htm
https://libic.nankai.edu.cn/
https://libpaper.nankai.edu.cn/
https://lib.nankai.edu.cn/2019/0717/c15444a187820/page.htm
https://lib.nankai.edu.cn/15326/list.htm
https://iam.nankai.edu.cn/login?next=%2Fapi%2Fcas%2Flogin%3Fservice%3Dhttps%253A%252F%252Fspace.nankai.edu.cn%253A443%252Fmeta-local%252Fopac%252Fcas%252Frosetta
https://lib.nankai.edu.cn/15325/list.htm
https://lib.nankai.edu.cn/15324/list.htm
https://lib.nankai.edu.cn/15323/list.htm
https://lib.nankai.edu.cn/15322/list.htm
https://lib.nankai.edu.cn/15321/list.htm
https://lib.nankai.edu.cn/2014/0219/c11989a182956/page.htm
https://lib.nankai.edu.cn/2019/0717/c15444a187711/page.htm
https://lib.nankai.edu.cn/2019/0717/c15444a187702/page.htm
https://lib.nankai.edu.cn/2021/1105/c15444a410001/page.htm
https://enlib.nankai.edu.cn/25599/list.htm
https://lib.nankai.edu.cn/2015/1209/c11989a183098/page.htm
https://enlib.nankai.edu.cn/25598/list.htm
https://news.nankai.edu.cn/ywsd/system/2021/04/23/030045629.shtml
http://ir.nankai.edu.cn/
https://news.nankai.edu.cn/zhxw/system/2021/06/29/030047091.shtml
https://lib.nankai.edu.cn/wjzx/
https://enlib.nankai.edu.cn/25596/list.htm
https://enlib.nankai.edu.cn/26904/list.htm
https://en.nankai.edu.cn/
https://std.nankai.edu.cn/
https://lib.nankai.edu.cn/2016/0505/c11989a176341/page.psp
https://sso.nankai.edu.cn/sso/login?service=http://ir.nankai.edu.cn/caslogin&renew=true
https://sso.nankai.edu.cn/sso/login?service=https://i.nankai.edu.cn/user/simpleSSOLogin
https://enlib.nankai.edu.cn/2021/1006/c25616a400382/page.htm
https://space.nankai.edu.cn/space/suggestPurchase
https://enlib.nankai.edu.cn/main.htm
https://international.nankai.edu.cn/
https://news.nankai.edu.cn/ywsd/system/2024/10/11/030063842.shtml
https://zzb.nankai.edu.cn/
https://rsc.nankai.edu.cn/
https://cwc.nankai.edu.cn/
https://news.nankai.edu.cn/ywsd/system/2024/10/24/030064068.shtml
https://news.nankai.edu.cn/ywsd/system/2024/10/31/030064166.shtml
https://news.nankai.edu.cn/ywsd/system/2024/11/13/030064417.shtml
https://physics.nankai.edu.cn/
https://lib.nankai.edu.cn/wjzx/zxdt/list.htm
https://news.nankai.edu.cn/ywsd/system/2024/11/15/030064435.shtml
https://news.nankai.edu.cn/zhxw/system/2024/11/16/030064466.shtml
https://lib.nankai.edu.cn/wjzx/main.htm
https://iam.nankai.edu.cn/login?next=%2Fapi%2Fcas%2Flogin%3Fservice%3Dhttps%253A%252F%252Fonline.nankai.edu.cn%252Fsso%252Flogin%253Fredirect_uri%253Dhttps%25253A%25252F%25252Fonline.nankai.edu.cn%25252Fsso%25252Foauth2%25252Fauthorize%25253Fscope%25253Dopenid%252526response_type%25253Dcode%252526redirect_uri%25253Dhttps%2525253A%2525252F%2525252Fonline.nankai.edu.cn%2525252Finfoplus%2525252Flogin%2525253FretUrl%2525253Dhttps%252525253A%252525252F%252525252Fonline.nankai.edu.cn%252525252Finfoplus%252525252Foauth2%252525252Fauthorize%252525253Fx_redirected%252525253Dtrue%2525252526scope%252525253Dprofile%252525252Bprofile_edit%252525252Bapp%252525252Btask%252525252Bprocess%252525252Bsubmit%252525252Bprocess_edit%252525252Btriple%252525252Bstats%2525252526response_type%252525253Dcode%2525252526redirect_uri%252525253Dhttps%25252525253A%25252525252F%25252525252Fonline.nankai.edu.cn%25252525252Ftaskcenter%25252525252Fwall%25252525252Fendpoint%25252525253FretUrl%25252525253Dhttps%2525252525253A%2525252525252F%2525252525252Fonline.nankai.edu.cn%2525252525252Ftaskcenter%2525252525252Fworkflow%2525252525252Findex%2525252526client_id%252525253D1640e2e4-f213-11e3-815d-fa163e9215bb%252526state%25253D5b7543%252526client_id%25253Dspvy3Wr26GKmlbQGcrkv%2526x_client%253Dcas%26pid%3Dbzhgyup2
https://news.nankai.edu.cn/ywsd/system/2024/11/20/030064527.shtml
https://news.nankai.edu.cn/ywsd/system/2024/11/21/030064552.shtml
https://cwfw.nankai.edu.cn/clpt/NKDX_Service/
http://less.nankai.edu.cn/
https://iap.nankai.edu.cn/
https://tjphysics.nankai.edu.cn/
http://phy.less.nankai.edu.cn/public/
https://iap.nankai.edu.cn/5046/list.htm
https://pt.nankai.edu.cn/
https://pec.nankai.edu.cn/
https://international.nankai.edu.cn/13536/list.htm
https://international.nankai.edu.cn/13537/list.htm
https://dxwl.nankai.edu.cn/
https://news.nankai.edu.cn/ywsd/system/2024/06/26/030062359.shtml
https://cwc.nankai.edu.cn/2022/0315/c28647a436842/page.htm
https://rsc.nankai.edu.cn/13686/list.htm
https://news.nankai.edu.cn/ywsd/system/2024/09/09/030063295.shtml
http://less.nankai.edu.cn/intro
http://phy.less.nankai.edu.cn/public/post/11
https://news.nankai.edu.cn/ywsd/system/2024/05/15/030061580.shtml
https://physics.nankai.edu.cn/2021/1221/c25042a423396/page.htm
https://physics.nankai.edu.cn/25038/list.htm
https://teda.nankai.edu.cn/
https://tjphysics.nankai.edu.cn/main.htm
http://phy.less.nankai.edu.cn/public/login
https://pt.nankai.edu.cn/main.htm
https://pec.nankai.edu.cn/12102/list.htm
https://international.nankai.edu.cn/13596/list.htm
https://yinjin.nankai.edu.cn/recruit.jsp?FM_SYS_ID=nkdx_sjnew
https://news.nankai.edu.cn/mtnk/system/2021/05/26/030046299.shtml
https://dxwl.nankai.edu.cn/main.htm
https://international.nankai.edu.cn/13597/list.htm
https://international.nankai.edu.cn/13595/list.htm
https://international.nankai.edu.cn/13594/list.htm
https://pec.nankai.edu.cn/12121/list.htm
https://sso.nankai.edu.cn/sso/login?service=http%3A%2F%2Fhr.nankai.edu.cn%2Fbase%2Fframe%2Fnkdx_main.jsp%3FFM_SYS_ID%3Dnkdx_sj
https://pec.nankai.edu.cn/12120/list.htm
https://pec.nankai.edu.cn/12119/list.htm
https://career.nankai.edu.cn/
http://phy.less.nankai.edu.cn/public/post/12
http://phy.less.nankai.edu.cn/public/post/13
http://phy.less.nankai.edu.cn/public/post/14
http://phy.less.nankai.edu.cn/public/post/10
http://phy.less.nankai.edu.cn/public/category/yiqijieshao
https://tedabio.nankai.edu.cn/
https://teda.nankai.edu.cn/main.htm
https://pec.nankai.edu.cn/12118/list.htm
https://pec.nankai.edu.cn/12117/list.htm
https://pec.nankai.edu.cn/12116/list.htm
http://ptrk.less.nankai.edu.cn
https://pec.nankai.edu.cn/main.htm
http://sbc.nankai.edu.cn/sfw_cms/e?page=cms.index
https://news.nankai.edu.cn/ywsd/system/2024/05/24/030061829.shtml
https://news.nankai.edu.cn/ywsd/system/2024/05/24/030061820.shtml
https://news.nankai.edu.cn/ywsd/system/2024/05/24/030061819.shtml
https://news.nankai.edu.cn/ywsd/system/2024/06/14/030062221.shtml
https://news.nankai.edu.cn/ywsd/system/2024/06/14/030062219.shtml
https://news.nankai.edu.cn/ywsd/system/2024/06/14/030062209.shtml
https://teda.nankai.edu.cn/en/
https://webplus3.nankai.edu.cn/_s139/mainm.psp
http://billing.less.nankai.edu.cn
https://sky.nankai.edu.cn/
https://tedabio.nankai.edu.cn/tjsgnjyzyswxpyjzx/list.htm
http://sklmcb.less.nankai.edu.cn/public/
https://tedabio.nankai.edu.cn/wswgnjyzyjcjsjybgcyjzx/list.htm
https://tedabio.nankai.edu.cn/tjswswgnjyzxzdsys/list.htm
https://tedabio.nankai.edu.cn/nkdxfzwswxyjsjybzdsys/list.htm
http://chem.less.nankai.edu.cn/lims/
https://sso.nankai.edu.cn/sso/login?service=https://lims.nankai.edu.cn
https://news.nankai.edu.cn/ywsd/system/2024/06/19/030062273.shtml
http://env.less.nankai.edu.cn/public/
http://med.less.nankai.edu.cn/public/
http://sklmcb.less.nankai.edu.cn/public/category/dsakmldas
http://sklmcb.less.nankai.edu.cn/public/post/63
https://teda.nankai.edu.cn/en/main.htm
http://sklmcb.less.nankai.edu.cn/public/post/62
http://life.less.nankai.edu.cn/lims/
http://chem.less.nankai.edu.cn/lims/recovery
https://news.nankai.edu.cn/zhxw/system/2018/02/02/000367395.shtml
http://pharm.less.nankai.edu.cn/lims/
http://chem.less.nankai.edu.cn/lims/!labs/signup/lab
https://sklmcb.nankai.edu.cn/
https://lac.nankai.edu.cn/main.htm
http://sklmcb.less.nankai.edu.cn/public/entry
http://med.less.nankai.edu.cn/public/post/38
http://med.less.nankai.edu.cn/public/post/39
http://med.less.nankai.edu.cn/public/post/41
http://life.less.nankai.edu.cn/lims/recovery
http://life.less.nankai.edu.cn/lims/!labs/signup/lab
http://env.less.nankai.edu.cn/public/entry
http://pharm.less.nankai.edu.cn/lims/recovery
http://pharm.less.nankai.edu.cn/lims/!labs/signup/lab
http://med.less.nankai.edu.cn/public/entry
https://lac.nankai.edu.cn/19749/list.htm
https://lac.nankai.edu.cn/19748/list.htm
https://lac.nankai.edu.cn/19747/list.htm
https://lac.nankai.edu.cn/19746/list.htm
https://iam.nankai.edu.cn/login?next=%2Fapi%2Fcas%2Flogin%3Fservice%3Dhttp%253A%252F%252Fless.nankai.edu.cn%252Fgate%252Flogin%253Ffrom%253Dnankai%2526redirect%253Dhttp%25253A%25252F%25252Fchem.less.nankai.edu.cn%25252Flims%25252F%252521people%25252Fdocking%25252Flogin
https://lac.nankai.edu.cn/sydwtpzs/list.htm
https://lac.nankai.edu.cn/11967/list.htm
https://lac.nankai.edu.cn/11954/list.htm
https://lac.nankai.edu.cn/19619/list.htm
https://sklmcb-en.nankai.edu.cn/
http://pharm.less.nankai.edu.cn/lims/!labs/signup
http://pharm.less.nankai.edu.cn/lims/login
https://sklmcb.nankai.edu.cn/14028/list.htm
http://life.less.nankai.edu.cn/lims/!labs/signup
http://life.less.nankai.edu.cn/lims/login
http://med.less.nankai.edu.cn/public/post/46
http://med.less.nankai.edu.cn/public/post/44
https://iam.nankai.edu.cn/login?next=%2Fapi%2Fcas%2Flogin%3Fservice%3Dhttp%253A%252F%252Fless.nankai.edu.cn%252Fgate%252Flogin%253Ffrom%253Dnankai%2526redirect%253Dhttp%25253A%25252F%25252Flife.less.nankai.edu.cn%25252Flims%25252F%252521people%25252Fdocking%25252Flogin
https://sklmcb.nankai.edu.cn/main.htm
http://med.less.nankai.edu.cn/public/post/43
https://iam.nankai.edu.cn/login?next=%2Fapi%2Fcas%2Flogin%3Fservice%3Dhttp%253A%252F%252Fless.nankai.edu.cn%252Fgate%252Flogin%253Ffrom%253Dnankai%2526redirect%253Dhttp%25253A%25252F%25252Fpharm.less.nankai.edu.cn%25252Flims%25252F%252521people%25252Fdocking%25252Flogin
http://med.less.nankai.edu.cn/public/post/42
http://med.less.nankai.edu.cn/public/post/40
http://med.less.nankai.edu.cn/public/category/liucheng
https://pharmacy-en.nankai.edu.cn/index.htm
http://en.medical.nankai.edu.cn/
https://chemen.nankai.edu.cn/
http://med.less.nankai.edu.cn/public/post/65
http://med.less.nankai.edu.cn/public/post/64
http://med.less.nankai.edu.cn/public/post/63
http://med.less.nankai.edu.cn/public/post/62
http://med.less.nankai.edu.cn/public/post/61
http://med.less.nankai.edu.cn/public/category/ckekg
http://med.less.nankai.edu.cn/public/category/dawjdaw
http://med.less.nankai.edu.cn/public/category/peixunjiaoliu
http://med.less.nankai.edu.cn/public/category/njn
http://en.medical.nankai.edu.cn/Collegeoverview/list.htm
https://chemen.nankai.edu.cn/24536/main.htm
https://chem.nankai.edu.cn/
http://en.medical.nankai.edu.cn/5899/list.htm
http://en.medical.nankai.edu.cn/5894/list.htm
http://en.medical.nankai.edu.cn/main.htm
https://medical.nankai.edu.cn/
http://med.less.nankai.edu.cn/public/category/equipment
https://pharmacy.nankai.edu.cn/
http://med.less.nankai.edu.cn/public/category/idiekg
https://chemen.nankai.edu.cn/24523/list.htm
https://chemen.nankai.edu.cn/24546/list.htm
https://chemen.nankai.edu.cn/24542/list.htm
https://chemen.nankai.edu.cn/24537/list.htm
http://med.less.nankai.edu.cn/public/category/xjzkbcxkz
https://chemen.nankai.edu.cn/24533/list.htm
https://chemen.nankai.edu.cn/24601/list.htm
http://env.less.nankai.edu.cn/public/category/dasdasd
https://aemc.nankai.edu.cn/
https://klfpm.nankai.edu.cn/
https://cec.nankai.edu.cn/
https://chem.nankai.edu.cn/index/yqsbglpt1.psp
https://chem.nankai.edu.cn/2024/0229/c35244a536673/page.htm
https://medical.nankai.edu.cn/8750/list.htm
https://medical.nankai.edu.cn/main.htm
https://chem.nankai.edu.cn/24653/list.htm
http://ibond.nankai.edu.cn/
https://chem.nankai.edu.cn/2019/0525/c24058a358247/page.htm
https://chem.nankai.edu.cn/2019/0528/c24058a358248/page.htm
https://chem.nankai.edu.cn/2020/0525/c24058a358252/page.htm
https://chem.nankai.edu.cn/2019/0905/c24058a358249/page.htm
https://chem.nankai.edu.cn/2019/0905/c24058a358250/page.htm
https://chem.nankai.edu.cn/2020/0524/c24058a358251/page.htm
https://chem.nankai.edu.cn/2020/0525/c24058a358253/page.htm
http://env.less.nankai.edu.cn/public/post/47
https://ace.nankai.edu.cn/
http://env.less.nankai.edu.cn/public/post/48
http://env.less.nankai.edu.cn/public/post/49
http://env.less.nankai.edu.cn/public/post/50
http://env.less.nankai.edu.cn/public/post/51
https://chem.nankai.edu.cn/2021/0704/c24448a378913/page.htm
http://env.less.nankai.edu.cn/public/post/52
https://chem.nankai.edu.cn/2021/0704/c24589a388911/page.htm
https://chem.nankai.edu.cn/2021/0704/c24589a378805/page.htm
https://chem.nankai.edu.cn/2021/0704/c24448a378919/page.htm
https://chem.nankai.edu.cn/24459/list.htm
http://env.less.nankai.edu.cn/public/post/53
http://env.less.nankai.edu.cn/public/post/54
http://env.less.nankai.edu.cn/public/category/qweqw
http://env.less.nankai.edu.cn/public/category/bjkb
http://env.less.nankai.edu.cn/public/post/69
http://env.less.nankai.edu.cn/public/post/70
http://env.less.nankai.edu.cn/public/post/71
http://env.less.nankai.edu.cn/public/post/72
http://env.less.nankai.edu.cn/public/post/73
http://env.less.nankai.edu.cn/public/post/74
https://energy.nankai.edu.cn/
http://env.less.nankai.edu.cn/public/category/zxczx
http://env.less.nankai.edu.cn/public/category/saeqwe
http://env.less.nankai.edu.cn/public/category/rnwerw
http://env.less.nankai.edu.cn/public/category/eqweq
http://env.less.nankai.edu.cn/public/category/danslda
http://env.less.nankai.edu.cn/public/category/equipment
http://env.less.nankai.edu.cn/public/category/danjksda
http://env.less.nankai.edu.cn/public/category/dasbjda
http://chem.less.nankai.edu.cn/lims/!labs/signup
http://chem.less.nankai.edu.cn/lims/login
http://sklmcb.less.nankai.edu.cn/public/post/61
http://sklmcb.less.nankai.edu.cn/public/post/59
http://sklmcb.less.nankai.edu.cn/public/post/60
https://energy.nankai.edu.cn/cms/salary/16
https://energy.nankai.edu.cn/cms/salary/17
https://energy.nankai.edu.cn/cms/salary/18
https://energy.nankai.edu.cn/cms/salary/19
https://energy.nankai.edu.cn/cms/salary/20
https://energy.nankai.edu.cn/article/887
https://energy.nankai.edu.cn/article/888
https://energy.nankai.edu.cn/article/886
https://energy.nankai.edu.cn/article/901
https://energy.nankai.edu.cn/article/978
https://energy.nankai.edu.cn/article/902
https://energy.nankai.edu.cn/article/980
https://energy.nankai.edu.cn/article/971
https://energy.nankai.edu.cn/article/979
https://energy.nankai.edu.cn/article/983
https://energy.nankai.edu.cn/article/984
https://energy.nankai.edu.cn/article/972
https://energy.nankai.edu.cn/cms/salary/15
https://energy.nankai.edu.cn/article/973
https://energy.nankai.edu.cn/article/981
https://energy.nankai.edu.cn/article/982
https://energy.nankai.edu.cn/article/914
https://energy.nankai.edu.cn/article/963
https://energy.nankai.edu.cn/article/962
https://energy.nankai.edu.cn/class/78
https://energy.nankai.edu.cn/article/817
https://energy.nankai.edu.cn/article/967
https://energy.nankai.edu.cn/article/977
https://energy.nankai.edu.cn/class/23
https://energy.nankai.edu.cn/article/965
https://energy.nankai.edu.cn/article/970
https://energy.nankai.edu.cn/class/22
https://energy.nankai.edu.cn/cms/salary/10
https://energy.nankai.edu.cn/class/21
https://energy.nankai.edu.cn/class/20
https://energy.nankai.edu.cn/article/912
https://energy.nankai.edu.cn/article/799
https://energy.nankai.edu.cn/class/25
https://energy.nankai.edu.cn/cms/salary/14
https://energy.nankai.edu.cn/class/15
https://energy.nankai.edu.cn/article/913
https://energy.nankai.edu.cn/article/765
https://energy.nankai.edu.cn/cms/salary/12
https://energy.nankai.edu.cn/article/791
https://energy.nankai.edu.cn/article/792
https://energy.nankai.edu.cn/article/796
https://energy.nankai.edu.cn/article/969
https://energy.nankai.edu.cn/article/874
https://energy.nankai.edu.cn/article/890
https://chem.nankai.edu.cn/info/1222/12623.psp
https://chem.nankai.edu.cn/info/1222/12618.psp
https://energy.nankai.edu.cn/article/899
https://energy.nankai.edu.cn/article/894
https://energy.nankai.edu.cn/article/897
https://energy.nankai.edu.cn/article/892
https://energy.nankai.edu.cn/article/898
https://energy.nankai.edu.cn/article/889
https://energy.nankai.edu.cn/article/895
https://energy.nankai.edu.cn/article/974
https://energy.nankai.edu.cn/article/764
https://energy.nankai.edu.cn/article/891
https://energy.nankai.edu.cn/article/797
https://energy.nankai.edu.cn/article/896
https://energy.nankai.edu.cn/article/871
https://energy.nankai.edu.cn/cms/salary/13
https://energy.nankai.edu.cn/cms/salary/11
https://energy.nankai.edu.cn/article/900
https://energy.nankai.edu.cn/cms/salary/9
https://energy.nankai.edu.cn/article/975
https://energy.nankai.edu.cn/article/883
http://www.niu.nankai.edu.cn/
https://energy.nankai.edu.cn/article/763
https://energy.nankai.edu.cn/class/73
https://energy.nankai.edu.cn/class/67
https://chem.nankai.edu.cn/info/1223/12630.psp
https://energy.nankai.edu.cn/article/893
https://energy.nankai.edu.cn/article/864
https://energy.nankai.edu.cn/class/76
https://chem.nankai.edu.cn/info/1222/12621.psp
https://chem.nankai.edu.cn/info/1223/12629.psp
https://energy.nankai.edu.cn/article/882
https://energy.nankai.edu.cn/class/74
https://news.nankai.edu.cn/ywsd/system/2022/03/03/030050479.shtml
https://energy.nankai.edu.cn/class/75
https://chem.nankai.edu.cn/info/1223/12632.psp
https://chem.nankai.edu.cn/info/1223/12633.psp
https://energy.nankai.edu.cn/article/762
https://energy.nankai.edu.cn/article/521
https://energy.nankai.edu.cn/article/406
https://energy.nankai.edu.cn/article/407
https://energy.nankai.edu.cn/article/408
https://energy.nankai.edu.cn/article/565
https://energy.nankai.edu.cn/article/876
https://energy.nankai.edu.cn/article/566
https://energy.nankai.edu.cn/article/564
https://energy.nankai.edu.cn/article/409
https://energy.nankai.edu.cn/article/863
https://energy.nankai.edu.cn/article/567
https://energy.nankai.edu.cn/article/548
https://energy.nankai.edu.cn/article/557
https://energy.nankai.edu.cn/article/558
https://energy.nankai.edu.cn/article/559
https://energy.nankai.edu.cn/article/743
https://energy.nankai.edu.cn/article/560
https://energy.nankai.edu.cn/article/561
https://energy.nankai.edu.cn/article/562
https://energy.nankai.edu.cn/article/563
https://energy.nankai.edu.cn/article/647
https://energy.nankai.edu.cn/article/686
https://energy.nankai.edu.cn/article/549
https://energy.nankai.edu.cn/article/875
https://energy.nankai.edu.cn/article/528
https://energy.nankai.edu.cn/article/526
https://energy.nankai.edu.cn/article/556
https://energy.nankai.edu.cn/article/859
https://energy.nankai.edu.cn/article/530
https://energy.nankai.edu.cn/article/529
https://energy.nankai.edu.cn/article/742
https://energy.nankai.edu.cn/article/547
https://energy.nankai.edu.cn/article/527
https://energy.nankai.edu.cn/article/531
https://energy.nankai.edu.cn/article/687
https://energy.nankai.edu.cn/article/881
https://energy.nankai.edu.cn/article/595
https://energy.nankai.edu.cn/article/684
https://energy.nankai.edu.cn/article/685
https://energy.nankai.edu.cn/article/410
https://energy.nankai.edu.cn/article/862
https://energy.nankai.edu.cn/article/555
https://energy.nankai.edu.cn/article/411
https://energy.nankai.edu.cn/article/825
https://energy.nankai.edu.cn/article/412
https://energy.nankai.edu.cn/article/413
https://energy.nankai.edu.cn/article/414
https://energy.nankai.edu.cn/article/739
https://energy.nankai.edu.cn/article/520
https://energy.nankai.edu.cn/article/546
https://energy.nankai.edu.cn/article/518
https://energy.nankai.edu.cn/article/519
https://energy.nankai.edu.cn/article/880
https://energy.nankai.edu.cn/article/748
https://energy.nankai.edu.cn/article/747
https://energy.nankai.edu.cn/article/749
https://energy.nankai.edu.cn/class/12
https://energy.nankai.edu.cn/article/860
https://energy.nankai.edu.cn/article/554
https://energy.nankai.edu.cn/class/24
https://energy.nankai.edu.cn/class/79
https://energy.nankai.edu.cn/article/820
https://energy.nankai.edu.cn/class/9
https://energy.nankai.edu.cn/class/29
https://energy.nankai.edu.cn/article/545
https://energy.nankai.edu.cn/class/28
https://energy.nankai.edu.cn/class/8
http://sklmcb.less.nankai.edu.cn/public/post/58
http://sklmcb.less.nankai.edu.cn/public/post/57
http://sklmcb.less.nankai.edu.cn/public/post/56
https://energy.nankai.edu.cn/article/877
https://energy.nankai.edu.cn/class/82
https://energy.nankai.edu.cn/class/7
https://energy.nankai.edu.cn/class/1
https://energy.nankai.edu.cn/article/830
https://energy.nankai.edu.cn/article/923
https://energy.nankai.edu.cn/article/241
https://energy.nankai.edu.cn/article/544
https://energy.nankai.edu.cn/article/380
https://energy.nankai.edu.cn/english/
https://energy.nankai.edu.cn/article/964
https://energy.nankai.edu.cn/article/723
https://energy.nankai.edu.cn/article/329
https://energy.nankai.edu.cn/article/702
https://energy.nankai.edu.cn/article/878
https://energy.nankai.edu.cn/article/617
https://energy.nankai.edu.cn/article/966
https://energy.nankai.edu.cn/article/719
https://energy.nankai.edu.cn/article/432
https://energy.nankai.edu.cn/article/885
https://energy.nankai.edu.cn/article/884
https://energy.nankai.edu.cn/article/829
https://energy.nankai.edu.cn/article/919
https://energy.nankai.edu.cn/article/240
https://energy.nankai.edu.cn/article/543
https://energy.nankai.edu.cn/article/795
https://energy.nankai.edu.cn/english/article/202
https://energy.nankai.edu.cn/english/article/203
https://energy.nankai.edu.cn/english/article/204
https://energy.nankai.edu.cn/english/article/205
https://energy.nankai.edu.cn/english/class/12
https://energy.nankai.edu.cn/english/class/6
https://energy.nankai.edu.cn/english/class/5
https://energy.nankai.edu.cn/english/class/4
https://energy.nankai.edu.cn/english/class/3
https://energy.nankai.edu.cn/english/class/2
https://energy.nankai.edu.cn/english/class/1
https://energy.nankai.edu.cn/article/82
https://energy.nankai.edu.cn/article/960
https://energy.nankai.edu.cn/article/767
https://energy.nankai.edu.cn/article/542
https://energy.nankai.edu.cn/article/835
https://energy.nankai.edu.cn/article/858
https://energy.nankai.edu.cn/article/242
https://energy.nankai.edu.cn/article/838
https://energy.nankai.edu.cn/article/97
https://energy.nankai.edu.cn/article/571
https://energy.nankai.edu.cn/article/931
https://energy.nankai.edu.cn/article/568
https://energy.nankai.edu.cn/article/87
https://energy.nankai.edu.cn/article/930
https://energy.nankai.edu.cn/article/569
https://energy.nankai.edu.cn/article/573
https://energy.nankai.edu.cn/article/956
https://energy.nankai.edu.cn/article/570
https://energy.nankai.edu.cn/english/article/114
https://energy.nankai.edu.cn/article/592
https://energy.nankai.edu.cn/article/950
https://energy.nankai.edu.cn/english/article/127
https://energy.nankai.edu.cn/english/article/198
https://energy.nankai.edu.cn/english/article/199
https://energy.nankai.edu.cn/english/article/200
https://energy.nankai.edu.cn/english/article/201
https://energy.nankai.edu.cn/article/357
https://energy.nankai.edu.cn/article/358
https://energy.nankai.edu.cn/article/99
https://energy.nankai.edu.cn/article/359
https://energy.nankai.edu.cn/article/785
https://energy.nankai.edu.cn/article/837
https://energy.nankai.edu.cn/article/836
https://energy.nankai.edu.cn/article/879
https://energy.nankai.edu.cn/article/915
https://energy.nankai.edu.cn/article/955
https://energy.nankai.edu.cn/article/927
https://energy.nankai.edu.cn/article/952
https://energy.nankai.edu.cn/article/943
https://energy.nankai.edu.cn/article/945
https://energy.nankai.edu.cn/article/924
https://energy.nankai.edu.cn/article/922
https://energy.nankai.edu.cn/article/961
https://energy.nankai.edu.cn/article/959
https://energy.nankai.edu.cn/article/932
https://energy.nankai.edu.cn/article/957
https://energy.nankai.edu.cn/article/831
https://energy.nankai.edu.cn/article/832
https://energy.nankai.edu.cn/article/904
http://sklmcb.less.nankai.edu.cn/public/category/cbmzxbc
https://energy.nankai.edu.cn/article/907
http://sklmcb.less.nankai.edu.cn/public/post/85
https://energy.nankai.edu.cn/article/905
https://energy.nankai.edu.cn/article/906
https://energy.nankai.edu.cn/article/908
https://energy.nankai.edu.cn/article/909
https://energy.nankai.edu.cn/article/903
https://energy.nankai.edu.cn/article/910
http://sklmcb.less.nankai.edu.cn/public/post/89
http://sklmcb.less.nankai.edu.cn/public/post/90
http://sklmcb.less.nankai.edu.cn/public/post/91
https://energy.nankai.edu.cn/article/911
https://energy.nankai.edu.cn/article/553
http://sklmcb.less.nankai.edu.cn/public/post/92
http://sklmcb.less.nankai.edu.cn/public/post/84
http://sklmcb.less.nankai.edu.cn/public/post/82
http://sklmcb.less.nankai.edu.cn/public/post/80
http://sklmcb.less.nankai.edu.cn/public/category/bmbmbm
http://sklmcb.less.nankai.edu.cn/public/post/64
http://sklmcb.less.nankai.edu.cn/public/post/65
http://skleoc.nankai.edu.cn/
http://sklmcb.less.nankai.edu.cn/public/post/66
http://sklmcb.less.nankai.edu.cn/public/post/67
http://sklmcb.less.nankai.edu.cn/public/post/73
http://sklmcb.less.nankai.edu.cn/public/post/96
http://sklmcb.less.nankai.edu.cn/public/category/tnrtre
http://sklmcb.less.nankai.edu.cn/public/category/bmnbm
http://sklmcb.less.nankai.edu.cn/public/category/dhhnln
http://sklmcb.less.nankai.edu.cn/public/category/dsanda
http://sklmcb.less.nankai.edu.cn/public/category/sadas
http://sklmcb.less.nankai.edu.cn/public/category/equipment
http://sklmcb.less.nankai.edu.cn/public/category/dasda
http://sklmcb.less.nankai.edu.cn/public/category/dasdas
http://fzs.nankai.edu.cn/
http://life.less.nankai.edu.cn/public/
http://sklmcb.less.nankai.edu.cn/public/wp-content/uploads/2016/05/%E9%99%84%E4%BB%B6%E2%85%A0-%E8%B4%A8%E8%B0%B1%E5%B9%B3%E5%8F%B0%E5%BC%80%E6%94%BE%E5%85%B1%E4%BA%AB%E7%AE%A1%E7%90%86%E5%8A%9E%E6%B3%95160520.pdf
http://sklmcb.less.nankai.edu.cn/public/wp-content/uploads/2016/06/%E7%94%9F%E5%8C%96%E5%88%86%E6%9E%90%E5%B9%B3%E5%8F%B0%E5%8F%8A%E7%A6%BB%E5%BF%83%E6%9C%BA%E5%AE%A4%E7%AE%80%E6%8A%A5.pdf
http://sklmcb.less.nankai.edu.cn/public/wp-content/uploads/2016/06/%E7%94%9F%E7%89%A9%E5%BD%B1%E5%83%8F%E5%B9%B3%E5%8F%B0%E7%AE%80%E6%8A%A5.pdf
http://skleoc.nankai.edu.cn/kfjj/sqzn/ssxz.htm
http://sklmcb.less.nankai.edu.cn/public/category/dhhnln/danbjdw
http://sklmcb.less.nankai.edu.cn/public/category/dhhnln/dabmdw
https://energy.nankai.edu.cn/article/552
http://skleoc.nankai.edu.cn/rcpy/zpxx1/bhzp1.htm
http://skleoc.nankai.edu.cn/rcpy/yjspy1/pyfa.htm
http://sklmcb.less.nankai.edu.cn/lims/
https://sky.nankai.edu.cn/28498/list.htm
https://sky.nankai.edu.cn/28497/list.htm
https://sky.nankai.edu.cn/28496/list.htm
https://sky.nankai.edu.cn/28495/list.htm
https://sky.nankai.edu.cn/28494/list.htm
https://sky.nankai.edu.cn/28493/list.htm
https://sky.nankai.edu.cn/28492/list.htm
http://life.less.nankai.edu.cn/public/category/dasbjdas
http://life.less.nankai.edu.cn/public/category/meetroom
http://life.less.nankai.edu.cn/public/category/asbjkdas
http://life.less.nankai.edu.cn/public/category/bkjdsas
http://life.less.nankai.edu.cn/public/category/dasda
http://life.less.nankai.edu.cn/public/category/equipment
http://life.less.nankai.edu.cn/public/entry
http://sklmcb.less.nankai.edu.cn/lims/recovery
http://sklmcb.less.nankai.edu.cn/lims/!labs/signup/lab
http://sklmcb.less.nankai.edu.cn/lims/!labs/signup
http://sklmcb.less.nankai.edu.cn/lims/login
http://life.less.nankai.edu.cn/public/category/dasdkjas
http://life.less.nankai.edu.cn/public/category/dasjkda
https://sky.nankai.edu.cn/2022/0906/c7904a472781/page.htm
https://sky.nankai.edu.cn/2022/0905/c7904a472671/page.htm
https://energy.nankai.edu.cn/article/551
http://life.less.nankai.edu.cn/public/equipment/117
http://life.less.nankai.edu.cn/public/equipment/115
http://life.less.nankai.edu.cn/public/equipment/114
http://life.less.nankai.edu.cn/public/equipment/109
http://life.less.nankai.edu.cn/public/equipment/101
http://life.less.nankai.edu.cn/public/equipment/90
http://life.less.nankai.edu.cn/public/equipment/88
http://life.less.nankai.edu.cn/public/equipment/70
http://life.less.nankai.edu.cn/public/equipment/62
http://life.less.nankai.edu.cn/public/equipment/59
http://life.less.nankai.edu.cn/public/equipment/58
http://life.less.nankai.edu.cn/public/equipment/57
http://life.less.nankai.edu.cn/public/equipment/44
https://iam.nankai.edu.cn/login?next=%2Fapi%2Fcas%2Flogin%3Fservice%3Dhttp%253A%252F%252Fless.nankai.edu.cn%252Fgate%252Flogin%253Ffrom%253Dnankai%2526redirect%253Dhttp%25253A%25252F%25252Fsklmcb.less.nankai.edu.cn%25252Flims%25252F%252521people%25252Fdocking%25252Flogin
http://life.less.nankai.edu.cn/public/equipment/43
http://life.less.nankai.edu.cn/public/equipment/23
http://life.less.nankai.edu.cn/public/equipment/22
http://life.less.nankai.edu.cn/public/equipment/152
http://life.less.nankai.edu.cn/public/equipment/121
http://life.less.nankai.edu.cn/public/equipment/119
http://life.less.nankai.edu.cn/public/equipment/118
http://life.less.nankai.edu.cn/public/category/equipment?st=60
http://life.less.nankai.edu.cn/public/category/equipment?st=40
http://life.less.nankai.edu.cn/public/category/equipment?st=20
https://sky.nankai.edu.cn/2022/0906/c7904a472785/page.htm
http://sklmcb.less.nankai.edu.cn/public/equipment/76
http://sklmcb.less.nankai.edu.cn/public/equipment/73
http://sklmcb.less.nankai.edu.cn/public/equipment/71
http://sklmcb.less.nankai.edu.cn/public/equipment/72
http://sklmcb.less.nankai.edu.cn/public/equipment/62
http://sklmcb.less.nankai.edu.cn/public/equipment/67
http://life.less.nankai.edu.cn/public/equipment/171
http://life.less.nankai.edu.cn/public/equipment/110
http://life.less.nankai.edu.cn/public/equipment/79
http://life.less.nankai.edu.cn/public/equipment/165
http://life.less.nankai.edu.cn/public/equipment/97
http://life.less.nankai.edu.cn/public/equipment/163
http://life.less.nankai.edu.cn/public/equipment/162
http://life.less.nankai.edu.cn/public/equipment/161
http://life.less.nankai.edu.cn/public/equipment/160
http://life.less.nankai.edu.cn/public/equipment/158
http://life.less.nankai.edu.cn/public/equipment/140
http://life.less.nankai.edu.cn/public/equipment/145
http://life.less.nankai.edu.cn/public/equipment/134
http://life.less.nankai.edu.cn/public/equipment/157
http://life.less.nankai.edu.cn/public/equipment/133
http://life.less.nankai.edu.cn/public/equipment/154
http://life.less.nankai.edu.cn/public/equipment/146
http://life.less.nankai.edu.cn/public/equipment/132
http://life.less.nankai.edu.cn/public/equipment/131
http://life.less.nankai.edu.cn/public/equipment/127
http://life.less.nankai.edu.cn/public/equipment/126
http://life.less.nankai.edu.cn/public/equipment/124
http://life.less.nankai.edu.cn/public/equipment/123
http://life.less.nankai.edu.cn/public/equipment/64
http://life.less.nankai.edu.cn/public/equipment/42
http://life.less.nankai.edu.cn/public/equipment/122
http://life.less.nankai.edu.cn/public/equipment/40
http://life.less.nankai.edu.cn/public/equipment/39
http://life.less.nankai.edu.cn/public/equipment/38
http://life.less.nankai.edu.cn/public/equipment/37
http://life.less.nankai.edu.cn/public/equipment/36
http://life.less.nankai.edu.cn/public/equipment/35
http://life.less.nankai.edu.cn/public/equipment/33
http://life.less.nankai.edu.cn/public/equipment/21
http://life.less.nankai.edu.cn/public/equipment/20
http://life.less.nankai.edu.cn/public/equipment/3
http://life.less.nankai.edu.cn/public/equipment/18
http://life.less.nankai.edu.cn/public/equipment/170
http://life.less.nankai.edu.cn/public/equipment/167
http://life.less.nankai.edu.cn/public/equipment/166
http://life.less.nankai.edu.cn/public/equipment/169
http://life.less.nankai.edu.cn/public/equipment/156
http://life.less.nankai.edu.cn/public/equipment/148
http://life.less.nankai.edu.cn/public/equipment/153
http://life.less.nankai.edu.cn/public/equipment/150
http://life.less.nankai.edu.cn/public/equipment/143
http://life.less.nankai.edu.cn/public/equipment/155
http://life.less.nankai.edu.cn/public/equipment/141
http://life.less.nankai.edu.cn/public/equipment/144
http://life.less.nankai.edu.cn/public/equipment/138
http://life.less.nankai.edu.cn/public/equipment/135
http://life.less.nankai.edu.cn/public/category/equipment?st=0
http://sklmcb.less.nankai.edu.cn/public/equipment/61
http://sklmcb.less.nankai.edu.cn/public/equipment/58
http://sklmcb.less.nankai.edu.cn/public/equipment/57
http://sklmcb.less.nankai.edu.cn/public/equipment/54
http://sklmcb.less.nankai.edu.cn/public/equipment/56
http://sklmcb.less.nankai.edu.cn/public/equipment/66
http://sklmcb.less.nankai.edu.cn/public/equipment/59
http://sklmcb.less.nankai.edu.cn/public/equipment/46
http://sklmcb.less.nankai.edu.cn/public/equipment/53
http://sklmcb.less.nankai.edu.cn/public/equipment/45
http://sklmcb.less.nankai.edu.cn/public/equipment/44
http://sklmcb.less.nankai.edu.cn/public/equipment/38
http://sklmcb.less.nankai.edu.cn/public/equipment/14
http://sklmcb.less.nankai.edu.cn/public/category/equipment?st=60
http://sklmcb.less.nankai.edu.cn/public/category/equipment?st=40
http://sklmcb.less.nankai.edu.cn/public/category/equipment?st=20
http://skleoc.nankai.edu.cn/xsjl/nkyjhxjz/a2024.htm
https://skleoc.nankai.edu.cn/xsjl/yqbg/a2024.htm
https://news.nankai.edu.cn/zhxw/system/2024/08/24/030062999.shtml
https://news.nankai.edu.cn/ywsd/system/2024/07/09/030062509.shtml
https://en-skleoc.nankai.edu.cn/
https://skleoc.nankai.edu.cn/xsjl/jbhy/a2024.htm
https://sky.nankai.edu.cn/2024/1126/c7885a557425/page.htm
https://news.nankai.edu.cn/ywsd/system/2024/12/08/030064944.shtml
http://en.sky.nankai.edu.cn/
http://sklmcb.less.nankai.edu.cn/public/equipment/81
http://sklmcb.less.nankai.edu.cn/public/equipment/33
http://sklmcb.less.nankai.edu.cn/public/equipment/17
http://sklmcb.less.nankai.edu.cn/public/equipment/16
https://sky.nankai.edu.cn/7815/list.htm
https://swsyzx.nankai.edu.cn/
http://sklmcb.less.nankai.edu.cn/public/equipment/15
http://sklmcb.less.nankai.edu.cn/public/equipment/13
http://sklmcb.less.nankai.edu.cn/public/equipment/12
http://sklmcb.less.nankai.edu.cn/public/equipment/11
http://sklmcb.less.nankai.edu.cn/public/equipment/10
http://sklmcb.less.nankai.edu.cn/public/equipment/9
https://en-skleoc.nankai.edu.cn/Academic/Nankai_Lectureship_on_Organic_Chemistry/a2023.htm
https://sky.nankai.edu.cn/main.htm
http://en.sky.nankai.edu.cn/LectureswReports/list.htm
https://en.nankai.edu.cn/2021/0524/c22795a367120/page.htm
http://en.sky.nankai.edu.cn/NewswEvents/list.htm
http://en.sky.nankai.edu.cn/main.htm
https://sky.nankai.edu.cn/2024/0403/c7806a539526/page.htm
https://en-skleoc.nankai.edu.cn/Academic/Conferences/a2023.htm
https://en-skleoc.nankai.edu.cn/Academic/Lectures___Reports/a2023.htm
https://skleoc.nankai.edu.cn/index.htm
http://sklmcb.less.nankai.edu.cn/public/equipment/8
http://sklmcb.less.nankai.edu.cn/public/equipment/7
http://sklmcb.less.nankai.edu.cn/public/equipment/6
http://skleoc.nankai.edu.cn/index.htm
http://sklmcb.less.nankai.edu.cn/public/equipment/5
http://sklmcb.less.nankai.edu.cn/public/equipment/4
http://sklmcb.less.nankai.edu.cn/public/equipment/3
http://sklmcb.less.nankai.edu.cn/public/equipment/2
http://sklmcb.less.nankai.edu.cn/public/equipment/1
https://en.nankai.edu.cn/2020/0722/c22795a331673/page.htm
https://en.nankai.edu.cn/2020/1016/c22795a331601/page.htm
https://en.nankai.edu.cn/2020/1102/c22795a325429/page.htm
https://swsyzx.nankai.edu.cn/main.htm
https://en.nankai.edu.cn/2020/1125/c23047a330182/page.htm
https://en.nankai.edu.cn/2021/0222/c22796a339099/page.htm
https://en.nankai.edu.cn/2021/0222/c22796a339100/page.htm
https://en.nankai.edu.cn/2021/0325/c22796a348319/page.htm
https://en.nankai.edu.cn/2021/0326/c22795a348267/page.htm
https://en.nankai.edu.cn/2021/0415/c22795a352538/page.htm
https://en.nankai.edu.cn/2021/0428/c22797a355646/page.htm
https://en.nankai.edu.cn/2021/0912/c22795a393990/page.htm
https://en.nankai.edu.cn/2021/0904/c22795a390346/page.htm
https://en.nankai.edu.cn/2021/0607/c22795a370872/page.htm
https://en.nankai.edu.cn/2021/0526/c22795a369859/page.htm
https://sky.nankai.edu.cn/2020/0717/c7806a286552/page.htm
http://sklmcb.less.nankai.edu.cn/public/equipment/80
http://sklmcb.less.nankai.edu.cn/public/equipment/79
http://sklmcb.less.nankai.edu.cn/public/equipment/78
http://sklmcb.less.nankai.edu.cn/public/equipment/77
http://sklmcb.less.nankai.edu.cn/public/equipment/32
http://sklmcb.less.nankai.edu.cn/public/equipment/31
https://en.nankai.edu.cn/2021/0508/c14575a356882/page.psp
http://sklmcb.less.nankai.edu.cn/public/equipment/29
http://sklmcb.less.nankai.edu.cn/public/equipment/37
http://sklmcb.less.nankai.edu.cn/public/equipment/36
http://sklmcb.less.nankai.edu.cn/public/equipment/35
http://sklmcb.less.nankai.edu.cn/public/equipment/34
http://sklmcb.less.nankai.edu.cn/public/equipment/28
http://sklmcb.less.nankai.edu.cn/public/equipment/27
http://sklmcb.less.nankai.edu.cn/public/equipment/26
http://sklmcb.less.nankai.edu.cn/public/equipment/25
http://sklmcb.less.nankai.edu.cn/public/equipment/24
http://sklmcb.less.nankai.edu.cn/public/equipment/23
http://sklmcb.less.nankai.edu.cn/public/equipment/30
http://sklmcb.less.nankai.edu.cn/public/equipment/22
http://sklmcb.less.nankai.edu.cn/public/equipment/21
http://sklmcb.less.nankai.edu.cn/public/equipment/20
http://sklmcb.less.nankai.edu.cn/public/equipment/19
http://sklmcb.less.nankai.edu.cn/public/equipment/18
http://sklmcb.less.nankai.edu.cn/public/equipment/75
http://sklmcb.less.nankai.edu.cn/public/equipment/69
http://sklmcb.less.nankai.edu.cn/public/equipment/68
http://sklmcb.less.nankai.edu.cn/public/equipment/64
http://sklmcb.less.nankai.edu.cn/public/equipment/63
http://sklmcb.less.nankai.edu.cn/public/equipment/55
http://sklmcb.less.nankai.edu.cn/public/equipment/50
http://sklmcb.less.nankai.edu.cn/public/equipment/48
http://sklmcb.less.nankai.edu.cn/public/equipment/47
http://sklmcb.less.nankai.edu.cn/public/equipment/49
http://sklmcb.less.nankai.edu.cn/public/equipment/42
http://sklmcb.less.nankai.edu.cn/public/equipment/41
http://sklmcb.less.nankai.edu.cn/public/equipment/40
http://sklmcb.less.nankai.edu.cn/public/equipment/39
http://sklmcb.less.nankai.edu.cn/public/category/equipment?st=0
https://news.nankai.edu.cn/ywsd/system/2024/07/12/030062567.shtml
https://news.nankai.edu.cn/ywsd/system/2024/07/28/030062751.shtml
https://news.nankai.edu.cn/ywsd/system/2024/08/04/030062832.shtml
https://news.nankai.edu.cn/ywsd/system/2024/08/07/030062857.shtml
https://news.nankai.edu.cn/ywsd/system/2024/08/08/030062867.shtml
https://news.nankai.edu.cn/ywsd/system/2024/09/27/030063695.shtml
https://career.nankai.edu.cn/Web/News/content?id=1862
https://xds.nankai.edu.cn/
https://careers.nankai.edu.cn/Login/login/type/2.html
http://phy.less.nankai.edu.cn/public/post/16
http://phy.less.nankai.edu.cn/public/category/ieijg
http://phy.less.nankai.edu.cn/public/category/women
http://phy.less.nankai.edu.cn/public/category/ziliao
https://physics.nankai.edu.cn/2019/1024/c572a241850/page.htm
http://phy.less.nankai.edu.cn/public/category/biaozhun
http://phy.less.nankai.edu.cn/public/category/guizhang
http://phy.less.nankai.edu.cn/public/category/equipment
http://phy.less.nankai.edu.cn/public/category/rtyuiknb
http://phy.less.nankai.edu.cn/public/category/instruction
https://careers.nankai.edu.cn/login/login.html
http://sbc.nankai.edu.cn/
https://physics.nankai.edu.cn/bsh/list.htm
https://yzb.nankai.edu.cn/main.htm
https://physics.nankai.edu.cn/2024/0527/c576a544264/page.htm
https://physics.nankai.edu.cn/2024/1021/c576a553540/page.htm
https://physics.nankai.edu.cn/2021/0922/c572a397263/page.htm
https://physics.nankai.edu.cn/2023/0516/c576a512420/page.htm
https://news.nankai.edu.cn/ywsd/system/2024/04/25/030061203.shtml
https://news.nankai.edu.cn/ywsd/system/2024/05/02/030061377.shtml
https://graduate.nankai.edu.cn/
https://news.nankai.edu.cn/ywsd/system/2024/05/13/030061541.shtml
https://news.nankai.edu.cn/zhxw/system/2024/08/01/030062805.shtml
http://zhgl.nankai.edu.cn/
http://less.nankai.edu.cn/article/works
http://less.nankai.edu.cn/article/rules
http://less.nankai.edu.cn/file
http://less.nankai.edu.cn/contact
http://less.nankai.edu.cn/article/notice
http://less.nankai.edu.cn/equipment
http://less.nankai.edu.cn/lims/signup
https://yzxt.nankai.edu.cn/intern/frontend/web/
https://news.nankai.edu.cn/ywsd/system/2024/09/25/030063644.shtml
https://graduate.nankai.edu.cn/gzzd/list.htm
https://graduate.nankai.edu.cn/75/list.htm
https://graduate.nankai.edu.cn/74/list.htm
http://less.nankai.edu.cn/article/content/9
http://less.nankai.edu.cn/article/content/13
http://less.nankai.edu.cn/article/content/14
http://less.nankai.edu.cn/article/content/15
https://yzb.nankai.edu.cn/xsbd/list.htm
http://less.nankai.edu.cn/article/content/16
http://less.nankai.edu.cn/article/content/21
http://less.nankai.edu.cn/public/
http://less.nankai.edu.cn/equipment/content/10
https://physics.nankai.edu.cn/wzhxw/list.htm
http://less.nankai.edu.cn/lims/recovery
https://sso.nankai.edu.cn/sso/login
http://less.nankai.edu.cn/lims/!labs/signup/lab
http://less.nankai.edu.cn/lims/!labs/signup
https://yzb.nankai.edu.cn/2557/list.htm
https://yzb.nankai.edu.cn/2554/list.htm
https://yzb.nankai.edu.cn/2553/list.htm
https://yzb.nankai.edu.cn/2552/list.htm
https://yzb.nankai.edu.cn/2551/list.htm
http://less.nankai.edu.cn/lims/
http://less.nankai.edu.cn/lims/login
http://less.nankai.edu.cn/equipment/content/9
https://yzb.nankai.edu.cn/2e/0c/c2630a11788/page.psp
https://yzb.nankai.edu.cn/34/cf/c2630a13519/page.psp
http://less.nankai.edu.cn/equipment/content/8
https://yzb.nankai.edu.cn/34/d1/c2630a13521/page.psp
http://less.nankai.edu.cn/equipment/content/7
https://yzb.nankai.edu.cn/2556/list.psp
https://yzb.nankai.edu.cn/2555/list.psp
http://less.nankai.edu.cn/equipment/content/6
http://less.nankai.edu.cn/equipment/content/5
http://less.nankai.edu.cn/equipment/content/4
http://less.nankai.edu.cn/equipment/content/3
https://news.nankai.edu.cn/ywsd/system/2022/10/09/030053077.shtml
http://less.nankai.edu.cn/equipment/content/2
http://less.nankai.edu.cn/equipment/content/1
http://less.nankai.edu.cn/equipment?tag=%E7%83%AD%E5%88%86%E6%9E%90%E4%BB%AA%E5%99%A8
https://iam.nankai.edu.cn/login?next=%2Fapi%2Fcas%2Flogin%3Fservice%3Dhttp%253A%252F%252Fless.nankai.edu.cn%252Fgate%252Flogin%253Ffrom%253Dnankai%2526redirect%253Dhttp%25253A%25252F%25252Fless.nankai.edu.cn%25252Flims%25252F%252521people%25252Fdocking%25252Flogin
http://less.nankai.edu.cn/equipment?tag=%E8%83%BD%E8%B0%B1%E4%BB%AA%E5%99%A8
http://less.nankai.edu.cn/equipment?tag=%E6%B5%8B%E9%87%8F%E8%AE%A1%E9%87%8F%E4%BB%AA%E5%99%A8
http://less.nankai.edu.cn/equipment?tag=%E7%94%B5%E9%95%9C%E4%BB%AA%E5%99%A8
http://less.nankai.edu.cn/equipment?tag=%E6%98%BE%E5%BE%AE%E9%95%9C%E5%8F%8A%E5%9B%BE%E5%83%8F%E5%88%86%E6%9E%90%E4%BB%AA%E5%99%A8
http://less.nankai.edu.cn/equipment?tag=%E8%89%B2%E8%B0%B1%E4%BB%AA%E5%99%A8
http://less.nankai.edu.cn/equipment?tag=%E5%85%B6%E4%BB%96
http://less.nankai.edu.cn/equipment?tag=%E7%94%9F%E5%8C%96%E5%88%86%E7%A6%BB%E5%88%86%E6%9E%90%E4%BB%AA%E5%99%A8
http://less.nankai.edu.cn/equipment?tag=%E8%B4%A8%E8%B0%B1%E4%BB%AA%E5%99%A8
http://less.nankai.edu.cn/equipment?tag=%E6%A0%B8%E7%A3%81%E4%BB%AA%E5%99%A8
http://less.nankai.edu.cn/equipment?tag=X%E5%B0%84%E7%BA%BF%E4%BB%AA%E5%99%A8
http://less.nankai.edu.cn/equipment?tag=%E5%85%89%E8%B0%B1%E4%BB%AA%E5%99%A8
http://less.nankai.edu.cn/article/content/63
http://less.nankai.edu.cn/article/content/64
http://less.nankai.edu.cn/article/content/65
http://less.nankai.edu.cn/article/content/48
http://less.nankai.edu.cn/equipment/content/172
http://less.nankai.edu.cn/equipment/content/152
http://less.nankai.edu.cn/equipment/content/297
http://less.nankai.edu.cn/equipment/content/295
http://less.nankai.edu.cn/equipment/content/195
http://less.nankai.edu.cn/equipment/content/81
http://less.nankai.edu.cn/equipment/content/207
http://less.nankai.edu.cn/equipment/content/66
http://less.nankai.edu.cn/equipment/content/75
http://less.nankai.edu.cn/equipment/content/72
http://less.nankai.edu.cn/equipment/content/96
http://less.nankai.edu.cn/equipment/content/147
http://less.nankai.edu.cn/equipment/content/101
http://less.nankai.edu.cn/equipment/content/100
http://less.nankai.edu.cn/equipment/content/97
http://less.nankai.edu.cn/equipment/content/92
http://less.nankai.edu.cn/equipment/content/82
http://less.nankai.edu.cn/equipment/content/56
http://less.nankai.edu.cn/equipment/content/46
http://less.nankai.edu.cn/equipment/content/139
http://less.nankai.edu.cn/equipment/content/136
http://less.nankai.edu.cn/equipment/content/128
http://less.nankai.edu.cn/equipment/content/113
http://less.nankai.edu.cn/equipment/content/94
http://less.nankai.edu.cn/equipment/content/14
http://less.nankai.edu.cn/equipment/content/80
http://less.nankai.edu.cn/equipment/content/73
http://less.nankai.edu.cn/equipment/content/49
http://less.nankai.edu.cn/equipment/content/37
http://less.nankai.edu.cn/equipment/content/34
http://less.nankai.edu.cn/equipment/content/13
http://less.nankai.edu.cn/equipment/content/12
http://less.nankai.edu.cn/equipment/content/11
http://less.nankai.edu.cn/equipment/content/71
http://less.nankai.edu.cn/equipment/content/51
http://less.nankai.edu.cn/equipment/content/48
http://less.nankai.edu.cn/equipment/content/45
http://less.nankai.edu.cn/equipment/content/33
http://less.nankai.edu.cn/equipment/content/23
http://less.nankai.edu.cn/equipment/content/21
http://less.nankai.edu.cn/equipment/content/15
http://less.nankai.edu.cn/equipment/content/68
http://less.nankai.edu.cn/equipment/content/60
http://less.nankai.edu.cn/equipment/content/57
http://less.nankai.edu.cn/equipment/content/52
http://less.nankai.edu.cn/equipment/content/43
http://less.nankai.edu.cn/equipment/content/35
http://less.nankai.edu.cn/equipment/content/30
http://less.nankai.edu.cn/equipment/content/29
http://less.nankai.edu.cn/equipment/content/24
http://less.nankai.edu.cn/equipment/content/50
http://less.nankai.edu.cn/equipment/content/47
http://less.nankai.edu.cn/equipment/content/42
http://less.nankai.edu.cn/equipment/content/40
http://less.nankai.edu.cn/equipment/content/32
http://less.nankai.edu.cn/equipment/content/28
http://less.nankai.edu.cn/equipment/content/25
http://less.nankai.edu.cn/equipment/content/18
http://less.nankai.edu.cn/equipment/content/17
http://less.nankai.edu.cn/equipment/content/161
http://less.nankai.edu.cn/equipment/content/130
http://less.nankai.edu.cn/equipment/content/122
http://less.nankai.edu.cn/equipment/content/120
http://less.nankai.edu.cn/equipment/content/91
http://less.nankai.edu.cn/equipment/content/65
http://less.nankai.edu.cn/equipment/content/44
http://less.nankai.edu.cn/equipment/content/36
http://less.nankai.edu.cn/equipment/content/79
http://less.nankai.edu.cn/equipment/content/76
http://less.nankai.edu.cn/equipment/content/61
http://less.nankai.edu.cn/equipment/content/58
http://less.nankai.edu.cn/equipment/content/55
http://less.nankai.edu.cn/equipment/content/54
http://less.nankai.edu.cn/equipment/content/41
http://less.nankai.edu.cn/equipment/content/31
http://less.nankai.edu.cn/equipment/content/27
http://less.nankai.edu.cn/equipment/content/181
http://less.nankai.edu.cn/equipment/content/164
http://less.nankai.edu.cn/equipment/content/155
http://less.nankai.edu.cn/equipment/content/134
http://less.nankai.edu.cn/equipment/content/124
http://less.nankai.edu.cn/equipment/content/104
http://less.nankai.edu.cn/equipment/content/103
http://less.nankai.edu.cn/equipment/content/39
http://less.nankai.edu.cn/equipment/content/226
http://less.nankai.edu.cn/equipment/content/208
http://less.nankai.edu.cn/equipment/content/202
http://less.nankai.edu.cn/equipment/content/185
http://less.nankai.edu.cn/equipment/content/184
http://less.nankai.edu.cn/equipment/content/149
http://less.nankai.edu.cn/equipment/content/146
http://less.nankai.edu.cn/equipment/content/106
http://less.nankai.edu.cn/equipment/content/296
http://less.nankai.edu.cn/equipment/content/280
http://less.nankai.edu.cn/equipment/content/133
http://less.nankai.edu.cn/equipment/content/129
http://less.nankai.edu.cn/equipment/content/138
http://less.nankai.edu.cn/equipment/content/85
http://less.nankai.edu.cn/article/content/66
http://less.nankai.edu.cn/article/content/67
http://less.nankai.edu.cn/article/content/68
http://less.nankai.edu.cn/article/content/69
http://less.nankai.edu.cn/article/content/70
http://less.nankai.edu.cn/article/content/71
http://less.nankai.edu.cn/article/content/75
http://less.nankai.edu.cn/article/content/76
http://less.nankai.edu.cn/article/content/77
http://less.nankai.edu.cn/article/content/78
http://less.nankai.edu.cn/article/content/79
http://less.nankai.edu.cn/file/download/36
http://less.nankai.edu.cn/article/content/5
http://less.nankai.edu.cn/article/content/4
http://less.nankai.edu.cn/article/content/7
http://less.nankai.edu.cn/article/content/6
http://less.nankai.edu.cn/article/content/8
http://less.nankai.edu.cn/article/content/73
http://less.nankai.edu.cn/article/content/22
http://less.nankai.edu.cn/article/content/24
http://less.nankai.edu.cn/article/content/25
http://less.nankai.edu.cn/article/content/29
http://less.nankai.edu.cn/article/content/31
http://less.nankai.edu.cn/article/content/33
http://less.nankai.edu.cn/article/content/36
https://graduate.nankai.edu.cn/73/list.htm
https://graduate.nankai.edu.cn/72/list.htm
https://graduate.nankai.edu.cn/83/list.htm
https://graduate.nankai.edu.cn/82/list.htm
https://graduate.nankai.edu.cn/2023/0904/c120a518562/page.htm
https://graduate.nankai.edu.cn/zxdt/list.htm
http://jgs.graduate.nankai.edu.cn/
https://physics.nankai.edu.cn/blzhsy_29154/list.htm
https://graduate.nankai.edu.cn/rcglgd/list.htm
https://graduate.nankai.edu.cn/2017/0222/c3325a56863/page.htm
https://graduate.nankai.edu.cn/2015/0416/c114a17337/page.htm
https://graduate.nankai.edu.cn/xjgl/list.htm
https://xwxx.nankai.edu.cn/login
https://graduate.nankai.edu.cn/english/
https://news.nankai.edu.cn/dcxy/system/2024/12/03/030064864.shtml
https://graduate.nankai.edu.cn/byjj/list.htm
https://physics.nankai.edu.cn/25044/list.htm
https://news.nankai.edu.cn/zhxw/system/2024/12/08/030064943.shtml
https://graduate.nankai.edu.cn/104/list.psp
https://physics.nankai.edu.cn/wlxyen/main.htm
https://physics.nankai.edu.cn/sdsf/list.htm
https://physics.nankai.edu.cn/xxgcesd/list.htm
https://physics.nankai.edu.cn/djxxjy/list.htm
https://graduate.nankai.edu.cn/english/4591/list.htm
https://graduate.nankai.edu.cn/english/4590/list.htm
https://graduate.nankai.edu.cn/english/4588/list.htm
https://physics.nankai.edu.cn/25057/list.htm
https://physics.nankai.edu.cn/527/list.htm
https://graduate.nankai.edu.cn/english/4587/list.htm
https://graduate.nankai.edu.cn/english/4586/list.htm
https://rsc.nankai.edu.cn/13666/list.htm
https://rsc.nankai.edu.cn/13667/list.htm
https://rsc.nankai.edu.cn/2023/1107/c15498a527611/page.htm
https://iam.nankai.edu.cn/login?next=%2Fapi%2Fcas%2Flogin%3Fservice%3Dhttps%253A%252F%252Fyjs.nankai.edu.cn%252Fallogene%252Fpage%252Fhome.htm
https://en.nankai.edu.cn/2023/0826/c22795a517994/page.htm
https://en.nankai.edu.cn/2023/0911/c22795a519738/page.htm
https://rsc.nankai.edu.cn/2024/0806/c15498a548529/page.htm
https://en.nankai.edu.cn/2023/1012/c22795a522279/page.htm
https://en.nankai.edu.cn/2023/1113/c22795a528145/page.htm
https://physics.nankai.edu.cn/csq/main.htm
https://physics.nankai.edu.cn/czg/main.htm
https://physics.nankai.edu.cn/ly/main.htm
https://physics.nankai.edu.cn/lbh/main.htm
https://physics.nankai.edu.cn/wht/main.htm
https://physics.nankai.edu.cn/tjg/main.htm
https://physics.nankai.edu.cn/xjj/main.htm
https://en.nankai.edu.cn/2023/1113/c22796a528151/page.htm
https://news.nankai.edu.cn/dcxy/system/2022/11/23/030053771.shtml
https://news.nankai.edu.cn/dcxy/system/2023/03/08/030054717.shtml
https://news.nankai.edu.cn/zhxw/system/2023/03/10/030054756.shtml
https://news.nankai.edu.cn/zhxw/system/2023/04/03/030055213.shtml
https://graduate.nankai.edu.cn/english/4585/list.htm
https://chenlab.nankai.edu.cn
https://physics.nankai.edu.cn/xsq/main.htm
https://iap.nankai.edu.cn/main.htm
https://physics.nankai.edu.cn/wlxyen/29457/list.htm
https://physics.nankai.edu.cn/wlxyen/29449/list.htm
https://physics.nankai.edu.cn/tlq/main.htm
https://physics.nankai.edu.cn/hy/main.htm
https://physics.nankai.edu.cn/sdh/main.htm
https://physics.nankai.edu.cn/wlxyen/29447/list.htm
https://my.nankai.edu.cn/_upload/article/files/93/f4/7499349d4a8a989433f7b3eb22b5/3407d9fb-7126-4868-8fb7-2fcdca0729c7.pdf
https://physics.nankai.edu.cn/ly_en/main.htm
https://physics.nankai.edu.cn/lbh_en/main.htm
https://physics.nankai.edu.cn/wht_en/main.htm
https://physics.nankai.edu.cn/tjg_en/main.htm
https://physics.nankai.edu.cn/xjj_en/main.htm
https://physics.nankai.edu.cn/sh_en/main.htm
https://topo-photonics.nankai.edu.cn/index.htm
https://physics.nankai.edu.cn/kyf_en/main.htm
https://chenlab.nankai.edu.cn/12154/list.htm
https://physics.nankai.edu.cn/csq_en/main.htm
https://physics.nankai.edu.cn/xsq_en/main.htm
https://physics.nankai.edu.cn/czg_en/main.htm
https://chenlab.nankai.edu.cn/zxdt/list.htm
https://topo-photonics.nankai.edu.cn/
https://physics.nankai.edu.cn/hy_en/main.htm
https://physics.nankai.edu.cn/sdh_en/main.htm
https://physics.nankai.edu.cn/grzy/tjg/index.psp
https://physics.nankai.edu.cn/sh/main.htm
https://topo-photonics.nankai.edu.cn/kycg/a2022.htm
https://physics.nankai.edu.cn/kyf/main.htm
https://topo-photonics.nankai.edu.cn/xwdt/a2022.htm
https://topo-photonics-eng.nankai.edu.cn/
https://physics.nankai.edu.cn/tlq_en/main.htm
https://physics.nankai.edu.cn/2018/0425/c571a97913/page.htm
https://news.nankai.edu.cn/mtnk/system/2019/04/24/000446977.shtml
https://my.nankai.edu.cn/_upload/article/files/8d/c5/9c341c5647e8bcc68a96a9a58ee9/111bb452-6a10-403e-b7cc-db474eac5dc3.pdf
https://iam.nankai.edu.cn/login?next=%2Fapi%2Fcas%2Flogin%3Fservice%3Dhttp%253A%252F%252Fphysics.nankai.edu.cn%252F37%252Fd0%252Fc571a14288%252Fpage.psp
https://iam.nankai.edu.cn/login?next=%2Fapi%2Fcas%2Flogin%3Fservice%3Dhttp%253A%252F%252Fphysics.nankai.edu.cn%252F37%252Fcf%252Fc571a14287%252Fpage.psp
https://news.nankai.edu.cn/ywsd/system/2020/05/10/030039129.shtml
https://graduate.nankai.edu.cn/english/2021/1130/c4584a418259/page.htm
https://iam.nankai.edu.cn/login?next=%2Fapi%2Fcas%2Flogin%3Fservice%3Dhttp%253A%252F%252Fphysics.nankai.edu.cn%252F6e%252Fb0%252Fc571a28336%252Fpage.psp
https://iam.nankai.edu.cn/login?next=%2Fapi%2Fcas%2Flogin%3Fservice%3Dhttp%253A%252F%252Fphysics.nankai.edu.cn%252F2017%252F0429%252Fc571a65910%252Fpage.psp
https://graduate.nankai.edu.cn/english/4584/list.htm
https://iam.nankai.edu.cn/login?next=%2Fapi%2Fcas%2Flogin%3Fservice%3Dhttp%253A%252F%252Fphysics.nankai.edu.cn%252Fb1%252F03%252Fc571a45315%252Fpage.psp
https://iam.nankai.edu.cn/login?next=%2Fapi%2Fcas%2Flogin%3Fservice%3Dhttp%253A%252F%252Fphysics.nankai.edu.cn%252F2017%252F0713%252Fc571a71183%252Fpage.psp
https://topo-photonics.nankai.edu.cn/info/1173/1372.htm
https://rsc.nankai.edu.cn/2018/0903/c14487a185257/page.htm
https://rsc.nankai.edu.cn/2021/0517/c14487a364145/page.htm
https://chenlab.nankai.edu.cn/12190/list.htm
https://rsc.nankai.edu.cn/2021/0517/c14487a364124/page.htm
https://chenlab.nankai.edu.cn/main.htm
https://rsc.nankai.edu.cn/2021/0517/c14487a364165/page.htm
https://rsc.nankai.edu.cn/2021/0517/c14487a364164/page.htm
https://rsc.nankai.edu.cn/2021/0517/c14487a364149/page.htm
https://rsc.nankai.edu.cn/2021/0517/c14487a364144/page.htm
https://rsc.nankai.edu.cn/2020/1023/c14487a312241/page.htm
https://rsc.nankai.edu.cn/2021/0517/c14487a364090/page.htm
https://rsc.nankai.edu.cn/2024/0709/c15498a547252/page.htm
https://rsc.nankai.edu.cn/2021/0511/c14487a357606/page.htm
https://rsc.nankai.edu.cn/13685/list.htm
https://rsc.nankai.edu.cn/2021/0517/c14487a364122/page.htm
https://rsc.nankai.edu.cn/2021/0517/c14487a364013/page.htm
https://rsc.nankai.edu.cn/2020/1023/c14487a312240/page.htm
https://rsc.nankai.edu.cn/2021/0517/c14487a363996/page.htm
https://physics.nankai.edu.cn/lh/
https://physics.nankai.edu.cn/lww1/
https://physics.nankai.edu.cn/lzc/
https://physics.nankai.edu.cn/ch/
https://rsc.nankai.edu.cn/2019/1119/c14459a249520/page.htm
https://rsc.nankai.edu.cn/2023/1209/c14461a531140/page.htm
https://rsc.nankai.edu.cn/2024/0409/c14458a539762/page.htm
https://chenlab.nankai.edu.cn/chenlab_en/
https://chenlab.nankai.edu.cn/12209/list.htm
https://chenlab.nankai.edu.cn/12224/list.htm
https://chenlab.nankai.edu.cn/12220/list.htm
https://chenlab.nankai.edu.cn/12213/list.htm
https://rsc.nankai.edu.cn/2020/0911/c14459a296520/page.htm
https://rsc.nankai.edu.cn/2019/1128/c14459a252294/page.htm
https://rsc.nankai.edu.cn/2022/1012/c14459a485166/page.htm
https://rsc.nankai.edu.cn/2020/0615/c14459a278328/page.htm
https://physics.nankai.edu.cn/lww1_en/main.htm
https://physics.nankai.edu.cn/lh_en/main.htm
https://physics.nankai.edu.cn/ch_en/main.htm
https://xxb.nankai.edu.cn/2020/0426/c717a270088/page.psp
https://physics.nankai.edu.cn/lzc_en/main.htm
https://rsc.nankai.edu.cn/2019/0525/c14463a185266/page.htm
https://chenlab.nankai.edu.cn/chenlab_en/14795/list.htm
https://chenlab.nankai.edu.cn/chenlab_en/14809/list.htm
https://rsc.nankai.edu.cn/2019/0525/c14463a185240/page.htm
https://rsc.nankai.edu.cn/2019/0525/c14463a185241/page.htm
https://chenlab.nankai.edu.cn/chenlab_en/main.htm
https://rsc.nankai.edu.cn/2021/0304/c14463a341511/page.htm
https://rsc.nankai.edu.cn/2019/0525/c14463a185237/page.htm
https://rsc.nankai.edu.cn/2019/0525/c14463a185236/page.htm
https://physics.nankai.edu.cn/grzy/schen/main.psp
https://rsc.nankai.edu.cn/13679/list.htm
https://physics.nankai.edu.cn/lh/main.htm
https://physics.nankai.edu.cn/ch/main.htm
https://rsc.nankai.edu.cn/2019/0709/c14463a185129/page.htm
https://webplus3.nankai.edu.cn/_upload/article/files/0c/b8/8bfe93b142e698774fe292af0cae/63435459-5e28-4c20-bef1-1da60e7b0ad1.pdf
https://physics.nankai.edu.cn/lzc/main.htm
https://chenlab.nankai.edu.cn/chenlab_en/14821/list.htm
https://rsc.nankai.edu.cn/2021/0426/c14483a354695/page.htm
https://chenlab.nankai.edu.cn/chenlab_en/14818/list.htm
https://chenlab.nankai.edu.cn/chenlab_en/14825/list.htm
https://chenlab.nankai.edu.cn/chenlab_en/14815/list.htm
https://rsc.nankai.edu.cn/13660/list.htm
https://physics.nankai.edu.cn/lww1/main.htm
https://rsc.nankai.edu.cn/13671/list.htm
https://rsc.nankai.edu.cn/2024/1203/c13685a558157/page.htm
https://rsc.nankai.edu.cn/2024/1203/c13685a558161/page.htm
https://rsc.nankai.edu.cn/13663/list.htm
https://rsc.nankai.edu.cn/13662/list.htm
https://rsc.nankai.edu.cn/13721/list.htm
https://rsc.nankai.edu.cn/13714/list.htm
https://rsc.nankai.edu.cn/13713/list.htm
https://rsc.nankai.edu.cn/13715/list.htm
https://rsc.nankai.edu.cn/13669/list.htm
https://rsc.nankai.edu.cn/main.htm
https://news.nankai.edu.cn/ywsd/system/2021/06/30/030047128.shtml
https://news.nankai.edu.cn/ywsd/system/2021/07/03/030047144.shtml
https://news.nankai.edu.cn/mtnk/system/2021/07/03/030047148.shtml
https://news.nankai.edu.cn/ywsd/system/2021/08/21/030047646.shtml
https://sso.nankai.edu.cn/sso/login?service=https://waizhuan.nankai.edu.cn/NANKAIHome.aspx
https://news.nankai.edu.cn/ywsd/system/2021/09/11/030047886.shtml
https://zzb.nankai.edu.cn/main.htm
https://international.nankai.edu.cn/13534/list.htm
https://international.nankai.edu.cn/13533/list.htm
https://international.nankai.edu.cn/tzgg/list.htm
https://international.nankai.edu.cn/13531/list.htm
https://rsc.nankai.edu.cn/15359/list.htm
https://rsc.nankai.edu.cn/das/list.htm
https://rsc.nankai.edu.cn/15358/list.htm
https://rsc.nankai.edu.cn/15357/list.htm
https://rsc.nankai.edu.cn/15356/list.htm
https://rsc.nankai.edu.cn/15354/list.htm
https://iam.nankai.edu.cn/login?next=%2Fapi%2Fcas%2Flogin%3Fservice%3Dhttps%3A%2F%2Fwaizhuan.nankai.edu.cn%2FNANKAIHome.aspx
https://rsc.nankai.edu.cn/15353/list.htm
https://international.nankai.edu.cn/2020/1228/c22686a331593/page.htm
https://international.nankai.edu.cn/22685/list.htm
https://international.nankai.edu.cn/main.htm
https://international.nankai.edu.cn/lxtj/list.htm
https://international.nankai.edu.cn/13554/list.htm
https://international.nankai.edu.cn/13551/list.htm
https://news.nankai.edu.cn/ywsd/system/2024/12/01/030064783.shtml
https://international.nankai.edu.cn/13553/list.htm
https://international.nankai.edu.cn/13582/list.htm
https://international.nankai.edu.cn/13581/list.htm
https://international.nankai.edu.cn/13552/list.htm
https://international.nankai.edu.cn/13558/list.psp
https://std.nankai.edu.cn/999/list.htm
https://international.nankai.edu.cn/2020/1125/c22746a320661/page.htm
https://international.nankai.edu.cn/13580/list.psp
https://international.nankai.edu.cn/2020/1125/c22746a320659/page.htm
https://international.nankai.edu.cn/2020/1125/c22746a320660/page.htm
https://international.nankai.edu.cn/13579/list.psp
https://international.nankai.edu.cn/2020/1125/c22746a320658/page.htm
https://international.nankai.edu.cn/2020/1125/c22746a320656/page.htm
https://international.nankai.edu.cn/2020/1125/c22746a320657/page.htm
https://international.nankai.edu.cn/13578/list.psp
https://std.nankai.edu.cn/29110/list.htm
https://std.nankai.edu.cn/1033/list.htm
https://std.nankai.edu.cn/1023/list.htm
https://icell.nankai.edu.cn
https://ensie.nankai.edu.cn/NON_DEGREE_PROGRAMS/APPLICATION_INFORMATION.htm
https://ensie.nankai.edu.cn/DEGREE_PROGRAMS/UNDERGRADUATE.htm
https://ita.nankai.edu.cn
https://prt.nankai.edu.cn
https://ky.nankai.edu.cn/publicity/zXProjectSearch
https://ko.nankai.edu.cn
https://kexie.nankai.edu.cn/
https://ar.nankai.edu.cn
https://std.nankai.edu.cn/2021/0913/c25471a394312/page.htm
https://std.nankai.edu.cn/882/list.htm
https://de.nankai.edu.cn
https://ru.nankai.edu.cn
https://es.nankai.edu.cn
https://iam.nankai.edu.cn/login?next=%2Fapi%2Fcas%2Flogin%3Fservice%3Dhttps%253A%252F%252Fonline.nankai.edu.cn%252Fsso%252Flogin%253Fredirect_uri%253Dhttps%25253A%25252F%25252Fonline.nankai.edu.cn%25252Fsso%25252Foauth2%25252Fauthorize%25253Fscope%25253Dopenid%252526response_type%25253Dcode%252526redirect_uri%25253Dhttps%2525253A%2525252F%2525252Fonline.nankai.edu.cn%2525252Finfoplus%2525252Flogin%2525253FretUrl%2525253Dhttps%252525253A%252525252F%252525252Fonline.nankai.edu.cn%252525252Finfoplus%252525252Foauth2%252525252Fauthorize%252525253Fx_redirected%252525253Dtrue%2525252526scope%252525253Dprofile%252525252Bprofile_edit%252525252Bapp%252525252Btask%252525252Bprocess%252525252Bsubmit%252525252Bprocess_edit%252525252Bsys_triple%252525252Btriple%2525252526response_type%252525253Dcode%2525252526redirect_uri%252525253Dhttp%25252525253A%25252525252F%25252525252Fonline.nankai.edu.cn%25252525252Fnk_jlk%25252525252Fwall%25252525252Fendpoint%25252525253FretUrl%25252525253Dhttp%2525252525253A%2525252525252F%2525252525252Fonline.nankai.edu.cn%2525252525252Fnk_jlk%2525252525252Findex%2525252526client_id%252525253D1640e2e4-f213-11e3-815d-fa163e9215bb%252526state%25253D489186%252526client_id%25253Dspvy3Wr26GKmlbQGcrkv%2526x_client%253Dcas%26pid%3Dfbwl8m4s
https://en.nankai.edu.cn/AboutNKU/list.htm
http://en.medical.nankai.edu.cn/Undergraduates/list.htm
https://iam.nankai.edu.cn/login?next=%2Fapi%2Fcas%2Flogin%3Fservice%3Dhttp%253A%252F%252Fcwc.nankai.edu.cn%252F2019%252F1225%252Fc19379a259913%252Fpage.psp
https://en.nankai.edu.cn/23046/list.htm
https://en.nankai.edu.cn/23044/list.htm
https://ssrm.nankai.edu.cn/info/1012/3721.htm
https://edp.nankai.edu.cn/
https://sie.nankai.edu.cn/
https://prt.nankai.edu.cn/2019/0618/c31341a493447/page.htm
https://en.nankai.edu.cn/23041/list.htm
https://ar.nankai.edu.cn/2019/0618/c31751a497900/page.htm
https://ar.nankai.edu.cn/2020/1228/c31698a496858/page.htm
https://kexie.nankai.edu.cn/kxxw/list.htm
https://de.nankai.edu.cn/2019/0618/c30998a493361/page.htm
https://ru.nankai.edu.cn/2022/0921/c29981a484762/page.htm
https://en.nankai.edu.cn/23042/list.htm
https://es.nankai.edu.cn/2022/0921/c29699a478221/page.htm
https://en.nankai.edu.cn/23043/list.htm
https://es.nankai.edu.cn/2020/1228/c29678a470480/page.htm
https://ru.nankai.edu.cn/2020/1228/c29764a482223/page.htm
https://de.nankai.edu.cn/2020/1228/c31046a489857/page.htm
https://ko.nankai.edu.cn/2019/0618/c30961a493131/page.htm
https://ko.nankai.edu.cn/2020/1228/c30957a489161/page.htm
https://prt.nankai.edu.cn/2020/1228/c31238a492516/page.htm
https://ensie.nankai.edu.cn/DEGREE_PROGRAMS/GRADUATE.htm
https://env.nankai.edu.cn/2015/1105/c12937a170598/page.htm
https://entas.nankai.edu.cn/info/1035/1091.htm
https://jc.nankai.edu.cn/main.htm
https://hyxy.nankai.edu.cn/jyjx/bks/lxshyyzy.htm
https://hyxy.nankai.edu.cn/index.htm
https://ensie.nankai.edu.cn/
https://fr.nankai.edu.cn
https://ja.nankai.edu.cn
http://nkoa.nankai.edu.cn
https://ita.nankai.edu.cn/2019/0618/c31732a497469/page.htm
https://ita.nankai.edu.cn/2020/1228/c31617a496859/page.htm
https://nkuaa.nankai.edu.cn/
http://hyxy-en.nankai.edu.cn
https://en.nankai.edu.cn/2019/0618/c23064a333238/page.htm
https://en.nankai.edu.cn/2020/1228/c22863a331282/page.htm
http://meeting.nankai.edu.cn/User/Login?ReturnUrl=%2f
https://en.nankai.edu.cn/2020/1225/c22801a330354/page.htm
https://xzxx.nankai.edu.cn/
https://xxgk.nankai.edu.cn/
https://env.nankai.edu.cn/12902/list.htm
https://ssrm.nankai.edu.cn/
https://wxy.nankai.edu.cn/
https://fr.nankai.edu.cn/2019/0618/c31364a493835/page.htm
http://hyxy-en.nankai.edu.cn/25229/list.htm
http://hyxy-en.nankai.edu.cn/25204/list.htm
http://hyxy-en.nankai.edu.cn/25247/list.htm
https://hyxy.nankai.edu.cn/
https://ja.nankai.edu.cn/2019/0618/c30886a487074/page.htm
https://ja.nankai.edu.cn/2020/1228/c30878a486644/page.htm
https://fr.nankai.edu.cn/2020/1228/c31313a492969/page.htm
https://jc.nankai.edu.cn/28797/list.htm
https://wxy.nankai.edu.cn/wxyen/
http://hyxy-en.nankai.edu.cn/main.htm
https://en.nankai.edu.cn/UndergraduateEducation/list.htm
https://aiguo.nankai.edu.cn/
https://nkuaa.nankai.edu.cn/kw/bltdzqk1.htm
https://en.nankai.edu.cn/GlobalResearch/list.htm
https://xxgk.nankai.edu.cn/7wx/ydhzcwtaml/list.htm
https://en.nankai.edu.cn/Academics/list.htm
https://en.nankai.edu.cn/Research/list.htm
https://wxy.nankai.edu.cn/bkjy/list.htm
https://wxy.nankai.edu.cn/zgyywxx/list.htm
https://wxy.nankai.edu.cn/main.htm
https://en.nankai.edu.cn/2020/1218/c23109a327609/page.htm
https://nkuef.nankai.edu.cn/
http://aiguo.nankai.edu.cn/main.htm
https://jc.nankai.edu.cn/28795/list.htm
https://jc.nankai.edu.cn/28787/list.htm
https://wxy.nankai.edu.cn/2021/1009/c25700a401452/page.htm
https://wxy.nankai.edu.cn/2019/1101/c18304a244201/page.htm
https://wxy.nankai.edu.cn/2019/1101/c18305a244202/page.htm
https://wxy.nankai.edu.cn/2019/1106/c18394a245671/page.htm
https://wxy.nankai.edu.cn/2022/0428/c29125a456678/page.htm
https://wxy.nankai.edu.cn/2023/1225/c18303a533374/page.htm
https://my.nankai.edu.cn/wxy/qxs/list.psp
https://wxy.nankai.edu.cn/2020/1230/c23132a332266/page.htm
https://wxy.nankai.edu.cn/2019/1101/c18298a244195/page.htm
https://wxy.nankai.edu.cn/2019/1101/c18297a244193/page.htm
https://wxy.nankai.edu.cn/2019/1101/c18296a244192/page.htm
https://wxy.nankai.edu.cn/2022/0908/c30011a473602/page.htm
https://wxy.nankai.edu.cn/2019/1101/c18295a244190/page.htm
https://wxy.nankai.edu.cn/2019/1101/c18292a244186/page.htm
https://my.nankai.edu.cn/wxy/lx/list.psp
https://wxy.nankai.edu.cn/2019/1101/c18291a244184/page.htm
https://wxy.nankai.edu.cn/2019/1101/c18290a244183/page.htm
https://my.nankai.edu.cn/wxy/hrc/list.psp
https://wxy.nankai.edu.cn/2021/1009/c25702a401455/page.htm
https://my.nankai.edu.cn/wxy/lyz_1590/list.psp
https://wxy.nankai.edu.cn/2019/1101/c18288a244164/page.htm
https://my.nankai.edu.cn/wxy/gj/list.psp
https://wxy.nankai.edu.cn/2019/1104/c18398a244835/page.htm
https://wxy.nankai.edu.cn/2019/1101/c18287a244162/page.htm
https://my.nankai.edu.cn/
https://wxy.nankai.edu.cn/2023/1223/c18283a532753/page.htm
https://wxy.nankai.edu.cn/2019/1101/c18284a244158/page.htm
https://wxy.nankai.edu.cn/2019/1030/c18240a243617/page.htm
https://my.nankai.edu.cn/wxy/hl/list.psp
https://wxy.nankai.edu.cn/2022/1010/c18149a484760/page.htm
https://wxy.nankai.edu.cn/2019/1027/c18150a242663/page.htm
https://iam.nankai.edu.cn/login?next=%2Fapi%2Fcas%2Flogin%3Fservice%3Dhttps%253A%252F%252Fmy2.nankai.edu.cn%252F_web%252F_platform%252FteacherHome%252Findex.jsp%253F_p%253DYXM9MSZwPTEmbT1OJg__%2526act%253D1
https://wxy.nankai.edu.cn/2019/1027/c18148a242658/page.htm
https://zhaopin.nankai.edu.cn/recruit.jsp?FM_SYS_ID=nkdx_sj
https://wxy.nankai.edu.cn/2021/1009/c25701a401453/page.htm
https://wxy.nankai.edu.cn/2019/1026/c18145a242602/page.htm
https://my.nankai.edu.cn/wxy/cyj/list.psp
https://wxy.nankai.edu.cn/2022/0908/c30010a473600/page.htm
https://wxy.nankai.edu.cn/2019/1026/c18147a242656/page.htm
https://webplus3.nankai.edu.cn/_s281/_t905/29000/list.psp
https://wxy.nankai.edu.cn/2019/1026/c18146a242607/page.htm
https://jcen.nankai.edu.cn/
https://wxy.nankai.edu.cn/2020/1230/c23131a332264/page.htm
https://my.nankai.edu.cn/zjgx/list.htm
https://my.nankai.edu.cn/xylb/list.htm
https://my.nankai.edu.cn/rdzy/list.htm
https://ctsm.nankai.edu.cn
https://jc.nankai.edu.cn/28793/list.htm
http://www.cim.nankai.edu.cn/2022/1118/c6602a495796/page.htm
http://www.cim.nankai.edu.cn/
http://www.cim.nankai.edu.cn/2023/0216/c6602a504604/page.htm
http://www.cim.nankai.edu.cn/2024/0308/c6602a537428/page.htm
http://www.cim.nankai.edu.cn/_s116/2023/0530/c6866a513970/page.psp
https://tourism2011.nankai.edu.cn/
https://env.nankai.edu.cn/main.htm
https://enven.nankai.edu.cn/main.htm
https://taslab.nankai.edu.cn/
https://entas.nankai.edu.cn/
http://oa.tas.nankai.edu.cn/Login/index.html
http://vpn.nankai.edu.cn
https://news.nankai.edu.cn/mtnk/system/2022/07/16/030052026.shtml
https://jcen.nankai.edu.cn/Academic/list.htm
https://jcen.nankai.edu.cn/main.htm
https://yzxt.nankai.edu.cn/intern/frontend/web/gs-grade-master-retest/index
https://yzxt.nankai.edu.cn/intern/frontend/web/gsgradequery/index
https://news.nankai.edu.cn/mtnk/system/2019/10/20/030035879.shtml
https://bs.nankai.edu.cn/
https://celib.nankai.edu.cn/
https://entas.nankai.edu.cn/info/1002/1309.htm
https://entas.nankai.edu.cn/info/1019/1692.htm
https://news.nankai.edu.cn/ztbd/system/2019/11/01/030036176.shtml
https://env.nankai.edu.cn/
http://etc.env.nankai.edu.cn/
https://news.nankai.edu.cn/ywsd/system/2022/11/19/030053706.shtml
https://enven.nankai.edu.cn/NankaiUniversitywUniversityofGlasgowJointGraduateProgrammewDualMasterDegreew/list.htm
https://taslab.nankai.edu.cn/xscxcg/list.htm
https://bs.nankai.edu.cn/llxx/list.htm
https://taslab.nankai.edu.cn/12815/list.htm
https://taslab.nankai.edu.cn/12827/list.htm
https://taslab.nankai.edu.cn/main.htm
https://yzb.nankai.edu.cn/zszyml_3034/list.htm
http://etc.env.nankai.edu.cn/xnfz/list.htm
https://cuter.nankai.edu.cn/
https://bs.nankai.edu.cn/djxxjy/list.htm
https://webplus3.nankai.edu.cn/login.jsp?_p=YXM9MSZwPTEmbT1OJg__
https://bs.nankai.edu.cn/2024/0417/c9007a540468/page.htm
https://bs.nankai.edu.cn/2018/0618/c9470a102202/page.htm
https://yzb.nankai.edu.cn/2e/3a/c2983a11834/page.psp
https://bs.nankai.edu.cn/2018/0618/c9470a102198/page.htm
https://bs.nankai.edu.cn/2018/0618/c9470a102200/page.htm
https://bs.nankai.edu.cn/2018/0618/c9470a102196/page.htm
https://bs.nankai.edu.cn/2018/0618/c9470a102197/page.htm
https://bs.nankai.edu.cn/sbjy/list.htm
https://bs.nankai.edu.cn/100th_news/list.htm
https://mba.nankai.edu.cn
https://bs.nankai.edu.cn/hdxw/list.htm
https://bs.nankai.edu.cn/xysh/list.htm
https://nkemba.nankai.edu.cn/
https://cuter.nankai.edu.cn/en.php
https://iam.nankai.edu.cn/login?next=%2Fapi%2Fcas%2Flogin%3Fservice%3Dhttp%253A%252F%252Fwebplus3.nankai.edu.cn%252Findex.jsp%253F_p%253DYXM9MSZwPTEmbT1OJg__%2526act%253D1
https://ibs.nankai.edu.cn/
https://bs.nankai.edu.cn/en/
https://bs.nankai.edu.cn/xwtg/list.htm
https://bs.nankai.edu.cn/bkjy/list.htm
https://mba.nankai.edu.cn/2024/1205/c12964a558310/page.htm
https://bs.nankai.edu.cn/xsjg/list.htm
https://bs.nankai.edu.cn/xydt/list.htm
https://webplus3.nankai.edu.cn/_s220/2023/1218/c13418a531965/page.psp
https://ibs.nankai.edu.cn/lib/web/?AspxAutoDetectCookieSupport=1
https://webplus3.nankai.edu.cn/_s220/2023/1218/c13418a531974/page.psp
https://webplus3.nankai.edu.cn/_s220/2023/1218/c13418a531973/page.psp
https://iam.nankai.edu.cn/login?next=%2Fapi%2Fcas%2Flogin%3Fservice%3Dhttp%253A%252F%252Fbs.nankai.edu.cn%252F2018%252F0618%252Fc9470a102203%252Fpage.psp
https://news.nankai.edu.cn/mtnk/system/2023/05/24/030056374.shtml
https://bs.nankai.edu.cn/2023/1210/c9007a531182/page.htm
https://bs.nankai.edu.cn/2023/1215/c9007a531858/page.htm
https://exed.nankai.edu.cn/
https://bs.nankai.edu.cn/2024/0105/c9007a534852/page.htm
https://news.nankai.edu.cn/mtnk/system/2022/09/22/030052900.shtml
https://news.nankai.edu.cn/mtnk/system/2023/02/22/030054443.shtml
https://news.nankai.edu.cn/mtnk/system/2023/03/27/030055104.shtml
https://bs.nankai.edu.cn/2022/1203/c10964a499894/page.htm
https://news.nankai.edu.cn/ywsd/system/2024/03/06/030060253.shtml
https://bs.nankai.edu.cn/2018/1021/c10923a111371/page.htm
https://bs.nankai.edu.cn/News/list.htm
https://bs.nankai.edu.cn/FulltimeFaculty/list.htm
https://mba.nankai.edu.cn/MBAxmjs/list.htm
https://news.nankai.edu.cn/ywsd/system/2024/03/21/030060533.shtml
https://bs.nankai.edu.cn/2024/0430/c9007a541430/page.htm
https://bs.nankai.edu.cn/2023/1026/c9007a526008/page.htm
https://webplus3.nankai.edu.cn/_s220/2024/0104/c13418a534750/page.psp
https://mbaxw.nankai.edu.cn/
https://bs.nankai.edu.cn/jstd/list.htm
https://mba.nankai.edu.cn/2019/0517/c12864a162344/page.htm
https://exed.nankai.edu.cn/sxhxw/list.htm
https://exed.nankai.edu.cn/zxkb/list.htm
https://exed.nankai.edu.cn/main.htm
https://mba.nankai.edu.cn/MLISzsxx/list.htm
https://mba.nankai.edu.cn/MEMzsxx/list.htm
https://mba.nankai.edu.cn/MPAcczsxx/list.htm
https://mba.nankai.edu.cn/MBAzsxx/list.htm
https://mba.nankai.edu.cn/zsdt_35963/list.htm
https://mba.nankai.edu.cn/main.htm
https://yzb.nankai.edu.cn/2618/list.htm
https://yzb.nankai.edu.cn/zszyml/list.htm
https://yzb.nankai.edu.cn/2606/list.htm
https://yzb.nankai.edu.cn/sfbz_3630/list.htm
https://yzb.nankai.edu.cn/2971/list.htm
https://yzb.nankai.edu.cn/2970/list.htm
https://yzb.nankai.edu.cn/2968/list.htm
https://yzb.nankai.edu.cn/2969/list.htm
https://yzb.nankai.edu.cn/sqkhz_3425/list.htm
https://yzb.nankai.edu.cn/2967/list.htm
https://yzb.nankai.edu.cn/2962/list.htm
https://mba.nankai.edu.cn/MLISxmjs/list.htm
https://mba.nankai.edu.cn/MEMxmjs/list.htm
https://mba.nankai.edu.cn/MPAccxmjs/list.htm
https://yzb.nankai.edu.cn/2577/list.htm
https://yzb.nankai.edu.cn/2573/list.htm
https://yzb.nankai.edu.cn/2575/list.htm
https://yzb.nankai.edu.cn/2574/list.htm
https://yzb.nankai.edu.cn/2977/list.htm
https://yzb.nankai.edu.cn/sfbz/list.htm
https://yzb.nankai.edu.cn/jztx/list.htm
https://yzb.nankai.edu.cn/2976/list.htm
https://env.nankai.edu.cn/ppe/
https://nrcb.nankai.edu.cn/
https://yzxt.nankai.edu.cn/intern/frontend/web/gs-doctor-grade-query/index
https://yzb.nankai.edu.cn/2975/list.htm
https://yzb.nankai.edu.cn/2974/list.htm
https://tas.nankai.edu.cn/
https://yzb.nankai.edu.cn/2973/list.htm
https://yzb.nankai.edu.cn/2587/list.htm
https://yzb.nankai.edu.cn/2585/list.htm
https://yzb.nankai.edu.cn/2584/list.htm
https://yzb.nankai.edu.cn/2583/list.htm
https://yzb.nankai.edu.cn/2582/list.htm
https://env.nankai.edu.cn/12915/list.htm
https://news.nankai.edu.cn/ywsd/system/2024/07/09/030062512.shtml
https://webplus3.nankai.edu.cn/_s315/xshd/list.psp
https://webplus3.nankai.edu.cn/_s315/yjdt/list.psp
https://graduate.nankai.edu.cn/2022/0901/c73a470982/page.htm
https://webplus3.nankai.edu.cn/_s315/dtxw/list.psp
https://tourism2011.nankai.edu.cn/29570/list.htm
https://tourism2011.nankai.edu.cn/29569/list.htm
https://env.nankai.edu.cn/ppe/hjzs/list.htm
https://env.nankai.edu.cn/ppe/15667/list.htm
https://env.nankai.edu.cn/ppe/15696/list.htm
https://env.nankai.edu.cn/ppe/15695/list.htm
https://env.nankai.edu.cn/ppe/ldjs/list.htm
https://env.nankai.edu.cn/ppe/15679/list.htm
https://env.nankai.edu.cn/ppe/main.htm
https://tourism2011.nankai.edu.cn/29568/list.htm
https://tourism2011.nankai.edu.cn/29567/list.htm
https://tourism2011.nankai.edu.cn/29566/list.htm
https://tourism2011.nankai.edu.cn/29565/list.htm
https://tourism2011.nankai.edu.cn/29564/list.htm
https://tourism2011.nankai.edu.cn/29563/list.htm
https://tourism2011.nankai.edu.cn/29562/list.htm
https://tourism2011.nankai.edu.cn/xtptyhzwl/list.htm
https://tourism2011.nankai.edu.cn/29555/list.htm
https://env.nankai.edu.cn/ppe/yqpt/list.htm
https://tourism2011.nankai.edu.cn/29554/list.htm
https://tourism2011.nankai.edu.cn/29553/list.htm
https://tourism2011.nankai.edu.cn/29551/list.htm
https://tourism2011.nankai.edu.cn/29549/list.htm
https://env.nankai.edu.cn/2019/0612/c14180a177260/page.htm
https://env.nankai.edu.cn/2019/0612/c14182a178397/page.htm
https://env.nankai.edu.cn/2019/0612/c14180a178082/page.htm
https://news.nankai.edu.cn/ywsd/system/2024/09/15/030063418.shtml
http://www.cim.nankai.edu.cn/6593/list.htm
https://env.nankai.edu.cn/2019/0612/c14181a178415/page.psp
https://env.nankai.edu.cn/2019/0612/c14181a178131/page.htm
http://www.cim.nankai.edu.cn/6592/list.htm
https://tourism2011.nankai.edu.cn/29550/list.htm
http://www.cim.nankai.edu.cn/6697/list.htm
https://chern-memorial.nankai.edu.cn/
https://tourism2011.nankai.edu.cn/29547/list.htm
https://tourism2011.nankai.edu.cn/29544/list.htm
https://tourism2011.nankai.edu.cn/main.htm
http://old.cim.nankai.edu.cn/
http://en.cim.nankai.edu.cn
http://www.cim.nankai.edu.cn/main.htm
https://env.nankai.edu.cn/2019/0612/c14182a178400/page.psp
https://news.nankai.edu.cn/mtnk/system/2019/10/11/030035680.shtml
https://boda.nankai.edu.cn
http://cim-profile.nankai.edu.cn/
https://news.nankai.edu.cn/mtnk/system/2019/10/11/030035672.shtml
https://news.nankai.edu.cn/mtnk/system/2019/10/11/030035686.shtml
https://news.nankai.edu.cn/mtnk/system/2019/10/12/030035721.shtml
https://news.nankai.edu.cn/mtnk/system/2019/10/20/030035875.shtml
https://news.nankai.edu.cn/mtnk/system/2019/10/20/030035895.shtml
https://news.nankai.edu.cn/mtnk/system/2019/10/21/030035918.shtml
https://news.nankai.edu.cn/mtnk/system/2019/10/15/030035775.shtml
https://news.nankai.edu.cn/mtnk/system/2019/10/21/030035924.shtml
https://news.nankai.edu.cn/mtnk/system/2019/10/20/030035894.shtml
https://news.nankai.edu.cn/mtnk/system/2019/10/17/030035803.shtml
http://www.cim.nankai.edu.cn/2024/0405/c10785a539572/page.htm
http://www.cim.nankai.edu.cn/2024/0920/c10785a551349/page.htm
http://www.cim.nankai.edu.cn/2024/1031/c10785a554475/page.htm
http://www.cim.nankai.edu.cn/2024/1204/c10785a558224/page.htm
http://www.cim.nankai.edu.cn/2024/1127/c10785a557618/page.htm
http://www.cim.nankai.edu.cn/2019/1030/c7185a243593/page.htm
http://www.cim.nankai.edu.cn/2023/0410/c7185a508801/page.htm
http://www.nim.nankai.edu.cn/2021/0906/c7185a391105/page.htm
http://www.cim.nankai.edu.cn/2023/1229/c7185a534487/page.htm
http://www.cim.nankai.edu.cn/2019/1029/c7185a243151/page.htm
http://www.cim.nankai.edu.cn/2024/0116/c7185a535448/page.htm
http://www.cim.nankai.edu.cn/2024/1017/c7185a553263/page.htm
http://www.cim.nankai.edu.cn/2024/1105/c7185a555436/page.htm
http://www.cim.nankai.edu.cn/2024/1111/c7185a556083/page.htm
http://www.cim.nankai.edu.cn/2024/1119/c7185a556788/page.htm
http://www.cim.nankai.edu.cn/2024/1107/c7185a555741/page.htm
http://old.cim.nankai.edu.cn/nim_e/index.htm
http://en.cim.nankai.edu.cn/a110th_Anniv__of_Chern.htm
http://www.cim.nankai.edu.cn/6695/list.htm
http://en.cim.nankai.edu.cn/info/1149/1302.htm
http://www.nim.nankai.edu.cn/
http://old.cim.nankai.edu.cn/members/
https://yzb.nankai.edu.cn/2019/0917/c3034a203991/page.htm
https://yzb.nankai.edu.cn/2019/0917/c3034a203971/page.htm
http://www.cim.nankai.edu.cn/members/main.psp
https://news.nankai.edu.cn/mtnk/system/2019/10/17/030035807.shtml
https://news.nankai.edu.cn/mtnk/system/2019/10/11/030035670.shtml
https://news.nankai.edu.cn/ywsd/system/2022/01/01/030049807.shtml
https://news.nankai.edu.cn/ywsd/system/2022/01/01/030049809.shtml
https://news.nankai.edu.cn/mtnk/system/2019/09/22/030035368.shtml
https://news.nankai.edu.cn/mtnk/system/2019/10/20/030035884.shtml
https://news.nankai.edu.cn/mtnk/system/2019/10/16/030035781.shtml
https://news.nankai.edu.cn/mtnk/system/2019/10/15/030035772.shtml
https://news.nankai.edu.cn/mtnk/system/2019/10/21/030035926.shtml
https://news.nankai.edu.cn/mtnk/system/2019/10/11/030035685.shtml
https://news.nankai.edu.cn/mtnk/system/2019/10/17/030035797.shtml
https://news.nankai.edu.cn/mtnk/system/2019/10/17/030035796.shtml
https://news.nankai.edu.cn/mtnk/system/2019/10/18/030035829.shtml
https://news.nankai.edu.cn/mtnk/system/2019/10/18/030035831.shtml
https://news.nankai.edu.cn/mtnk/system/2019/10/11/030035673.shtml
https://news.nankai.edu.cn/mtnk/system/2019/10/18/030035828.shtml
https://news.nankai.edu.cn/ywsd/system/2019/10/21/030035908.shtml
https://news.nankai.edu.cn/mtnk/system/2019/10/16/030035784.shtml
https://news.nankai.edu.cn/ywsd/system/2019/06/28/030034131.shtml
https://news.nankai.edu.cn/ywsd/system/2019/06/24/030034094.shtml
https://news.nankai.edu.cn/ywsd/system/2019/06/17/030034067.shtml
https://news.nankai.edu.cn/ywsd/system/2019/06/28/030034135.shtml
https://news.nankai.edu.cn/ywsd/system/2019/07/03/030034204.shtml
https://news.nankai.edu.cn/ywsd/system/2019/07/04/030034219.shtml
https://news.nankai.edu.cn/ywsd/system/2019/07/04/030034243.shtml
https://news.nankai.edu.cn/ywsd/system/2019/07/04/030034244.shtml
https://news.nankai.edu.cn/ywsd/system/2019/06/28/030034129.shtml
https://news.nankai.edu.cn/ywsd/system/2019/07/04/030034247.shtml
https://news.nankai.edu.cn/ywsd/system/2019/06/28/030034132.shtml
https://news.nankai.edu.cn/ztbd/system/2019/07/09/030034351.shtml
https://news.nankai.edu.cn/ztbd/system/2019/07/09/030034348.shtml
https://news.nankai.edu.cn/ztbd/system/2019/07/09/030034352.shtml
https://news.nankai.edu.cn/ztbd/system/2019/07/09/030034349.shtml
https://news.nankai.edu.cn/ztbd/system/2019/07/09/030034359.shtml
https://news.nankai.edu.cn/ztbd/system/2019/07/09/030034350.shtml
https://news.nankai.edu.cn/ztbd/system/2019/07/09/030034354.shtml
https://news.nankai.edu.cn/ztbd/system/2019/07/09/030034358.shtml
https://news.nankai.edu.cn/ztbd/system/2019/07/09/030034355.shtml
https://news.nankai.edu.cn/ztbd/system/2019/07/09/030034356.shtml
https://news.nankai.edu.cn/ywsd/system/2019/07/04/030034245.shtml
https://news.nankai.edu.cn/ywsd/system/2019/06/28/030034130.shtml
https://news.nankai.edu.cn/zhxw/system/2019/11/08/030036293.shtml
https://news.nankai.edu.cn/zhxw/system/2019/11/08/030036284.shtml
https://news.nankai.edu.cn/zhxw/system/2019/11/04/030036227.shtml
https://news.nankai.edu.cn/zhxw/system/2019/11/04/030036217.shtml
https://news.nankai.edu.cn/zhxw/system/2019/11/04/030036219.shtml
https://news.nankai.edu.cn/zhxw/system/2019/11/03/030036196.shtml
https://news.nankai.edu.cn/zhxw/system/2019/11/03/030036201.shtml
https://news.nankai.edu.cn/zhxw/system/2019/11/03/030036206.shtml
https://news.nankai.edu.cn/zhxw/system/2019/11/03/030036207.shtml
https://news.nankai.edu.cn/zhxw/system/2019/11/01/030036175.shtml
https://news.nankai.edu.cn/zhxw/system/2019/11/01/030036174.shtml
https://news.nankai.edu.cn/zhxw/system/2019/10/31/030036164.shtml
https://news.nankai.edu.cn/zhxw/system/2019/10/31/030036163.shtml
https://news.nankai.edu.cn/zhxw/system/2019/10/31/030036157.shtml
https://news.nankai.edu.cn/zhxw/system/2019/10/31/030036156.shtml
https://news.nankai.edu.cn/zhxw/system/2019/10/30/030036146.shtml
https://news.nankai.edu.cn/zhxw/system/2019/10/28/030036106.shtml
https://news.nankai.edu.cn/zhxw/system/2019/10/28/030036107.shtml
https://news.nankai.edu.cn/zhxw/system/2019/10/21/030035915.shtml
https://news.nankai.edu.cn/zhxw/system/2019/10/19/030035852.shtml
https://news.nankai.edu.cn/zhxw/system/2019/10/18/030035832.shtml
https://news.nankai.edu.cn/zhxw/system/2019/10/12/030035732.shtml
https://news.nankai.edu.cn/zhxw/system/2019/10/12/030035730.shtml
https://news.nankai.edu.cn/zhxw/system/2019/10/04/030035601.shtml
https://news.nankai.edu.cn/zhxw/system/2019/10/03/030035594.shtml
https://news.nankai.edu.cn/zhxw/system/2019/09/30/030035556.shtml
https://news.nankai.edu.cn/zhxw/system/2019/09/30/030035554.shtml
https://news.nankai.edu.cn/zhxw/system/2019/09/29/030035517.shtml
https://news.nankai.edu.cn/zhxw/system/2019/09/29/030035520.shtml
https://news.nankai.edu.cn/zhxw/system/2019/09/29/030035518.shtml
https://news.nankai.edu.cn/zhxw/system/2019/09/29/030035519.shtml
https://news.nankai.edu.cn/zhxw/system/2019/09/29/030035510.shtml
https://news.nankai.edu.cn/zhxw/system/2019/09/29/030035511.shtml
https://news.nankai.edu.cn/zhxw/system/2019/09/29/030035515.shtml
https://news.nankai.edu.cn/zhxw/system/2019/09/29/030035512.shtml
https://news.nankai.edu.cn/zhxw/system/2019/09/29/030035513.shtml
https://news.nankai.edu.cn/zhxw/system/2019/09/25/030035441.shtml
https://news.nankai.edu.cn/zhxw/system/2019/09/24/030035429.shtml
https://news.nankai.edu.cn/zhxw/system/2019/09/24/030035427.shtml
https://news.nankai.edu.cn/zhxw/system/2019/09/24/030035426.shtml
https://news.nankai.edu.cn/zhxw/system/2019/09/23/030035413.shtml
https://news.nankai.edu.cn/zhxw/system/2019/09/23/030035410.shtml
https://news.nankai.edu.cn/zhxw/system/2019/09/23/030035405.shtml
https://news.nankai.edu.cn/zhxw/system/2019/09/22/030035373.shtml
https://news.nankai.edu.cn/zhxw/system/2019/09/22/030035371.shtml
https://news.nankai.edu.cn/zhxw/system/2019/09/23/030035406.shtml
https://news.nankai.edu.cn/zhxw/system/2019/09/21/030035354.shtml
https://news.nankai.edu.cn/zhxw/system/2019/09/21/030035346.shtml
https://news.nankai.edu.cn/zhxw/system/2019/09/21/030035344.shtml
https://news.nankai.edu.cn/zhxw/system/2019/09/21/030035343.shtml
https://news.nankai.edu.cn/zhxw/system/2019/09/20/030035341.shtml
https://news.nankai.edu.cn/zhxw/system/2019/09/20/030035340.shtml
https://news.nankai.edu.cn/zhxw/system/2019/09/21/030035345.shtml
https://news.nankai.edu.cn/zhxw/system/2019/09/19/030035318.shtml
https://news.nankai.edu.cn/zhxw/system/2019/11/20/030036440.shtml
https://news.nankai.edu.cn/ywsd/system/2019/09/20/030035337.shtml
https://news.nankai.edu.cn/zhxw/system/2019/11/22/030036473.shtml
https://news.nankai.edu.cn/zhxw/system/2019/11/23/030036480.shtml
https://news.nankai.edu.cn/zhxw/system/2019/11/23/030036483.shtml
https://news.nankai.edu.cn/zhxw/system/2019/11/24/030036488.shtml
https://news.nankai.edu.cn/zhxw/system/2019/11/25/030036495.shtml
https://news.nankai.edu.cn/zhxw/system/2019/11/25/030036514.shtml
https://news.nankai.edu.cn/zhxw/system/2019/11/25/030036509.shtml
https://news.nankai.edu.cn/zhxw/system/2019/11/25/030036520.shtml
https://news.nankai.edu.cn/zhxw/system/2019/11/25/030036524.shtml
https://news.nankai.edu.cn/zhxw/system/2019/11/25/030036529.shtml
https://news.nankai.edu.cn/zhxw/system/2019/11/27/030036560.shtml
https://news.nankai.edu.cn/zhxw/system/2019/11/28/030036600.shtml
https://news.nankai.edu.cn/zhxw/system/2019/11/29/030036612.shtml
https://news.nankai.edu.cn/zhxw/system/2019/11/29/030036631.shtml
https://news.nankai.edu.cn/zhxw/system/2019/11/29/030036640.shtml
https://news.nankai.edu.cn/zhxw/system/2019/11/29/030036633.shtml
https://news.nankai.edu.cn/zhxw/system/2019/12/01/030036655.shtml
https://news.nankai.edu.cn/zhxw/system/2019/12/02/030036670.shtml
https://news.nankai.edu.cn/zhxw/system/2019/12/02/030036672.shtml
https://news.nankai.edu.cn/zhxw/system/2019/12/02/030036671.shtml
https://news.nankai.edu.cn/zhxw/system/2019/12/03/030036692.shtml
https://news.nankai.edu.cn/zhxw/system/2019/12/05/030036713.shtml
https://news.nankai.edu.cn/zhxw/system/2019/12/05/030036714.shtml
https://news.nankai.edu.cn/zhxw/system/2019/12/05/030036716.shtml
https://news.nankai.edu.cn/zhxw/system/2019/12/07/030036743.shtml
https://news.nankai.edu.cn/zhxw/system/2019/12/07/030036742.shtml
https://news.nankai.edu.cn/zhxw/system/2019/12/09/030036770.shtml
https://news.nankai.edu.cn/zhxw/system/2019/12/13/030036800.shtml
https://news.nankai.edu.cn/zhxw/system/2019/12/13/030036804.shtml
https://news.nankai.edu.cn/zhxw/system/2019/12/14/030036827.shtml
https://news.nankai.edu.cn/zhxw/system/2019/12/15/030036834.shtml
https://news.nankai.edu.cn/zhxw/system/2019/12/16/030036863.shtml
https://news.nankai.edu.cn/zhxw/system/2019/12/16/030036867.shtml
https://news.nankai.edu.cn/zhxw/system/2019/12/18/030036920.shtml
https://news.nankai.edu.cn/zhxw/system/2019/12/18/030036940.shtml
https://news.nankai.edu.cn/zhxw/system/2019/12/18/030036954.shtml
https://news.nankai.edu.cn/zhxw/system/2019/12/26/030037058.shtml
https://news.nankai.edu.cn/zhxw/system/2020/01/04/030037209.shtml
https://news.nankai.edu.cn/ywsd/system/2019/07/04/030034254.shtml
https://news.nankai.edu.cn/ywsd/system/2019/06/13/030034041.shtml
https://news.nankai.edu.cn/ywsd/system/2019/07/09/030034361.shtml
https://news.nankai.edu.cn/ywsd/system/2019/08/08/030034786.shtml
https://news.nankai.edu.cn/ywsd/system/2019/08/20/030034894.shtml
https://news.nankai.edu.cn/ywsd/system/2019/08/27/030034957.shtml
https://news.nankai.edu.cn/ywsd/system/2019/08/31/030035038.shtml
https://news.nankai.edu.cn/ywsd/system/2019/09/10/030035160.shtml
https://news.nankai.edu.cn/ywsd/system/2019/09/12/030035218.shtml
https://news.nankai.edu.cn/ywsd/system/2019/09/17/030035267.shtml
https://news.nankai.edu.cn/ywsd/system/2019/09/21/030035351.shtml
https://news.nankai.edu.cn/ywsd/system/2019/09/24/030035424.shtml
https://news.nankai.edu.cn/ywsd/system/2019/09/25/030035435.shtml
https://news.nankai.edu.cn/ywsd/system/2019/09/26/030035471.shtml
https://news.nankai.edu.cn/ywsd/system/2019/09/26/030035467.shtml
https://news.nankai.edu.cn/ywsd/system/2019/09/28/030035497.shtml
https://news.nankai.edu.cn/ywsd/system/2019/09/28/030035499.shtml
https://news.nankai.edu.cn/ywsd/system/2019/09/30/030035551.shtml
https://news.nankai.edu.cn/ywsd/system/2019/09/30/030035560.shtml
https://news.nankai.edu.cn/ywsd/system/2019/10/01/030035574.shtml
https://news.nankai.edu.cn/ywsd/system/2019/10/01/030035567.shtml
https://news.nankai.edu.cn/ywsd/system/2019/10/10/030035658.shtml
https://news.nankai.edu.cn/ywsd/system/2019/10/10/030035660.shtml
https://news.nankai.edu.cn/ywsd/system/2019/10/11/030035662.shtml
https://news.nankai.edu.cn/ywsd/system/2019/10/21/030035902.shtml
https://news.nankai.edu.cn/ywsd/system/2019/10/09/030035637.shtml
https://news.nankai.edu.cn/ywsd/system/2019/10/22/030035961.shtml
https://news.nankai.edu.cn/ywsd/system/2019/10/23/030035991.shtml
https://news.nankai.edu.cn/ywsd/system/2019/10/23/030035992.shtml
https://news.nankai.edu.cn/ywsd/system/2019/10/25/030036033.shtml
https://news.nankai.edu.cn/ywsd/system/2019/10/25/030036041.shtml
https://news.nankai.edu.cn/ywsd/system/2019/10/29/030036134.shtml
https://news.nankai.edu.cn/ywsd/system/2019/10/31/030036166.shtml
https://news.nankai.edu.cn/ywsd/system/2019/10/31/030036169.shtml
https://news.nankai.edu.cn/ywsd/system/2019/11/01/030036179.shtml
https://news.nankai.edu.cn/ywsd/system/2019/11/02/030036191.shtml
https://news.nankai.edu.cn/ywsd/system/2019/11/04/030036213.shtml
https://news.nankai.edu.cn/ywsd/system/2019/11/05/030036242.shtml
https://news.nankai.edu.cn/ywsd/system/2019/11/05/030036257.shtml
https://news.nankai.edu.cn/ywsd/system/2019/11/05/030036254.shtml
https://news.nankai.edu.cn/ywsd/system/2019/11/06/030036265.shtml
https://news.nankai.edu.cn/ywsd/system/2019/11/06/030036258.shtml
https://news.nankai.edu.cn/ywsd/system/2019/11/06/030036266.shtml
https://news.nankai.edu.cn/ywsd/system/2019/09/10/030035155.shtml
https://news.nankai.edu.cn/ywsd/system/2019/07/21/030034583.shtml
https://news.nankai.edu.cn/ywsd/system/2019/10/28/030036099.shtml
https://news.nankai.edu.cn/ywsd/system/2019/11/06/030036269.shtml
https://news.nankai.edu.cn/ywsd/system/2019/11/07/030036271.shtml
https://news.nankai.edu.cn/ywsd/system/2019/11/07/030036272.shtml
https://news.nankai.edu.cn/ywsd/system/2019/11/08/030036280.shtml
https://news.nankai.edu.cn/ywsd/system/2019/11/08/030036302.shtml
https://news.nankai.edu.cn/ywsd/system/2019/11/08/030036297.shtml
https://news.nankai.edu.cn/ywsd/system/2019/11/09/030036303.shtml
https://news.nankai.edu.cn/ywsd/system/2019/11/11/030036319.shtml
https://news.nankai.edu.cn/ywsd/system/2019/11/13/030036368.shtml
https://news.nankai.edu.cn/ywsd/system/2019/11/13/030036375.shtml
https://news.nankai.edu.cn/ywsd/system/2019/11/15/030036405.shtml
https://news.nankai.edu.cn/ywsd/system/2019/11/20/030036437.shtml
https://news.nankai.edu.cn/ywsd/system/2019/11/22/030036460.shtml
https://news.nankai.edu.cn/ywsd/system/2019/11/27/030036568.shtml
https://news.nankai.edu.cn/ywsd/system/2019/11/26/030036553.shtml
https://news.nankai.edu.cn/ywsd/system/2019/11/28/030036611.shtml
https://news.nankai.edu.cn/ywsd/system/2019/12/05/030036711.shtml
https://news.nankai.edu.cn/ywsd/system/2019/12/13/030036794.shtml
https://news.nankai.edu.cn/ywsd/system/2019/12/19/030036961.shtml
https://news.nankai.edu.cn/ywsd/system/2019/12/25/030037026.shtml
https://news.nankai.edu.cn/ywsd/system/2019/12/29/030037094.shtml
https://news.nankai.edu.cn/ywsd/system/2020/01/09/030037268.shtml
https://news.nankai.edu.cn/ywsd/system/2020/01/10/030037288.shtml
https://news.nankai.edu.cn/ztbd/system/2019/09/16/030035233.shtml
https://news.nankai.edu.cn/ywsd/system/2019/06/10/030033983.shtml
https://news.nankai.edu.cn/ywsd/system/2019/06/10/030033971.shtml
https://news.nankai.edu.cn/ywsd/system/2020/01/09/030037260.shtml
https://news.nankai.edu.cn/ywsd/system/2020/01/09/030037261.shtml
https://news.nankai.edu.cn/mtnk/system/2019/01/17/000429574.shtml
https://news.nankai.edu.cn/mtnk/system/2019/01/18/000429694.shtml
https://news.nankai.edu.cn/mtnk/system/2019/01/18/000429716.shtml
https://news.nankai.edu.cn/mtnk/system/2019/01/17/000429595.shtml
https://news.nankai.edu.cn/mtnk/system/2019/01/17/000429594.shtml
https://news.nankai.edu.cn/mtnk/system/2019/01/21/000430276.shtml
https://news.nankai.edu.cn/mtnk/system/2019/01/20/000430234.shtml
https://news.nankai.edu.cn/mtnk/system/2019/02/12/000432483.shtml
https://news.nankai.edu.cn/mtnk/system/2019/02/12/000432456.shtml
https://news.nankai.edu.cn/mtnk/system/2019/01/21/000430319.shtml
https://news.nankai.edu.cn/mtnk/system/2019/01/21/000430318.shtml
https://news.nankai.edu.cn/mtnk/system/2019/01/19/000429939.shtml
https://news.nankai.edu.cn/mtnk/system/2019/02/14/000433055.shtml
https://news.nankai.edu.cn/mtnk/system/2019/02/14/000433054.shtml
https://news.nankai.edu.cn/mtnk/system/2019/02/14/000433034.shtml
https://news.nankai.edu.cn/mtnk/system/2019/02/07/000432136.shtml
https://news.nankai.edu.cn/mtnk/system/2019/01/30/000431494.shtml
https://news.nankai.edu.cn/mtnk/system/2019/01/21/000430296.shtml
https://news.nankai.edu.cn/mtnk/system/2019/01/21/000430294.shtml
https://news.nankai.edu.cn/mtnk/system/2019/01/21/000430297.shtml
https://news.nankai.edu.cn/mtnk/system/2019/01/21/000430298.shtml
https://news.nankai.edu.cn/mtnk/system/2019/01/20/000430074.shtml
https://news.nankai.edu.cn/mtnk/system/2019/02/14/000432994.shtml
https://news.nankai.edu.cn/mtnk/system/2019/02/14/000433014.shtml
https://news.nankai.edu.cn/mtnk/system/2019/02/14/000432996.shtml
https://news.nankai.edu.cn/mtnk/system/2019/01/30/000431534.shtml
https://news.nankai.edu.cn/mtnk/system/2019/01/21/000430280.shtml
https://news.nankai.edu.cn/mtnk/system/2019/01/21/000430275.shtml
https://news.nankai.edu.cn/mtnk/system/2019/01/21/000430278.shtml
https://news.nankai.edu.cn/mtnk/system/2019/01/19/000429938.shtml
https://news.nankai.edu.cn/mtnk/system/2019/01/19/000429940.shtml
https://news.nankai.edu.cn/mtnk/system/2019/02/03/000431914.shtml
https://news.nankai.edu.cn/mtnk/system/2019/01/19/000429936.shtml
https://news.nankai.edu.cn/mtnk/system/2019/01/21/000430302.shtml
https://news.nankai.edu.cn/mtnk/system/2019/01/19/000429974.shtml
https://news.nankai.edu.cn/mtnk/system/2019/01/21/000430316.shtml
https://news.nankai.edu.cn/mtnk/system/2019/01/19/000429934.shtml
https://news.nankai.edu.cn/mtnk/system/2019/02/11/000432376.shtml
https://news.nankai.edu.cn/mtnk/system/2019/01/27/000431276.shtml
https://news.nankai.edu.cn/mtnk/system/2019/01/21/000430315.shtml
https://news.nankai.edu.cn/mtnk/system/2019/01/19/000429935.shtml
https://news.nankai.edu.cn/mtnk/system/2019/01/19/000430054.shtml
https://news.nankai.edu.cn/mtnk/system/2019/01/23/000430754.shtml
https://news.nankai.edu.cn/mtnk/system/2019/01/18/000429654.shtml
https://news.nankai.edu.cn/mtnk/system/2019/01/17/000429516.shtml
https://news.nankai.edu.cn/mtnk/system/2019/02/07/000432142.shtml
https://news.nankai.edu.cn/mtnk/system/2019/01/19/000430014.shtml
https://news.nankai.edu.cn/mtnk/system/2019/01/18/000429814.shtml
https://news.nankai.edu.cn/mtnk/system/2019/01/17/000429436.shtml
https://news.nankai.edu.cn/mtnk/system/2019/01/21/000430279.shtml
https://news.nankai.edu.cn/mtnk/system/2019/01/25/000431075.shtml
https://news.nankai.edu.cn/mtnk/system/2019/01/21/000430314.shtml
https://news.nankai.edu.cn/mtnk/system/2019/01/19/000429975.shtml
https://news.nankai.edu.cn/mtnk/system/2019/01/19/000429976.shtml
https://news.nankai.edu.cn/mtnk/system/2019/01/19/000429914.shtml
https://news.nankai.edu.cn/mtnk/system/2019/02/17/000433195.shtml
https://news.nankai.edu.cn/mtnk/system/2019/01/20/000430097.shtml
https://news.nankai.edu.cn/zhxw/system/2024/01/26/030059952.shtml
https://news.nankai.edu.cn/mtnk/system/2019/01/25/000431034.shtml
https://news.nankai.edu.cn/mtnk/system/2019/01/21/000430317.shtml
https://news.nankai.edu.cn/mtnk/system/2019/01/21/000430299.shtml
https://news.nankai.edu.cn/mtnk/system/2019/01/18/000429797.shtml
https://news.nankai.edu.cn/mtnk/system/2019/01/17/000429474.shtml
https://news.nankai.edu.cn/mtnk/system/2022/05/06/030051191.shtml
https://news.nankai.edu.cn/dcxy/system/2019/03/01/000435040.shtml
https://news.nankai.edu.cn/dcxy/system/2019/03/01/000435039.shtml
https://news.nankai.edu.cn/dcxy/system/2019/03/01/000435035.shtml
https://news.nankai.edu.cn/dcxy/system/2019/02/27/000434798.shtml
https://news.nankai.edu.cn/dcxy/system/2019/02/27/000434674.shtml
https://news.nankai.edu.cn/zhxw/system/2019/03/02/000435116.shtml
https://news.nankai.edu.cn/zhxw/system/2019/02/27/000434816.shtml
https://news.nankai.edu.cn/zhxw/system/2019/02/27/000434796.shtml
https://news.nankai.edu.cn/zhxw/system/2019/02/26/000434514.shtml
https://news.nankai.edu.cn/zhxw/system/2019/02/24/000434254.shtml
https://news.nankai.edu.cn/zhxw/system/2019/02/22/000434054.shtml
https://news.nankai.edu.cn/zhxw/system/2019/02/22/000434020.shtml
https://news.nankai.edu.cn/zhxw/system/2019/02/22/000434015.shtml
https://news.nankai.edu.cn/zhxw/system/2019/02/20/000433555.shtml
https://news.nankai.edu.cn/zhxw/system/2019/02/19/000433454.shtml
https://news.nankai.edu.cn/zhxw/system/2019/02/18/000433337.shtml
https://news.nankai.edu.cn/dcxy/system/2019/02/19/000433474.shtml
https://news.nankai.edu.cn/dcxy/system/2019/02/09/000432274.shtml
https://news.nankai.edu.cn/zhxw/system/2019/02/13/000432714.shtml
https://news.nankai.edu.cn/zhxw/system/2019/02/13/000432754.shtml
https://news.nankai.edu.cn/zhxw/system/2019/02/04/000432058.shtml
https://news.nankai.edu.cn/zhxw/system/2019/02/04/000432036.shtml
https://news.nankai.edu.cn/dcxy/system/2019/01/30/000431474.shtml
https://news.nankai.edu.cn/dcxy/system/2019/02/02/000431794.shtml
https://news.nankai.edu.cn/dcxy/system/2019/02/03/000431954.shtml
https://news.nankai.edu.cn/dcxy/system/2019/01/29/000431397.shtml
https://news.nankai.edu.cn/dcxy/system/2019/01/28/000431354.shtml
https://news.nankai.edu.cn/dcxy/system/2019/01/25/000430994.shtml
https://news.nankai.edu.cn/dcxy/system/2019/01/25/000431014.shtml
https://news.nankai.edu.cn/dcxy/system/2019/01/26/000431134.shtml
https://news.nankai.edu.cn/dcxy/system/2019/01/26/000431174.shtml
https://news.nankai.edu.cn/dcxy/system/2019/01/26/000431194.shtml
https://news.nankai.edu.cn/dcxy/system/2019/01/27/000431254.shtml
https://news.nankai.edu.cn/zhxw/system/2019/01/27/000431274.shtml
https://news.nankai.edu.cn/zhxw/system/2019/01/26/000431115.shtml
https://news.nankai.edu.cn/zhxw/system/2019/01/24/000430894.shtml
https://news.nankai.edu.cn/ywsd/system/2019/01/24/000430854.shtml
https://news.nankai.edu.cn/dcxy/system/2019/01/20/000430194.shtml
https://news.nankai.edu.cn/zhxw/system/2019/01/20/000430116.shtml
https://news.nankai.edu.cn/ywsd/system/2019/01/19/000429994.shtml
https://news.nankai.edu.cn/ywsd/system/2019/01/25/000430956.shtml
https://news.nankai.edu.cn/ywsd/system/2019/02/05/000432074.shtml
https://news.nankai.edu.cn/ywsd/system/2019/02/02/000431856.shtml
https://news.nankai.edu.cn/ywsd/system/2019/01/30/000431415.shtml
https://news.nankai.edu.cn/ywsd/system/2019/01/27/000431234.shtml
https://news.nankai.edu.cn/ywsd/system/2019/01/24/000430814.shtml
https://news.nankai.edu.cn/ywsd/system/2019/01/22/000430595.shtml
https://news.nankai.edu.cn/ywsd/system/2019/01/21/000430415.shtml
https://news.nankai.edu.cn/ywsd/system/2019/01/18/000429674.shtml
https://news.nankai.edu.cn/ywsd/system/2019/02/14/000432997.shtml
https://news.nankai.edu.cn/ywsd/system/2019/02/18/000433314.shtml
https://news.nankai.edu.cn/ywsd/system/2019/02/19/000433374.shtml
https://news.nankai.edu.cn/ywsd/system/2019/02/02/000431815.shtml
https://news.nankai.edu.cn/ywsd/system/2019/01/25/000430955.shtml
https://news.nankai.edu.cn/ywsd/system/2019/01/22/000430494.shtml
https://news.nankai.edu.cn/ywsd/system/2019/01/23/000430777.shtml
https://news.nankai.edu.cn/ywsd/system/2019/01/21/000430454.shtml
https://news.nankai.edu.cn/ywsd/system/2019/01/19/000429995.shtml
https://news.nankai.edu.cn/ywsd/system/2019/01/18/000429636.shtml
https://news.nankai.edu.cn/ywsd/system/2019/05/07/030033333.shtml
https://news.nankai.edu.cn/ywsd/system/2019/05/07/030033334.shtml
https://news.nankai.edu.cn/sp/system/2019/05/09/030033359.shtml
https://news.nankai.edu.cn/ywsd/system/2019/05/08/030033349.shtml
https://news.nankai.edu.cn/ywsd/system/2019/06/06/030033885.shtml
https://news.nankai.edu.cn/ywsd/system/2019/07/04/030034208.shtml
https://news.nankai.edu.cn/ywsd/system/2019/07/04/030034236.shtml
https://news.nankai.edu.cn/ywsd/system/2019/07/07/030034258.shtml
https://news.nankai.edu.cn/ywsd/system/2019/06/28/030034127.shtml
https://news.nankai.edu.cn/ywsd/system/2019/09/29/030035514.shtml
https://news.nankai.edu.cn/ywsd/system/2020/01/09/030037262.shtml
https://news.nankai.edu.cn/ywsd/system/2020/01/16/030037392.shtml
https://news.nankai.edu.cn/ywsd/system/2020/01/17/030037393.shtml
https://news.nankai.edu.cn/ywsd/system/2021/01/16/030044194.shtml
https://news.nankai.edu.cn/ywsd/system/2024/01/09/030059777.shtml
https://news.nankai.edu.cn/ywsd/system/2024/01/10/030059781.shtml
https://news.nankai.edu.cn/ywsd/system/2024/01/11/030059795.shtml
https://news.nankai.edu.cn/ywsd/system/2021/01/16/030044203.shtml
https://news.nankai.edu.cn/ywsd/system/2024/01/12/030059799.shtml
https://news.nankai.edu.cn/ywsd/system/2021/01/16/030044204.shtml
https://news.nankai.edu.cn/ywsd/system/2024/01/13/030059815.shtml
https://news.nankai.edu.cn/ywsd/system/2024/01/15/030059820.shtml
https://news.nankai.edu.cn/ywsd/system/2024/01/15/030059826.shtml
https://news.nankai.edu.cn/ywsd/system/2024/01/15/030059835.shtml
https://news.nankai.edu.cn/nkdxb/system/2021/01/27/030044462.shtml
https://news.nankai.edu.cn/ywsd/system/2021/01/16/030044195.shtml
https://news.nankai.edu.cn/ywsd/system/2022/01/17/030049982.shtml
https://news.nankai.edu.cn/ywsd/system/2022/05/05/030051180.shtml
https://news.nankai.edu.cn/ywsd/system/2022/05/05/030051178.shtml
https://news.nankai.edu.cn/mtnk/system/2019/01/20/000430256.shtml
https://news.nankai.edu.cn/ywsd/system/2019/01/20/000430094.shtml
https://news.nankai.edu.cn/ywsd/system/2019/01/20/000430095.shtml
https://news.nankai.edu.cn/mtnk/system/2019/02/14/000433074.shtml
https://news.nankai.edu.cn/ywsd/system/2019/01/19/000430015.shtml
https://news.nankai.edu.cn/ywsd/system/2019/01/18/000429794.shtml
https://news.nankai.edu.cn/ywsd/system/2019/01/18/000429874.shtml
https://news.nankai.edu.cn/ywsd/system/2019/01/18/000429715.shtml
https://news.nankai.edu.cn/ywsd/system/2019/01/18/000429614.shtml
https://news.nankai.edu.cn/ywsd/system/2019/01/17/000429514.shtml
https://news.nankai.edu.cn/ywsd/system/2019/01/17/000429454.shtml
https://news.nankai.edu.cn/ztbd/system/2018/11/13/000418645.shtml
https://news.nankai.edu.cn/ztbd/system/2012/03/21/000059735.shtml
https://news.nankai.edu.cn/ztbd/system/2012/03/21/000059734.shtml
https://news.nankai.edu.cn/ztbd/system/2012/03/21/000059614.shtml
https://news.nankai.edu.cn/ztbd/system/2018/11/13/000418648.shtml
https://news.nankai.edu.cn/ztbd/system/2012/03/21/000059815.shtml
https://news.nankai.edu.cn/ywsd/system/2018/08/01/000402614.shtml
https://news.nankai.edu.cn/ywsd/system/2018/08/03/000402956.shtml
https://news.nankai.edu.cn/ywsd/system/2018/08/10/000404774.shtml
https://news.nankai.edu.cn/ywsd/system/2018/09/01/000407536.shtml
https://news.nankai.edu.cn/ywsd/system/2018/09/08/000408114.shtml
https://news.nankai.edu.cn/ywsd/system/2018/09/09/000408198.shtml
https://news.nankai.edu.cn/ywsd/system/2018/09/15/000408814.shtml
https://news.nankai.edu.cn/ywsd/system/2018/09/17/000409094.shtml
https://news.nankai.edu.cn/ywsd/system/2018/09/20/000409855.shtml
https://news.nankai.edu.cn/ywsd/system/2018/09/26/000411334.shtml
https://news.nankai.edu.cn/ywsd/system/2018/09/27/000411496.shtml
https://news.nankai.edu.cn/ywsd/system/2018/09/27/000411514.shtml
https://news.nankai.edu.cn/ywsd/system/2018/09/29/000411835.shtml
https://news.nankai.edu.cn/ywsd/system/2018/09/30/000411958.shtml
https://news.nankai.edu.cn/mtnk/system/2018/09/10/000408336.shtml
https://news.nankai.edu.cn/mtnk/system/2018/09/24/000411181.shtml
https://news.nankai.edu.cn/mtnk/system/2018/09/21/000410934.shtml
https://news.nankai.edu.cn/mtnk/system/2018/09/28/000411740.shtml
https://news.nankai.edu.cn/mtnk/system/2018/09/28/000411739.shtml
https://news.nankai.edu.cn/mtnk/system/2018/09/28/000411741.shtml
https://news.nankai.edu.cn/mtnk/system/2018/09/28/000411737.shtml
https://news.nankai.edu.cn/mtnk/system/2018/09/28/000411742.shtml
https://news.nankai.edu.cn/mtnk/system/2018/09/28/000411743.shtml
https://news.nankai.edu.cn/mtnk/system/2018/09/28/000411736.shtml
https://news.nankai.edu.cn/mtnk/system/2018/09/28/000411744.shtml
https://news.nankai.edu.cn/mtnk/system/2018/09/28/000411715.shtml
https://news.nankai.edu.cn/mtnk/system/2018/09/11/000408502.shtml
https://news.nankai.edu.cn/mtnk/system/2018/09/13/000408597.shtml
https://news.nankai.edu.cn/mtnk/system/2018/09/10/000408337.shtml
https://news.nankai.edu.cn/mtnk/system/2018/09/09/000408215.shtml
https://news.nankai.edu.cn/mtnk/system/2018/09/21/000410814.shtml
https://news.nankai.edu.cn/mtnk/system/2018/09/23/000411079.shtml
https://news.nankai.edu.cn/mtnk/system/2018/09/26/000411375.shtml
https://news.nankai.edu.cn/mtnk/system/2018/09/26/000411395.shtml
https://news.nankai.edu.cn/mtnk/system/2018/09/26/000411396.shtml
https://news.nankai.edu.cn/mtnk/system/2018/09/26/000411455.shtml
https://news.nankai.edu.cn/mtnk/system/2018/09/26/000411456.shtml
https://news.nankai.edu.cn/mtnk/system/2018/10/12/000413016.shtml
https://news.nankai.edu.cn/mtnk/system/2018/09/22/000411019.shtml
https://news.nankai.edu.cn/mtnk/system/2018/09/22/000411016.shtml
https://news.nankai.edu.cn/mtnk/system/2018/09/23/000411155.shtml
https://news.nankai.edu.cn/mtnk/system/2018/09/23/000411154.shtml
https://news.nankai.edu.cn/mtnk/system/2018/10/18/000413681.shtml
https://news.nankai.edu.cn/mtnk/system/2018/09/17/000409048.shtml
https://news.nankai.edu.cn/mtnk/system/2018/09/27/000411595.shtml
https://news.nankai.edu.cn/mtnk/system/2018/09/17/000409114.shtml
https://news.nankai.edu.cn/mtnk/system/2018/09/21/000410834.shtml
https://news.nankai.edu.cn/mtnk/system/2018/09/21/000410854.shtml
https://news.nankai.edu.cn/mtnk/system/2018/09/21/000410874.shtml
https://news.nankai.edu.cn/mtnk/system/2018/09/23/000411075.shtml
https://news.nankai.edu.cn/ywsd/system/2018/09/23/000411074.shtml
https://news.nankai.edu.cn/mtnk/system/2018/09/24/000411180.shtml
https://news.nankai.edu.cn/mtnk/system/2018/09/26/000411434.shtml
https://news.nankai.edu.cn/mtnk/system/2018/09/27/000411594.shtml
https://news.nankai.edu.cn/mtnk/system/2018/09/14/000408776.shtml
https://news.nankai.edu.cn/mtnk/system/2018/09/14/000408777.shtml
https://news.nankai.edu.cn/mtnk/system/2018/09/27/000411655.shtml
https://news.nankai.edu.cn/ywsd/system/2018/09/18/000409155.shtml
https://news.nankai.edu.cn/ywsd/system/2018/10/03/000412235.shtml
https://news.nankai.edu.cn/ztbd/system/2018/10/16/000413295.shtml
https://news.nankai.edu.cn/ztbd/system/2018/10/16/000413296.shtml
https://news.nankai.edu.cn/ztbd/system/2018/10/16/000413297.shtml
https://news.nankai.edu.cn/ztbd/system/2018/10/16/000413294.shtml
https://news.nankai.edu.cn/ztbd/system/2018/09/30/000411975.shtml
https://news.nankai.edu.cn/ztbd/system/2018/10/16/000413299.shtml
https://news.nankai.edu.cn/ztbd/system/2018/09/26/000411356.shtml
https://news.nankai.edu.cn/ztbd/system/2018/09/26/000411337.shtml
https://news.nankai.edu.cn/ztbd/system/2018/09/19/000409414.shtml
https://news.nankai.edu.cn/ztbd/system/2018/09/19/000409455.shtml
https://news.nankai.edu.cn/ztbd/system/2018/09/19/000409674.shtml
https://news.nankai.edu.cn/ztbd/system/2018/09/21/000410434.shtml
https://news.nankai.edu.cn/ywsd/system/2018/09/08/000408154.shtml
https://news.nankai.edu.cn/ywsd/system/2018/09/08/000408156.shtml
https://news.nankai.edu.cn/ywsd/system/2018/09/09/000408196.shtml
https://news.nankai.edu.cn/ywsd/system/2018/09/09/000408195.shtml
https://news.nankai.edu.cn/ywsd/system/2018/09/16/000408894.shtml
https://news.nankai.edu.cn/ywsd/system/2018/09/18/000409154.shtml
https://news.nankai.edu.cn/ywsd/system/2018/09/18/000409194.shtml
https://news.nankai.edu.cn/ywsd/system/2018/09/20/000409994.shtml
https://news.nankai.edu.cn/ywsd/system/2018/09/21/000410054.shtml
https://news.nankai.edu.cn/ywsd/system/2018/09/21/000410074.shtml
https://news.nankai.edu.cn/ywsd/system/2018/09/23/000411134.shtml
https://news.nankai.edu.cn/ywsd/system/2018/09/25/000411257.shtml
https://news.nankai.edu.cn/ywsd/system/2018/10/01/000412114.shtml
https://news.nankai.edu.cn/ywsd/system/2018/11/16/000418954.shtml
https://news.nankai.edu.cn/ywsd/system/2018/11/22/000419734.shtml
https://news.nankai.edu.cn/ywsd/system/2018/11/24/000419994.shtml
https://news.nankai.edu.cn/ywsd/system/2017/09/25/000347354.shtml
https://news.nankai.edu.cn/ywsd/system/2017/09/25/000347314.shtml
https://news.nankai.edu.cn/ywsd/system/2018/09/23/000411094.shtml
https://news.nankai.edu.cn/mtnk/system/2018/09/12/000408542.shtml
https://news.nankai.edu.cn/mtnk/system/2018/09/12/000408543.shtml
https://news.nankai.edu.cn/mtnk/system/2018/09/12/000408554.shtml
https://news.nankai.edu.cn/mtnk/system/2018/09/12/000408555.shtml
https://news.nankai.edu.cn/mtnk/system/2018/09/14/000408734.shtml
https://news.nankai.edu.cn/ywsd/system/2018/09/11/000408514.shtml
https://news.nankai.edu.cn/ywsd/system/2018/09/11/000408515.shtml
https://news.nankai.edu.cn/ywsd/system/2018/09/14/000408781.shtml
https://news.nankai.edu.cn/ywsd/system/2018/09/28/000411745.shtml
https://news.nankai.edu.cn/ywsd/system/2018/10/11/000412914.shtml
https://news.nankai.edu.cn/ywsd/system/2018/10/29/000414856.shtml
https://news.nankai.edu.cn/ywsd/system/2018/11/21/000419434.shtml
https://news.nankai.edu.cn/ywsd/system/2018/11/22/000419694.shtml
https://news.nankai.edu.cn/ywsd/system/2018/09/10/000408295.shtml
https://news.nankai.edu.cn/ywsd/system/2018/09/11/000408501.shtml
https://news.nankai.edu.cn/ztbd/system/2018/09/10/000408435.shtml
https://news.nankai.edu.cn/ztbd/system/2018/09/10/000408434.shtml
https://news.nankai.edu.cn/ztbd/system/2018/09/10/000408414.shtml
https://news.nankai.edu.cn/ztbd/system/2013/01/23/000109696.shtml
https://news.nankai.edu.cn/ztbd/system/2014/01/07/000162479.shtml
https://news.nankai.edu.cn/ztbd/system/2013/01/23/000109698.shtml
https://news.nankai.edu.cn/ztbd/system/2013/01/23/000109697.shtml
https://news.nankai.edu.cn/ztbd/system/2015/01/12/000217435.shtml
https://news.nankai.edu.cn/ztbd/system/2016/01/06/000263954.shtml
https://news.nankai.edu.cn/ztbd/system/2017/01/10/000314796.shtml
https://news.nankai.edu.cn/ztbd/system/2018/01/04/000364194.shtml
https://news.nankai.edu.cn/ztbd/system/2017/01/09/000314634.shtml
https://news.nankai.edu.cn/ztbd/system/2016/11/04/000303241.shtml
https://news.nankai.edu.cn/ztbd/system/2017/05/12/000331374.shtml
https://news.nankai.edu.cn/ztbd/system/2017/02/13/000317757.shtml
https://news.nankai.edu.cn/ztbd/system/2017/03/13/000322274.shtml
https://news.nankai.edu.cn/ywsd/system/2017/05/18/000331902.shtml
https://news.nankai.edu.cn/ywsd/system/2017/05/19/000332054.shtml
https://news.nankai.edu.cn/ywsd/system/2017/06/16/000335054.shtml
https://news.nankai.edu.cn/ywsd/system/2017/06/26/000336034.shtml
https://news.nankai.edu.cn/ztbd/system/2017/06/28/000336279.shtml
https://news.nankai.edu.cn/zhxw/system/2013/01/10/000108763.shtml
https://news.nankai.edu.cn/ztbd/system/2013/01/10/000108694.shtml
https://news.nankai.edu.cn/dcxy/system/2013/01/19/000109358.shtml
https://news.nankai.edu.cn/ztbd/system/2014/01/07/000162483.shtml
https://news.nankai.edu.cn/ztbd/system/2014/12/28/000215634.shtml
https://news.nankai.edu.cn/ztbd/system/2016/01/05/000263714.shtml
https://news.nankai.edu.cn/ztbd/system/2017/05/18/000331898.shtml
https://news.nankai.edu.cn/ztbd/system/2017/01/10/000314874.shtml
https://news.nankai.edu.cn/ywsd/system/2016/12/23/000312395.shtml
https://news.nankai.edu.cn/ywsd/system/2017/04/20/000329075.shtml
https://news.nankai.edu.cn/mtnk/system/2016/11/14/000305194.shtml
https://news.nankai.edu.cn/ztbd/system/2017/06/16/000335038.shtml
https://news.nankai.edu.cn/mtnk/system/2016/05/27/000282917.shtml
https://news.nankai.edu.cn/mtnk/system/2017/06/19/000335224.shtml
https://news.nankai.edu.cn/mtnk/system/2017/06/16/000334915.shtml
https://news.nankai.edu.cn/nkdxb/system/2013/01/10/000108731.shtml
https://news.nankai.edu.cn/mtnk/system/2017/06/20/000335322.shtml
https://news.nankai.edu.cn/nkdxb/system/2014/01/07/000162458.shtml
https://news.nankai.edu.cn/ywsd/system/2014/01/24/000164175.shtml
https://news.nankai.edu.cn/zhxw/system/2016/03/17/000273277.shtml
https://news.nankai.edu.cn/mtnk/system/2016/03/09/000271620.shtml
https://news.nankai.edu.cn/mtnk/system/2015/11/13/000255534.shtml
https://news.nankai.edu.cn/ywsd/system/2016/01/13/000265314.shtml
https://news.nankai.edu.cn/ywsd/system/2016/01/15/000265654.shtml
https://news.nankai.edu.cn/ywsd/system/2016/03/05/000270795.shtml
https://news.nankai.edu.cn/mtnk/system/2010/04/07/000029571.shtml
https://news.nankai.edu.cn/mtnk/system/2014/12/17/000213874.shtml
https://news.nankai.edu.cn/ywsd/system/2014/01/29/000164674.shtml
https://news.nankai.edu.cn/ywsd/system/2014/12/08/000212319.shtml
https://news.nankai.edu.cn/ywsd/system/2012/11/12/000099714.shtml
https://news.nankai.edu.cn/ztbd/system/2014/12/30/000215877.shtml
https://news.nankai.edu.cn/zhxw/system/2014/04/21/000177758.shtml
https://news.nankai.edu.cn/ywsd/system/2014/12/29/000215694.shtml
https://news.nankai.edu.cn/ywsd/system/2014/09/12/000200897.shtml
https://news.nankai.edu.cn/zhxw/system/2014/03/14/000169435.shtml
https://news.nankai.edu.cn/ywsd/system/2014/11/30/000211094.shtml
https://news.nankai.edu.cn/ztbd/system/2014/12/30/000215876.shtml
https://news.nankai.edu.cn/ztbd/system/2014/12/30/000215875.shtml
https://news.nankai.edu.cn/ztbd/system/2015/01/06/000216623.shtml
https://news.nankai.edu.cn/ztbd/system/2015/01/06/000216617.shtml
https://news.nankai.edu.cn/ztbd/system/2015/01/05/000216375.shtml
https://news.nankai.edu.cn/ztbd/system/2015/01/06/000216620.shtml
https://news.nankai.edu.cn/ztbd/system/2015/01/05/000216435.shtml
https://news.nankai.edu.cn/ztbd/system/2015/01/01/000216094.shtml
https://news.nankai.edu.cn/ztbd/system/2015/01/02/000216154.shtml
https://news.nankai.edu.cn/ztbd/system/2015/01/06/000216616.shtml
https://news.nankai.edu.cn/ztbd/system/2015/01/06/000216675.shtml
https://news.nankai.edu.cn/nkdxb/system/2014/01/07/000162457.shtml
https://news.nankai.edu.cn/nkdxb/system/2014/01/07/000162456.shtml
https://news.nankai.edu.cn/nkdxb/system/2014/01/07/000162455.shtml
https://news.nankai.edu.cn/nkdxb/system/2014/01/07/000162454.shtml
https://news.nankai.edu.cn/nkdxb/system/2014/01/06/000162360.shtml
https://news.nankai.edu.cn/nkdxb/system/2014/01/06/000162357.shtml
https://news.nankai.edu.cn/nkdxb/system/2014/01/06/000162356.shtml
https://news.nankai.edu.cn/nkdxb/system/2014/01/06/000162355.shtml
https://news.nankai.edu.cn/nkdxb/system/2014/01/06/000162354.shtml
https://news.nankai.edu.cn/mtnk/system/2017/06/23/000335657.shtml
https://news.nankai.edu.cn/mtnk/system/2017/06/28/000336394.shtml
https://news.nankai.edu.cn/mtnk/system/2017/06/20/000335321.shtml
https://news.nankai.edu.cn/mtnk/system/2017/06/21/000335435.shtml
https://news.nankai.edu.cn/mtnk/system/2017/06/19/000335216.shtml
https://news.nankai.edu.cn/mtnk/system/2017/06/19/000335214.shtml
https://news.nankai.edu.cn/mtnk/system/2017/06/27/000336179.shtml
https://news.nankai.edu.cn/mtnk/system/2017/06/14/000334775.shtml
https://news.nankai.edu.cn/mtnk/system/2017/06/16/000334974.shtml
https://news.nankai.edu.cn/mtnk/system/2017/06/26/000335936.shtml
https://news.nankai.edu.cn/mtnk/system/2017/06/22/000335555.shtml
https://news.nankai.edu.cn/mtnk/system/2017/06/28/000336395.shtml
https://news.nankai.edu.cn/ywsd/system/2017/06/24/000335842.shtml
https://news.nankai.edu.cn/ywsd/system/2017/06/27/000336215.shtml
https://news.nankai.edu.cn/ywsd/system/2017/06/29/000336495.shtml
https://news.nankai.edu.cn/ywsd/system/2017/06/09/000334296.shtml
https://news.nankai.edu.cn/ywsd/system/2017/06/23/000335674.shtml
https://news.nankai.edu.cn/ywsd/system/2017/06/21/000335378.shtml
https://news.nankai.edu.cn/ywsd/system/2017/06/17/000335095.shtml
https://news.nankai.edu.cn/ywsd/system/2017/06/28/000336278.shtml
https://news.nankai.edu.cn/ywsd/system/2017/06/24/000335841.shtml
https://news.nankai.edu.cn/ywsd/system/2017/06/28/000336314.shtml
https://news.nankai.edu.cn/ywsd/system/2017/06/28/000336336.shtml
https://news.nankai.edu.cn/ywsd/system/2017/06/29/000336516.shtml
https://news.nankai.edu.cn/ztbd/system/2017/06/28/000336335.shtml
https://news.nankai.edu.cn/ztbd/system/2017/06/28/000336337.shtml
https://news.nankai.edu.cn/ztbd/system/2017/06/28/000336339.shtml
https://news.nankai.edu.cn/ztbd/system/2017/06/28/000336340.shtml
https://news.nankai.edu.cn/ztbd/system/2017/06/28/000336341.shtml
https://news.nankai.edu.cn/ztbd/system/2017/06/28/000336342.shtml
https://news.nankai.edu.cn/ztbd/system/2017/06/28/000336345.shtml
https://news.nankai.edu.cn/ztbd/system/2017/06/28/000336347.shtml
https://news.nankai.edu.cn/ztbd/system/2017/06/28/000336348.shtml
https://news.nankai.edu.cn/ztbd/system/2017/06/28/000336349.shtml
https://news.nankai.edu.cn/ztbd/system/2017/06/28/000336351.shtml
https://news.nankai.edu.cn/ztbd/system/2017/06/28/000336352.shtml
https://news.nankai.edu.cn/ywsd/system/2017/06/29/000336474.shtml
https://news.nankai.edu.cn/ywsd/system/2017/06/28/000336334.shtml
https://news.nankai.edu.cn/mtnk/system/2016/05/16/000281536.shtml
https://news.nankai.edu.cn/mtnk/system/2016/12/08/000309655.shtml
https://news.nankai.edu.cn/mtnk/system/2016/08/06/000291736.shtml
https://news.nankai.edu.cn/mtnk/system/2017/01/20/000316176.shtml
https://news.nankai.edu.cn/mtnk/system/2016/10/19/000299957.shtml
https://news.nankai.edu.cn/mtnk/system/2016/06/01/000283415.shtml
https://news.nankai.edu.cn/mtnk/system/2016/09/04/000295056.shtml
https://news.nankai.edu.cn/ywsd/system/2016/11/09/000304214.shtml
https://news.nankai.edu.cn/dcxy/system/2016/12/29/000313195.shtml
https://news.nankai.edu.cn/zhxw/system/2017/02/14/000317974.shtml
https://news.nankai.edu.cn/dcxy/system/2016/08/08/000292094.shtml
https://news.nankai.edu.cn/dcxy/system/2017/04/13/000327516.shtml
https://news.nankai.edu.cn/ywsd/system/2016/10/17/000299595.shtml
https://news.nankai.edu.cn/zhxw/system/2016/07/21/000290015.shtml
https://news.nankai.edu.cn/ywsd/system/2016/08/07/000291996.shtml
https://news.nankai.edu.cn/ywsd/system/2016/08/05/000291615.shtml
https://news.nankai.edu.cn/ywsd/system/2016/10/30/000302076.shtml
https://news.nankai.edu.cn/ywsd/system/2017/06/24/000335814.shtml
https://news.nankai.edu.cn/ywsd/system/2017/06/26/000335960.shtml
https://news.nankai.edu.cn/ywsd/system/2017/06/26/000335961.shtml
https://news.nankai.edu.cn/ztbd/system/2017/06/16/000335037.shtml
https://news.nankai.edu.cn/ztbd/system/2017/06/16/000335034.shtml
https://news.nankai.edu.cn/ztbd/system/2017/06/16/000335035.shtml
https://news.nankai.edu.cn/ztbd/system/2017/06/16/000334980.shtml
https://news.nankai.edu.cn/ztbd/system/2017/06/16/000334981.shtml
https://news.nankai.edu.cn/ztbd/system/2017/06/16/000335036.shtml
https://news.nankai.edu.cn/ywsd/system/2017/06/15/000334876.shtml
https://news.nankai.edu.cn/mtnk/system/2015/11/11/000255247.shtml
https://news.nankai.edu.cn/mtnk/system/2016/12/09/000309875.shtml
https://news.nankai.edu.cn/sp/system/2017/01/09/000314614.shtml
https://news.nankai.edu.cn/sp/system/2017/01/09/000314596.shtml
https://news.nankai.edu.cn/ywsd/system/2017/05/11/000331321.shtml
https://news.nankai.edu.cn/ywsd/system/2016/11/09/000304196.shtml
https://news.nankai.edu.cn/ztbd/system/2017/05/18/000331895.shtml
https://news.nankai.edu.cn/ywsd/system/2017/05/12/000331334.shtml
https://news.nankai.edu.cn/ywsd/system/2017/05/18/000331894.shtml
https://news.nankai.edu.cn/ztbd/system/2013/10/30/000149819.shtml
https://news.nankai.edu.cn/ztbd/system/2013/10/30/000149820.shtml
https://news.nankai.edu.cn/ztbd/system/2013/10/31/000150096.shtml
https://news.nankai.edu.cn/ztbd/system/2013/10/30/000149818.shtml
https://news.nankai.edu.cn/ztbd/system/2013/10/31/000150095.shtml
https://news.nankai.edu.cn/ztbd/system/2013/10/24/000148254.shtml
https://news.nankai.edu.cn/ywsd/system/2012/12/20/000106714.shtml
https://news.nankai.edu.cn/ywsd/system/2013/03/14/000113874.shtml
https://news.nankai.edu.cn/ywsd/system/2013/04/25/000120434.shtml
https://news.nankai.edu.cn/ywsd/system/2013/04/27/000121334.shtml
https://news.nankai.edu.cn/ywsd/system/2013/04/29/000121674.shtml
https://news.nankai.edu.cn/ywsd/system/2013/07/18/000135138.shtml
https://news.nankai.edu.cn/ztbd/system/2013/10/30/000149817.shtml
https://news.nankai.edu.cn/ztbd/system/2014/08/13/000196974.shtml
https://news.nankai.edu.cn/ywsd/system/2014/09/26/000202637.shtml
https://news.nankai.edu.cn/ywsd/system/2014/10/11/000204278.shtml
https://news.nankai.edu.cn/ywsd/system/2014/10/13/000204395.shtml
https://news.nankai.edu.cn/ztbd/system/2014/09/25/000202602.shtml
https://news.nankai.edu.cn/ywsd/system/2015/01/14/000217675.shtml
https://news.nankai.edu.cn/ywsd/system/2015/01/10/000217294.shtml
https://news.nankai.edu.cn/ywsd/system/2017/03/12/000321975.shtml
https://news.nankai.edu.cn/ywsd/system/2017/03/12/000321974.shtml
https://news.nankai.edu.cn/ywsd/system/2013/06/06/000128975.shtml
https://news.nankai.edu.cn/ywsd/system/2017/02/12/000317615.shtml
https://news.nankai.edu.cn/ywsd/system/2016/09/21/000296736.shtml
https://news.nankai.edu.cn/ywsd/system/2017/03/20/000323560.shtml
https://news.nankai.edu.cn/ywsd/system/2017/06/02/000333534.shtml
https://news.nankai.edu.cn/ywsd/system/2017/08/31/000343134.shtml
https://news.nankai.edu.cn/ywsd/system/2016/12/30/000313215.shtml
https://news.nankai.edu.cn/ywsd/system/2017/01/10/000314815.shtml
https://news.nankai.edu.cn/ywsd/system/2017/01/11/000315097.shtml
https://news.nankai.edu.cn/ztbd/system/2017/01/04/000313956.shtml
https://news.nankai.edu.cn/ywsd/system/2017/01/14/000315655.shtml
https://news.nankai.edu.cn/ywsd/system/2017/01/14/000315656.shtml
https://news.nankai.edu.cn/ywsd/system/2017/01/14/000315657.shtml
https://news.nankai.edu.cn/ywsd/system/2017/01/14/000315658.shtml
https://news.nankai.edu.cn/ztbd/system/2017/01/04/000313955.shtml
https://news.nankai.edu.cn/ywsd/system/2017/01/13/000315496.shtml
https://news.nankai.edu.cn/ywsd/system/2017/01/13/000315534.shtml
https://news.nankai.edu.cn/ywsd/system/2017/01/13/000315514.shtml
https://news.nankai.edu.cn/zhxw/system/2017/01/24/000316354.shtml
https://news.nankai.edu.cn/ywsd/system/2017/01/13/000315455.shtml
https://news.nankai.edu.cn/ywsd/system/2017/01/13/000315554.shtml
https://news.nankai.edu.cn/ywsd/system/2017/01/13/000315555.shtml
https://news.nankai.edu.cn/ywsd/system/2017/01/13/000315494.shtml
https://news.nankai.edu.cn/ywsd/system/2016/11/18/000306214.shtml
https://news.nankai.edu.cn/ywsd/system/2016/11/22/000307094.shtml
https://news.nankai.edu.cn/ywsd/system/2016/12/02/000308735.shtml
https://news.nankai.edu.cn/ywsd/system/2016/12/09/000309939.shtml
https://news.nankai.edu.cn/ztbd/system/2016/12/06/000309318.shtml
https://news.nankai.edu.cn/ztbd/system/2016/12/06/000309316.shtml
https://news.nankai.edu.cn/ztbd/system/2016/12/06/000309315.shtml
https://news.nankai.edu.cn/ztbd/system/2016/11/24/000307712.shtml
https://news.nankai.edu.cn/ztbd/system/2016/11/24/000307711.shtml
https://news.nankai.edu.cn/ztbd/system/2016/11/24/000307710.shtml
https://news.nankai.edu.cn/ztbd/system/2016/11/24/000307709.shtml
https://news.nankai.edu.cn/ztbd/system/2016/12/28/000312978.shtml
https://news.nankai.edu.cn/ztbd/system/2016/12/28/000312976.shtml
https://news.nankai.edu.cn/ztbd/system/2016/12/28/000312975.shtml
https://news.nankai.edu.cn/ztbd/system/2017/01/10/000314836.shtml
https://news.nankai.edu.cn/ztbd/system/2017/01/10/000314835.shtml
https://news.nankai.edu.cn/ywsd/system/2016/12/16/000311196.shtml
https://news.nankai.edu.cn/ywsd/system/2017/01/14/000315654.shtml
https://news.nankai.edu.cn/ywsd/system/2017/01/15/000315734.shtml
https://news.nankai.edu.cn/ztbd/system/2017/01/04/000313954.shtml
https://news.nankai.edu.cn/ywsd/system/2017/01/13/000315454.shtml
https://news.nankai.edu.cn/ztbd/system/2017/05/19/000332035.shtml
https://news.nankai.edu.cn/ztbd/system/2017/06/16/000334978.shtml
https://news.nankai.edu.cn/ztbd/system/2017/06/26/000336015.shtml
https://news.nankai.edu.cn/ztbd/system/2017/06/30/000336695.shtml
https://news.nankai.edu.cn/ztbd/system/2017/08/09/000341235.shtml
https://news.nankai.edu.cn/ztbd/system/2017/10/09/000349674.shtml
https://news.nankai.edu.cn/ztbd/system/2017/12/05/000359477.shtml
https://news.nankai.edu.cn/ztbd/system/2017/12/05/000359611.shtml
https://news.nankai.edu.cn/ztbd/system/2016/01/05/000263835.shtml
https://news.nankai.edu.cn/ztbd/system/2016/03/02/000270314.shtml
https://news.nankai.edu.cn/ztbd/system/2016/03/18/000273676.shtml
https://news.nankai.edu.cn/ztbd/system/2016/04/01/000276337.shtml
https://news.nankai.edu.cn/ztbd/system/2016/05/18/000281754.shtml
https://news.nankai.edu.cn/ztbd/system/2016/09/13/000295914.shtml
https://news.nankai.edu.cn/ztbd/system/2016/09/19/000296574.shtml
https://news.nankai.edu.cn/ywsd/system/2016/07/01/000286894.shtml
https://news.nankai.edu.cn/ywsd/system/2016/10/14/000299194.shtml
https://news.nankai.edu.cn/ywsd/system/2017/05/22/000332434.shtml
https://news.nankai.edu.cn/ywsd/system/2016/10/18/000299856.shtml
https://news.nankai.edu.cn/ywsd/system/2016/10/20/000300294.shtml
https://news.nankai.edu.cn/ztbd/system/2017/06/30/000336775.shtml
https://news.nankai.edu.cn/ywsd/system/2017/08/02/000340714.shtml
https://news.nankai.edu.cn/mtnk/system/2017/10/03/000348494.shtml
https://news.nankai.edu.cn/ywsd/system/2017/11/29/000358314.shtml
https://news.nankai.edu.cn/ztbd/system/2016/01/07/000264097.shtml
https://news.nankai.edu.cn/mtnk/system/2016/03/06/000270956.shtml
https://news.nankai.edu.cn/ztbd/system/2016/04/05/000276577.shtml
https://news.nankai.edu.cn/ywsd/system/2016/03/08/000271314.shtml
https://news.nankai.edu.cn/dcxy/system/2015/11/18/000256340.shtml
https://news.nankai.edu.cn/mtnk/system/2016/09/19/000296504.shtml
https://news.nankai.edu.cn/mtnk/system/2016/09/18/000296378.shtml
https://news.nankai.edu.cn/mtnk/system/2016/09/18/000296395.shtml
https://news.nankai.edu.cn/mtnk/system/2016/09/19/000296507.shtml
https://news.nankai.edu.cn/mtnk/system/2016/09/19/000296508.shtml
https://news.nankai.edu.cn/ztbd/system/2016/09/18/000296478.shtml
https://news.nankai.edu.cn/ztbd/system/2016/09/18/000296476.shtml
https://news.nankai.edu.cn/ztbd/system/2016/09/18/000296475.shtml
https://news.nankai.edu.cn/ztbd/system/2016/09/18/000296474.shtml
https://news.nankai.edu.cn/ztbd/system/2016/09/18/000296477.shtml
https://news.nankai.edu.cn/ztbd/system/2016/09/18/000296379.shtml
https://news.nankai.edu.cn/ywsd/system/2016/01/09/000264614.shtml
https://news.nankai.edu.cn/ztbd/system/2016/01/08/000264354.shtml
https://news.nankai.edu.cn/ztbd/system/2016/01/07/000264095.shtml
https://news.nankai.edu.cn/ztbd/system/2016/01/07/000264094.shtml
https://news.nankai.edu.cn/ztbd/system/2016/01/07/000264089.shtml
https://news.nankai.edu.cn/ztbd/system/2016/01/07/000264088.shtml
https://news.nankai.edu.cn/ztbd/system/2016/01/07/000264087.shtml
https://news.nankai.edu.cn/ztbd/system/2016/01/07/000264086.shtml
https://news.nankai.edu.cn/ztbd/system/2016/01/07/000264085.shtml
https://news.nankai.edu.cn/ztbd/system/2016/01/07/000264084.shtml
https://news.nankai.edu.cn/ztbd/system/2016/01/07/000264083.shtml
https://news.nankai.edu.cn/ztbd/system/2016/01/07/000264082.shtml
https://news.nankai.edu.cn/ztbd/system/2016/01/07/000264081.shtml
https://news.nankai.edu.cn/ztbd/system/2016/01/07/000264080.shtml
https://news.nankai.edu.cn/ztbd/system/2016/01/07/000264079.shtml
https://news.nankai.edu.cn/ztbd/system/2016/01/07/000264076.shtml
https://news.nankai.edu.cn/ztbd/system/2016/09/18/000296382.shtml
https://news.nankai.edu.cn/ywsd/system/2016/09/18/000296400.shtml
https://news.nankai.edu.cn/ywsd/system/2016/09/18/000296401.shtml
https://news.nankai.edu.cn/zhxw/system/2015/06/09/000237194.shtml
https://news.nankai.edu.cn/ywsd/system/2015/11/08/000254655.shtml
https://news.nankai.edu.cn/ywsd/system/2015/12/17/000260999.shtml
https://news.nankai.edu.cn/ywsd/system/2016/05/23/000282355.shtml
https://news.nankai.edu.cn/ywsd/system/2016/05/16/000281434.shtml
https://news.nankai.edu.cn/ywsd/system/2016/05/13/000281038.shtml
https://news.nankai.edu.cn/ywsd/system/2016/05/15/000281394.shtml
https://news.nankai.edu.cn/ywsd/system/2016/07/01/000287001.shtml
https://news.nankai.edu.cn/ywsd/system/2016/07/01/000287000.shtml
https://news.nankai.edu.cn/zhxw/system/2016/10/31/000302114.shtml
https://news.nankai.edu.cn/ywsd/system/2016/10/21/000300514.shtml
https://news.nankai.edu.cn/ywsd/system/2016/10/29/000301876.shtml
https://news.nankai.edu.cn/ywsd/system/2016/07/01/000286995.shtml
https://news.nankai.edu.cn/ywsd/system/2016/07/02/000287015.shtml
https://news.nankai.edu.cn/ywsd/system/2015/05/12/000232054.shtml
https://news.nankai.edu.cn/ztbd/system/2016/04/05/000276621.shtml
https://news.nankai.edu.cn/ywsd/system/2015/10/18/000251774.shtml
https://news.nankai.edu.cn/mtnk/system/2013/10/11/000144538.shtml
https://news.nankai.edu.cn/mtnk/system/2014/08/01/000196176.shtml
https://news.nankai.edu.cn/ywsd/system/2013/04/07/000116684.shtml
https://news.nankai.edu.cn/nkrw/system/2015/11/03/000253780.shtml
https://news.nankai.edu.cn/ywsd/system/2016/02/23/000269155.shtml
https://news.nankai.edu.cn/zhxw/system/2016/03/18/000273615.shtml
https://news.nankai.edu.cn/ywsd/system/2016/03/18/000273474.shtml
https://news.nankai.edu.cn/zhxw/system/2016/03/25/000275334.shtml
https://news.nankai.edu.cn/ywsd/system/2016/04/22/000278615.shtml
https://news.nankai.edu.cn/ywsd/system/2016/05/28/000283035.shtml
https://news.nankai.edu.cn/zhxw/system/2016/10/21/000300577.shtml
https://news.nankai.edu.cn/zhxw/system/2016/10/20/000300276.shtml
https://news.nankai.edu.cn/ywsd/system/2016/12/04/000308960.shtml
https://news.nankai.edu.cn/ywsd/system/2016/12/04/000309055.shtml
https://news.nankai.edu.cn/ywsd/system/2016/10/21/000300536.shtml
https://news.nankai.edu.cn/ywsd/system/2016/10/26/000301396.shtml
https://news.nankai.edu.cn/nkdxb/system/2016/10/14/000299217.shtml
https://news.nankai.edu.cn/ywsd/system/2016/10/11/000298776.shtml
https://news.nankai.edu.cn/ztbd/system/2016/05/31/000283294.shtml
https://news.nankai.edu.cn/mtnk/system/2016/03/06/000270962.shtml
https://news.nankai.edu.cn/mtnk/system/2016/03/06/000270963.shtml
https://news.nankai.edu.cn/mtnk/system/2016/03/06/000270975.shtml
https://news.nankai.edu.cn/ywsd/system/2016/03/06/000270934.shtml
https://news.nankai.edu.cn/mtnk/system/2016/03/07/000271119.shtml
https://news.nankai.edu.cn/ywsd/system/2016/03/07/000271155.shtml
https://news.nankai.edu.cn/mtnk/system/2016/03/10/000271855.shtml
https://news.nankai.edu.cn/mtnk/system/2016/03/11/000272202.shtml
https://news.nankai.edu.cn/mtnk/system/2016/03/10/000271998.shtml
https://news.nankai.edu.cn/mtnk/system/2016/03/10/000271954.shtml
https://news.nankai.edu.cn/mtnk/system/2016/03/10/000271856.shtml
https://news.nankai.edu.cn/mtnk/system/2016/03/11/000272014.shtml
https://news.nankai.edu.cn/mtnk/system/2016/03/11/000272037.shtml
https://news.nankai.edu.cn/mtnk/system/2016/03/13/000272362.shtml
https://news.nankai.edu.cn/mtnk/system/2016/03/13/000272360.shtml
https://news.nankai.edu.cn/mtnk/system/2016/03/13/000272358.shtml
https://news.nankai.edu.cn/mtnk/system/2016/03/13/000272359.shtml
https://news.nankai.edu.cn/mtnk/system/2016/03/11/000272214.shtml
https://news.nankai.edu.cn/mtnk/system/2016/03/15/000272674.shtml
https://news.nankai.edu.cn/mtnk/system/2016/03/15/000272697.shtml
https://news.nankai.edu.cn/mtnk/system/2016/03/15/000272696.shtml
https://news.nankai.edu.cn/ywsd/system/2016/03/03/000270554.shtml
https://news.nankai.edu.cn/ywsd/system/2016/03/19/000273754.shtml
https://news.nankai.edu.cn/ywsd/system/2016/03/19/000273734.shtml
https://news.nankai.edu.cn/zhxw/system/2015/05/06/000230835.shtml
https://news.nankai.edu.cn/dcxy/system/2015/03/05/000223934.shtml
https://news.nankai.edu.cn/ywsd/system/2015/11/14/000255716.shtml
https://news.nankai.edu.cn/nkrw/system/2008/03/27/000014928.shtml
https://news.nankai.edu.cn/sp/system/2015/05/09/000231235.shtml
https://news.nankai.edu.cn/zhxw/system/2013/12/03/000157837.shtml
https://news.nankai.edu.cn/mtnk/system/2015/03/05/000223855.shtml
https://news.nankai.edu.cn/ywsd/system/2015/06/05/000236883.shtml
https://news.nankai.edu.cn/mtnk/system/2010/11/25/000035663.shtml
https://news.nankai.edu.cn/zhxw/system/2008/03/05/000014398.shtml
https://news.nankai.edu.cn/nkrw/system/2013/08/30/000138454.shtml
https://news.nankai.edu.cn/nkrw/system/2007/01/22/000004130.shtml
https://news.nankai.edu.cn/nkrw/system/2010/09/03/000033076.shtml
https://news.nankai.edu.cn/nkrw/system/2010/06/08/000031585.shtml
https://news.nankai.edu.cn/nkdxb/system/2013/10/28/000149179.shtml
https://news.nankai.edu.cn/ztbd/system/2013/10/24/000148195.shtml
https://news.nankai.edu.cn/mtnk/system/2016/01/07/000264295.shtml
https://news.nankai.edu.cn/mtnk/system/2016/01/07/000264294.shtml
https://news.nankai.edu.cn/ywsd/system/2016/01/07/000264314.shtml
https://news.nankai.edu.cn/ywsd/system/2016/01/08/000264455.shtml
https://news.nankai.edu.cn/ywsd/system/2016/01/07/000264214.shtml
https://news.nankai.edu.cn/ywsd/system/2017/12/01/000358658.shtml
https://news.nankai.edu.cn/ywsd/system/2017/12/01/000358736.shtml
https://news.nankai.edu.cn/ywsd/system/2017/12/03/000359077.shtml
https://news.nankai.edu.cn/ywsd/system/2017/12/06/000359803.shtml
https://news.nankai.edu.cn/ztbd/system/2017/12/05/000359610.shtml
https://news.nankai.edu.cn/ztbd/system/2017/12/05/000359609.shtml
https://news.nankai.edu.cn/ztbd/system/2017/12/05/000359608.shtml
https://news.nankai.edu.cn/ztbd/system/2017/12/05/000359607.shtml
https://news.nankai.edu.cn/ztbd/system/2017/12/05/000359605.shtml
https://news.nankai.edu.cn/ztbd/system/2017/12/05/000359604.shtml
https://news.nankai.edu.cn/ztbd/system/2017/12/05/000359602.shtml
https://news.nankai.edu.cn/ywsd/system/2017/12/06/000359854.shtml
https://news.nankai.edu.cn/ywsd/system/2017/11/26/000357854.shtml
https://news.nankai.edu.cn/ywsd/system/2017/11/24/000357546.shtml
https://news.nankai.edu.cn/ztbd/system/2017/12/05/000359536.shtml
https://news.nankai.edu.cn/ztbd/system/2017/12/05/000359535.shtml
https://news.nankai.edu.cn/ztbd/system/2017/12/05/000359534.shtml
https://news.nankai.edu.cn/mtnk/system/2017/10/02/000348435.shtml
https://news.nankai.edu.cn/mtnk/system/2017/09/28/000347974.shtml
https://news.nankai.edu.cn/mtnk/system/2017/10/06/000348874.shtml
https://news.nankai.edu.cn/mtnk/system/2017/10/06/000348815.shtml
https://news.nankai.edu.cn/mtnk/system/2017/10/06/000348814.shtml
https://news.nankai.edu.cn/mtnk/system/2017/10/06/000348794.shtml
https://news.nankai.edu.cn/mtnk/system/2017/10/06/000348654.shtml
https://news.nankai.edu.cn/mtnk/system/2018/01/02/000363834.shtml
https://news.nankai.edu.cn/mtnk/system/2017/09/29/000348057.shtml
https://news.nankai.edu.cn/mtnk/system/2017/09/29/000348056.shtml
https://news.nankai.edu.cn/mtnk/system/2017/09/29/000348055.shtml
https://news.nankai.edu.cn/mtnk/system/2017/09/29/000348034.shtml
https://news.nankai.edu.cn/mtnk/system/2017/10/01/000348359.shtml
https://news.nankai.edu.cn/mtnk/system/2017/10/01/000348375.shtml
https://news.nankai.edu.cn/mtnk/system/2017/10/01/000348374.shtml
https://news.nankai.edu.cn/mtnk/system/2017/10/06/000348954.shtml
https://news.nankai.edu.cn/mtnk/system/2017/10/07/000349414.shtml
https://news.nankai.edu.cn/mtnk/system/2017/10/06/000348755.shtml
https://news.nankai.edu.cn/mtnk/system/2017/10/01/000348395.shtml
https://news.nankai.edu.cn/mtnk/system/2017/09/28/000347845.shtml
https://news.nankai.edu.cn/mtnk/system/2017/09/28/000347855.shtml
https://news.nankai.edu.cn/mtnk/system/2017/09/28/000347844.shtml
https://news.nankai.edu.cn/mtnk/system/2017/10/06/000348674.shtml
https://news.nankai.edu.cn/mtnk/system/2017/10/06/000348714.shtml
https://news.nankai.edu.cn/mtnk/system/2017/10/06/000348694.shtml
https://news.nankai.edu.cn/mtnk/system/2017/10/06/000348676.shtml
https://news.nankai.edu.cn/mtnk/system/2017/10/06/000348675.shtml
https://news.nankai.edu.cn/mtnk/system/2017/10/06/000348898.shtml
https://news.nankai.edu.cn/mtnk/system/2017/10/06/000348896.shtml
https://news.nankai.edu.cn/mtnk/system/2017/10/07/000349394.shtml
https://news.nankai.edu.cn/mtnk/system/2017/10/06/000348974.shtml
https://news.nankai.edu.cn/mtnk/system/2017/10/07/000349457.shtml
https://news.nankai.edu.cn/mtnk/system/2017/10/18/000350914.shtml
https://news.nankai.edu.cn/mtnk/system/2018/01/02/000363839.shtml
https://news.nankai.edu.cn/mtnk/system/2017/09/29/000348016.shtml
https://news.nankai.edu.cn/mtnk/system/2017/09/29/000348015.shtml
https://news.nankai.edu.cn/mtnk/system/2017/09/28/000347861.shtml
https://news.nankai.edu.cn/mtnk/system/2017/09/28/000347859.shtml
https://news.nankai.edu.cn/mtnk/system/2017/09/28/000347860.shtml
https://news.nankai.edu.cn/mtnk/system/2017/09/28/000347857.shtml
https://news.nankai.edu.cn/mtnk/system/2017/09/28/000347842.shtml
https://news.nankai.edu.cn/mtnk/system/2017/09/28/000347841.shtml
https://news.nankai.edu.cn/mtnk/system/2017/09/28/000347843.shtml
https://news.nankai.edu.cn/mtnk/system/2017/09/28/000347858.shtml
https://news.nankai.edu.cn/mtnk/system/2017/09/28/000347862.shtml
https://news.nankai.edu.cn/mtnk/system/2017/09/28/000347856.shtml
https://news.nankai.edu.cn/mtnk/system/2017/09/26/000347557.shtml
https://news.nankai.edu.cn/mtnk/system/2017/10/01/000348378.shtml
https://news.nankai.edu.cn/mtnk/system/2017/10/01/000348377.shtml
https://news.nankai.edu.cn/mtnk/system/2017/10/07/000349456.shtml
https://news.nankai.edu.cn/mtnk/system/2017/10/07/000349455.shtml
https://news.nankai.edu.cn/mtnk/system/2017/10/07/000349454.shtml
https://news.nankai.edu.cn/mtnk/system/2017/10/06/000348854.shtml
https://news.nankai.edu.cn/mtnk/system/2017/09/26/000347556.shtml
https://news.nankai.edu.cn/mtnk/system/2017/12/09/000360314.shtml
https://news.nankai.edu.cn/mtnk/system/2017/09/26/000347564.shtml
https://news.nankai.edu.cn/mtnk/system/2017/09/26/000347565.shtml
https://news.nankai.edu.cn/mtnk/system/2017/09/28/000347864.shtml
https://news.nankai.edu.cn/mtnk/system/2017/09/28/000347865.shtml
https://news.nankai.edu.cn/mtnk/system/2017/09/28/000347866.shtml
https://news.nankai.edu.cn/mtnk/system/2017/09/26/000347555.shtml
https://news.nankai.edu.cn/mtnk/system/2017/10/06/000348834.shtml
https://news.nankai.edu.cn/mtnk/system/2017/09/27/000347654.shtml
https://news.nankai.edu.cn/mtnk/system/2017/09/27/000347655.shtml
https://news.nankai.edu.cn/mtnk/system/2017/09/28/000347840.shtml
https://news.nankai.edu.cn/mtnk/system/2017/09/28/000347839.shtml
https://news.nankai.edu.cn/mtnk/system/2017/09/28/000347838.shtml
https://news.nankai.edu.cn/mtnk/system/2017/09/27/000347640.shtml
https://news.nankai.edu.cn/mtnk/system/2017/09/27/000347639.shtml
https://news.nankai.edu.cn/mtnk/system/2017/09/27/000347638.shtml
https://news.nankai.edu.cn/mtnk/system/2017/09/27/000347594.shtml
https://news.nankai.edu.cn/mtnk/system/2017/09/26/000347578.shtml
https://news.nankai.edu.cn/mtnk/system/2017/09/28/000347835.shtml
https://news.nankai.edu.cn/mtnk/system/2017/09/28/000347836.shtml
https://news.nankai.edu.cn/mtnk/system/2017/09/28/000347837.shtml
https://news.nankai.edu.cn/mtnk/system/2017/09/29/000348079.shtml
https://news.nankai.edu.cn/mtnk/system/2017/09/29/000348078.shtml
https://news.nankai.edu.cn/mtnk/system/2017/09/28/000347875.shtml
https://news.nankai.edu.cn/mtnk/system/2017/09/28/000347874.shtml
https://news.nankai.edu.cn/mtnk/system/2017/09/29/000348156.shtml
https://news.nankai.edu.cn/mtnk/system/2017/09/29/000348158.shtml
https://news.nankai.edu.cn/ywsd/system/2017/08/05/000340934.shtml
https://news.nankai.edu.cn/ywsd/system/2017/07/30/000340395.shtml
https://news.nankai.edu.cn/ywsd/system/2017/08/02/000340634.shtml
https://news.nankai.edu.cn/nkzs/system/2017/08/07/000341059.shtml
https://news.nankai.edu.cn/nkzs/system/2017/08/07/000341060.shtml
https://news.nankai.edu.cn/nkzs/system/2017/08/07/000341061.shtml
https://news.nankai.edu.cn/nkzs/system/2017/08/07/000341062.shtml
https://news.nankai.edu.cn/nkzs/system/2017/08/07/000341063.shtml
https://news.nankai.edu.cn/nkzs/system/2017/08/07/000341064.shtml
https://news.nankai.edu.cn/nkzs/system/2017/08/07/000341065.shtml
https://news.nankai.edu.cn/nkzs/system/2017/08/07/000341066.shtml
https://news.nankai.edu.cn/nkzs/system/2017/08/07/000341067.shtml
https://news.nankai.edu.cn/nkzs/system/2017/08/07/000341068.shtml
https://news.nankai.edu.cn/nkzs/system/2017/08/09/000341194.shtml
https://news.nankai.edu.cn/mtnk/system/2017/08/23/000342115.shtml
https://news.nankai.edu.cn/ztbd/system/2017/07/30/000340319.shtml
https://news.nankai.edu.cn/ztbd/system/2017/07/30/000340316.shtml
https://news.nankai.edu.cn/ztbd/system/2017/06/30/000336776.shtml
https://news.nankai.edu.cn/ztbd/system/2017/06/30/000336778.shtml
https://news.nankai.edu.cn/ztbd/system/2017/06/30/000336780.shtml
https://news.nankai.edu.cn/ztbd/system/2017/06/30/000336781.shtml
https://news.nankai.edu.cn/ztbd/system/2017/06/30/000336782.shtml
https://news.nankai.edu.cn/ztbd/system/2017/06/30/000336784.shtml
https://news.nankai.edu.cn/ztbd/system/2017/06/30/000336783.shtml
https://news.nankai.edu.cn/ztbd/system/2017/06/30/000336779.shtml
https://news.nankai.edu.cn/ztbd/system/2017/06/30/000336777.shtml
https://news.nankai.edu.cn/ztbd/system/2017/06/30/000336755.shtml
https://news.nankai.edu.cn/ztbd/system/2017/06/30/000336674.shtml
https://news.nankai.edu.cn/ztbd/system/2017/06/30/000336679.shtml
https://news.nankai.edu.cn/ztbd/system/2017/06/30/000336758.shtml
https://news.nankai.edu.cn/ztbd/system/2017/06/30/000336675.shtml
https://news.nankai.edu.cn/ztbd/system/2017/06/30/000336676.shtml
https://news.nankai.edu.cn/ztbd/system/2017/06/30/000336677.shtml
https://news.nankai.edu.cn/ztbd/system/2017/06/30/000336680.shtml
https://news.nankai.edu.cn/ztbd/system/2017/06/30/000336759.shtml
https://news.nankai.edu.cn/ztbd/system/2017/06/30/000336756.shtml
https://news.nankai.edu.cn/ywsd/system/2016/11/03/000302834.shtml
https://news.nankai.edu.cn/ywsd/system/2016/11/08/000303934.shtml
https://news.nankai.edu.cn/ywsd/system/2016/11/17/000305795.shtml
https://news.nankai.edu.cn/ywsd/system/2016/11/17/000305814.shtml
https://news.nankai.edu.cn/ywsd/system/2016/11/18/000306134.shtml
https://news.nankai.edu.cn/ywsd/system/2016/11/20/000306634.shtml
https://news.nankai.edu.cn/ywsd/system/2016/11/03/000302894.shtml
https://news.nankai.edu.cn/ywsd/system/2016/11/21/000307034.shtml
https://news.nankai.edu.cn/ywsd/system/2016/12/09/000309974.shtml
https://news.nankai.edu.cn/ywsd/system/2016/12/09/000310015.shtml
https://news.nankai.edu.cn/ywsd/system/2016/12/22/000312275.shtml
https://news.nankai.edu.cn/ywsd/system/2016/12/24/000312534.shtml
https://news.nankai.edu.cn/ywsd/system/2017/01/01/000313554.shtml
https://news.nankai.edu.cn/ywsd/system/2017/01/11/000315175.shtml
https://news.nankai.edu.cn/ywsd/system/2017/01/11/000315174.shtml
https://news.nankai.edu.cn/ywsd/system/2017/01/12/000315274.shtml
https://news.nankai.edu.cn/ywsd/system/2017/01/12/000315294.shtml
https://news.nankai.edu.cn/ywsd/system/2017/01/12/000315314.shtml
https://news.nankai.edu.cn/ywsd/system/2017/01/13/000315401.shtml
https://news.nankai.edu.cn/ywsd/system/2017/01/13/000315396.shtml
https://news.nankai.edu.cn/ywsd/system/2017/01/13/000315400.shtml
https://news.nankai.edu.cn/ywsd/system/2017/01/13/000315404.shtml
https://news.nankai.edu.cn/ywsd/system/2017/01/13/000315399.shtml
https://news.nankai.edu.cn/ywsd/system/2017/01/13/000315405.shtml
https://news.nankai.edu.cn/ywsd/system/2017/01/13/000315397.shtml
https://news.nankai.edu.cn/ywsd/system/2017/01/13/000315398.shtml
https://news.nankai.edu.cn/ywsd/system/2017/01/13/000315395.shtml
https://news.nankai.edu.cn/ywsd/system/2017/01/13/000315402.shtml
https://news.nankai.edu.cn/ywsd/system/2017/01/13/000315394.shtml
https://news.nankai.edu.cn/ywsd/system/2017/01/13/000315403.shtml
https://news.nankai.edu.cn/ywsd/system/2017/01/13/000315374.shtml
https://news.nankai.edu.cn/ywsd/system/2017/01/13/000315414.shtml
https://news.nankai.edu.cn/ywsd/system/2017/01/13/000315434.shtml
https://news.nankai.edu.cn/ywsd/system/2017/01/13/000315495.shtml
https://news.nankai.edu.cn/ztbd/system/2016/09/23/000296976.shtml
https://news.nankai.edu.cn/ztbd/system/2016/09/26/000297294.shtml
https://news.nankai.edu.cn/ztbd/system/2016/10/24/000300994.shtml
https://news.nankai.edu.cn/ztbd/system/2016/11/10/000304282.shtml
https://news.nankai.edu.cn/ztbd/system/2016/11/11/000304656.shtml
https://news.nankai.edu.cn/ztbd/system/2016/12/08/000309797.shtml
https://news.nankai.edu.cn/ztbd/system/2015/03/02/000223034.shtml
https://news.nankai.edu.cn/ztbd/system/2015/03/04/000223337.shtml
https://news.nankai.edu.cn/ztbd/system/2015/03/05/000223996.shtml
https://news.nankai.edu.cn/ztbd/system/2015/04/27/000229968.shtml
https://news.nankai.edu.cn/ztbd/system/2015/06/10/000237303.shtml
https://news.nankai.edu.cn/ztbd/system/2015/06/18/000238674.shtml
https://news.nankai.edu.cn/ztbd/system/2015/06/30/000240059.shtml
https://news.nankai.edu.cn/ztbd/system/2015/07/01/000240278.shtml
https://news.nankai.edu.cn/ztbd/system/2015/09/08/000247295.shtml
https://news.nankai.edu.cn/ztbd/system/2015/09/28/000249975.shtml
https://news.nankai.edu.cn/ztbd/system/2015/10/28/000252998.shtml
https://news.nankai.edu.cn/ywsd/system/2016/09/15/000296195.shtml
https://news.nankai.edu.cn/ztbd/system/2016/09/27/000297415.shtml
https://news.nankai.edu.cn/mtnk/system/2016/10/30/000302096.shtml
https://news.nankai.edu.cn/ywsd/system/2016/11/11/000304575.shtml
https://news.nankai.edu.cn/ztbd/system/2016/11/13/000305076.shtml
https://news.nankai.edu.cn/ywsd/system/2016/10/27/000301474.shtml
https://news.nankai.edu.cn/nkzs/system/2015/03/11/000224699.shtml
https://news.nankai.edu.cn/nkzs/system/2015/03/11/000224715.shtml
https://news.nankai.edu.cn/nkzs/system/2015/03/09/000224418.shtml
https://news.nankai.edu.cn/zhxw/system/2015/07/09/000241149.shtml
https://news.nankai.edu.cn/ywsd/system/2014/05/15/000181434.shtml
https://news.nankai.edu.cn/mtnk/system/2015/06/29/000239921.shtml
https://news.nankai.edu.cn/ywsd/system/2015/06/24/000239335.shtml
https://news.nankai.edu.cn/mtnk/system/2015/09/07/000247134.shtml
https://news.nankai.edu.cn/mtnk/system/2015/09/07/000247097.shtml
https://news.nankai.edu.cn/ywsd/system/2015/11/05/000254254.shtml
https://news.nankai.edu.cn/ywsd/system/2015/11/04/000254054.shtml
https://news.nankai.edu.cn/mtnk/system/2015/09/05/000246855.shtml
https://news.nankai.edu.cn/mtnk/system/2015/09/05/000246858.shtml
https://news.nankai.edu.cn/ywsd/system/2015/09/07/000247235.shtml
https://news.nankai.edu.cn/ywsd/system/2015/07/30/000244454.shtml
https://news.nankai.edu.cn/ywsd/system/2015/07/31/000244536.shtml
https://news.nankai.edu.cn/ywsd/system/2015/08/06/000245014.shtml
https://news.nankai.edu.cn/ywsd/system/2015/08/29/000246314.shtml
https://news.nankai.edu.cn/ywsd/system/2015/09/06/000246912.shtml
https://news.nankai.edu.cn/ztbd/system/2015/09/07/000247203.shtml
https://news.nankai.edu.cn/ztbd/system/2015/09/07/000247201.shtml
https://news.nankai.edu.cn/ztbd/system/2015/09/07/000247199.shtml
https://news.nankai.edu.cn/ztbd/system/2015/09/07/000247197.shtml
https://news.nankai.edu.cn/ztbd/system/2015/09/07/000247196.shtml
https://news.nankai.edu.cn/ztbd/system/2015/09/07/000247194.shtml
https://news.nankai.edu.cn/ywsd/system/2015/09/04/000246814.shtml
https://news.nankai.edu.cn/ywsd/system/2015/09/06/000246914.shtml
https://news.nankai.edu.cn/ztbd/system/2015/09/07/000247205.shtml
https://news.nankai.edu.cn/ztbd/system/2015/09/07/000247204.shtml
https://news.nankai.edu.cn/ywsd/system/2015/08/26/000246054.shtml
https://news.nankai.edu.cn/ztbd/system/2011/01/02/000036697.shtml
https://news.nankai.edu.cn/ztbd/system/2011/01/02/000036696.shtml
https://news.nankai.edu.cn/ztbd/system/2011/01/02/000036695.shtml
https://news.nankai.edu.cn/ztbd/system/2015/09/07/000247177.shtml
https://news.nankai.edu.cn/ywsd/system/2015/08/17/000245654.shtml
https://news.nankai.edu.cn/ywsd/system/2015/08/17/000245694.shtml
https://news.nankai.edu.cn/ywsd/system/2015/08/22/000245935.shtml
https://news.nankai.edu.cn/ywsd/system/2015/08/29/000246294.shtml
https://news.nankai.edu.cn/ywsd/system/2015/08/29/000246354.shtml
https://news.nankai.edu.cn/ywsd/system/2015/08/30/000246376.shtml
https://news.nankai.edu.cn/ywsd/system/2015/09/02/000246559.shtml
https://news.nankai.edu.cn/ywsd/system/2015/09/06/000246909.shtml
https://news.nankai.edu.cn/ywsd/system/2015/09/07/000247114.shtml
https://news.nankai.edu.cn/ywsd/system/2015/09/07/000247214.shtml
https://news.nankai.edu.cn/ywsd/system/2015/06/24/000239336.shtml
https://news.nankai.edu.cn/ywsd/system/2015/06/28/000239855.shtml
https://news.nankai.edu.cn/ywsd/system/2015/06/28/000239854.shtml
https://news.nankai.edu.cn/ywsd/system/2015/07/01/000240277.shtml
https://news.nankai.edu.cn/mtnk/system/2015/06/29/000239932.shtml
https://news.nankai.edu.cn/mtnk/system/2015/06/29/000239937.shtml
https://news.nankai.edu.cn/mtnk/system/2015/06/30/000240056.shtml
https://news.nankai.edu.cn/mtnk/system/2015/06/25/000239561.shtml
https://news.nankai.edu.cn/mtnk/system/2015/06/25/000239555.shtml
https://news.nankai.edu.cn/mtnk/system/2015/06/30/000240058.shtml
https://news.nankai.edu.cn/mtnk/system/2015/06/23/000239254.shtml
https://news.nankai.edu.cn/mtnk/system/2015/06/24/000239296.shtml
https://news.nankai.edu.cn/mtnk/system/2015/06/29/000239939.shtml
https://news.nankai.edu.cn/ywsd/system/2015/06/24/000239397.shtml
https://news.nankai.edu.cn/ywsd/system/2015/06/24/000239354.shtml
https://news.nankai.edu.cn/ywsd/system/2015/06/26/000239775.shtml
https://news.nankai.edu.cn/ywsd/system/2015/06/25/000239615.shtml
https://news.nankai.edu.cn/dcxy/system/2015/06/29/000240014.shtml
https://news.nankai.edu.cn/ywsd/system/2015/06/18/000238678.shtml
https://news.nankai.edu.cn/ywsd/system/2015/06/27/000239796.shtml
https://news.nankai.edu.cn/ywsd/system/2015/06/12/000237575.shtml
https://news.nankai.edu.cn/ywsd/system/2015/05/27/000235820.shtml
https://news.nankai.edu.cn/ywsd/system/2015/05/08/000231034.shtml
https://news.nankai.edu.cn/ywsd/system/2015/04/30/000230358.shtml
https://news.nankai.edu.cn/ywsd/system/2015/06/19/000238874.shtml
https://news.nankai.edu.cn/ywsd/system/2015/06/11/000237427.shtml
https://news.nankai.edu.cn/ywsd/system/2015/06/19/000238875.shtml
https://news.nankai.edu.cn/ywsd/system/2015/06/24/000239337.shtml
https://news.nankai.edu.cn/ywsd/system/2015/06/24/000239355.shtml
https://news.nankai.edu.cn/ywsd/system/2015/06/30/000240155.shtml
https://news.nankai.edu.cn/ywsd/system/2015/06/25/000239535.shtml
https://news.nankai.edu.cn/ywsd/system/2015/06/29/000239945.shtml
https://news.nankai.edu.cn/ywsd/system/2015/06/26/000239657.shtml
https://news.nankai.edu.cn/ywsd/system/2015/06/28/000239875.shtml
https://news.nankai.edu.cn/ywsd/system/2015/06/28/000239876.shtml
https://news.nankai.edu.cn/ywsd/system/2015/06/26/000239755.shtml
https://news.nankai.edu.cn/ywsd/system/2015/06/26/000239654.shtml
https://news.nankai.edu.cn/ywsd/system/2015/06/26/000239655.shtml
https://news.nankai.edu.cn/ywsd/system/2015/06/25/000239557.shtml
https://news.nankai.edu.cn/ywsd/system/2015/08/21/000245834.shtml
https://news.nankai.edu.cn/zhxw/system/2015/04/20/000229297.shtml
https://news.nankai.edu.cn/dcxy/system/2015/06/04/000236755.shtml
https://news.nankai.edu.cn/ywsd/system/2015/04/13/000228576.shtml
https://news.nankai.edu.cn/ywsd/system/2015/05/10/000231434.shtml
https://news.nankai.edu.cn/ywsd/system/2015/05/14/000233574.shtml
https://news.nankai.edu.cn/ywsd/system/2014/08/29/000199354.shtml
https://news.nankai.edu.cn/ywsd/system/2015/06/18/000238654.shtml
https://news.nankai.edu.cn/ywsd/system/2015/06/12/000237576.shtml
https://news.nankai.edu.cn/ywsd/system/2015/06/07/000237037.shtml
https://news.nankai.edu.cn/ywsd/system/2015/07/09/000241144.shtml
https://news.nankai.edu.cn/ywsd/system/2015/07/10/000241357.shtml
https://news.nankai.edu.cn/ywsd/system/2015/07/07/000240857.shtml
https://news.nankai.edu.cn/ywsd/system/2015/07/15/000241797.shtml
https://news.nankai.edu.cn/ywsd/system/2015/07/13/000241614.shtml
https://news.nankai.edu.cn/ywsd/system/2015/07/20/000242575.shtml
https://news.nankai.edu.cn/ywsd/system/2015/07/22/000243055.shtml
https://news.nankai.edu.cn/mtnk/system/2015/07/28/000244382.shtml
https://news.nankai.edu.cn/mtnk/system/2015/07/29/000244396.shtml
https://news.nankai.edu.cn/mtnk/system/2015/07/29/000244395.shtml
https://news.nankai.edu.cn/mtnk/system/2015/07/27/000244276.shtml
https://news.nankai.edu.cn/mtnk/system/2015/07/27/000244283.shtml
https://news.nankai.edu.cn/ywsd/system/2015/08/04/000244894.shtml
https://news.nankai.edu.cn/ywsd/system/2015/08/02/000244694.shtml
https://news.nankai.edu.cn/ywsd/system/2015/08/09/000245134.shtml
https://news.nankai.edu.cn/ywsd/system/2015/08/09/000245155.shtml
https://news.nankai.edu.cn/ywsd/system/2015/08/19/000245774.shtml
https://news.nankai.edu.cn/ywsd/system/2015/09/01/000246435.shtml
https://news.nankai.edu.cn/ywsd/system/2015/09/01/000246534.shtml
https://news.nankai.edu.cn/ywsd/system/2015/09/04/000246755.shtml
https://news.nankai.edu.cn/ywsd/system/2015/09/02/000246558.shtml
https://news.nankai.edu.cn/ywsd/system/2015/09/01/000246437.shtml
https://news.nankai.edu.cn/ywsd/system/2015/09/03/000246674.shtml
https://news.nankai.edu.cn/ywsd/system/2015/09/03/000246694.shtml
https://news.nankai.edu.cn/mtnk/system/2015/09/04/000246797.shtml
https://news.nankai.edu.cn/ywsd/system/2015/09/07/000247254.shtml
https://news.nankai.edu.cn/ywsd/system/2015/09/01/000246436.shtml
https://news.nankai.edu.cn/ywsd/system/2015/07/23/000243494.shtml
https://news.nankai.edu.cn/ywsd/system/2015/09/05/000246834.shtml
https://news.nankai.edu.cn/ywsd/system/2015/09/04/000246815.shtml
https://news.nankai.edu.cn/zhxw/system/2015/06/01/000236406.shtml
https://news.nankai.edu.cn/zhxw/system/2015/05/25/000235655.shtml
https://news.nankai.edu.cn/zhxw/system/2015/05/29/000236160.shtml
https://news.nankai.edu.cn/zhxw/system/2015/05/18/000234455.shtml
https://news.nankai.edu.cn/zhxw/system/2015/05/21/000235155.shtml
https://news.nankai.edu.cn/zhxw/system/2015/06/04/000236834.shtml
https://news.nankai.edu.cn/zhxw/system/2015/07/08/000241054.shtml
https://news.nankai.edu.cn/zhxw/system/2015/07/08/000241057.shtml
https://news.nankai.edu.cn/zhxw/system/2015/07/23/000243776.shtml
https://news.nankai.edu.cn/zhxw/system/2015/10/23/000252616.shtml
https://news.nankai.edu.cn/ywsd/system/2015/05/21/000235134.shtml
https://news.nankai.edu.cn/ywsd/system/2015/06/04/000236798.shtml
https://news.nankai.edu.cn/ywsd/system/2015/05/07/000230934.shtml
https://news.nankai.edu.cn/ywsd/system/2015/04/27/000229994.shtml
https://news.nankai.edu.cn/ywsd/system/2015/09/26/000249854.shtml
https://news.nankai.edu.cn/ywsd/system/2015/12/29/000262754.shtml
https://news.nankai.edu.cn/ztbd/system/2015/06/05/000236886.shtml
https://news.nankai.edu.cn/ztbd/system/2015/06/02/000236536.shtml
https://news.nankai.edu.cn/ztbd/system/2015/06/05/000236887.shtml
https://news.nankai.edu.cn/ztbd/system/2015/04/27/000229936.shtml
https://news.nankai.edu.cn/ztbd/system/2015/06/09/000237176.shtml
https://news.nankai.edu.cn/ztbd/system/2015/06/09/000237177.shtml
https://news.nankai.edu.cn/ztbd/system/2015/04/27/000229915.shtml
https://news.nankai.edu.cn/ztbd/system/2015/04/27/000229914.shtml
https://news.nankai.edu.cn/ztbd/system/2015/04/27/000229898.shtml
https://news.nankai.edu.cn/ztbd/system/2015/04/27/000229895.shtml
https://news.nankai.edu.cn/mtnk/system/2015/03/08/000224360.shtml
https://news.nankai.edu.cn/nkzs/system/2015/03/04/000223495.shtml
https://news.nankai.edu.cn/nkzs/system/2015/03/05/000223755.shtml
https://news.nankai.edu.cn/nkzs/system/2015/03/02/000222875.shtml
https://news.nankai.edu.cn/mtnk/system/2015/03/03/000223219.shtml
https://news.nankai.edu.cn/nkzs/system/2015/03/11/000224714.shtml
https://news.nankai.edu.cn/nkzs/system/2015/03/11/000224634.shtml
https://news.nankai.edu.cn/mtnk/system/2015/03/08/000224375.shtml
https://news.nankai.edu.cn/nkzs/system/2015/03/05/000223814.shtml
https://news.nankai.edu.cn/nkzs/system/2015/03/05/000223675.shtml
https://news.nankai.edu.cn/mtnk/system/2015/03/05/000223658.shtml
https://news.nankai.edu.cn/ztbd/system/2015/03/03/000223221.shtml
https://news.nankai.edu.cn/mtnk/system/2015/03/04/000223294.shtml
https://news.nankai.edu.cn/ztbd/system/2015/03/03/000223217.shtml
https://news.nankai.edu.cn/ztbd/system/2015/03/03/000223220.shtml
https://news.nankai.edu.cn/ztbd/system/2015/03/03/000223215.shtml
https://news.nankai.edu.cn/ztbd/system/2015/03/03/000223222.shtml
https://news.nankai.edu.cn/ztbd/system/2015/03/03/000223218.shtml
https://news.nankai.edu.cn/ztbd/system/2015/03/03/000223154.shtml
https://news.nankai.edu.cn/ztbd/system/2015/03/03/000223216.shtml
https://news.nankai.edu.cn/ywsd/system/2015/03/09/000224494.shtml
https://news.nankai.edu.cn/ywsd/system/2015/03/10/000224594.shtml
https://news.nankai.edu.cn/ywsd/system/2015/03/06/000224075.shtml
https://news.nankai.edu.cn/ywsd/system/2015/03/03/000223194.shtml
https://news.nankai.edu.cn/mtnk/system/2016/12/11/000310254.shtml
https://news.nankai.edu.cn/mtnk/system/2016/12/10/000310195.shtml
https://news.nankai.edu.cn/zhxw/system/2016/12/13/000310655.shtml
https://news.nankai.edu.cn/zhxw/system/2016/12/20/000311795.shtml
https://news.nankai.edu.cn/zhxw/system/2016/12/13/000310714.shtml
https://news.nankai.edu.cn/zhxw/system/2017/01/06/000314203.shtml
https://news.nankai.edu.cn/zhxw/system/2017/02/19/000318576.shtml
https://news.nankai.edu.cn/zhxw/system/2017/02/25/000319554.shtml
https://news.nankai.edu.cn/zhxw/system/2017/03/02/000320238.shtml
https://news.nankai.edu.cn/zhxw/system/2017/02/25/000319536.shtml
https://news.nankai.edu.cn/zhxw/system/2017/03/06/000320795.shtml
https://news.nankai.edu.cn/zhxw/system/2017/03/06/000320934.shtml
https://news.nankai.edu.cn/zhxw/system/2017/03/13/000322194.shtml
https://news.nankai.edu.cn/zhxw/system/2017/03/16/000322698.shtml
https://news.nankai.edu.cn/zhxw/system/2017/03/18/000323234.shtml
https://news.nankai.edu.cn/zhxw/system/2017/03/20/000323534.shtml
https://news.nankai.edu.cn/zhxw/system/2017/03/24/000324234.shtml
https://news.nankai.edu.cn/zhxw/system/2017/03/27/000324758.shtml
https://news.nankai.edu.cn/zhxw/system/2017/03/27/000324870.shtml
https://news.nankai.edu.cn/zhxw/system/2017/03/28/000324945.shtml
https://news.nankai.edu.cn/zhxw/system/2017/03/28/000324949.shtml
https://news.nankai.edu.cn/zhxw/system/2017/03/30/000325297.shtml
https://news.nankai.edu.cn/zhxw/system/2017/04/01/000325856.shtml
https://news.nankai.edu.cn/zhxw/system/2017/04/01/000325981.shtml
https://news.nankai.edu.cn/zhxw/system/2017/04/10/000327054.shtml
https://news.nankai.edu.cn/ywsd/system/2016/12/15/000311036.shtml
https://news.nankai.edu.cn/ywsd/system/2016/12/11/000310374.shtml
https://news.nankai.edu.cn/ywsd/system/2016/12/10/000310174.shtml
https://news.nankai.edu.cn/ywsd/system/2016/12/15/000311095.shtml
https://news.nankai.edu.cn/ywsd/system/2016/12/16/000311354.shtml
https://news.nankai.edu.cn/ywsd/system/2016/12/27/000312756.shtml
https://news.nankai.edu.cn/ywsd/system/2017/01/01/000313534.shtml
https://news.nankai.edu.cn/ywsd/system/2017/01/07/000314334.shtml
https://news.nankai.edu.cn/ywsd/system/2017/01/16/000315895.shtml
https://news.nankai.edu.cn/ywsd/system/2017/03/23/000323934.shtml
https://news.nankai.edu.cn/ywsd/system/2017/03/16/000322794.shtml
https://news.nankai.edu.cn/ywsd/system/2017/03/25/000324414.shtml
https://news.nankai.edu.cn/ywsd/system/2017/03/27/000324574.shtml
https://news.nankai.edu.cn/ywsd/system/2017/03/30/000325294.shtml
https://news.nankai.edu.cn/ywsd/system/2017/03/30/000325494.shtml
https://news.nankai.edu.cn/ywsd/system/2017/03/31/000325595.shtml
https://news.nankai.edu.cn/ywsd/system/2017/04/10/000326958.shtml
https://news.nankai.edu.cn/ywsd/system/2017/04/29/000330322.shtml
https://news.nankai.edu.cn/ztbd/system/2017/06/12/000334555.shtml
https://news.nankai.edu.cn/ztbd/system/2017/06/12/000334554.shtml
https://news.nankai.edu.cn/ywsd/system/2017/06/13/000334674.shtml
https://news.nankai.edu.cn/ztbd/system/2017/06/12/000334556.shtml
https://news.nankai.edu.cn/ztbd/system/2016/11/13/000305075.shtml
https://news.nankai.edu.cn/ztbd/system/2016/11/13/000305074.shtml
https://news.nankai.edu.cn/ztbd/system/2016/11/13/000305094.shtml
https://news.nankai.edu.cn/ztbd/system/2016/11/11/000304714.shtml
https://news.nankai.edu.cn/ztbd/system/2016/11/11/000304694.shtml
https://news.nankai.edu.cn/ztbd/system/2016/11/11/000304696.shtml
https://news.nankai.edu.cn/ztbd/system/2016/11/11/000304695.shtml
https://news.nankai.edu.cn/ztbd/system/2016/11/12/000304775.shtml
https://news.nankai.edu.cn/ztbd/system/2016/11/12/000304735.shtml
https://news.nankai.edu.cn/ztbd/system/2016/11/12/000304754.shtml
https://news.nankai.edu.cn/ztbd/system/2016/11/12/000304734.shtml
https://news.nankai.edu.cn/mtnk/system/2016/11/10/000304296.shtml
https://news.nankai.edu.cn/ywsd/system/2016/11/06/000303574.shtml
https://news.nankai.edu.cn/mtnk/system/2016/10/31/000302254.shtml
https://news.nankai.edu.cn/mtnk/system/2016/11/17/000305874.shtml
https://news.nankai.edu.cn/mtnk/system/2016/11/17/000305979.shtml?wd=%CE%E2%D6%BE%B3%C9+%D0%C2%CE%C5%C1%AA%B2%A5&x=13&y=10
https://news.nankai.edu.cn/mtnk/system/2016/10/30/000302054.shtml
https://news.nankai.edu.cn/mtnk/system/2016/10/29/000301934.shtml
https://news.nankai.edu.cn/mtnk/system/2016/11/21/000306754.shtml
https://news.nankai.edu.cn/mtnk/system/2016/11/01/000302374.shtml
https://news.nankai.edu.cn/zhxw/system/2016/10/27/000301506.shtml
https://news.nankai.edu.cn/zhxw/system/2016/11/08/000304083.shtml
https://news.nankai.edu.cn/zhxw/system/2016/12/21/000312054.shtml
https://news.nankai.edu.cn/ztbd/system/2016/09/27/000297514.shtml
https://news.nankai.edu.cn/ztbd/system/2016/09/26/000297325.shtml
https://news.nankai.edu.cn/ztbd/system/2016/09/26/000297324.shtml
https://news.nankai.edu.cn/ztbd/system/2016/09/26/000297323.shtml
https://news.nankai.edu.cn/ztbd/system/2016/09/26/000297321.shtml
https://news.nankai.edu.cn/ztbd/system/2016/09/26/000297320.shtml
https://news.nankai.edu.cn/ztbd/system/2016/09/26/000297319.shtml
https://news.nankai.edu.cn/ztbd/system/2016/09/26/000297318.shtml
https://news.nankai.edu.cn/ztbd/system/2016/09/26/000297317.shtml
https://news.nankai.edu.cn/zhxw/system/2016/09/30/000297814.shtml
https://news.nankai.edu.cn/zhxw/system/2016/09/27/000297494.shtml
https://news.nankai.edu.cn/zhxw/system/2016/09/27/000297502.shtml
https://news.nankai.edu.cn/ywsd/system/2016/09/26/000297326.shtml
https://news.nankai.edu.cn/ztbd/system/2015/11/18/000256280.shtml
https://news.nankai.edu.cn/ztbd/system/2015/12/01/000258414.shtml
https://news.nankai.edu.cn/ztbd/system/2015/12/08/000259578.shtml
https://news.nankai.edu.cn/ztbd/system/2015/12/04/000259049.shtml
https://news.nankai.edu.cn/ztbd/system/2015/12/15/000260727.shtml
https://news.nankai.edu.cn/ztbd/system/2015/12/17/000261000.shtml
https://news.nankai.edu.cn/ztbd/system/2014/03/03/000167916.shtml
https://news.nankai.edu.cn/ywsd/system/2014/03/05/000168254.shtml
https://news.nankai.edu.cn/ztbd/system/2014/03/07/000168556.shtml
https://news.nankai.edu.cn/ywsd/system/2014/03/07/000168536.shtml
https://news.nankai.edu.cn/ztbd/system/2014/04/04/000173356.shtml
https://news.nankai.edu.cn/ztbd/system/2014/04/24/000178294.shtml
https://news.nankai.edu.cn/ztbd/system/2014/04/10/000174734.shtml
https://news.nankai.edu.cn/mtnk/system/2015/11/15/000255860.shtml
https://news.nankai.edu.cn/zhxw/system/2015/12/08/000259696.shtml
https://news.nankai.edu.cn/ywsd/system/2015/09/23/000249315.shtml
https://news.nankai.edu.cn/ztbd/system/2015/12/10/000260003.shtml
https://news.nankai.edu.cn/ztbd/system/2015/12/15/000260749.shtml
https://news.nankai.edu.cn/ywsd/system/2014/03/06/000168335.shtml
https://news.nankai.edu.cn/ztbd/system/2013/09/26/000142134.shtml
https://news.nankai.edu.cn/dcxy/system/2014/03/07/000168474.shtml
https://news.nankai.edu.cn/dcxy/system/2014/03/07/000168481.shtml
https://news.nankai.edu.cn/mtnk/system/2014/04/02/000172757.shtml
https://news.nankai.edu.cn/mtnk/system/2014/04/02/000172754.shtml
https://news.nankai.edu.cn/mtnk/system/2014/04/01/000172598.shtml
https://news.nankai.edu.cn/mtnk/system/2014/04/04/000173237.shtml
https://news.nankai.edu.cn/mtnk/system/2014/04/03/000172898.shtml
https://news.nankai.edu.cn/mtnk/system/2014/04/01/000172594.shtml
https://news.nankai.edu.cn/mtnk/system/2014/04/04/000173238.shtml
https://news.nankai.edu.cn/mtnk/system/2014/04/01/000172600.shtml
https://news.nankai.edu.cn/mtnk/system/2014/04/17/000176796.shtml
https://news.nankai.edu.cn/mtnk/system/2014/04/01/000172595.shtml
https://news.nankai.edu.cn/mtnk/system/2014/04/17/000176814.shtml
https://news.nankai.edu.cn/mtnk/system/2014/04/14/000175617.shtml
https://news.nankai.edu.cn/mtnk/system/2014/04/10/000174619.shtml
https://news.nankai.edu.cn/mtnk/system/2014/04/10/000174617.shtml
https://news.nankai.edu.cn/mtnk/system/2014/04/08/000173742.shtml
https://news.nankai.edu.cn/mtnk/system/2014/04/10/000174618.shtml
https://news.nankai.edu.cn/ztbd/system/2014/04/11/000175415.shtml
https://news.nankai.edu.cn/mtnk/system/2014/04/08/000173753.shtml
https://news.nankai.edu.cn/mtnk/system/2014/04/11/000175394.shtml
https://news.nankai.edu.cn/ywsd/system/2014/04/11/000175355.shtml
https://news.nankai.edu.cn/ywsd/system/2014/04/11/000175334.shtml
https://news.nankai.edu.cn/ywsd/system/2014/04/09/000174214.shtml
https://news.nankai.edu.cn/ywsd/system/2014/04/02/000172655.shtml
https://news.nankai.edu.cn/ywsd/system/2014/04/01/000172315.shtml
https://news.nankai.edu.cn/sp/system/2014/04/23/000178134.shtml
https://news.nankai.edu.cn/ywsd/system/2014/04/23/000178136.shtml
https://news.nankai.edu.cn/ywsd/system/2014/04/24/000178278.shtml
https://news.nankai.edu.cn/ywsd/system/2014/04/23/000178060.shtml
https://news.nankai.edu.cn/ywsd/system/2014/04/21/000177715.shtml
https://news.nankai.edu.cn/ywsd/system/2014/04/23/000178059.shtml
https://news.nankai.edu.cn/ywsd/system/2014/04/24/000178277.shtml
https://news.nankai.edu.cn/ywsd/system/2014/04/23/000178056.shtml
https://news.nankai.edu.cn/mtnk/system/2014/04/02/000172756.shtml
https://news.nankai.edu.cn/mtnk/system/2014/04/03/000172896.shtml
https://news.nankai.edu.cn/nkzs/system/2010/10/27/000034556.shtml
https://news.nankai.edu.cn/mtnk/system/2014/03/03/000167882.shtml
https://news.nankai.edu.cn/nkzs/system/2010/10/26/000034503.shtml
https://news.nankai.edu.cn/mtnk/system/2014/04/02/000172738.shtml
https://news.nankai.edu.cn/mtnk/system/2014/04/10/000174695.shtml
https://news.nankai.edu.cn/ywsd/system/2014/04/03/000172956.shtml
https://news.nankai.edu.cn/ywsd/system/2014/04/01/000172415.shtml
https://news.nankai.edu.cn/ywsd/system/2014/04/02/000172635.shtml
https://news.nankai.edu.cn/ywsd/system/2014/03/31/000172174.shtml
https://news.nankai.edu.cn/ywsd/system/2014/04/04/000173336.shtml
https://news.nankai.edu.cn/dcxy/system/2014/03/07/000168479.shtml
https://news.nankai.edu.cn/dcxy/system/2014/03/08/000168597.shtml
https://news.nankai.edu.cn/dcxy/system/2014/03/07/000168478.shtml
https://news.nankai.edu.cn/dcxy/system/2014/03/08/000168598.shtml
https://news.nankai.edu.cn/dcxy/system/2014/03/08/000168599.shtml
https://news.nankai.edu.cn/ywsd/system/2014/03/08/000168600.shtml
https://news.nankai.edu.cn/ztbd/system/2013/12/29/000161574.shtml
https://news.nankai.edu.cn/ztbd/system/2010/12/30/000036611.shtml
https://news.nankai.edu.cn/ztbd/system/2010/12/30/000036610.shtml
https://news.nankai.edu.cn/ztbd/system/2014/02/11/000165563.shtml
https://news.nankai.edu.cn/ztbd/system/2014/02/11/000165564.shtml
https://news.nankai.edu.cn/ztbd/system/2014/02/11/000165562.shtml
https://news.nankai.edu.cn/ztbd/system/2014/02/11/000165561.shtml
https://news.nankai.edu.cn/ztbd/system/2014/02/11/000165560.shtml
https://news.nankai.edu.cn/ztbd/system/2014/02/11/000165559.shtml
https://news.nankai.edu.cn/ztbd/system/2014/02/11/000165599.shtml
https://news.nankai.edu.cn/ztbd/system/2014/02/11/000165598.shtml
https://news.nankai.edu.cn/ztbd/system/2014/02/11/000165597.shtml
https://news.nankai.edu.cn/ztbd/system/2014/02/11/000165596.shtml
https://news.nankai.edu.cn/ztbd/system/2014/02/11/000165595.shtml
https://news.nankai.edu.cn/ztbd/system/2014/02/11/000165594.shtml
https://news.nankai.edu.cn/ztbd/system/2014/02/11/000165558.shtml
https://news.nankai.edu.cn/ztbd/system/2014/02/11/000165557.shtml
https://news.nankai.edu.cn/ztbd/system/2014/02/11/000165556.shtml
https://news.nankai.edu.cn/ztbd/system/2014/02/11/000165555.shtml
https://news.nankai.edu.cn/ztbd/system/2014/02/11/000165554.shtml
https://news.nankai.edu.cn/ztbd/system/2014/03/04/000168078.shtml
https://news.nankai.edu.cn/ztbd/system/2014/03/04/000168077.shtml
https://news.nankai.edu.cn/ztbd/system/2014/03/04/000168075.shtml
https://news.nankai.edu.cn/ztbd/system/2014/03/04/000168074.shtml
https://news.nankai.edu.cn/ywsd/system/2013/03/13/000113616.shtml
https://news.nankai.edu.cn/ywsd/system/2013/09/28/000142655.shtml
https://news.nankai.edu.cn/ywsd/system/2013/04/25/000120034.shtml
https://news.nankai.edu.cn/ywsd/system/2013/12/19/000160534.shtml
https://news.nankai.edu.cn/ywsd/system/2013/12/31/000161798.shtml
https://news.nankai.edu.cn/ywsd/system/2014/01/16/000163535.shtml
https://news.nankai.edu.cn/ywsd/system/2014/02/25/000167417.shtml
https://news.nankai.edu.cn/ywsd/system/2014/03/06/000168419.shtml
https://news.nankai.edu.cn/ywsd/system/2014/03/12/000169115.shtml
https://news.nankai.edu.cn/ywsd/system/2014/03/14/000169355.shtml
https://news.nankai.edu.cn/ywsd/system/2014/03/14/000169356.shtml
https://news.nankai.edu.cn/ywsd/system/2014/03/16/000169594.shtml
https://news.nankai.edu.cn/ywsd/system/2014/03/16/000169597.shtml
https://news.nankai.edu.cn/ywsd/system/2014/03/18/000169916.shtml
https://news.nankai.edu.cn/ywsd/system/2014/03/20/000170282.shtml
https://news.nankai.edu.cn/ywsd/system/2014/03/20/000170354.shtml
https://news.nankai.edu.cn/ywsd/system/2014/03/20/000170394.shtml
https://news.nankai.edu.cn/ywsd/system/2014/03/23/000170918.shtml
https://news.nankai.edu.cn/ywsd/system/2014/03/23/000170874.shtml
https://news.nankai.edu.cn/ztbd/system/2014/03/25/000171176.shtml
https://news.nankai.edu.cn/ywsd/system/2014/03/24/000171102.shtml
https://news.nankai.edu.cn/ywsd/system/2014/03/25/000171177.shtml
https://news.nankai.edu.cn/ywsd/system/2014/03/27/000171619.shtml
https://news.nankai.edu.cn/ywsd/system/2014/04/03/000173094.shtml
https://news.nankai.edu.cn/ywsd/system/2014/05/23/000183576.shtml
https://news.nankai.edu.cn/ywsd/system/2014/04/17/000176494.shtml
https://news.nankai.edu.cn/ywsd/system/2014/10/11/000204256.shtml
https://news.nankai.edu.cn/ywsd/system/2014/10/12/000204315.shtml
https://news.nankai.edu.cn/ywsd/system/2014/11/28/000210954.shtml
https://news.nankai.edu.cn/ywsd/system/2014/03/07/000168516.shtml
https://news.nankai.edu.cn/ywsd/system/2014/03/10/000168696.shtml
https://news.nankai.edu.cn/ywsd/system/2014/03/10/000168856.shtml
https://news.nankai.edu.cn/ywsd/system/2014/03/12/000169039.shtml
https://news.nankai.edu.cn/ywsd/system/2014/03/06/000168354.shtml
https://news.nankai.edu.cn/ywsd/system/2014/03/07/000168441.shtml
https://news.nankai.edu.cn/ywsd/system/2014/03/07/000168551.shtml
https://news.nankai.edu.cn/ywsd/system/2014/03/10/000168863.shtml
https://news.nankai.edu.cn/ywsd/system/2014/03/10/000168877.shtml
https://news.nankai.edu.cn/ywsd/system/2014/03/12/000169097.shtml
https://news.nankai.edu.cn/ywsd/system/2014/03/17/000169715.shtml
https://news.nankai.edu.cn/ywsd/system/2014/03/16/000169655.shtml
https://news.nankai.edu.cn/ztbd/system/2014/03/17/000169741.shtml
https://news.nankai.edu.cn/ywsd/system/2014/03/07/000168538.shtml
https://news.nankai.edu.cn/ywsd/system/2014/03/04/000168094.shtml
https://news.nankai.edu.cn/ztbd/system/2015/12/15/000260755.shtml
https://news.nankai.edu.cn/ztbd/system/2015/12/15/000260753.shtml
https://news.nankai.edu.cn/ztbd/system/2015/12/15/000260754.shtml
https://news.nankai.edu.cn/ztbd/system/2015/12/15/000260752.shtml
https://news.nankai.edu.cn/ztbd/system/2015/12/15/000260751.shtml
https://news.nankai.edu.cn/ztbd/system/2015/12/15/000260750.shtml
https://news.nankai.edu.cn/ztbd/system/2015/12/15/000260747.shtml
https://news.nankai.edu.cn/ztbd/system/2015/12/15/000260746.shtml
https://news.nankai.edu.cn/ztbd/system/2015/12/15/000260745.shtml
https://news.nankai.edu.cn/ztbd/system/2015/12/15/000260744.shtml
https://news.nankai.edu.cn/ztbd/system/2015/12/15/000260743.shtml
https://news.nankai.edu.cn/ztbd/system/2015/12/15/000260736.shtml
https://news.nankai.edu.cn/ztbd/system/2015/12/15/000260742.shtml
https://news.nankai.edu.cn/ztbd/system/2015/12/15/000260740.shtml
https://news.nankai.edu.cn/ztbd/system/2015/12/15/000260741.shtml
https://news.nankai.edu.cn/ztbd/system/2015/12/15/000260738.shtml
https://news.nankai.edu.cn/ztbd/system/2015/12/15/000260734.shtml
https://news.nankai.edu.cn/ztbd/system/2015/12/15/000260725.shtml
https://news.nankai.edu.cn/ztbd/system/2015/12/15/000260715.shtml
https://news.nankai.edu.cn/ztbd/system/2015/12/08/000259574.shtml
https://news.nankai.edu.cn/ztbd/system/2015/12/10/000259980.shtml
https://news.nankai.edu.cn/ztbd/system/2015/12/10/000259979.shtml
https://news.nankai.edu.cn/ztbd/system/2015/12/08/000259579.shtml
https://news.nankai.edu.cn/ztbd/system/2015/12/10/000259975.shtml
https://news.nankai.edu.cn/ztbd/system/2015/12/10/000259981.shtml
https://news.nankai.edu.cn/ztbd/system/2015/12/10/000260000.shtml
https://news.nankai.edu.cn/ztbd/system/2015/12/10/000260002.shtml
https://news.nankai.edu.cn/ztbd/system/2015/12/08/000259563.shtml
https://news.nankai.edu.cn/ztbd/system/2015/12/08/000259580.shtml
https://news.nankai.edu.cn/ztbd/system/2015/12/08/000259565.shtml
https://news.nankai.edu.cn/ztbd/system/2015/12/18/000261324.shtml
https://news.nankai.edu.cn/ztbd/system/2015/12/18/000261323.shtml
https://news.nankai.edu.cn/ztbd/system/2015/12/18/000261322.shtml
https://news.nankai.edu.cn/ztbd/system/2015/12/18/000261319.shtml
https://news.nankai.edu.cn/ztbd/system/2015/12/09/000259857.shtml
https://news.nankai.edu.cn/ztbd/system/2015/12/09/000259854.shtml
https://news.nankai.edu.cn/ztbd/system/2015/12/07/000259380.shtml
https://news.nankai.edu.cn/ztbd/system/2015/12/07/000259379.shtml
https://news.nankai.edu.cn/ztbd/system/2015/12/07/000259377.shtml
https://news.nankai.edu.cn/ztbd/system/2015/12/05/000259225.shtml
https://news.nankai.edu.cn/ztbd/system/2015/12/05/000259224.shtml
https://news.nankai.edu.cn/ztbd/system/2015/12/05/000259222.shtml
https://news.nankai.edu.cn/ztbd/system/2015/12/05/000259216.shtml
https://news.nankai.edu.cn/ztbd/system/2015/12/05/000259200.shtml
https://news.nankai.edu.cn/ztbd/system/2015/12/05/000259198.shtml
https://news.nankai.edu.cn/ztbd/system/2015/12/18/000261317.shtml
https://news.nankai.edu.cn/ztbd/system/2015/12/08/000259679.shtml
https://news.nankai.edu.cn/ztbd/system/2015/12/08/000259675.shtml
https://news.nankai.edu.cn/ztbd/system/2015/12/04/000259052.shtml
https://news.nankai.edu.cn/ztbd/system/2015/12/08/000259678.shtml
https://news.nankai.edu.cn/ztbd/system/2015/12/04/000259041.shtml
https://news.nankai.edu.cn/ztbd/system/2015/12/08/000259676.shtml
https://news.nankai.edu.cn/ztbd/system/2015/12/04/000259050.shtml
https://news.nankai.edu.cn/ztbd/system/2015/12/04/000259038.shtml
https://news.nankai.edu.cn/ztbd/system/2015/12/04/000258995.shtml
https://news.nankai.edu.cn/ztbd/system/2015/12/04/000259055.shtml
https://news.nankai.edu.cn/ztbd/system/2015/12/04/000259053.shtml
https://news.nankai.edu.cn/ztbd/system/2015/12/04/000259051.shtml
https://news.nankai.edu.cn/ztbd/system/2015/12/04/000259054.shtml
https://news.nankai.edu.cn/ztbd/system/2015/12/04/000258998.shtml
https://news.nankai.edu.cn/ztbd/system/2015/12/04/000259014.shtml
https://news.nankai.edu.cn/ztbd/system/2015/12/04/000259046.shtml
https://news.nankai.edu.cn/ztbd/system/2015/12/04/000259047.shtml
https://news.nankai.edu.cn/ztbd/system/2015/12/04/000259037.shtml
https://news.nankai.edu.cn/ztbd/system/2015/12/04/000259042.shtml
https://news.nankai.edu.cn/ztbd/system/2015/12/04/000259056.shtml
https://news.nankai.edu.cn/ztbd/system/2015/12/04/000259040.shtml
https://news.nankai.edu.cn/ztbd/system/2015/12/04/000259015.shtml
https://news.nankai.edu.cn/ztbd/system/2015/12/04/000259036.shtml
https://news.nankai.edu.cn/ztbd/system/2015/12/04/000259035.shtml
https://news.nankai.edu.cn/ztbd/system/2015/12/04/000259057.shtml
https://news.nankai.edu.cn/ztbd/system/2015/12/10/000260076.shtml
https://news.nankai.edu.cn/ztbd/system/2015/12/18/000261286.shtml
https://news.nankai.edu.cn/ztbd/system/2015/12/18/000261285.shtml
https://news.nankai.edu.cn/ztbd/system/2015/12/11/000260258.shtml
https://news.nankai.edu.cn/ztbd/system/2015/12/11/000260254.shtml
https://news.nankai.edu.cn/ztbd/system/2015/12/11/000260234.shtml
https://news.nankai.edu.cn/ztbd/system/2015/12/11/000260257.shtml
https://news.nankai.edu.cn/ztbd/system/2015/12/11/000260256.shtml
https://news.nankai.edu.cn/ztbd/system/2015/12/11/000260222.shtml
https://news.nankai.edu.cn/ztbd/system/2015/12/10/000260085.shtml
https://news.nankai.edu.cn/ztbd/system/2015/12/10/000260082.shtml
https://news.nankai.edu.cn/ztbd/system/2015/12/11/000260221.shtml
https://news.nankai.edu.cn/ztbd/system/2015/12/10/000260081.shtml
https://news.nankai.edu.cn/ztbd/system/2015/12/10/000260074.shtml
https://news.nankai.edu.cn/ztbd/system/2015/12/10/000260080.shtml
https://news.nankai.edu.cn/ztbd/system/2015/12/10/000260079.shtml
https://news.nankai.edu.cn/ztbd/system/2015/12/10/000260077.shtml
https://news.nankai.edu.cn/ztbd/system/2015/12/10/000260078.shtml
https://news.nankai.edu.cn/ztbd/system/2015/12/10/000260057.shtml
https://news.nankai.edu.cn/ztbd/system/2015/12/10/000260073.shtml
https://news.nankai.edu.cn/ztbd/system/2015/12/10/000260065.shtml
https://news.nankai.edu.cn/ztbd/system/2015/12/10/000260072.shtml
https://news.nankai.edu.cn/ztbd/system/2015/12/10/000260066.shtml
https://news.nankai.edu.cn/ztbd/system/2015/12/10/000260069.shtml
https://news.nankai.edu.cn/ztbd/system/2015/12/10/000260064.shtml
https://news.nankai.edu.cn/ztbd/system/2015/12/10/000260051.shtml
https://news.nankai.edu.cn/ztbd/system/2015/12/10/000260063.shtml
https://news.nankai.edu.cn/ztbd/system/2015/12/10/000260059.shtml
https://news.nankai.edu.cn/ztbd/system/2015/12/10/000260055.shtml
https://news.nankai.edu.cn/ztbd/system/2015/12/10/000260052.shtml
https://news.nankai.edu.cn/ztbd/system/2015/12/10/000260050.shtml
https://news.nankai.edu.cn/ztbd/system/2015/12/10/000260040.shtml
https://news.nankai.edu.cn/ztbd/system/2015/12/05/000259226.shtml
https://news.nankai.edu.cn/ztbd/system/2015/12/05/000259267.shtml
https://news.nankai.edu.cn/ztbd/system/2015/12/05/000259266.shtml
https://news.nankai.edu.cn/ztbd/system/2015/12/05/000259263.shtml
https://news.nankai.edu.cn/ztbd/system/2015/12/05/000259262.shtml
https://news.nankai.edu.cn/ztbd/system/2015/12/05/000259261.shtml
https://news.nankai.edu.cn/ztbd/system/2015/12/05/000259260.shtml
https://news.nankai.edu.cn/ztbd/system/2015/12/05/000259259.shtml
https://news.nankai.edu.cn/ztbd/system/2015/12/05/000259258.shtml
https://news.nankai.edu.cn/ztbd/system/2015/12/08/000259680.shtml
https://news.nankai.edu.cn/ztbd/system/2015/12/05/000259256.shtml
https://news.nankai.edu.cn/ztbd/system/2015/12/05/000259255.shtml
https://news.nankai.edu.cn/ztbd/system/2015/12/05/000259254.shtml
https://news.nankai.edu.cn/ztbd/system/2015/12/05/000259241.shtml
https://news.nankai.edu.cn/ztbd/system/2015/12/05/000259240.shtml
https://news.nankai.edu.cn/ztbd/system/2015/12/05/000259238.shtml
https://news.nankai.edu.cn/ztbd/system/2015/12/05/000259239.shtml
https://news.nankai.edu.cn/ztbd/system/2015/12/05/000259237.shtml
https://news.nankai.edu.cn/ztbd/system/2015/12/05/000259236.shtml
https://news.nankai.edu.cn/ztbd/system/2015/12/05/000259234.shtml
https://news.nankai.edu.cn/ztbd/system/2015/12/05/000259227.shtml
https://news.nankai.edu.cn/ztbd/system/2015/12/05/000259223.shtml
https://news.nankai.edu.cn/ztbd/system/2015/12/05/000259218.shtml
https://news.nankai.edu.cn/ztbd/system/2015/12/05/000259217.shtml
https://news.nankai.edu.cn/ztbd/system/2015/12/05/000259201.shtml
https://news.nankai.edu.cn/ztbd/system/2015/12/05/000259257.shtml
https://news.nankai.edu.cn/zhxw/system/2015/12/09/000259754.shtml
https://news.nankai.edu.cn/ywsd/system/2015/12/06/000259356.shtml
https://news.nankai.edu.cn/ywsd/system/2015/12/09/000259755.shtml
https://news.nankai.edu.cn/ztbd/system/2015/12/08/000259552.shtml
https://news.nankai.edu.cn/ztbd/system/2015/12/08/000259547.shtml
https://news.nankai.edu.cn/ztbd/system/2015/12/08/000259546.shtml
https://news.nankai.edu.cn/ztbd/system/2015/12/08/000259545.shtml
https://news.nankai.edu.cn/ztbd/system/2015/12/08/000259549.shtml
https://news.nankai.edu.cn/ztbd/system/2015/12/08/000259551.shtml
https://news.nankai.edu.cn/ztbd/system/2015/12/08/000259543.shtml
https://news.nankai.edu.cn/ztbd/system/2015/12/08/000259548.shtml
https://news.nankai.edu.cn/ztbd/system/2015/12/08/000259544.shtml
https://news.nankai.edu.cn/ztbd/system/2015/12/08/000259542.shtml
https://news.nankai.edu.cn/ztbd/system/2015/12/08/000259541.shtml
https://news.nankai.edu.cn/ztbd/system/2015/12/08/000259540.shtml
https://news.nankai.edu.cn/ztbd/system/2015/12/08/000259538.shtml
https://news.nankai.edu.cn/ztbd/system/2015/12/08/000259537.shtml
https://news.nankai.edu.cn/ztbd/system/2015/12/08/000259536.shtml
https://news.nankai.edu.cn/ztbd/system/2015/12/08/000259535.shtml
https://news.nankai.edu.cn/ztbd/system/2015/12/08/000259534.shtml
https://news.nankai.edu.cn/ztbd/system/2015/12/17/000261078.shtml
https://news.nankai.edu.cn/ywsd/system/2015/09/30/000250254.shtml
https://news.nankai.edu.cn/ywsd/system/2015/11/07/000254535.shtml
https://news.nankai.edu.cn/ywsd/system/2015/10/12/000250994.shtml
https://news.nankai.edu.cn/ywsd/system/2015/11/11/000255274.shtml
https://news.nankai.edu.cn/ywsd/system/2015/11/23/000257115.shtml
https://news.nankai.edu.cn/ywsd/system/2015/11/06/000254441.shtml
https://news.nankai.edu.cn/ywsd/system/2015/11/04/000253994.shtml
https://news.nankai.edu.cn/ywsd/system/2015/10/30/000253464.shtml
https://news.nankai.edu.cn/ywsd/system/2015/12/02/000258614.shtml
https://news.nankai.edu.cn/mtnk/system/2015/11/11/000255246.shtml
https://news.nankai.edu.cn/mtnk/system/2015/11/12/000255414.shtml
https://news.nankai.edu.cn/mtnk/system/2015/11/13/000255576.shtml
https://news.nankai.edu.cn/mtnk/system/2015/11/13/000255514.shtml
https://news.nankai.edu.cn/mtnk/system/2015/11/24/000257379.shtml
https://news.nankai.edu.cn/mtnk/system/2015/11/27/000257954.shtml
https://news.nankai.edu.cn/ywsd/system/2015/11/14/000255774.shtml
https://news.nankai.edu.cn/ywsd/system/2015/11/12/000255477.shtml
https://news.nankai.edu.cn/ywsd/system/2015/11/14/000255775.shtml
https://news.nankai.edu.cn/ywsd/system/2015/11/14/000255776.shtml
https://news.nankai.edu.cn/ywsd/system/2015/11/12/000255478.shtml
https://news.nankai.edu.cn/ywsd/system/2015/11/27/000257934.shtml
https://news.nankai.edu.cn/ywsd/system/2015/11/12/000255435.shtml
https://news.nankai.edu.cn/ztbd/system/2012/03/21/000059855.shtml
https://news.nankai.edu.cn/ztbd/system/2014/05/23/000183874.shtml
https://news.nankai.edu.cn/ztbd/system/2014/06/17/000187174.shtml
https://news.nankai.edu.cn/ztbd/system/2014/06/27/000190534.shtml
https://news.nankai.edu.cn/ztbd/system/2014/08/19/000197394.shtml
https://news.nankai.edu.cn/ztbd/system/2014/08/09/000196663.shtml
https://news.nankai.edu.cn/ztbd/system/2014/09/04/000200214.shtml
https://news.nankai.edu.cn/ztbd/system/2014/09/08/000200524.shtml
https://news.nankai.edu.cn/ztbd/system/2014/09/10/000200656.shtml
https://news.nankai.edu.cn/ztbd/system/2014/09/17/000201675.shtml
https://news.nankai.edu.cn/ztbd/system/2014/09/25/000202559.shtml
https://news.nankai.edu.cn/ztbd/system/2014/09/30/000203298.shtml
https://news.nankai.edu.cn/ztbd/system/2014/10/13/000204500.shtml
https://news.nankai.edu.cn/ztbd/system/2014/10/20/000205585.shtml
https://news.nankai.edu.cn/ztbd/system/2014/09/29/000203038.shtml
https://news.nankai.edu.cn/ztbd/system/2014/10/28/000206634.shtml
https://news.nankai.edu.cn/ztbd/system/2018/11/13/000418647.shtml
https://news.nankai.edu.cn/dcxy/system/2014/05/15/000181414.shtml
https://news.nankai.edu.cn/dcxy/system/2014/06/13/000186659.shtml
https://news.nankai.edu.cn/ywsd/system/2014/06/26/000190254.shtml
https://news.nankai.edu.cn/ztbd/system/2014/08/19/000197455.shtml
https://news.nankai.edu.cn/dcxy/system/2014/07/04/000192674.shtml
https://news.nankai.edu.cn/ztbd/system/2014/09/08/000200537.shtml
https://news.nankai.edu.cn/ztbd/system/2014/09/08/000200535.shtml
https://news.nankai.edu.cn/mtnk/system/2014/09/09/000200576.shtml
https://news.nankai.edu.cn/mtnk/system/2014/09/08/000200557.shtml
https://news.nankai.edu.cn/mtnk/system/2014/09/15/000201235.shtml
https://news.nankai.edu.cn/ztbd/system/2014/09/30/000203257.shtml
https://news.nankai.edu.cn/ywsd/system/2014/04/04/000173338.shtml
https://news.nankai.edu.cn/ztbd/system/2014/10/20/000205573.shtml
https://news.nankai.edu.cn/mtnk/system/2007/04/03/000005629.shtml
https://news.nankai.edu.cn/ywsd/system/2014/09/23/000202377.shtml
https://news.nankai.edu.cn/ywsd/system/2014/05/28/000184495.shtml
https://news.nankai.edu.cn/ywsd/system/2014/10/22/000205854.shtml
https://news.nankai.edu.cn/ywsd/system/2014/10/16/000204954.shtml
https://news.nankai.edu.cn/ywsd/system/2014/10/24/000206215.shtml
https://news.nankai.edu.cn/zhxw/system/2014/10/17/000205134.shtml
https://news.nankai.edu.cn/ywsd/system/2014/10/20/000205538.shtml
https://news.nankai.edu.cn/zhxw/system/2014/10/24/000206175.shtml
https://news.nankai.edu.cn/ywsd/system/2014/10/23/000206016.shtml
https://news.nankai.edu.cn/zhxw/system/2014/10/24/000206177.shtml
https://news.nankai.edu.cn/ywsd/system/2014/10/28/000206675.shtml
https://news.nankai.edu.cn/ywsd/system/2014/10/29/000206796.shtml
https://news.nankai.edu.cn/mtnk/system/2009/02/14/000021643.shtml
https://news.nankai.edu.cn/ywsd/system/2014/10/13/000204463.shtml
https://news.nankai.edu.cn/ywsd/system/2014/09/11/000200774.shtml
https://news.nankai.edu.cn/ywsd/system/2014/10/15/000204800.shtml
https://news.nankai.edu.cn/ywsd/system/2014/09/24/000202456.shtml
https://news.nankai.edu.cn/ztbd/system/2014/10/22/000205895.shtml
https://news.nankai.edu.cn/ztbd/system/2014/10/22/000205894.shtml
https://news.nankai.edu.cn/ztbd/system/2014/10/20/000205574.shtml
https://news.nankai.edu.cn/ztbd/system/2014/10/20/000205575.shtml
https://news.nankai.edu.cn/ztbd/system/2014/10/30/000206859.shtml
https://news.nankai.edu.cn/ztbd/system/2014/10/30/000206856.shtml
https://news.nankai.edu.cn/ztbd/system/2014/10/30/000206858.shtml
https://news.nankai.edu.cn/ztbd/system/2014/10/30/000206855.shtml
https://news.nankai.edu.cn/ztbd/system/2014/10/30/000206854.shtml
https://news.nankai.edu.cn/ztbd/system/2014/10/20/000205583.shtml
https://news.nankai.edu.cn/ztbd/system/2014/10/30/000206836.shtml
https://news.nankai.edu.cn/ztbd/system/2014/10/20/000205581.shtml
https://news.nankai.edu.cn/ztbd/system/2014/10/20/000205582.shtml
https://news.nankai.edu.cn/ztbd/system/2014/10/20/000205579.shtml
https://news.nankai.edu.cn/ztbd/system/2014/10/24/000206231.shtml
https://news.nankai.edu.cn/ztbd/system/2014/10/24/000206230.shtml
https://news.nankai.edu.cn/ztbd/system/2014/10/24/000206223.shtml
https://news.nankai.edu.cn/ztbd/system/2014/10/24/000206236.shtml
https://news.nankai.edu.cn/ztbd/system/2014/10/21/000205695.shtml
https://news.nankai.edu.cn/ztbd/system/2014/10/20/000205571.shtml
https://news.nankai.edu.cn/ywsd/system/2014/10/23/000206094.shtml
https://news.nankai.edu.cn/ywsd/system/2014/10/29/000206735.shtml
https://news.nankai.edu.cn/ywsd/system/2014/10/29/000206734.shtml
https://news.nankai.edu.cn/ywsd/system/2014/04/08/000174116.shtml
https://news.nankai.edu.cn/ztbd/system/2014/06/19/000187715.shtml
https://news.nankai.edu.cn/ztbd/system/2014/10/12/000204356.shtml
https://news.nankai.edu.cn/mtnk/system/2014/08/26/000198614.shtml
https://news.nankai.edu.cn/ywsd/system/2014/03/04/000168036.shtml
https://news.nankai.edu.cn/ywsd/system/2014/04/27/000178799.shtml
https://news.nankai.edu.cn/ywsd/system/2014/06/24/000188994.shtml
https://news.nankai.edu.cn/ywsd/system/2014/08/26/000198535.shtml
https://news.nankai.edu.cn/ywsd/system/2014/09/21/000202136.shtml
https://news.nankai.edu.cn/ywsd/system/2014/09/21/000202116.shtml
https://news.nankai.edu.cn/ywsd/system/2014/10/03/000203575.shtml
https://news.nankai.edu.cn/ywsd/system/2014/10/04/000203676.shtml
https://news.nankai.edu.cn/dcxy/system/2014/10/13/000204496.shtml
https://news.nankai.edu.cn/ywsd/system/2014/10/07/000203795.shtml
https://news.nankai.edu.cn/ywsd/system/2014/10/17/000205234.shtml
https://news.nankai.edu.cn/ywsd/system/2014/10/23/000206057.shtml
https://news.nankai.edu.cn/ztbd/system/2014/09/30/000203255.shtml
https://news.nankai.edu.cn/ztbd/system/2014/09/30/000203237.shtml
https://news.nankai.edu.cn/ywsd/system/2014/09/30/000203281.shtml
https://news.nankai.edu.cn/ywsd/system/2014/09/30/000203299.shtml
https://news.nankai.edu.cn/ztbd/system/2014/09/30/000203305.shtml
https://news.nankai.edu.cn/ztbd/system/2014/09/30/000203303.shtml
https://news.nankai.edu.cn/ztbd/system/2014/09/30/000203301.shtml
https://news.nankai.edu.cn/ztbd/system/2014/09/30/000203304.shtml
https://news.nankai.edu.cn/ztbd/system/2014/09/30/000203236.shtml
https://news.nankai.edu.cn/ztbd/system/2014/09/29/000203134.shtml
https://news.nankai.edu.cn/ztbd/system/2014/09/29/000203117.shtml
https://news.nankai.edu.cn/ztbd/system/2014/09/29/000203116.shtml
https://news.nankai.edu.cn/ztbd/system/2014/10/01/000203420.shtml
https://news.nankai.edu.cn/ztbd/system/2014/10/01/000203421.shtml
https://news.nankai.edu.cn/ztbd/system/2014/09/29/000203115.shtml
https://news.nankai.edu.cn/ztbd/system/2014/09/30/000203235.shtml
https://news.nankai.edu.cn/ztbd/system/2014/09/30/000203314.shtml
https://news.nankai.edu.cn/ztbd/system/2014/10/01/000203415.shtml
https://news.nankai.edu.cn/ztbd/system/2014/09/28/000202862.shtml
https://news.nankai.edu.cn/ztbd/system/2014/09/28/000202861.shtml
https://news.nankai.edu.cn/ztbd/system/2014/09/28/000202860.shtml
https://news.nankai.edu.cn/ztbd/system/2014/09/28/000202859.shtml
https://news.nankai.edu.cn/ztbd/system/2014/09/28/000202858.shtml
https://news.nankai.edu.cn/ztbd/system/2014/09/28/000202857.shtml
https://news.nankai.edu.cn/ztbd/system/2014/09/28/000202856.shtml
https://news.nankai.edu.cn/ztbd/system/2014/09/26/000202701.shtml
https://news.nankai.edu.cn/ztbd/system/2014/09/26/000202700.shtml
https://news.nankai.edu.cn/ztbd/system/2014/09/26/000202699.shtml
https://news.nankai.edu.cn/ztbd/system/2014/09/26/000202698.shtml
https://news.nankai.edu.cn/ztbd/system/2014/09/26/000202696.shtml
https://news.nankai.edu.cn/ztbd/system/2014/09/26/000202695.shtml
https://news.nankai.edu.cn/ztbd/system/2014/09/26/000202657.shtml
https://news.nankai.edu.cn/ztbd/system/2014/09/26/000202656.shtml
https://news.nankai.edu.cn/ztbd/system/2014/09/26/000202655.shtml
https://news.nankai.edu.cn/ztbd/system/2014/09/26/000202654.shtml
https://news.nankai.edu.cn/ztbd/system/2014/09/26/000202653.shtml
https://news.nankai.edu.cn/ztbd/system/2014/09/26/000202652.shtml
https://news.nankai.edu.cn/ztbd/system/2014/09/26/000202650.shtml
https://news.nankai.edu.cn/ztbd/system/2014/09/26/000202649.shtml
https://news.nankai.edu.cn/ztbd/system/2014/09/26/000202646.shtml
https://news.nankai.edu.cn/ztbd/system/2014/09/26/000202645.shtml
https://news.nankai.edu.cn/ztbd/system/2014/09/26/000202644.shtml
https://news.nankai.edu.cn/ztbd/system/2014/09/26/000202643.shtml
https://news.nankai.edu.cn/ztbd/system/2014/09/26/000202642.shtml
https://news.nankai.edu.cn/ztbd/system/2014/09/26/000202641.shtml
https://news.nankai.edu.cn/ywsd/system/2014/07/07/000193136.shtml
https://news.nankai.edu.cn/ywsd/system/2014/08/24/000198394.shtml
https://news.nankai.edu.cn/ywsd/system/2014/08/14/000197014.shtml
https://news.nankai.edu.cn/ywsd/system/2014/08/19/000197514.shtml
https://news.nankai.edu.cn/ywsd/system/2014/08/29/000199374.shtml
https://news.nankai.edu.cn/ywsd/system/2015/06/07/000237034.shtml
https://news.nankai.edu.cn/sp/system/2013/12/20/000160660.shtml
https://news.nankai.edu.cn/ztbd/system/2010/12/31/000036625.shtml
https://news.nankai.edu.cn/ztbd/system/2010/12/31/000036623.shtml
https://news.nankai.edu.cn/ywsd/system/2010/12/27/000036535.shtml
https://news.nankai.edu.cn/mtnk/system/2014/09/14/000200978.shtml
https://news.nankai.edu.cn/mtnk/system/2014/09/10/000200696.shtml
https://news.nankai.edu.cn/mtnk/system/2014/09/14/000200980.shtml
https://news.nankai.edu.cn/mtnk/system/2014/09/12/000200816.shtml
https://news.nankai.edu.cn/zhxw/system/2014/09/16/000201534.shtml
https://news.nankai.edu.cn/zhxw/system/2014/09/16/000201574.shtml
https://news.nankai.edu.cn/nkzs/system/2014/09/15/000201234.shtml
https://news.nankai.edu.cn/sp/system/2014/09/17/000201837.shtml
https://news.nankai.edu.cn/ywsd/system/2014/09/15/000201214.shtml
https://news.nankai.edu.cn/ywsd/system/2014/09/16/000201575.shtml
https://news.nankai.edu.cn/ztbd/system/2010/12/31/000036627.shtml
https://news.nankai.edu.cn/ztbd/system/2010/12/31/000036626.shtml
https://news.nankai.edu.cn/ztbd/system/2010/12/30/000036622.shtml
https://news.nankai.edu.cn/ztbd/system/2011/01/02/000036678.shtml
https://news.nankai.edu.cn/ztbd/system/2010/12/31/000036634.shtml
https://news.nankai.edu.cn/ywsd/system/2010/12/27/000036536.shtml
https://news.nankai.edu.cn/mtnk/system/2014/09/10/000200636.shtml
https://news.nankai.edu.cn/ywsd/system/2014/09/09/000200575.shtml
https://news.nankai.edu.cn/ywsd/system/2014/09/10/000200634.shtml
https://news.nankai.edu.cn/ywsd/system/2014/09/06/000200434.shtml
https://news.nankai.edu.cn/ztbd/system/2014/09/10/000200658.shtml
https://news.nankai.edu.cn/ztbd/system/2014/09/10/000200657.shtml
https://news.nankai.edu.cn/ywsd/system/2014/09/10/000200614.shtml
https://news.nankai.edu.cn/ztbd/system/2014/09/10/000200659.shtml
https://news.nankai.edu.cn/ywsd/system/2014/09/10/000200655.shtml
https://news.nankai.edu.cn/ywsd/system/2014/09/10/000200654.shtml
https://news.nankai.edu.cn/ztbd/system/2014/09/08/000200516.shtml
https://news.nankai.edu.cn/ztbd/system/2014/09/08/000200517.shtml
https://news.nankai.edu.cn/ztbd/system/2014/09/08/000200519.shtml
https://news.nankai.edu.cn/ywsd/system/2014/09/13/000200917.shtml
https://news.nankai.edu.cn/ywsd/system/2014/09/07/000200455.shtml
https://news.nankai.edu.cn/ztbd/system/2014/09/08/000200518.shtml
https://news.nankai.edu.cn/dcxy/system/2014/07/04/000192874.shtml
https://news.nankai.edu.cn/dcxy/system/2014/07/07/000193198.shtml
https://news.nankai.edu.cn/ywsd/system/2014/07/12/000193774.shtml
https://news.nankai.edu.cn/dcxy/system/2014/07/14/000194034.shtml
https://news.nankai.edu.cn/dcxy/system/2014/07/14/000194056.shtml
https://news.nankai.edu.cn/dcxy/system/2014/07/15/000194274.shtml
https://news.nankai.edu.cn/dcxy/system/2014/07/17/000194994.shtml
https://news.nankai.edu.cn/dcxy/system/2014/07/17/000194995.shtml
https://news.nankai.edu.cn/dcxy/system/2014/07/19/000195136.shtml
https://news.nankai.edu.cn/zhxw/system/2014/07/19/000195134.shtml
https://news.nankai.edu.cn/zhxw/system/2014/07/23/000195555.shtml
https://news.nankai.edu.cn/zhxw/system/2014/07/23/000195560.shtml
https://news.nankai.edu.cn/zhxw/system/2014/07/24/000195634.shtml
https://news.nankai.edu.cn/zhxw/system/2014/07/25/000195695.shtml
https://news.nankai.edu.cn/zhxw/system/2014/07/25/000195696.shtml
https://news.nankai.edu.cn/zhxw/system/2014/07/25/000195697.shtml
https://news.nankai.edu.cn/zhxw/system/2014/07/25/000195699.shtml
https://news.nankai.edu.cn/zhxw/system/2014/07/26/000195797.shtml
https://news.nankai.edu.cn/zhxw/system/2014/07/25/000195754.shtml
https://news.nankai.edu.cn/zhxw/system/2014/07/25/000195737.shtml
https://news.nankai.edu.cn/zhxw/system/2014/07/26/000195776.shtml
https://news.nankai.edu.cn/zhxw/system/2014/07/26/000195777.shtml
https://news.nankai.edu.cn/zhxw/system/2014/07/26/000195778.shtml
https://news.nankai.edu.cn/zhxw/system/2014/07/26/000195782.shtml
https://news.nankai.edu.cn/zhxw/system/2014/07/26/000195784.shtml
https://news.nankai.edu.cn/dcxy/system/2014/07/26/000195815.shtml
https://news.nankai.edu.cn/zhxw/system/2014/07/26/000195795.shtml
https://news.nankai.edu.cn/zhxw/system/2014/07/26/000195796.shtml
https://news.nankai.edu.cn/zhxw/system/2014/07/26/000195783.shtml
https://news.nankai.edu.cn/zhxw/system/2014/07/29/000196035.shtml
https://news.nankai.edu.cn/zhxw/system/2014/07/29/000196036.shtml
https://news.nankai.edu.cn/zhxw/system/2014/07/29/000196037.shtml
https://news.nankai.edu.cn/zhxw/system/2014/07/29/000196038.shtml
https://news.nankai.edu.cn/zhxw/system/2014/07/29/000196039.shtml
https://news.nankai.edu.cn/zhxw/system/2014/07/31/000196134.shtml
https://news.nankai.edu.cn/zhxw/system/2014/07/31/000196135.shtml
https://news.nankai.edu.cn/zhxw/system/2014/07/31/000196136.shtml
https://news.nankai.edu.cn/zhxw/system/2014/07/31/000196137.shtml
https://news.nankai.edu.cn/zhxw/system/2014/08/01/000196194.shtml
https://news.nankai.edu.cn/zhxw/system/2014/08/01/000196214.shtml
https://news.nankai.edu.cn/zhxw/system/2014/08/01/000196215.shtml
https://news.nankai.edu.cn/zhxw/system/2014/08/05/000196435.shtml
https://news.nankai.edu.cn/zhxw/system/2014/08/05/000196436.shtml
https://news.nankai.edu.cn/zhxw/system/2014/08/05/000196438.shtml
https://news.nankai.edu.cn/zhxw/system/2014/08/05/000196439.shtml
https://news.nankai.edu.cn/zhxw/system/2014/08/05/000196440.shtml
https://news.nankai.edu.cn/ywsd/system/2014/08/05/000196434.shtml
https://news.nankai.edu.cn/ywsd/system/2014/08/05/000196414.shtml
https://news.nankai.edu.cn/zhxw/system/2014/08/06/000196477.shtml
https://news.nankai.edu.cn/zhxw/system/2014/08/07/000196534.shtml
https://news.nankai.edu.cn/zhxw/system/2014/08/07/000196535.shtml
https://news.nankai.edu.cn/zhxw/system/2014/08/07/000196536.shtml
https://news.nankai.edu.cn/zhxw/system/2014/08/07/000196537.shtml
https://news.nankai.edu.cn/zhxw/system/2014/08/08/000196577.shtml
https://news.nankai.edu.cn/dcxy/system/2014/08/06/000196494.shtml
https://news.nankai.edu.cn/ywsd/system/2014/08/07/000196515.shtml
https://news.nankai.edu.cn/zhxw/system/2014/08/12/000196894.shtml
https://news.nankai.edu.cn/zhxw/system/2014/08/11/000196854.shtml
https://news.nankai.edu.cn/zhxw/system/2014/08/10/000196774.shtml
https://news.nankai.edu.cn/zhxw/system/2014/08/09/000196695.shtml
https://news.nankai.edu.cn/zhxw/system/2014/08/15/000197095.shtml
https://news.nankai.edu.cn/dcxy/system/2014/08/15/000197134.shtml
https://news.nankai.edu.cn/zhxw/system/2014/08/16/000197174.shtml
https://news.nankai.edu.cn/zhxw/system/2014/08/17/000197234.shtml
https://news.nankai.edu.cn/zhxw/system/2014/08/18/000197314.shtml
https://news.nankai.edu.cn/ztbd/system/2014/08/19/000197456.shtml
https://news.nankai.edu.cn/ztbd/system/2014/08/19/000197457.shtml
https://news.nankai.edu.cn/ztbd/system/2014/08/19/000197458.shtml
https://news.nankai.edu.cn/ztbd/system/2014/08/19/000197435.shtml
https://news.nankai.edu.cn/ztbd/system/2014/08/19/000197414.shtml
https://news.nankai.edu.cn/ztbd/system/2014/08/19/000197415.shtml
https://news.nankai.edu.cn/ztbd/system/2014/08/19/000197416.shtml
https://news.nankai.edu.cn/ztbd/system/2014/08/19/000197419.shtml
https://news.nankai.edu.cn/ztbd/system/2014/08/19/000197434.shtml
https://news.nankai.edu.cn/ztbd/system/2014/08/19/000197436.shtml
https://news.nankai.edu.cn/ztbd/system/2014/08/20/000197614.shtml
https://news.nankai.edu.cn/ztbd/system/2014/08/21/000197900.shtml
https://news.nankai.edu.cn/ztbd/system/2014/08/22/000198017.shtml
https://news.nankai.edu.cn/ztbd/system/2014/08/20/000197734.shtml
https://news.nankai.edu.cn/ztbd/system/2014/08/22/000198016.shtml
https://news.nankai.edu.cn/ztbd/system/2014/08/21/000197898.shtml
https://news.nankai.edu.cn/ztbd/system/2014/08/20/000197655.shtml
https://news.nankai.edu.cn/ztbd/system/2014/08/20/000197654.shtml
https://news.nankai.edu.cn/ztbd/system/2014/08/22/000198015.shtml
https://news.nankai.edu.cn/ztbd/system/2014/08/21/000197897.shtml
https://news.nankai.edu.cn/ztbd/system/2014/08/21/000197896.shtml
https://news.nankai.edu.cn/ywsd/system/2014/08/18/000197294.shtml
https://news.nankai.edu.cn/ywsd/system/2014/06/30/000191237.shtml
https://news.nankai.edu.cn/ywsd/system/2014/06/30/000191434.shtml
https://news.nankai.edu.cn/ywsd/system/2014/07/01/000191934.shtml
https://news.nankai.edu.cn/ywsd/system/2014/07/01/000191995.shtml
https://news.nankai.edu.cn/ywsd/system/2014/06/16/000186795.shtml
https://news.nankai.edu.cn/ywsd/system/2014/06/25/000189414.shtml
https://news.nankai.edu.cn/ywsd/system/2014/07/03/000192554.shtml
https://news.nankai.edu.cn/ywsd/system/2014/07/02/000192134.shtml
https://news.nankai.edu.cn/dcxy/system/2014/05/18/000181754.shtml
https://news.nankai.edu.cn/dcxy/system/2014/06/01/000184954.shtml
https://news.nankai.edu.cn/dcxy/system/2014/05/28/000184519.shtml
https://news.nankai.edu.cn/dcxy/system/2014/06/06/000185774.shtml
https://news.nankai.edu.cn/dcxy/system/2014/06/12/000186495.shtml
https://news.nankai.edu.cn/ywsd/system/2014/05/06/000180015.shtml
https://news.nankai.edu.cn/ywsd/system/2014/05/14/000181174.shtml
https://news.nankai.edu.cn/ywsd/system/2014/05/21/000183136.shtml
https://news.nankai.edu.cn/ywsd/system/2014/06/16/000186838.shtml
https://news.nankai.edu.cn/ywsd/system/2014/06/19/000187594.shtml
https://news.nankai.edu.cn/dcxy/system/2014/06/20/000187954.shtml
https://news.nankai.edu.cn/dcxy/system/2014/06/22/000188354.shtml
https://news.nankai.edu.cn/dcxy/system/2014/06/06/000185754.shtml
https://news.nankai.edu.cn/zhxw/system/2014/04/28/000178934.shtml
https://news.nankai.edu.cn/zhxw/system/2014/05/28/000184584.shtml
https://news.nankai.edu.cn/ywsd/system/2014/04/18/000177014.shtml
https://news.nankai.edu.cn/ywsd/system/2014/05/28/000184497.shtml
https://news.nankai.edu.cn/ywsd/system/2014/06/06/000185934.shtml
https://news.nankai.edu.cn/ywsd/system/2014/06/16/000186774.shtml
https://news.nankai.edu.cn/ywsd/system/2014/06/19/000187694.shtml
https://news.nankai.edu.cn/ywsd/system/2014/06/23/000188734.shtml
https://news.nankai.edu.cn/ywsd/system/2014/06/23/000188914.shtml
https://news.nankai.edu.cn/sp/system/2014/06/25/000189534.shtml
https://news.nankai.edu.cn/ywsd/system/2014/06/28/000190834.shtml
https://news.nankai.edu.cn/ywsd/system/2014/06/26/000189914.shtml
https://news.nankai.edu.cn/ywsd/system/2014/06/28/000190814.shtml
https://news.nankai.edu.cn/ywsd/system/2014/06/26/000190176.shtml
https://news.nankai.edu.cn/ywsd/system/2014/06/28/000190934.shtml
https://news.nankai.edu.cn/ywsd/system/2014/07/07/000193194.shtml
https://ca.nankai.edu.cn/
https://news.nankai.edu.cn/ywsd/system/2014/06/25/000189674.shtml
https://news.nankai.edu.cn/ywsd/system/2014/06/26/000189894.shtml
https://news.nankai.edu.cn/ywsd/system/2014/06/26/000190154.shtml
https://news.nankai.edu.cn/ywsd/system/2014/06/27/000190334.shtml
https://news.nankai.edu.cn/ywsd/system/2014/06/29/000191014.shtml
https://news.nankai.edu.cn/ywsd/system/2014/06/29/000191034.shtml
https://news.nankai.edu.cn/ywsd/system/2014/05/22/000183394.shtml
https://news.nankai.edu.cn/ywsd/system/2014/05/29/000184715.shtml
https://news.nankai.edu.cn/ywsd/system/2014/04/01/000172334.shtml
https://news.nankai.edu.cn/ywsd/system/2014/06/06/000185954.shtml
https://news.nankai.edu.cn/ztbd/system/2018/11/13/000418646.shtml
https://news.nankai.edu.cn/ztbd/system/2014/05/22/000183315.shtml
https://news.nankai.edu.cn/ztbd/system/2012/03/21/000059837.shtml
https://news.nankai.edu.cn/ztbd/system/2014/11/12/000208615.shtml
https://news.nankai.edu.cn/zhxw/system/2014/12/04/000211860.shtml
https://news.nankai.edu.cn/zhxw/system/2013/01/22/000109639.shtml
https://news.nankai.edu.cn/ztbd/system/2013/02/26/000111714.shtml
https://news.nankai.edu.cn/ztbd/system/2013/03/06/000112762.shtml
https://news.nankai.edu.cn/ztbd/system/2013/04/02/000116275.shtml
https://news.nankai.edu.cn/ztbd/system/2013/04/25/000119768.shtml
https://news.nankai.edu.cn/ztbd/system/2013/05/09/000123794.shtml
https://news.nankai.edu.cn/ztbd/system/2013/05/21/000126274.shtml
https://news.nankai.edu.cn/ztbd/system/2013/06/14/000129817.shtml
https://news.nankai.edu.cn/ztbd/system/2013/06/19/000130774.shtml
https://news.nankai.edu.cn/ztbd/system/2014/11/18/000209334.shtml
https://news.nankai.edu.cn/ztbd/system/2014/11/21/000209960.shtml
https://news.nankai.edu.cn/zhxw/system/2013/01/19/000109335.shtml
https://news.nankai.edu.cn/ztbd/system/2013/03/07/000112821.shtml
https://news.nankai.edu.cn/ywsd/system/2013/03/19/000114355.shtml
https://news.nankai.edu.cn/ztbd/system/2013/04/25/000119764.shtml
https://news.nankai.edu.cn/dcxy/system/2013/05/03/000122334.shtml
https://news.nankai.edu.cn/ywsd/system/2013/04/16/000118276.shtml
https://news.nankai.edu.cn/ywsd/system/2013/05/07/000123154.shtml
https://news.nankai.edu.cn/mtnk/system/2012/12/03/000103976.shtml
https://news.nankai.edu.cn/ywsd/system/2013/05/18/000125635.shtml
https://news.nankai.edu.cn/ywsd/system/2013/03/11/000113316.shtml
https://news.nankai.edu.cn/ywsd/system/2013/05/13/000124978.shtml
https://news.nankai.edu.cn/ywsd/system/2013/03/21/000114754.shtml
https://news.nankai.edu.cn/ywsd/system/2013/04/23/000119414.shtml
https://news.nankai.edu.cn/ywsd/system/2013/03/29/000115798.shtml
https://news.nankai.edu.cn/ywsd/system/2013/04/12/000117715.shtml
https://news.nankai.edu.cn/ztbd/system/2013/04/30/000121835.shtml
https://news.nankai.edu.cn/ztbd/system/2013/04/30/000121834.shtml
https://news.nankai.edu.cn/ztbd/system/2013/04/29/000121556.shtml
https://news.nankai.edu.cn/ywsd/system/2013/04/29/000121557.shtml
https://news.nankai.edu.cn/zhxw/system/2013/05/13/000125000.shtml
https://news.nankai.edu.cn/ywsd/system/2013/04/10/000117334.shtml
https://news.nankai.edu.cn/ywsd/system/2013/05/01/000122054.shtml
https://news.nankai.edu.cn/zhxw/system/2013/05/29/000127994.shtml
https://news.nankai.edu.cn/ztbd/system/2013/05/30/000128135.shtml
https://news.nankai.edu.cn/zhxw/system/2013/05/07/000123174.shtml
https://news.nankai.edu.cn/ywsd/system/2013/05/31/000128194.shtml
https://news.nankai.edu.cn/dcxy/system/2013/05/03/000122337.shtml
https://news.nankai.edu.cn/dcxy/system/2013/05/03/000122338.shtml
https://news.nankai.edu.cn/dcxy/system/2013/05/03/000122339.shtml
https://news.nankai.edu.cn/dcxy/system/2013/05/03/000122340.shtml
https://news.nankai.edu.cn/dcxy/system/2013/05/04/000122514.shtml
https://news.nankai.edu.cn/dcxy/system/2013/05/04/000122517.shtml
https://news.nankai.edu.cn/dcxy/system/2013/05/04/000122495.shtml
https://news.nankai.edu.cn/dcxy/system/2013/05/04/000122518.shtml
https://news.nankai.edu.cn/dcxy/system/2013/05/04/000122494.shtml
https://news.nankai.edu.cn/dcxy/system/2013/05/04/000122516.shtml
https://news.nankai.edu.cn/dcxy/system/2013/05/01/000122074.shtml
https://news.nankai.edu.cn/dcxy/system/2013/05/01/000122076.shtml
https://news.nankai.edu.cn/dcxy/system/2013/05/01/000122077.shtml
https://news.nankai.edu.cn/dcxy/system/2013/05/01/000122078.shtml
https://news.nankai.edu.cn/dcxy/system/2013/05/01/000122079.shtml
https://news.nankai.edu.cn/dcxy/system/2013/05/01/000122080.shtml
https://news.nankai.edu.cn/dcxy/system/2013/05/01/000122082.shtml
https://news.nankai.edu.cn/dcxy/system/2013/05/01/000122081.shtml
https://news.nankai.edu.cn/dcxy/system/2013/05/04/000122416.shtml
https://news.nankai.edu.cn/dcxy/system/2013/05/04/000122417.shtml
https://news.nankai.edu.cn/dcxy/system/2013/05/04/000122374.shtml
https://news.nankai.edu.cn/dcxy/system/2013/05/04/000122414.shtml
https://news.nankai.edu.cn/dcxy/system/2013/05/04/000122377.shtml
https://news.nankai.edu.cn/dcxy/system/2013/05/04/000122415.shtml
https://news.nankai.edu.cn/dcxy/system/2013/05/04/000122418.shtml
https://news.nankai.edu.cn/dcxy/system/2013/05/03/000122354.shtml
https://news.nankai.edu.cn/dcxy/system/2013/05/03/000122355.shtml
https://news.nankai.edu.cn/dcxy/system/2013/05/03/000122356.shtml
https://news.nankai.edu.cn/dcxy/system/2013/05/03/000122357.shtml
https://news.nankai.edu.cn/dcxy/system/2013/05/03/000122358.shtml
https://news.nankai.edu.cn/dcxy/system/2013/05/03/000122359.shtml
https://news.nankai.edu.cn/ztbd/system/2013/05/09/000123854.shtml
https://news.nankai.edu.cn/ztbd/system/2013/04/25/000119766.shtml
https://news.nankai.edu.cn/ztbd/system/2013/04/25/000119760.shtml
https://news.nankai.edu.cn/ztbd/system/2013/04/25/000119761.shtml
https://news.nankai.edu.cn/ywsd/system/2012/05/02/000065595.shtml
https://news.nankai.edu.cn/nkdxb/system/2013/04/01/000116147.shtml
https://news.nankai.edu.cn/ztbd/system/2013/03/07/000112820.shtml
https://news.nankai.edu.cn/ztbd/system/2013/03/07/000112816.shtml
https://news.nankai.edu.cn/ztbd/system/2013/03/07/000112814.shtml
https://news.nankai.edu.cn/ztbd/system/2013/03/07/000112809.shtml
https://news.nankai.edu.cn/ztbd/system/2013/03/07/000112803.shtml
https://news.nankai.edu.cn/ztbd/system/2013/03/07/000112801.shtml
https://news.nankai.edu.cn/ztbd/system/2013/03/07/000112798.shtml
https://news.nankai.edu.cn/ztbd/system/2013/03/07/000112797.shtml
https://news.nankai.edu.cn/ztbd/system/2013/03/07/000112796.shtml
https://news.nankai.edu.cn/ztbd/system/2013/03/06/000112758.shtml
https://news.nankai.edu.cn/ztbd/system/2013/03/06/000112757.shtml
https://news.nankai.edu.cn/ztbd/system/2013/03/06/000112756.shtml
https://news.nankai.edu.cn/ztbd/system/2013/03/06/000112754.shtml
https://news.nankai.edu.cn/ztbd/system/2013/03/06/000112764.shtml
https://news.nankai.edu.cn/ztbd/system/2013/03/06/000112763.shtml
https://news.nankai.edu.cn/ztbd/system/2013/03/06/000112761.shtml
https://news.nankai.edu.cn/ztbd/system/2013/03/06/000112759.shtml
https://news.nankai.edu.cn/ztbd/system/2013/03/06/000112755.shtml
https://news.nankai.edu.cn/ztbd/system/2013/03/06/000112737.shtml
https://news.nankai.edu.cn/ztbd/system/2013/03/06/000112740.shtml
https://news.nankai.edu.cn/ywsd/system/2013/03/05/000112494.shtml
https://news.nankai.edu.cn/ztbd/system/2012/03/06/000057034.shtml
https://news.nankai.edu.cn/ywsd/system/2013/03/12/000113554.shtml
https://news.nankai.edu.cn/ywsd/system/2013/03/05/000112637.shtml
https://news.nankai.edu.cn/ywsd/system/2013/03/25/000115134.shtml
https://news.nankai.edu.cn/ztbd/system/2013/03/04/000112359.shtml
https://news.nankai.edu.cn/ztbd/system/2013/03/04/000112358.shtml
https://news.nankai.edu.cn/ywsd/system/2013/03/04/000112452.shtml
https://news.nankai.edu.cn/ztbd/system/2013/02/28/000112037.shtml
https://news.nankai.edu.cn/ztbd/system/2013/02/26/000111715.shtml
https://news.nankai.edu.cn/ywsd/system/2012/03/06/000056934.shtml
https://news.nankai.edu.cn/ywsd/system/2012/03/03/000056575.shtml
https://news.nankai.edu.cn/zhxw/system/2013/01/19/000109315.shtml
https://news.nankai.edu.cn/zhxw/system/2013/01/19/000109314.shtml
https://news.nankai.edu.cn/zhxw/system/2013/01/19/000109297.shtml
https://news.nankai.edu.cn/ztbd/system/2014/11/21/000209959.shtml
https://news.nankai.edu.cn/ztbd/system/2014/11/21/000209958.shtml
https://news.nankai.edu.cn/ztbd/system/2014/11/21/000209957.shtml
https://news.nankai.edu.cn/ztbd/system/2014/11/21/000209956.shtml
https://news.nankai.edu.cn/ztbd/system/2014/11/21/000209955.shtml
https://news.nankai.edu.cn/ztbd/system/2014/11/21/000209954.shtml
https://news.nankai.edu.cn/ywsd/system/2014/11/21/000209839.shtml
https://news.nankai.edu.cn/ztbd/system/2014/11/12/000208620.shtml
https://news.nankai.edu.cn/ztbd/system/2014/11/12/000208619.shtml
https://news.nankai.edu.cn/ztbd/system/2014/11/12/000208618.shtml
https://news.nankai.edu.cn/ztbd/system/2014/11/12/000208617.shtml
https://news.nankai.edu.cn/ztbd/system/2014/11/12/000208616.shtml
https://news.nankai.edu.cn/ztbd/system/2014/11/12/000208655.shtml
https://news.nankai.edu.cn/ztbd/system/2014/11/12/000208635.shtml
https://news.nankai.edu.cn/ztbd/system/2014/11/12/000208634.shtml
https://news.nankai.edu.cn/ztbd/system/2014/11/12/000208656.shtml
https://news.nankai.edu.cn/ztbd/system/2013/06/18/000130514.shtml
https://news.nankai.edu.cn/ztbd/system/2013/06/19/000131254.shtml
https://news.nankai.edu.cn/ztbd/system/2013/05/17/000125554.shtml
https://news.nankai.edu.cn/ztbd/system/2013/06/21/000131644.shtml
https://news.nankai.edu.cn/ztbd/system/2013/08/03/000136276.shtml
https://news.nankai.edu.cn/ztbd/system/2013/09/29/000143081.shtml
https://news.nankai.edu.cn/ztbd/system/2013/10/06/000143974.shtml
https://news.nankai.edu.cn/ztbd/system/2013/10/12/000144834.shtml
https://news.nankai.edu.cn/ztbd/system/2013/10/22/000147755.shtml
https://news.nankai.edu.cn/ztbd/system/2013/10/30/000149657.shtml
https://news.nankai.edu.cn/ztbd/system/2013/11/13/000152854.shtml
https://news.nankai.edu.cn/ztbd/system/2013/12/03/000157742.shtml
https://news.nankai.edu.cn/ywsd/system/2017/06/30/000336794.shtml
https://news.nankai.edu.cn/ztbd/system/2017/07/21/000339635.shtml
https://news.nankai.edu.cn/ztbd/system/2017/07/02/000337074.shtml
https://news.nankai.edu.cn/ztbd/system/2017/07/04/000337256.shtml
https://news.nankai.edu.cn/mtnk/system/2012/02/09/000054607.shtml
https://news.nankai.edu.cn/zhxw/system/2013/07/26/000135781.shtml
https://news.nankai.edu.cn/ztbd/system/2013/09/26/000142175.shtml
https://news.nankai.edu.cn/zhxw/system/2013/09/27/000142435.shtml
https://news.nankai.edu.cn/zhxw/system/2013/03/18/000114277.shtml
https://news.nankai.edu.cn/ywsd/system/2013/10/28/000149296.shtml
https://news.nankai.edu.cn/ztbd/system/2013/12/17/000160175.shtml
https://news.nankai.edu.cn/ywsd/system/2017/07/12/000338401.shtml
https://news.nankai.edu.cn/ztbd/system/2017/07/02/000337034.shtml
https://news.nankai.edu.cn/mtnk/system/2017/07/06/000337537.shtml
https://news.nankai.edu.cn/mtnk/system/2017/07/04/000337297.shtml
https://news.nankai.edu.cn/mtnk/system/2017/07/05/000337337.shtml
https://news.nankai.edu.cn/mtnk/system/2017/07/05/000337348.shtml
https://news.nankai.edu.cn/mtnk/system/2017/07/05/000337336.shtml
https://news.nankai.edu.cn/mtnk/system/2017/07/10/000338062.shtml
https://news.nankai.edu.cn/mtnk/system/2017/07/05/000337342.shtml
https://news.nankai.edu.cn/mtnk/system/2017/07/05/000337351.shtml
https://news.nankai.edu.cn/mtnk/system/2017/07/06/000337498.shtml
https://news.nankai.edu.cn/mtnk/system/2017/07/05/000337350.shtml
https://news.nankai.edu.cn/mtnk/system/2017/07/06/000337455.shtml
https://news.nankai.edu.cn/mtnk/system/2017/07/05/000337317.shtml
https://news.nankai.edu.cn/mtnk/system/2017/07/05/000337349.shtml
https://news.nankai.edu.cn/ywsd/system/2017/07/09/000338014.shtml
https://news.nankai.edu.cn/ztbd/system/2017/07/05/000337374.shtml
https://news.nankai.edu.cn/mtnk/system/2017/07/10/000338061.shtml
https://news.nankai.edu.cn/ywsd/system/2014/01/23/000164114.shtml
https://news.nankai.edu.cn/ywsd/system/2014/08/15/000197075.shtml
https://news.nankai.edu.cn/mtnk/system/2013/07/07/000133536.shtml
https://news.nankai.edu.cn/ywsd/system/2017/07/05/000337352.shtml
https://news.nankai.edu.cn/ywsd/system/2017/07/04/000337254.shtml
https://news.nankai.edu.cn/mtnk/system/2015/09/13/000247886.shtml
https://news.nankai.edu.cn/ywsd/system/2017/07/08/000337934.shtml
https://news.nankai.edu.cn/ywsd/system/2017/07/04/000337255.shtml
https://news.nankai.edu.cn/ztbd/system/2017/07/02/000337054.shtml
https://news.nankai.edu.cn/ztbd/system/2017/07/02/000337014.shtml
https://news.nankai.edu.cn/ztbd/system/2017/07/02/000337035.shtml
https://news.nankai.edu.cn/ztbd/system/2017/07/02/000337036.shtml
https://news.nankai.edu.cn/ywsd/system/2017/07/03/000337113.shtml
https://news.nankai.edu.cn/ywsd/system/2017/07/12/000338403.shtml
https://news.nankai.edu.cn/ywsd/system/2017/07/03/000337109.shtml
https://news.nankai.edu.cn/ywsd/system/2017/06/24/000335854.shtml
https://news.nankai.edu.cn/ywsd/system/2017/06/29/000336594.shtml
https://news.nankai.edu.cn/ywsd/system/2017/06/23/000335694.shtml
https://news.nankai.edu.cn/ywsd/system/2017/07/02/000337076.shtml
https://news.nankai.edu.cn/ywsd/system/2017/06/30/000336694.shtml
https://news.nankai.edu.cn/ywsd/system/2017/06/30/000336714.shtml
https://news.nankai.edu.cn/ywsd/system/2017/07/10/000338154.shtml
https://news.nankai.edu.cn/ywsd/system/2017/06/30/000336642.shtml
https://news.nankai.edu.cn/ywsd/system/2017/07/05/000337414.shtml
https://news.nankai.edu.cn/ywsd/system/2017/06/24/000335794.shtml
https://news.nankai.edu.cn/ywsd/system/2017/07/01/000336875.shtml
https://news.nankai.edu.cn/ywsd/system/2017/07/05/000337416.shtml
https://news.nankai.edu.cn/ywsd/system/2017/07/12/000338419.shtml
https://news.nankai.edu.cn/ywsd/system/2017/07/08/000337899.shtml
https://news.nankai.edu.cn/ywsd/system/2017/07/08/000337901.shtml
https://news.nankai.edu.cn/ywsd/system/2017/07/08/000337915.shtml
https://news.nankai.edu.cn/ywsd/system/2017/07/13/000338515.shtml
https://news.nankai.edu.cn/ywsd/system/2017/07/12/000338495.shtml
https://news.nankai.edu.cn/ywsd/system/2017/07/12/000338454.shtml
https://news.nankai.edu.cn/ywsd/system/2017/07/12/000338414.shtml
https://news.nankai.edu.cn/ywsd/system/2017/07/13/000338536.shtml
https://news.nankai.edu.cn/ywsd/system/2017/07/15/000338815.shtml
https://news.nankai.edu.cn/ywsd/system/2017/07/14/000338754.shtml
https://news.nankai.edu.cn/ywsd/system/2017/07/15/000338816.shtml
https://news.nankai.edu.cn/ywsd/system/2017/07/17/000339054.shtml
https://news.nankai.edu.cn/ywsd/system/2017/07/19/000339279.shtml
https://news.nankai.edu.cn/ywsd/system/2017/07/19/000339315.shtml
https://news.nankai.edu.cn/ywsd/system/2017/07/20/000339434.shtml
https://news.nankai.edu.cn/ywsd/system/2017/07/20/000339594.shtml
https://news.nankai.edu.cn/ywsd/system/2017/07/22/000339696.shtml
https://news.nankai.edu.cn/ywsd/system/2017/07/20/000339614.shtml
https://news.nankai.edu.cn/ywsd/system/2017/07/04/000337234.shtml
https://news.nankai.edu.cn/ywsd/system/2017/06/22/000335514.shtml
https://news.nankai.edu.cn/ywsd/system/2017/06/21/000335497.shtml
https://news.nankai.edu.cn/ywsd/system/2017/06/30/000336696.shtml
https://news.nankai.edu.cn/ywsd/system/2017/06/21/000335496.shtml
https://news.nankai.edu.cn/ztbd/system/2013/11/25/000156474.shtml
https://news.nankai.edu.cn/ztbd/system/2013/11/25/000156475.shtml
https://news.nankai.edu.cn/dcxy/system/2013/11/26/000156916.shtml
https://news.nankai.edu.cn/ywsd/system/2013/12/18/000160279.shtml
https://news.nankai.edu.cn/ywsd/system/2013/11/27/000157034.shtml
https://news.nankai.edu.cn/ztbd/system/2013/12/15/000159754.shtml
https://news.nankai.edu.cn/ztbd/system/2013/12/11/000159094.shtml
https://news.nankai.edu.cn/ztbd/system/2013/12/11/000159124.shtml
https://news.nankai.edu.cn/ztbd/system/2013/12/11/000159117.shtml
https://news.nankai.edu.cn/ztbd/system/2013/12/11/000159095.shtml
https://news.nankai.edu.cn/ztbd/system/2013/12/11/000159114.shtml
https://news.nankai.edu.cn/ztbd/system/2013/12/11/000159157.shtml
https://news.nankai.edu.cn/ztbd/system/2013/12/11/000159135.shtml
https://news.nankai.edu.cn/ztbd/system/2013/12/11/000159125.shtml
https://news.nankai.edu.cn/ztbd/system/2013/12/15/000159755.shtml
https://news.nankai.edu.cn/ztbd/system/2013/12/11/000159123.shtml
https://news.nankai.edu.cn/ztbd/system/2013/12/11/000159122.shtml
https://news.nankai.edu.cn/ztbd/system/2013/12/11/000159121.shtml
https://news.nankai.edu.cn/ztbd/system/2013/12/11/000159120.shtml
https://news.nankai.edu.cn/ztbd/system/2013/12/11/000159119.shtml
https://news.nankai.edu.cn/ztbd/system/2013/12/11/000159118.shtml
https://news.nankai.edu.cn/ztbd/system/2013/12/11/000159116.shtml
https://news.nankai.edu.cn/ztbd/system/2013/12/11/000159115.shtml
https://news.nankai.edu.cn/ywsd/system/2013/12/20/000160663.shtml
https://news.nankai.edu.cn/ywsd/system/2013/11/25/000156517.shtml
https://news.nankai.edu.cn/nkdxb/system/2013/11/25/000156567.shtml
https://news.nankai.edu.cn/ywsd/system/2013/11/14/000153174.shtml
https://news.nankai.edu.cn/ztbd/system/2013/11/13/000152895.shtml
https://news.nankai.edu.cn/ztbd/system/2013/10/30/000149675.shtml
https://news.nankai.edu.cn/ztbd/system/2013/10/30/000149658.shtml
https://news.nankai.edu.cn/ztbd/system/2013/10/30/000149694.shtml
https://news.nankai.edu.cn/ywsd/system/2013/10/26/000148714.shtml
https://news.nankai.edu.cn/ywsd/system/2012/06/08/000072394.shtml
https://news.nankai.edu.cn/ywsd/system/2013/03/06/000112659.shtml
https://news.nankai.edu.cn/ywsd/system/2013/02/27/000111976.shtml
https://news.nankai.edu.cn/ywsd/system/2013/05/23/000127076.shtml
https://news.nankai.edu.cn/ywsd/system/2013/10/08/000144136.shtml
https://news.nankai.edu.cn/zhxw/system/2013/10/23/000147976.shtml
https://news.nankai.edu.cn/zhxw/system/2013/10/23/000147988.shtml
https://news.nankai.edu.cn/ztbd/system/2013/10/24/000148199.shtml
https://news.nankai.edu.cn/ztbd/system/2013/10/24/000148198.shtml
https://news.nankai.edu.cn/ztbd/system/2013/10/24/000148197.shtml
https://news.nankai.edu.cn/ztbd/system/2013/10/24/000148196.shtml
https://news.nankai.edu.cn/ywsd/system/2013/10/24/000148194.shtml
https://news.nankai.edu.cn/ztbd/system/2013/10/24/000148200.shtml
https://news.nankai.edu.cn/ywsd/system/2013/10/23/000147957.shtml
https://news.nankai.edu.cn/mtnk/system/2010/10/21/000034328.shtml
https://news.nankai.edu.cn/nkdxb/system/2010/11/26/000035805.shtml
https://news.nankai.edu.cn/nkrw/system/2011/04/23/000038554.shtml
https://news.nankai.edu.cn/mtnk/system/2012/07/02/000076692.shtml
https://news.nankai.edu.cn/nkrw/system/2012/07/09/000077539.shtml
https://news.nankai.edu.cn/nkrw/system/2012/11/05/000098475.shtml
https://news.nankai.edu.cn/nkrw/system/2013/10/01/000143634.shtml
https://news.nankai.edu.cn/nkrw/system/2013/10/01/000143594.shtml
https://news.nankai.edu.cn/ztbd/system/2013/10/13/000145117.shtml
https://news.nankai.edu.cn/ztbd/system/2013/10/13/000145115.shtml
https://news.nankai.edu.cn/ztbd/system/2013/10/14/000145616.shtml
https://news.nankai.edu.cn/ztbd/system/2013/10/12/000144994.shtml
https://news.nankai.edu.cn/ztbd/system/2013/10/12/000144975.shtml
https://news.nankai.edu.cn/ztbd/system/2013/10/14/000145595.shtml
https://news.nankai.edu.cn/nkdxb/system/2011/12/30/000051964.shtml
https://news.nankai.edu.cn/ztbd/system/2010/12/29/000036576.shtml
https://news.nankai.edu.cn/ztbd/system/2013/09/26/000142154.shtml
https://news.nankai.edu.cn/ywsd/system/2013/09/13/000140174.shtml
https://news.nankai.edu.cn/ywsd/system/2013/09/13/000140157.shtml
https://news.nankai.edu.cn/ywsd/system/2013/09/26/000142067.shtml
https://news.nankai.edu.cn/ztbd/system/2013/10/12/000144919.shtml
https://news.nankai.edu.cn/ztbd/system/2013/10/12/000144920.shtml
https://news.nankai.edu.cn/ztbd/system/2013/10/12/000144921.shtml
https://news.nankai.edu.cn/ztbd/system/2013/10/12/000144923.shtml
https://news.nankai.edu.cn/ztbd/system/2013/10/12/000144924.shtml
https://news.nankai.edu.cn/ztbd/system/2013/10/12/000144925.shtml
https://news.nankai.edu.cn/ywsd/system/2011/01/07/000036750.shtml
https://news.nankai.edu.cn/ztbd/system/2013/10/12/000144926.shtml
https://news.nankai.edu.cn/ztbd/system/2013/10/12/000144927.shtml
https://news.nankai.edu.cn/ztbd/system/2013/10/12/000144928.shtml
https://news.nankai.edu.cn/ztbd/system/2013/10/11/000144634.shtml
https://news.nankai.edu.cn/ztbd/system/2013/10/11/000144629.shtml
https://news.nankai.edu.cn/ztbd/system/2013/10/11/000144628.shtml
https://news.nankai.edu.cn/ztbd/system/2013/10/11/000144627.shtml
https://news.nankai.edu.cn/ztbd/system/2013/10/11/000144626.shtml
https://news.nankai.edu.cn/ztbd/system/2013/10/11/000144624.shtml
https://news.nankai.edu.cn/ztbd/system/2013/10/11/000144623.shtml
https://news.nankai.edu.cn/ztbd/system/2013/10/11/000144622.shtml
https://news.nankai.edu.cn/ztbd/system/2013/10/11/000144620.shtml
https://news.nankai.edu.cn/ztbd/system/2013/10/11/000144597.shtml
https://news.nankai.edu.cn/ztbd/system/2013/10/15/000145931.shtml
https://news.nankai.edu.cn/ztbd/system/2013/10/14/000145655.shtml
https://news.nankai.edu.cn/ztbd/system/2013/10/14/000145674.shtml
https://news.nankai.edu.cn/ztbd/system/2013/10/15/000145714.shtml
https://news.nankai.edu.cn/ztbd/system/2013/10/15/000145734.shtml
https://news.nankai.edu.cn/ztbd/system/2013/10/14/000145414.shtml
https://news.nankai.edu.cn/ztbd/system/2013/10/14/000145417.shtml
https://news.nankai.edu.cn/ztbd/system/2013/10/14/000145419.shtml
https://news.nankai.edu.cn/ztbd/system/2013/10/13/000145118.shtml
https://news.nankai.edu.cn/ywsd/system/2013/07/05/000133340.shtml
https://news.nankai.edu.cn/ywsd/system/2013/08/04/000136314.shtml
https://news.nankai.edu.cn/ywsd/system/2013/10/20/000147195.shtml
https://news.nankai.edu.cn/zhxw/system/2013/03/19/000114476.shtml
https://news.nankai.edu.cn/zhxw/system/2013/07/08/000133714.shtml
https://news.nankai.edu.cn/zhxw/system/2013/09/28/000142658.shtml
https://news.nankai.edu.cn/zhxw/system/2013/10/07/000143997.shtml
https://news.nankai.edu.cn/mtnk/system/2013/10/08/000144134.shtml
https://news.nankai.edu.cn/mtnk/system/2013/10/09/000144316.shtml
https://news.nankai.edu.cn/zhxw/system/2013/10/22/000147795.shtml
https://news.nankai.edu.cn/dcxy/system/2013/04/30/000121945.shtml
https://news.nankai.edu.cn/ywsd/system/2013/06/03/000128494.shtml
https://news.nankai.edu.cn/ywsd/system/2013/08/27/000138196.shtml
https://news.nankai.edu.cn/ywsd/system/2013/09/06/000139194.shtml
https://news.nankai.edu.cn/ywsd/system/2013/09/17/000140754.shtml
https://news.nankai.edu.cn/ywsd/system/2013/09/27/000142275.shtml
https://news.nankai.edu.cn/zhxw/system/2013/09/30/000143454.shtml
https://news.nankai.edu.cn/ywsd/system/2013/10/03/000143734.shtml
https://news.nankai.edu.cn/ywsd/system/2013/10/05/000143854.shtml
https://news.nankai.edu.cn/ywsd/system/2013/10/05/000143874.shtml
https://news.nankai.edu.cn/ztbd/system/2013/10/11/000144635.shtml
https://news.nankai.edu.cn/ywsd/system/2013/10/14/000145361.shtml
https://news.nankai.edu.cn/ztbd/system/2013/10/11/000144675.shtml
https://news.nankai.edu.cn/ywsd/system/2013/10/07/000144054.shtml
https://news.nankai.edu.cn/zhxw/system/2013/09/27/000142434.shtml
https://news.nankai.edu.cn/dcxy/system/2013/09/28/000142895.shtml
https://news.nankai.edu.cn/dcxy/system/2013/09/28/000142660.shtml
https://news.nankai.edu.cn/dcxy/system/2013/09/28/000142661.shtml
https://news.nankai.edu.cn/zhxw/system/2013/07/27/000135795.shtml
https://news.nankai.edu.cn/ywsd/system/2013/09/27/000142415.shtml
https://news.nankai.edu.cn/zhxw/system/2013/07/27/000135797.shtml
https://news.nankai.edu.cn/zhxw/system/2013/07/27/000135798.shtml
https://news.nankai.edu.cn/zhxw/system/2013/07/28/000135874.shtml
https://news.nankai.edu.cn/zhxw/system/2013/07/28/000135875.shtml
https://news.nankai.edu.cn/zhxw/system/2013/07/28/000135876.shtml
https://news.nankai.edu.cn/zhxw/system/2013/07/28/000135878.shtml
https://news.nankai.edu.cn/zhxw/system/2013/07/28/000135896.shtml
https://news.nankai.edu.cn/zhxw/system/2013/07/28/000135898.shtml
https://news.nankai.edu.cn/zhxw/system/2013/07/28/000135899.shtml
https://news.nankai.edu.cn/zhxw/system/2013/07/29/000135956.shtml
https://news.nankai.edu.cn/zhxw/system/2013/07/31/000136077.shtml
https://news.nankai.edu.cn/zhxw/system/2013/08/01/000136095.shtml
https://news.nankai.edu.cn/zhxw/system/2013/08/01/000136094.shtml
https://news.nankai.edu.cn/zhxw/system/2013/08/01/000136114.shtml
https://news.nankai.edu.cn/zhxw/system/2013/08/01/000136115.shtml
https://news.nankai.edu.cn/zhxw/system/2013/08/01/000136116.shtml
https://news.nankai.edu.cn/zhxw/system/2013/08/01/000136117.shtml
https://news.nankai.edu.cn/zhxw/system/2013/08/01/000136120.shtml
https://news.nankai.edu.cn/ywsd/system/2013/07/26/000135754.shtml
https://news.nankai.edu.cn/zhxw/system/2013/08/01/000136119.shtml
https://news.nankai.edu.cn/ywsd/system/2013/07/23/000135615.shtml
https://news.nankai.edu.cn/zhxw/system/2013/08/02/000136155.shtml
https://news.nankai.edu.cn/zhxw/system/2013/08/04/000136315.shtml
https://news.nankai.edu.cn/zhxw/system/2013/08/04/000136316.shtml
https://news.nankai.edu.cn/zhxw/system/2013/08/04/000136336.shtml
https://news.nankai.edu.cn/zhxw/system/2013/08/06/000136395.shtml
https://news.nankai.edu.cn/zhxw/system/2013/08/08/000136477.shtml
https://news.nankai.edu.cn/zhxw/system/2013/08/08/000136460.shtml
https://news.nankai.edu.cn/zhxw/system/2013/08/12/000136798.shtml
https://news.nankai.edu.cn/zhxw/system/2013/08/03/000136235.shtml
https://news.nankai.edu.cn/zhxw/system/2013/08/13/000136816.shtml
https://news.nankai.edu.cn/zhxw/system/2013/08/16/000137101.shtml
https://news.nankai.edu.cn/zhxw/system/2013/08/16/000137114.shtml
https://news.nankai.edu.cn/zhxw/system/2013/08/17/000137134.shtml
https://news.nankai.edu.cn/zhxw/system/2013/08/08/000136459.shtml
https://news.nankai.edu.cn/zhxw/system/2013/06/13/000129694.shtml
https://news.nankai.edu.cn/ywsd/system/2013/05/26/000127435.shtml
https://news.nankai.edu.cn/zhxw/system/2013/06/18/000130594.shtml
https://news.nankai.edu.cn/ywsd/system/2013/06/14/000129821.shtml
https://news.nankai.edu.cn/ywsd/system/2013/06/28/000132376.shtml
https://news.nankai.edu.cn/ywsd/system/2013/06/24/000131936.shtml
https://news.nankai.edu.cn/ywsd/system/2013/06/24/000131937.shtml
https://news.nankai.edu.cn/ywsd/system/2013/03/19/000114479.shtml
https://news.nankai.edu.cn/ywsd/system/2013/04/18/000118674.shtml
https://news.nankai.edu.cn/ywsd/system/2013/04/12/000117605.shtml
https://news.nankai.edu.cn/ywsd/system/2013/06/11/000129558.shtml
https://news.nankai.edu.cn/ywsd/system/2013/06/19/000131234.shtml
https://news.nankai.edu.cn/ywsd/system/2013/06/23/000131774.shtml
https://news.nankai.edu.cn/ywsd/system/2013/06/27/000132255.shtml
https://news.nankai.edu.cn/ywsd/system/2013/06/27/000132257.shtml
https://news.nankai.edu.cn/ywsd/system/2013/07/01/000132654.shtml
https://news.nankai.edu.cn/ywsd/system/2013/07/03/000133038.shtml
https://news.nankai.edu.cn/ywsd/system/2013/06/19/000130974.shtml
https://news.nankai.edu.cn/ywsd/system/2013/06/30/000132595.shtml
https://news.nankai.edu.cn/ywsd/system/2013/06/28/000132349.shtml
https://news.nankai.edu.cn/ywsd/system/2013/06/27/000132327.shtml
https://news.nankai.edu.cn/zhxw/system/2013/06/26/000132195.shtml
https://news.nankai.edu.cn/ywsd/system/2013/06/28/000132418.shtml
https://news.nankai.edu.cn/ywsd/system/2013/07/01/000132754.shtml
https://news.nankai.edu.cn/ywsd/system/2013/06/30/000132614.shtml
https://news.nankai.edu.cn/mtnk/system/2013/06/28/000132336.shtml
https://news.nankai.edu.cn/ywsd/system/2013/07/08/000133695.shtml
https://news.nankai.edu.cn/ywsd/system/2013/06/30/000132574.shtml
https://news.nankai.edu.cn/ywsd/system/2013/06/28/000132348.shtml
https://news.nankai.edu.cn/ywsd/system/2013/06/26/000132197.shtml
https://news.nankai.edu.cn/mtnk/system/2013/04/22/000119255.shtml
https://news.nankai.edu.cn/mtnk/system/2013/06/19/000130720.shtml
https://news.nankai.edu.cn/mtnk/system/2013/04/04/000116504.shtml
https://news.nankai.edu.cn/mtnk/system/2013/05/16/000125366.shtml
https://news.nankai.edu.cn/mtnk/system/2013/06/25/000131976.shtml
https://news.nankai.edu.cn/ztbd/system/2013/05/16/000125384.shtml
https://news.nankai.edu.cn/ztbd/system/2013/05/16/000125389.shtml
https://news.nankai.edu.cn/ztbd/system/2013/05/17/000125435.shtml
https://news.nankai.edu.cn/ztbd/system/2013/05/16/000125383.shtml
https://news.nankai.edu.cn/ztbd/system/2013/05/16/000125377.shtml
https://news.nankai.edu.cn/ztbd/system/2013/05/16/000125374.shtml
https://news.nankai.edu.cn/ztbd/system/2013/05/16/000125375.shtml
https://news.nankai.edu.cn/zhxw/system/2013/05/08/000123474.shtml
https://news.nankai.edu.cn/ywsd/system/2013/04/11/000117520.shtml
https://news.nankai.edu.cn/ywsd/system/2013/05/16/000125363.shtml
https://news.nankai.edu.cn/ywsd/system/2013/06/19/000130754.shtml
https://news.nankai.edu.cn/ywsd/system/2013/03/21/000114736.shtml
https://news.nankai.edu.cn/ywsd/system/2013/03/22/000114936.shtml
https://news.nankai.edu.cn/ywsd/system/2013/03/25/000115139.shtml
https://news.nankai.edu.cn/ywsd/system/2013/06/26/000132137.shtml
https://news.nankai.edu.cn/ywsd/system/2013/07/10/000133940.shtml
https://news.nankai.edu.cn/ztbd/system/2013/05/17/000125434.shtml
https://news.nankai.edu.cn/zhxw/system/2013/06/27/000132314.shtml
https://news.nankai.edu.cn/zhxw/system/2013/07/04/000133198.shtml
https://news.nankai.edu.cn/zhxw/system/2013/07/09/000133780.shtml
https://news.nankai.edu.cn/zhxw/system/2013/07/02/000132835.shtml
https://news.nankai.edu.cn/zhxw/system/2013/07/05/000133397.shtml
https://news.nankai.edu.cn/zhxw/system/2013/07/05/000133398.shtml
https://news.nankai.edu.cn/zhxw/system/2013/07/05/000133336.shtml
https://news.nankai.edu.cn/zhxw/system/2013/07/11/000134156.shtml
https://news.nankai.edu.cn/zhxw/system/2013/07/12/000134294.shtml
https://news.nankai.edu.cn/zhxw/system/2013/07/17/000134922.shtml
https://news.nankai.edu.cn/zhxw/system/2013/07/18/000135112.shtml
https://news.nankai.edu.cn/zhxw/system/2013/07/14/000134474.shtml
https://news.nankai.edu.cn/ywsd/system/2013/07/02/000132815.shtml
https://news.nankai.edu.cn/ywsd/system/2013/07/06/000133454.shtml
https://news.nankai.edu.cn/zhxw/system/2013/07/08/000133655.shtml
https://news.nankai.edu.cn/ywsd/system/2013/07/07/000133514.shtml
https://news.nankai.edu.cn/mtnk/system/2013/05/13/000124954.shtml
https://news.nankai.edu.cn/ztbd/system/2017/07/24/000339874.shtml
https://news.nankai.edu.cn/ywsd/system/2017/07/30/000340335.shtml
https://news.nankai.edu.cn/ztbd/system/2017/09/03/000343454.shtml
https://news.nankai.edu.cn/ztbd/system/2017/09/08/000344214.shtml
https://news.nankai.edu.cn/ztbd/system/2017/09/13/000345014.shtml
https://news.nankai.edu.cn/ztbd/system/2017/09/24/000347134.shtml
https://news.nankai.edu.cn/ztbd/system/2017/09/30/000348314.shtml
https://news.nankai.edu.cn/ztbd/system/2017/10/16/000350561.shtml
https://news.nankai.edu.cn/ztbd/system/2017/10/17/000350695.shtml
https://news.nankai.edu.cn/ztbd/system/2017/09/26/000347457.shtml
https://news.nankai.edu.cn/mtnk/system/2016/09/15/000296215.shtml
https://news.nankai.edu.cn/mtnk/system/2017/03/20/000323498.shtml
https://news.nankai.edu.cn/ztbd/system/2017/07/31/000340460.shtml
https://news.nankai.edu.cn/ztbd/system/2017/07/31/000340459.shtml
https://news.nankai.edu.cn/ztbd/system/2017/09/08/000344207.shtml
https://news.nankai.edu.cn/ztbd/system/2017/09/24/000347154.shtml
https://news.nankai.edu.cn/ywsd/system/2017/10/14/000350314.shtml
https://news.nankai.edu.cn/ywsd/system/2017/10/28/000352574.shtml
https://news.nankai.edu.cn/mtnk/system/2017/09/29/000348058.shtml
https://news.nankai.edu.cn/mtnk/system/2017/09/26/000347576.shtml
https://news.nankai.edu.cn/mtnk/system/2017/09/25/000347341.shtml
https://news.nankai.edu.cn/mtnk/system/2017/09/26/000347563.shtml
https://news.nankai.edu.cn/mtnk/system/2017/09/25/000347296.shtml
https://news.nankai.edu.cn/mtnk/system/2017/09/25/000347297.shtml
https://news.nankai.edu.cn/mtnk/system/2017/09/26/000347554.shtml
https://news.nankai.edu.cn/mtnk/system/2018/01/02/000363862.shtml
https://news.nankai.edu.cn/mtnk/system/2017/09/26/000347395.shtml
https://news.nankai.edu.cn/mtnk/system/2017/09/26/000347394.shtml
https://news.nankai.edu.cn/mtnk/system/2018/04/02/000374555.shtml
https://news.nankai.edu.cn/mtnk/system/2018/04/02/000374595.shtml
https://news.nankai.edu.cn/mtnk/system/2018/04/03/000374696.shtml
https://news.nankai.edu.cn/mtnk/system/2018/04/03/000374717.shtml
https://news.nankai.edu.cn/mtnk/system/2018/04/03/000374721.shtml
https://news.nankai.edu.cn/mtnk/system/2018/04/03/000374720.shtml
https://news.nankai.edu.cn/mtnk/system/2018/04/03/000374719.shtml
https://news.nankai.edu.cn/ztbd/system/2018/01/05/000364300.shtml
https://news.nankai.edu.cn/ywsd/system/2018/02/10/000367994.shtml
https://news.nankai.edu.cn/dcxy/system/2017/09/30/000348256.shtml
https://news.nankai.edu.cn/ywsd/system/2017/09/30/000348315.shtml
https://news.nankai.edu.cn/zhxw/system/2017/11/14/000355855.shtml
https://news.nankai.edu.cn/ywsd/system/2017/11/11/000355294.shtml
https://news.nankai.edu.cn/ywsd/system/2017/11/11/000355237.shtml
https://news.nankai.edu.cn/ywsd/system/2017/09/26/000347494.shtml
https://news.nankai.edu.cn/ywsd/system/2017/12/07/000359915.shtml
https://news.nankai.edu.cn/ywsd/system/2018/01/01/000363796.shtml
https://news.nankai.edu.cn/ywsd/system/2017/09/25/000347376.shtml
https://news.nankai.edu.cn/zhxw/system/2017/10/17/000350694.shtml
https://news.nankai.edu.cn/zhxw/system/2017/10/13/000350243.shtml
https://news.nankai.edu.cn/zhxw/system/2017/10/13/000350239.shtml
https://news.nankai.edu.cn/zhxw/system/2017/10/10/000349774.shtml
https://news.nankai.edu.cn/zhxw/system/2017/10/10/000349776.shtml
https://news.nankai.edu.cn/zhxw/system/2017/10/10/000349763.shtml
https://news.nankai.edu.cn/zhxw/system/2017/10/10/000349760.shtml
https://news.nankai.edu.cn/zhxw/system/2017/10/06/000349294.shtml
https://news.nankai.edu.cn/zhxw/system/2017/10/06/000349254.shtml
https://news.nankai.edu.cn/zhxw/system/2017/10/06/000349114.shtml
https://news.nankai.edu.cn/zhxw/system/2017/10/06/000348955.shtml
https://news.nankai.edu.cn/zhxw/system/2017/10/06/000348897.shtml
https://news.nankai.edu.cn/zhxw/system/2017/10/01/000348356.shtml
https://news.nankai.edu.cn/ywsd/system/2017/09/29/000348094.shtml
https://news.nankai.edu.cn/ywsd/system/2017/09/28/000347778.shtml
https://news.nankai.edu.cn/ywsd/system/2017/09/27/000347694.shtml
https://news.nankai.edu.cn/ywsd/system/2017/09/25/000347375.shtml
https://news.nankai.edu.cn/ywsd/system/2017/09/28/000347914.shtml
https://news.nankai.edu.cn/ywsd/system/2017/09/26/000347454.shtml
https://news.nankai.edu.cn/ywsd/system/2017/09/27/000347677.shtml
https://news.nankai.edu.cn/ywsd/system/2017/09/26/000347577.shtml
https://news.nankai.edu.cn/ywsd/system/2018/04/02/000374534.shtml
https://news.nankai.edu.cn/ywsd/system/2018/04/03/000374715.shtml
https://news.nankai.edu.cn/ywsd/system/2018/04/03/000374614.shtml
https://news.nankai.edu.cn/ywsd/system/2018/04/03/000374621.shtml
https://news.nankai.edu.cn/zhxw/system/2017/11/14/000355835.shtml
https://news.nankai.edu.cn/zhxw/system/2017/11/14/000355837.shtml
https://news.nankai.edu.cn/zhxw/system/2017/11/14/000355841.shtml
https://news.nankai.edu.cn/zhxw/system/2017/11/29/000358315.shtml
https://news.nankai.edu.cn/zhxw/system/2017/11/29/000358316.shtml
https://news.nankai.edu.cn/zhxw/system/2017/12/05/000359597.shtml
https://news.nankai.edu.cn/zhxw/system/2017/12/06/000359718.shtml
https://news.nankai.edu.cn/mtnk/system/2017/11/14/000355734.shtml
https://news.nankai.edu.cn/mtnk/system/2017/11/22/000357155.shtml
https://news.nankai.edu.cn/mtnk/system/2017/11/22/000357142.shtml
https://news.nankai.edu.cn/mtnk/system/2017/11/22/000357135.shtml
https://news.nankai.edu.cn/mtnk/system/2017/12/06/000359634.shtml
https://news.nankai.edu.cn/mtnk/system/2017/12/06/000359777.shtml
https://news.nankai.edu.cn/ztbd/system/2017/10/16/000350496.shtml
https://news.nankai.edu.cn/ywsd/system/2017/11/14/000355783.shtml
https://news.nankai.edu.cn/ywsd/system/2017/11/15/000355963.shtml
https://news.nankai.edu.cn/ywsd/system/2017/11/16/000356138.shtml
https://news.nankai.edu.cn/ywsd/system/2017/11/17/000356257.shtml
https://news.nankai.edu.cn/ywsd/system/2017/11/20/000356856.shtml
https://news.nankai.edu.cn/ywsd/system/2017/11/29/000358294.shtml
https://news.nankai.edu.cn/ywsd/system/2017/10/15/000350438.shtml
https://news.nankai.edu.cn/ywsd/system/2017/10/15/000350439.shtml
https://news.nankai.edu.cn/ywsd/system/2017/10/15/000350440.shtml
https://news.nankai.edu.cn/ywsd/system/2017/10/15/000350441.shtml
https://news.nankai.edu.cn/ywsd/system/2017/10/16/000350636.shtml
https://news.nankai.edu.cn/zhxw/system/2017/09/16/000345674.shtml
https://news.nankai.edu.cn/zhxw/system/2017/09/21/000346656.shtml
https://news.nankai.edu.cn/zhxw/system/2017/09/24/000347106.shtml
https://news.nankai.edu.cn/zhxw/system/2017/09/23/000347015.shtml
https://news.nankai.edu.cn/zhxw/system/2017/09/29/000348114.shtml
https://news.nankai.edu.cn/zhxw/system/2017/09/29/000348115.shtml
https://news.nankai.edu.cn/zhxw/system/2017/09/29/000348121.shtml
https://news.nankai.edu.cn/zhxw/system/2017/10/03/000348514.shtml
https://news.nankai.edu.cn/zhxw/system/2017/10/06/000349194.shtml
https://news.nankai.edu.cn/zhxw/system/2017/10/06/000349214.shtml
https://news.nankai.edu.cn/zhxw/system/2017/10/07/000349315.shtml
https://news.nankai.edu.cn/zhxw/system/2017/10/08/000349554.shtml
https://news.nankai.edu.cn/zhxw/system/2017/10/09/000349635.shtml
https://news.nankai.edu.cn/zhxw/system/2017/10/10/000349741.shtml
https://news.nankai.edu.cn/zhxw/system/2017/10/10/000349759.shtml
https://news.nankai.edu.cn/zhxw/system/2017/10/11/000349834.shtml
https://news.nankai.edu.cn/zhxw/system/2017/10/11/000349874.shtml
https://news.nankai.edu.cn/zhxw/system/2017/10/12/000349995.shtml
https://news.nankai.edu.cn/zhxw/system/2017/10/12/000349998.shtml
https://news.nankai.edu.cn/zhxw/system/2017/10/13/000350238.shtml
https://news.nankai.edu.cn/zhxw/system/2017/10/13/000350241.shtml
https://news.nankai.edu.cn/zhxw/system/2017/10/13/000350242.shtml
https://news.nankai.edu.cn/zhxw/system/2017/10/13/000350244.shtml
https://news.nankai.edu.cn/zhxw/system/2017/10/13/000350245.shtml
https://news.nankai.edu.cn/zhxw/system/2017/10/13/000350235.shtml
https://news.nankai.edu.cn/zhxw/system/2017/10/14/000350355.shtml
https://news.nankai.edu.cn/zhxw/system/2017/10/14/000350375.shtml
https://news.nankai.edu.cn/zhxw/system/2017/10/14/000350376.shtml
https://news.nankai.edu.cn/zhxw/system/2017/10/14/000350379.shtml
https://news.nankai.edu.cn/zhxw/system/2017/10/14/000350380.shtml
https://news.nankai.edu.cn/ywsd/system/2017/10/10/000349794.shtml
https://news.nankai.edu.cn/ywsd/system/2017/10/13/000350236.shtml
https://news.nankai.edu.cn/ywsd/system/2017/10/14/000350400.shtml
https://news.nankai.edu.cn/ywsd/system/2017/10/16/000350534.shtml
https://news.nankai.edu.cn/ywsd/system/2017/10/16/000350634.shtml
https://news.nankai.edu.cn/ywsd/system/2017/10/18/000350835.shtml
https://news.nankai.edu.cn/ywsd/system/2017/10/18/000350917.shtml
https://news.nankai.edu.cn/ywsd/system/2017/10/19/000351148.shtml
https://news.nankai.edu.cn/ywsd/system/2017/10/19/000351149.shtml
https://news.nankai.edu.cn/ywsd/system/2017/10/20/000351235.shtml
https://news.nankai.edu.cn/ywsd/system/2017/10/20/000351234.shtml
https://news.nankai.edu.cn/ywsd/system/2017/10/20/000351315.shtml
https://news.nankai.edu.cn/ywsd/system/2017/10/20/000351336.shtml
https://news.nankai.edu.cn/ywsd/system/2017/10/23/000351674.shtml
https://news.nankai.edu.cn/ywsd/system/2017/10/24/000351996.shtml
https://news.nankai.edu.cn/ywsd/system/2017/10/24/000352076.shtml
https://news.nankai.edu.cn/ywsd/system/2017/10/26/000352255.shtml
https://news.nankai.edu.cn/ywsd/system/2017/10/27/000352434.shtml
https://news.nankai.edu.cn/ywsd/system/2017/10/30/000352935.shtml
https://news.nankai.edu.cn/ywsd/system/2017/10/31/000353096.shtml
https://news.nankai.edu.cn/ywsd/system/2017/10/31/000353274.shtml
https://news.nankai.edu.cn/ywsd/system/2017/11/01/000353357.shtml
https://news.nankai.edu.cn/ywsd/system/2017/11/01/000353519.shtml
https://news.nankai.edu.cn/ywsd/system/2017/11/02/000353597.shtml
https://news.nankai.edu.cn/ywsd/system/2017/11/02/000353601.shtml
https://news.nankai.edu.cn/ywsd/system/2017/11/02/000353599.shtml
https://news.nankai.edu.cn/ywsd/system/2017/11/02/000353602.shtml
https://news.nankai.edu.cn/ywsd/system/2017/11/03/000353776.shtml
https://news.nankai.edu.cn/ywsd/system/2017/11/03/000353875.shtml
https://news.nankai.edu.cn/ywsd/system/2017/11/04/000353976.shtml
https://news.nankai.edu.cn/ywsd/system/2017/11/04/000353982.shtml
https://news.nankai.edu.cn/ywsd/system/2017/11/05/000354115.shtml
https://news.nankai.edu.cn/ywsd/system/2017/11/07/000354496.shtml
https://news.nankai.edu.cn/ywsd/system/2017/11/08/000354676.shtml
https://news.nankai.edu.cn/ywsd/system/2017/11/08/000354694.shtml
https://news.nankai.edu.cn/ywsd/system/2017/11/09/000354755.shtml
https://news.nankai.edu.cn/ywsd/system/2017/11/09/000354815.shtml
https://news.nankai.edu.cn/ywsd/system/2017/11/12/000355395.shtml
https://news.nankai.edu.cn/ywsd/system/2017/11/13/000355634.shtml
https://news.nankai.edu.cn/ywsd/system/2017/11/14/000355777.shtml
https://news.nankai.edu.cn/ywsd/system/2017/11/14/000355781.shtml
https://news.nankai.edu.cn/ywsd/system/2017/11/14/000355782.shtml
https://news.nankai.edu.cn/ztbd/system/2017/09/25/000347277.shtml
https://news.nankai.edu.cn/ztbd/system/2017/09/23/000346958.shtml
https://news.nankai.edu.cn/ztbd/system/2017/09/23/000346956.shtml
https://news.nankai.edu.cn/ywsd/system/2017/09/24/000347035.shtml
https://news.nankai.edu.cn/ywsd/system/2017/09/23/000346976.shtml
https://news.nankai.edu.cn/ywsd/system/2017/09/22/000346775.shtml
https://news.nankai.edu.cn/ztbd/system/2017/09/08/000344204.shtml
https://news.nankai.edu.cn/ztbd/system/2017/09/08/000344196.shtml
https://news.nankai.edu.cn/ztbd/system/2017/09/08/000344192.shtml
https://news.nankai.edu.cn/ztbd/system/2017/09/08/000344190.shtml
https://news.nankai.edu.cn/ztbd/system/2017/09/08/000344197.shtml
https://news.nankai.edu.cn/ztbd/system/2017/09/08/000344195.shtml
https://news.nankai.edu.cn/ztbd/system/2017/09/08/000344191.shtml
https://news.nankai.edu.cn/ztbd/system/2017/09/08/000344186.shtml
https://news.nankai.edu.cn/ztbd/system/2017/09/08/000344185.shtml
https://news.nankai.edu.cn/ztbd/system/2017/09/08/000344184.shtml
https://news.nankai.edu.cn/ztbd/system/2017/09/08/000344183.shtml
https://news.nankai.edu.cn/ztbd/system/2017/09/08/000344182.shtml
https://news.nankai.edu.cn/ztbd/system/2017/09/08/000344181.shtml
https://news.nankai.edu.cn/ztbd/system/2017/07/30/000340318.shtml
https://news.nankai.edu.cn/ztbd/system/2017/07/30/000340317.shtml
https://news.nankai.edu.cn/mtnk/system/2017/03/18/000323320.shtml
https://news.nankai.edu.cn/mtnk/system/2017/07/02/000337000.shtml
https://news.nankai.edu.cn/mtnk/system/2016/06/24/000285861.shtml
https://news.nankai.edu.cn/mtnk/system/2015/09/14/000247954.shtml
https://news.nankai.edu.cn/mtnk/system/2017/07/22/000339715.shtml
https://news.nankai.edu.cn/mtnk/system/2016/06/17/000285016.shtml
https://news.nankai.edu.cn/mtnk/system/2016/03/28/000275817.shtml
https://news.nankai.edu.cn/ywsd/system/2017/04/25/000329954.shtml
https://news.nankai.edu.cn/ywsd/system/2014/08/10/000196714.shtml
https://news.nankai.edu.cn/ztbd/system/2017/06/05/000333835.shtml
https://news.nankai.edu.cn/ywsd/system/2017/04/23/000329697.shtml
https://news.nankai.edu.cn/ywsd/system/2017/07/10/000338067.shtml
https://news.nankai.edu.cn/ywsd/system/2017/04/21/000329534.shtml
https://news.nankai.edu.cn/ywsd/system/2015/12/31/000263214.shtml
https://news.nankai.edu.cn/ywsd/system/2017/01/10/000314932.shtml
https://news.nankai.edu.cn/ywsd/system/2017/07/20/000339436.shtml
https://news.nankai.edu.cn/ywsd/system/2016/08/15/000292634.shtml
https://news.nankai.edu.cn/ywsd/system/2017/07/19/000339354.shtml
https://news.nankai.edu.cn/ywsd/system/2017/03/30/000325374.shtml
https://news.nankai.edu.cn/ywsd/system/2017/04/13/000327454.shtml
https://news.nankai.edu.cn/ywsd/system/2017/04/16/000328034.shtml
https://news.nankai.edu.cn/nkzs/system/2015/11/03/000253779.shtml
https://news.nankai.edu.cn/ywsd/system/2017/07/17/000338983.shtml
https://news.nankai.edu.cn/mtnk/system/2016/03/28/000275836.shtml
https://news.nankai.edu.cn/ywsd/system/2016/11/23/000307495.shtml
https://news.nankai.edu.cn/mtnk/system/2016/12/12/000310476.shtml
https://news.nankai.edu.cn/ywsd/system/2016/12/09/000309914.shtml
https://news.nankai.edu.cn/nkzs/system/2017/07/12/000338378.shtml
https://news.nankai.edu.cn/ywsd/system/2014/08/09/000196676.shtml
https://news.nankai.edu.cn/ywsd/system/2017/01/25/000316514.shtml
https://news.nankai.edu.cn/ywsd/system/2017/07/14/000338675.shtml
https://news.nankai.edu.cn/ywsd/system/2015/11/22/000256974.shtml
https://news.nankai.edu.cn/ywsd/system/2016/04/02/000276414.shtml
https://news.nankai.edu.cn/ywsd/system/2017/05/13/000331479.shtml
https://news.nankai.edu.cn/ywsd/system/2017/07/24/000339895.shtml
https://news.nankai.edu.cn/ywsd/system/2017/07/25/000339934.shtml
https://news.nankai.edu.cn/ywsd/system/2017/07/25/000339935.shtml
https://news.nankai.edu.cn/ywsd/system/2017/07/25/000339936.shtml
https://news.nankai.edu.cn/ywsd/system/2017/07/25/000339937.shtml
https://news.nankai.edu.cn/ywsd/system/2017/12/07/000359937.shtml
https://news.nankai.edu.cn/ywsd/system/2017/12/06/000359858.shtml
https://news.nankai.edu.cn/ztbd/system/2017/12/27/000363094.shtml
https://news.nankai.edu.cn/ztbd/system/2018/07/04/000398035.shtml
https://news.nankai.edu.cn/ztbd/system/2018/09/05/000407835.shtml
https://news.nankai.edu.cn/xlzt/system/2021/09/06/030047819.shtml
https://news.nankai.edu.cn/xlzt/system/2021/11/19/030048966.shtml
https://news.nankai.edu.cn/xlzt/system/2021/12/16/030049551.shtml
https://news.nankai.edu.cn/xlzt/system/2022/01/18/030050011.shtml
https://news.nankai.edu.cn/xlzt/system/2022/05/20/030051379.shtml
https://news.nankai.edu.cn/xlzt/system/2022/05/20/030051378.shtml
https://news.nankai.edu.cn/xlzt/system/2022/05/23/030051433.shtml
https://news.nankai.edu.cn/xlzt/system/2022/06/22/030051775.shtml
https://news.nankai.edu.cn/nkzs/index.shtml
https://news.nankai.edu.cn/bnxq/index.shtml
https://news.nankai.edu.cn/dcxy/system/2024/12/10/030064984.shtml
https://news.nankai.edu.cn/zhxw/system/2024/12/05/030064918.shtml
https://news.nankai.edu.cn/zhxw/system/2024/12/06/030064928.shtml
https://news.nankai.edu.cn/ywsd/system/2016/07/24/000290495.shtml
https://news.nankai.edu.cn/ztbd/system/2018/07/04/000397674.shtml
https://news.nankai.edu.cn/ztbd/system/2018/09/05/000407920.shtml
https://news.nankai.edu.cn/ztbd/system/2021/09/06/030047814.shtml
https://news.nankai.edu.cn/ztbd/system/2021/11/18/030048944.shtml
https://news.nankai.edu.cn/ywsd/system/2021/01/02/030043729.shtml
https://news.nankai.edu.cn/mtnk/system/2022/01/09/030049892.shtml
https://news.nankai.edu.cn/zhxw/system/2022/05/06/030051196.shtml
https://news.nankai.edu.cn/dcxy/system/2022/05/06/030051194.shtml
https://news.nankai.edu.cn/dcxy/system/2022/03/11/030050585.shtml
https://news.nankai.edu.cn/ywsd/system/2022/06/21/030051761.shtml
https://news.nankai.edu.cn/nkzs/system/2020/09/04/030040666.shtml
https://news.nankai.edu.cn/ywsd/system/2019/10/18/030035837.shtml
https://news.nankai.edu.cn/ywsd/system/2019/10/18/030035834.shtml
https://news.nankai.edu.cn/ywsd/system/2019/10/18/030035833.shtml
https://news.nankai.edu.cn/ywsd/system/2019/10/18/030035836.shtml
https://news.nankai.edu.cn/bnxq/system/2019/10/20/030035870.shtml
https://news.nankai.edu.cn/mtnk/system/2019/10/22/030035969.shtml
https://news.nankai.edu.cn/mtnk/system/2019/10/22/030035957.shtml
https://news.nankai.edu.cn/mtnk/system/2019/10/23/030035988.shtml
https://news.nankai.edu.cn/mtnk/system/2019/10/23/030035987.shtml
https://news.nankai.edu.cn/mtnk/system/2019/10/23/030035989.shtml
https://news.nankai.edu.cn/mtnk/system/2019/10/23/030036009.shtml
https://news.nankai.edu.cn/mtnk/system/2019/10/23/030036007.shtml
https://news.nankai.edu.cn/mtnk/system/2019/10/23/030036001.shtml
https://news.nankai.edu.cn/mtnk/system/2019/10/23/030036003.shtml
https://news.nankai.edu.cn/ywsd/system/2019/10/25/030036045.shtml
https://news.nankai.edu.cn/ywsd/system/2019/10/25/030036043.shtml
https://news.nankai.edu.cn/ywsd/system/2019/10/25/030036038.shtml
https://news.nankai.edu.cn/ywsd/system/2019/10/27/030036064.shtml
https://news.nankai.edu.cn/ywsd/system/2019/10/27/030036065.shtml
https://news.nankai.edu.cn/bnxq/system/2019/11/01/030036184.shtml
https://news.nankai.edu.cn/ywsd/system/2019/11/11/030036321.shtml
https://news.nankai.edu.cn/ywsd/system/2019/11/11/030036332.shtml
https://news.nankai.edu.cn/bnxq/system/2019/11/27/030036573.shtml
https://news.nankai.edu.cn/bnxq/system/2019/11/30/030036647.shtml
https://news.nankai.edu.cn/bnxq/system/2019/12/07/030036749.shtml
https://news.nankai.edu.cn/ywsd/system/2020/01/01/030037169.shtml
https://news.nankai.edu.cn/mtnk/system/2020/05/31/030039482.shtml
https://news.nankai.edu.cn/nkzs/system/2020/09/07/030040692.shtml
https://news.nankai.edu.cn/nkzs/system/2020/09/08/030040727.shtml
https://news.nankai.edu.cn/nkzs/system/2020/09/08/030040728.shtml
https://news.nankai.edu.cn/nkzs/system/2020/09/15/030040810.shtml
https://news.nankai.edu.cn/nkzs/system/2020/09/21/030040896.shtml
https://news.nankai.edu.cn/nkzs/system/2020/09/21/030040897.shtml
https://news.nankai.edu.cn/nkzs/system/2020/09/21/030040898.shtml
https://news.nankai.edu.cn/nkzs/system/2020/09/29/030040999.shtml
https://news.nankai.edu.cn/nkzs/system/2020/09/29/030041003.shtml
https://news.nankai.edu.cn/nkzs/system/2020/10/11/030041121.shtml
https://news.nankai.edu.cn/nkzs/system/2020/10/11/030041142.shtml
https://news.nankai.edu.cn/nkzs/system/2020/10/12/030041181.shtml
https://news.nankai.edu.cn/nkzs/system/2020/11/01/030041490.shtml
https://news.nankai.edu.cn/nkzs/system/2020/11/02/030041541.shtml
https://news.nankai.edu.cn/nkzs/system/2020/11/02/030041542.shtml
https://news.nankai.edu.cn/nkzs/system/2019/12/31/030037147.shtml
https://news.nankai.edu.cn/mtnk/system/2020/01/02/030037176.shtml
https://news.nankai.edu.cn/nkzs/system/2020/11/02/030041545.shtml
https://news.nankai.edu.cn/nkzs/system/2020/11/02/030041546.shtml
https://news.nankai.edu.cn/nkzs/system/2020/11/03/030041561.shtml
https://news.nankai.edu.cn/nkzs/system/2020/11/03/030041579.shtml
https://news.nankai.edu.cn/mtnk/system/2020/11/07/030041631.shtml
https://news.nankai.edu.cn/nkzs/system/2020/11/25/030042428.shtml
https://news.nankai.edu.cn/nkzs/system/2020/11/26/030042444.shtml
https://news.nankai.edu.cn/nkzs/system/2020/12/04/030043082.shtml
https://news.nankai.edu.cn/nkzs/system/2022/11/03/030053443.shtml
https://news.nankai.edu.cn/nkzs/system/2022/11/03/030053444.shtml
https://news.nankai.edu.cn/nkzs/system/2022/11/03/030053445.shtml
https://news.nankai.edu.cn/nkzs/system/2020/11/02/030041526.shtml
https://news.nankai.edu.cn/nkzs/system/2020/10/29/030041465.shtml
https://news.nankai.edu.cn/nkzs/system/2023/06/16/030056765.shtml
https://news.nankai.edu.cn/ywsd/system/2022/06/05/030051620.shtml
https://news.nankai.edu.cn/ywsd/system/2022/06/11/030051683.shtml
https://news.nankai.edu.cn/ywsd/system/2022/06/16/030051719.shtml
https://news.nankai.edu.cn/ywsd/system/2022/06/16/030051724.shtml
https://news.nankai.edu.cn/ywsd/system/2022/06/16/030051725.shtml
https://news.nankai.edu.cn/ywsd/system/2022/06/18/030051742.shtml
https://news.nankai.edu.cn/ywsd/system/2022/06/21/030051763.shtml
https://news.nankai.edu.cn/ywsd/system/2022/06/22/030051767.shtml
https://news.nankai.edu.cn/ywsd/system/2022/06/21/030051762.shtml
https://news.nankai.edu.cn/dcxy/system/2022/04/20/030050991.shtml
https://news.nankai.edu.cn/zhxw/system/2022/03/14/030050597.shtml
https://news.nankai.edu.cn/zhxw/system/2022/05/05/030051185.shtml
https://news.nankai.edu.cn/zhxw/system/2022/04/20/030050982.shtml
https://news.nankai.edu.cn/zhxw/system/2022/05/22/030051408.shtml
https://news.nankai.edu.cn/ywsd/system/2022/02/25/030050385.shtml
https://news.nankai.edu.cn/ywsd/system/2022/02/26/030050394.shtml
https://news.nankai.edu.cn/ywsd/system/2022/02/25/030050390.shtml
https://news.nankai.edu.cn/ywsd/system/2022/02/25/030050389.shtml
https://news.nankai.edu.cn/ywsd/system/2022/03/03/030050465.shtml
https://news.nankai.edu.cn/ywsd/system/2022/03/04/030050480.shtml
https://news.nankai.edu.cn/ywsd/system/2022/03/05/030050491.shtml
https://news.nankai.edu.cn/ywsd/system/2022/03/05/030050490.shtml
https://news.nankai.edu.cn/ywsd/system/2022/03/09/030050529.shtml
https://news.nankai.edu.cn/ywsd/system/2022/03/15/030050608.shtml
https://news.nankai.edu.cn/ywsd/system/2022/03/16/030050615.shtml
https://news.nankai.edu.cn/ywsd/system/2022/03/16/030050613.shtml
https://news.nankai.edu.cn/ywsd/system/2022/03/18/030050648.shtml
https://news.nankai.edu.cn/ywsd/system/2022/03/19/030050649.shtml
https://news.nankai.edu.cn/ywsd/system/2022/04/13/030050884.shtml
https://news.nankai.edu.cn/ywsd/system/2022/04/16/030050937.shtml
https://news.nankai.edu.cn/ywsd/system/2022/04/17/030050940.shtml
https://news.nankai.edu.cn/ywsd/system/2022/04/21/030050995.shtml
https://news.nankai.edu.cn/ywsd/system/2022/04/30/030051131.shtml
https://news.nankai.edu.cn/ywsd/system/2022/05/06/030051195.shtml
https://news.nankai.edu.cn/ywsd/system/2022/05/06/030051200.shtml
https://news.nankai.edu.cn/ywsd/system/2022/05/14/030051298.shtml
https://news.nankai.edu.cn/ywsd/system/2022/05/22/030051402.shtml
https://news.nankai.edu.cn/ywsd/system/2022/06/18/030051744.shtml
https://news.nankai.edu.cn/dcxy/system/2022/04/05/030050810.shtml
https://news.nankai.edu.cn/dcxy/system/2022/04/06/030050814.shtml
https://news.nankai.edu.cn/zhxw/system/2022/03/15/030050598.shtml
https://news.nankai.edu.cn/dcxy/system/2022/04/29/030051120.shtml
https://news.nankai.edu.cn/ywsd/system/2022/02/23/030050362.shtml
https://news.nankai.edu.cn/ywsd/system/2022/03/11/030050572.shtml
https://news.nankai.edu.cn/ywsd/system/2022/03/21/030050688.shtml
https://news.nankai.edu.cn/ywsd/system/2022/04/29/030051107.shtml
https://news.nankai.edu.cn/ywsd/system/2022/04/28/030051091.shtml
https://news.nankai.edu.cn/ywsd/system/2022/04/29/030051108.shtml
https://news.nankai.edu.cn/ywsd/system/2022/05/07/030051203.shtml
https://news.nankai.edu.cn/ywsd/system/2022/05/07/030051201.shtml
https://news.nankai.edu.cn/ywsd/system/2022/05/09/030051210.shtml
https://news.nankai.edu.cn/ywsd/system/2022/05/10/030051231.shtml
https://news.nankai.edu.cn/ywsd/system/2022/05/11/030051241.shtml
https://news.nankai.edu.cn/dcxy/system/2022/05/06/030051197.shtml
https://news.nankai.edu.cn/dcxy/system/2022/05/07/030051204.shtml
https://news.nankai.edu.cn/dcxy/system/2022/05/07/030051206.shtml
https://news.nankai.edu.cn/dcxy/system/2022/05/10/030051216.shtml
https://news.nankai.edu.cn/dcxy/system/2022/05/10/030051227.shtml
https://news.nankai.edu.cn/dcxy/system/2022/05/11/030051232.shtml
https://news.nankai.edu.cn/dcxy/system/2022/05/11/030051233.shtml
https://news.nankai.edu.cn/dcxy/system/2022/05/11/030051242.shtml
https://news.nankai.edu.cn/dcxy/system/2022/05/11/030051251.shtml
https://news.nankai.edu.cn/dcxy/system/2022/05/12/030051258.shtml
https://news.nankai.edu.cn/dcxy/system/2022/05/12/030051263.shtml
https://news.nankai.edu.cn/dcxy/system/2022/05/13/030051275.shtml
https://news.nankai.edu.cn/dcxy/system/2022/05/14/030051292.shtml
https://news.nankai.edu.cn/dcxy/system/2022/05/13/030051289.shtml
https://news.nankai.edu.cn/dcxy/system/2022/05/14/030051295.shtml
https://news.nankai.edu.cn/dcxy/system/2022/05/16/030051304.shtml
https://news.nankai.edu.cn/dcxy/system/2022/05/17/030051328.shtml
https://news.nankai.edu.cn/dcxy/system/2022/05/17/030051331.shtml
https://news.nankai.edu.cn/dcxy/system/2022/05/17/030051334.shtml
https://news.nankai.edu.cn/dcxy/system/2022/05/17/030051332.shtml
https://news.nankai.edu.cn/dcxy/system/2022/05/17/030051330.shtml
https://news.nankai.edu.cn/dcxy/system/2022/05/18/030051340.shtml
https://news.nankai.edu.cn/dcxy/system/2022/05/18/030051346.shtml
https://news.nankai.edu.cn/dcxy/system/2022/05/20/030051380.shtml
https://news.nankai.edu.cn/dcxy/system/2022/05/20/030051381.shtml
https://news.nankai.edu.cn/dcxy/system/2022/05/20/030051383.shtml
https://news.nankai.edu.cn/dcxy/system/2022/07/01/030051925.shtml
https://news.nankai.edu.cn/dcxy/system/2022/07/02/030051934.shtml
https://news.nankai.edu.cn/dcxy/system/2022/07/06/030051972.shtml
https://news.nankai.edu.cn/dcxy/system/2022/07/08/030051991.shtml
https://news.nankai.edu.cn/dcxy/system/2022/07/21/030052047.shtml
https://news.nankai.edu.cn/dcxy/system/2022/08/02/030052337.shtml
https://news.nankai.edu.cn/dcxy/system/2022/08/13/030052430.shtml
https://news.nankai.edu.cn/dcxy/system/2022/08/26/030052604.shtml
https://news.nankai.edu.cn/dcxy/system/2022/08/27/030052617.shtml
https://news.nankai.edu.cn/zhxw/system/2022/05/07/030051205.shtml
https://news.nankai.edu.cn/zhxw/system/2022/05/10/030051217.shtml
https://news.nankai.edu.cn/zhxw/system/2022/05/10/030051219.shtml
https://news.nankai.edu.cn/zhxw/system/2022/05/10/030051225.shtml
https://news.nankai.edu.cn/zhxw/system/2022/05/10/030051215.shtml
https://news.nankai.edu.cn/zhxw/system/2021/09/23/030048065.shtml
https://news.nankai.edu.cn/zhxw/system/2022/05/12/030051260.shtml
https://news.nankai.edu.cn/zhxw/system/2022/05/13/030051272.shtml
https://news.nankai.edu.cn/zhxw/system/2022/05/13/030051274.shtml
https://news.nankai.edu.cn/zhxw/system/2022/05/13/030051281.shtml
https://news.nankai.edu.cn/zhxw/system/2022/05/13/030051284.shtml
https://news.nankai.edu.cn/zhxw/system/2022/05/13/030051288.shtml
https://news.nankai.edu.cn/zhxw/system/2022/05/13/030051290.shtml
https://news.nankai.edu.cn/zhxw/system/2022/05/14/030051291.shtml
https://news.nankai.edu.cn/zhxw/system/2022/05/14/030051294.shtml
https://news.nankai.edu.cn/zhxw/system/2022/05/15/030051300.shtml
https://news.nankai.edu.cn/zhxw/system/2022/05/16/030051305.shtml
https://news.nankai.edu.cn/zhxw/system/2022/05/16/030051306.shtml
https://news.nankai.edu.cn/zhxw/system/2022/05/17/030051329.shtml
https://news.nankai.edu.cn/zhxw/system/2022/05/17/030051333.shtml
https://news.nankai.edu.cn/zhxw/system/2019/03/20/000439034.shtml
https://news.nankai.edu.cn/zhxw/system/2022/05/18/030051347.shtml
https://news.nankai.edu.cn/zhxw/system/2022/05/18/030051348.shtml
https://news.nankai.edu.cn/zhxw/system/2022/05/19/030051365.shtml
https://news.nankai.edu.cn/zhxw/system/2022/05/19/030051366.shtml
https://news.nankai.edu.cn/zhxw/system/2022/05/19/030051370.shtml
https://news.nankai.edu.cn/zhxw/system/2022/05/20/030051374.shtml
https://news.nankai.edu.cn/zhxw/system/2022/05/20/030051377.shtml
https://news.nankai.edu.cn/zhxw/system/2022/05/19/030051367.shtml
https://news.nankai.edu.cn/ywsd/system/2022/06/02/030051598.shtml
https://news.nankai.edu.cn/zhxw/system/2022/06/16/030051717.shtml
https://news.nankai.edu.cn/zhxw/system/2022/06/18/030051743.shtml
https://news.nankai.edu.cn/zhxw/system/2022/06/28/030051896.shtml
https://news.nankai.edu.cn/zhxw/system/2022/06/28/030051897.shtml
https://news.nankai.edu.cn/zhxw/system/2022/07/04/030051956.shtml
https://news.nankai.edu.cn/zhxw/system/2022/07/07/030051986.shtml
https://news.nankai.edu.cn/zhxw/system/2022/08/02/030052334.shtml
https://news.nankai.edu.cn/zhxw/system/2022/08/08/030052384.shtml
https://news.nankai.edu.cn/mtnk/system/2022/01/11/030049905.shtml
https://news.nankai.edu.cn/mtnk/system/2022/01/12/030049920.shtml
https://news.nankai.edu.cn/mtnk/system/2022/01/12/030049921.shtml
https://news.nankai.edu.cn/mtnk/system/2022/01/12/030049922.shtml
https://news.nankai.edu.cn/mtnk/system/2022/01/13/030049933.shtml
https://news.nankai.edu.cn/mtnk/system/2022/01/13/030049934.shtml
https://news.nankai.edu.cn/mtnk/system/2022/01/13/030049936.shtml
https://news.nankai.edu.cn/mtnk/system/2022/01/13/030049935.shtml
https://news.nankai.edu.cn/mtnk/system/2022/01/13/030049938.shtml
https://news.nankai.edu.cn/mtnk/system/2022/01/13/030049943.shtml
https://news.nankai.edu.cn/mtnk/system/2022/01/13/030049944.shtml
https://news.nankai.edu.cn/mtnk/system/2022/01/13/030049932.shtml
https://news.nankai.edu.cn/mtnk/system/2022/01/15/030049959.shtml
https://news.nankai.edu.cn/mtnk/system/2022/01/15/030049961.shtml
https://news.nankai.edu.cn/mtnk/system/2022/01/15/030049962.shtml
https://news.nankai.edu.cn/mtnk/system/2022/01/15/030049965.shtml
https://news.nankai.edu.cn/mtnk/system/2022/01/15/030049966.shtml
https://news.nankai.edu.cn/mtnk/system/2022/01/15/030049967.shtml
https://news.nankai.edu.cn/mtnk/system/2022/01/15/030049968.shtml
https://news.nankai.edu.cn/mtnk/system/2022/01/15/030049969.shtml
https://news.nankai.edu.cn/mtnk/system/2022/01/15/030049970.shtml
https://news.nankai.edu.cn/mtnk/system/2022/01/15/030049971.shtml
https://news.nankai.edu.cn/mtnk/system/2022/01/15/030049972.shtml
https://news.nankai.edu.cn/mtnk/system/2022/01/15/030049973.shtml
https://news.nankai.edu.cn/mtnk/system/2022/01/15/030049974.shtml
https://news.nankai.edu.cn/mtnk/system/2022/01/15/030049975.shtml
https://news.nankai.edu.cn/mtnk/system/2022/01/17/030049987.shtml
https://news.nankai.edu.cn/mtnk/system/2022/01/17/030049988.shtml
https://news.nankai.edu.cn/mtnk/system/2022/01/17/030049989.shtml
https://news.nankai.edu.cn/mtnk/system/2022/01/17/030049990.shtml
https://news.nankai.edu.cn/mtnk/system/2022/01/17/030049991.shtml
https://news.nankai.edu.cn/mtnk/system/2022/01/17/030049992.shtml
https://news.nankai.edu.cn/mtnk/system/2022/01/17/030049993.shtml
https://news.nankai.edu.cn/mtnk/system/2022/01/17/030049994.shtml
https://news.nankai.edu.cn/mtnk/system/2022/01/17/030049995.shtml
https://news.nankai.edu.cn/mtnk/system/2022/01/18/030050015.shtml
https://news.nankai.edu.cn/mtnk/system/2022/01/18/030050016.shtml
https://news.nankai.edu.cn/mtnk/system/2022/01/18/030050017.shtml
https://news.nankai.edu.cn/mtnk/system/2022/01/18/030050018.shtml
https://news.nankai.edu.cn/mtnk/system/2022/01/18/030050019.shtml
https://news.nankai.edu.cn/mtnk/system/2022/01/18/030050020.shtml
https://news.nankai.edu.cn/mtnk/system/2022/01/18/030050021.shtml
https://news.nankai.edu.cn/mtnk/system/2022/01/19/030050034.shtml
https://news.nankai.edu.cn/mtnk/system/2022/01/20/030050045.shtml
https://news.nankai.edu.cn/mtnk/system/2022/01/20/030050049.shtml
https://news.nankai.edu.cn/mtnk/system/2022/01/20/030050053.shtml
https://news.nankai.edu.cn/mtnk/system/2022/01/20/030050065.shtml
https://news.nankai.edu.cn/mtnk/system/2022/01/21/030050090.shtml
https://news.nankai.edu.cn/mtnk/system/2022/01/21/030050089.shtml
https://news.nankai.edu.cn/mtnk/system/2022/01/22/030050114.shtml
https://news.nankai.edu.cn/mtnk/system/2022/01/22/030050112.shtml
https://news.nankai.edu.cn/mtnk/system/2022/01/23/030050128.shtml
https://news.nankai.edu.cn/mtnk/system/2022/01/24/030050138.shtml
https://news.nankai.edu.cn/mtnk/system/2022/01/24/030050140.shtml
https://news.nankai.edu.cn/mtnk/system/2022/01/24/030050142.shtml
https://news.nankai.edu.cn/mtnk/system/2022/01/24/030050141.shtml
https://news.nankai.edu.cn/mtnk/system/2022/01/25/030050149.shtml
https://news.nankai.edu.cn/mtnk/system/2022/01/25/030050153.shtml
https://news.nankai.edu.cn/mtnk/system/2022/01/25/030050150.shtml
https://news.nankai.edu.cn/mtnk/system/2022/01/25/030050154.shtml
https://news.nankai.edu.cn/dcxy/system/2022/01/12/030049917.shtml
https://news.nankai.edu.cn/dcxy/system/2022/01/15/030049964.shtml
https://news.nankai.edu.cn/dcxy/system/2022/01/17/030050000.shtml
https://news.nankai.edu.cn/dcxy/system/2022/01/18/030050001.shtml
https://news.nankai.edu.cn/dcxy/system/2022/01/18/030050002.shtml
https://news.nankai.edu.cn/dcxy/system/2022/01/19/030050030.shtml
https://news.nankai.edu.cn/dcxy/system/2022/01/21/030050074.shtml
https://news.nankai.edu.cn/dcxy/system/2022/01/21/030050080.shtml
https://news.nankai.edu.cn/dcxy/system/2022/01/21/030050081.shtml
https://news.nankai.edu.cn/dcxy/system/2022/01/21/030050088.shtml
https://news.nankai.edu.cn/dcxy/system/2022/01/21/030050082.shtml
https://news.nankai.edu.cn/dcxy/system/2022/01/22/030050103.shtml
https://news.nankai.edu.cn/dcxy/system/2022/01/22/030050110.shtml
https://news.nankai.edu.cn/dcxy/system/2022/01/22/030050111.shtml
https://news.nankai.edu.cn/dcxy/system/2022/01/22/030050115.shtml
https://news.nankai.edu.cn/dcxy/system/2022/01/23/030050120.shtml
https://news.nankai.edu.cn/dcxy/system/2022/01/26/030050159.shtml
https://news.nankai.edu.cn/dcxy/system/2022/01/26/030050176.shtml
https://news.nankai.edu.cn/dcxy/system/2022/01/26/030050181.shtml
https://news.nankai.edu.cn/zhxw/system/2022/01/11/030049904.shtml
https://news.nankai.edu.cn/zhxw/system/2022/01/14/030049949.shtml
https://news.nankai.edu.cn/zhxw/system/2022/01/15/030049958.shtml
https://news.nankai.edu.cn/zhxw/system/2022/01/16/030049979.shtml
https://news.nankai.edu.cn/zhxw/system/2022/01/16/030049980.shtml
https://news.nankai.edu.cn/zhxw/system/2022/01/17/030049983.shtml
https://news.nankai.edu.cn/zhxw/system/2022/01/17/030049984.shtml
https://news.nankai.edu.cn/zhxw/system/2022/01/17/030049985.shtml
https://news.nankai.edu.cn/zhxw/system/2022/01/17/030049986.shtml
https://news.nankai.edu.cn/zhxw/system/2022/01/17/030049997.shtml
https://news.nankai.edu.cn/zhxw/system/2022/01/17/030049999.shtml
https://news.nankai.edu.cn/zhxw/system/2022/01/18/030050004.shtml
https://news.nankai.edu.cn/zhxw/system/2022/01/18/030050009.shtml
https://news.nankai.edu.cn/zhxw/system/2022/01/18/030050010.shtml
https://news.nankai.edu.cn/zhxw/system/2022/01/18/030050013.shtml
https://news.nankai.edu.cn/zhxw/system/2022/01/18/030050014.shtml
https://news.nankai.edu.cn/zhxw/system/2022/01/19/030050032.shtml
https://news.nankai.edu.cn/zhxw/system/2022/01/19/030050033.shtml
https://news.nankai.edu.cn/zhxw/system/2022/01/19/030050038.shtml
https://news.nankai.edu.cn/zhxw/system/2022/01/20/030050043.shtml
https://news.nankai.edu.cn/zhxw/system/2022/01/20/030050056.shtml
https://news.nankai.edu.cn/zhxw/system/2022/01/20/030050062.shtml
https://news.nankai.edu.cn/zhxw/system/2022/01/21/030050072.shtml
https://news.nankai.edu.cn/zhxw/system/2022/01/21/030050084.shtml
https://news.nankai.edu.cn/zhxw/system/2022/01/21/030050086.shtml
https://news.nankai.edu.cn/zhxw/system/2022/01/21/030050087.shtml
https://news.nankai.edu.cn/zhxw/system/2022/01/21/030050085.shtml
https://news.nankai.edu.cn/zhxw/system/2022/01/22/030050097.shtml
https://news.nankai.edu.cn/zhxw/system/2022/01/22/030050098.shtml
https://news.nankai.edu.cn/zhxw/system/2022/01/22/030050099.shtml
https://news.nankai.edu.cn/zhxw/system/2022/01/22/030050100.shtml
https://news.nankai.edu.cn/zhxw/system/2022/01/22/030050102.shtml
https://news.nankai.edu.cn/zhxw/system/2022/01/22/030050108.shtml
https://news.nankai.edu.cn/zhxw/system/2022/01/22/030050109.shtml
https://news.nankai.edu.cn/zhxw/system/2022/01/23/030050124.shtml
https://news.nankai.edu.cn/zhxw/system/2022/01/23/030050125.shtml
https://news.nankai.edu.cn/zhxw/system/2022/01/23/030050127.shtml
https://news.nankai.edu.cn/zhxw/system/2022/01/23/030050130.shtml
https://news.nankai.edu.cn/zhxw/system/2022/01/25/030050145.shtml
https://news.nankai.edu.cn/zhxw/system/2022/01/25/030050146.shtml
https://news.nankai.edu.cn/zhxw/system/2022/01/25/030050147.shtml
https://news.nankai.edu.cn/ywsd/system/2022/01/09/030049891.shtml
https://news.nankai.edu.cn/ywsd/system/2022/01/09/030049888.shtml
https://news.nankai.edu.cn/ywsd/system/2022/01/10/030049893.shtml
https://news.nankai.edu.cn/ywsd/system/2022/01/11/030049897.shtml
https://news.nankai.edu.cn/ywsd/system/2022/01/11/030049906.shtml
https://news.nankai.edu.cn/ywsd/system/2022/01/11/030049907.shtml
https://news.nankai.edu.cn/ywsd/system/2022/01/11/030049913.shtml
https://news.nankai.edu.cn/ywsd/system/2022/01/12/030049914.shtml
https://news.nankai.edu.cn/ywsd/system/2022/01/12/030049916.shtml
https://news.nankai.edu.cn/ywsd/system/2022/01/12/030049919.shtml
https://news.nankai.edu.cn/ywsd/system/2022/01/13/030049923.shtml
https://news.nankai.edu.cn/ywsd/system/2022/01/13/030049925.shtml
https://news.nankai.edu.cn/ywsd/system/2022/01/13/030049927.shtml
https://news.nankai.edu.cn/ywsd/system/2022/01/13/030049926.shtml
https://news.nankai.edu.cn/ywsd/system/2022/01/13/030049929.shtml
https://news.nankai.edu.cn/ywsd/system/2022/01/13/030049928.shtml
https://news.nankai.edu.cn/ywsd/system/2022/01/13/030049945.shtml
https://news.nankai.edu.cn/ywsd/system/2022/01/14/030049946.shtml
https://news.nankai.edu.cn/ywsd/system/2022/01/14/030049951.shtml
https://news.nankai.edu.cn/ywsd/system/2022/01/14/030049953.shtml
https://news.nankai.edu.cn/ywsd/system/2022/01/14/030049954.shtml
https://news.nankai.edu.cn/ywsd/system/2022/01/15/030049957.shtml
https://news.nankai.edu.cn/ywsd/system/2022/01/16/030049976.shtml
https://news.nankai.edu.cn/ywsd/system/2022/01/16/030049978.shtml
https://news.nankai.edu.cn/ywsd/system/2022/01/16/030049981.shtml
https://news.nankai.edu.cn/ywsd/system/2022/01/17/030049998.shtml
https://news.nankai.edu.cn/ywsd/system/2022/01/18/030050003.shtml
https://news.nankai.edu.cn/ywsd/system/2022/01/18/030050005.shtml
https://news.nankai.edu.cn/zhxw/system/2022/01/25/030050148.shtml
https://news.nankai.edu.cn/ywsd/system/2022/01/18/030050006.shtml
https://news.nankai.edu.cn/ywsd/system/2022/01/18/030050007.shtml
https://news.nankai.edu.cn/ywsd/system/2022/01/19/030050024.shtml
https://news.nankai.edu.cn/ywsd/system/2022/01/19/030050028.shtml
https://news.nankai.edu.cn/ywsd/system/2022/01/19/030050039.shtml
https://news.nankai.edu.cn/ywsd/system/2022/01/20/030050052.shtml
https://news.nankai.edu.cn/ywsd/system/2022/01/20/030050055.shtml
https://news.nankai.edu.cn/ywsd/system/2022/01/20/030050064.shtml
https://news.nankai.edu.cn/ywsd/system/2022/01/20/030050063.shtml
https://news.nankai.edu.cn/ywsd/system/2022/01/26/030050180.shtml
https://news.nankai.edu.cn/ywsd/system/2022/01/26/030050173.shtml
https://news.nankai.edu.cn/ywsd/system/2021/05/19/030046121.shtml
https://news.nankai.edu.cn/ywsd/system/2021/09/11/030047884.shtml
https://news.nankai.edu.cn/ywsd/system/2022/07/04/030051941.shtml
https://news.nankai.edu.cn/ywsd/system/2022/01/03/030049824.shtml
https://news.nankai.edu.cn/ywsd/system/2022/01/04/030049829.shtml
https://news.nankai.edu.cn/ywsd/system/2022/01/05/030049836.shtml
https://news.nankai.edu.cn/ywsd/system/2022/01/06/030049868.shtml
https://news.nankai.edu.cn/ywsd/system/2022/01/07/030049873.shtml
https://news.nankai.edu.cn/ywsd/system/2022/01/08/030049879.shtml
https://news.nankai.edu.cn/ywsd/system/2022/02/19/030050325.shtml
https://news.nankai.edu.cn/ywsd/system/2021/12/05/030049287.shtml
https://news.nankai.edu.cn/ywsd/system/2021/12/13/030049417.shtml
https://news.nankai.edu.cn/ywsd/system/2021/12/23/030049686.shtml
https://news.nankai.edu.cn/ywsd/system/2021/12/26/030049714.shtml
https://news.nankai.edu.cn/ywsd/system/2021/12/30/030049778.shtml
https://news.nankai.edu.cn/ywsd/system/2021/12/30/030049779.shtml
https://news.nankai.edu.cn/ywsd/system/2022/01/01/030049815.shtml
https://news.nankai.edu.cn/ywsd/system/2022/01/04/030049825.shtml
https://news.nankai.edu.cn/ywsd/system/2022/01/05/030049834.shtml
https://news.nankai.edu.cn/ywsd/system/2021/12/31/030049800.shtml
https://news.nankai.edu.cn/ywsd/system/2021/12/31/030049801.shtml
https://news.nankai.edu.cn/ywsd/system/2022/02/16/030050300.shtml
https://news.nankai.edu.cn/ywsd/system/2022/02/17/030050306.shtml
https://news.nankai.edu.cn/ywsd/system/2022/02/18/030050308.shtml
https://news.nankai.edu.cn/ywsd/system/2022/01/06/030049869.shtml
https://news.nankai.edu.cn/ywsd/system/2022/02/20/030050328.shtml
https://news.nankai.edu.cn/ywsd/system/2022/02/20/030050330.shtml
https://news.nankai.edu.cn/ywsd/system/2022/02/20/030050329.shtml
https://news.nankai.edu.cn/ywsd/system/2022/02/21/030050334.shtml
https://news.nankai.edu.cn/ywsd/system/2022/02/21/030050335.shtml
https://news.nankai.edu.cn/ywsd/system/2022/02/21/030050333.shtml
https://news.nankai.edu.cn/ywsd/system/2022/02/21/030050336.shtml
https://news.nankai.edu.cn/ywsd/system/2022/02/21/030050337.shtml
https://news.nankai.edu.cn/ywsd/system/2022/02/22/030050357.shtml
https://news.nankai.edu.cn/ywsd/system/2022/02/22/030050356.shtml
https://news.nankai.edu.cn/ywsd/system/2022/02/22/030050355.shtml
https://news.nankai.edu.cn/ywsd/system/2022/02/22/030050354.shtml
https://news.nankai.edu.cn/ywsd/system/2022/02/22/030050353.shtml
https://news.nankai.edu.cn/ywsd/system/2022/02/22/030050352.shtml
https://news.nankai.edu.cn/ywsd/system/2022/02/22/030050351.shtml
https://news.nankai.edu.cn/ywsd/system/2022/02/22/030050350.shtml
https://news.nankai.edu.cn/ywsd/system/2022/02/22/030050348.shtml
https://news.nankai.edu.cn/ywsd/system/2022/02/22/030050347.shtml
https://news.nankai.edu.cn/ywsd/system/2022/02/22/030050346.shtml
https://news.nankai.edu.cn/ywsd/system/2022/02/22/030050345.shtml
https://news.nankai.edu.cn/ywsd/system/2022/02/22/030050340.shtml
https://news.nankai.edu.cn/ywsd/system/2022/02/22/030050343.shtml
https://news.nankai.edu.cn/ywsd/system/2022/02/22/030050338.shtml
https://news.nankai.edu.cn/ywsd/system/2022/02/22/030050344.shtml
https://news.nankai.edu.cn/ywsd/system/2022/02/22/030050349.shtml
https://news.nankai.edu.cn/ywsd/system/2022/02/23/030050364.shtml
https://news.nankai.edu.cn/ywsd/system/2022/02/23/030050365.shtml
https://news.nankai.edu.cn/ywsd/system/2022/02/23/030050366.shtml
https://news.nankai.edu.cn/ywsd/system/2022/02/23/030050367.shtml
https://news.nankai.edu.cn/ywsd/system/2022/02/23/030050368.shtml
https://news.nankai.edu.cn/ywsd/system/2022/02/23/030050370.shtml
https://news.nankai.edu.cn/ywsd/system/2022/02/26/030050392.shtml
https://news.nankai.edu.cn/ztbd/system/2021/11/18/030048943.shtml
https://news.nankai.edu.cn/ywsd/system/2022/02/20/030050327.shtml
https://news.nankai.edu.cn/ztbd/system/2021/11/18/030048942.shtml
https://news.nankai.edu.cn/ztbd/system/2021/11/18/030048941.shtml
https://news.nankai.edu.cn/ztbd/system/2021/11/18/030048940.shtml
https://news.nankai.edu.cn/ztbd/system/2021/11/18/030048939.shtml
https://news.nankai.edu.cn/ztbd/system/2021/11/17/030048934.shtml
https://news.nankai.edu.cn/ztbd/system/2021/11/17/030048935.shtml
https://news.nankai.edu.cn/ztbd/system/2021/11/18/030048938.shtml
https://news.nankai.edu.cn/ztbd/system/2021/11/17/030048928.shtml
https://news.nankai.edu.cn/ztbd/system/2021/11/17/030048927.shtml
https://news.nankai.edu.cn/ztbd/system/2021/11/17/030048926.shtml
https://news.nankai.edu.cn/ztbd/system/2021/11/17/030048925.shtml
https://news.nankai.edu.cn/ztbd/system/2021/11/17/030048922.shtml
https://news.nankai.edu.cn/ztbd/system/2021/11/17/030048917.shtml
https://news.nankai.edu.cn/ztbd/system/2021/11/17/030048933.shtml
https://news.nankai.edu.cn/ztbd/system/2021/11/17/030048915.shtml
https://news.nankai.edu.cn/ztbd/system/2021/11/17/030048914.shtml
https://news.nankai.edu.cn/ztbd/system/2021/11/17/030048932.shtml
https://news.nankai.edu.cn/ztbd/system/2021/11/17/030048931.shtml
https://news.nankai.edu.cn/ztbd/system/2021/11/17/030048921.shtml
https://news.nankai.edu.cn/ztbd/system/2021/11/17/030048913.shtml
https://news.nankai.edu.cn/ztbd/system/2021/11/17/030048912.shtml
https://news.nankai.edu.cn/ztbd/system/2021/11/17/030048908.shtml
https://news.nankai.edu.cn/ztbd/system/2021/11/17/030048907.shtml
https://news.nankai.edu.cn/ztbd/system/2021/09/06/030047812.shtml
https://news.nankai.edu.cn/ztbd/system/2021/09/06/030047813.shtml
https://news.nankai.edu.cn/ztbd/system/2021/09/06/030047811.shtml
https://news.nankai.edu.cn/ztbd/system/2021/09/06/030047810.shtml
https://news.nankai.edu.cn/ztbd/system/2021/09/06/030047809.shtml
https://news.nankai.edu.cn/ztbd/system/2021/09/06/030047808.shtml
https://news.nankai.edu.cn/ztbd/system/2021/09/06/030047807.shtml
https://news.nankai.edu.cn/ztbd/system/2021/09/06/030047806.shtml
https://news.nankai.edu.cn/ztbd/system/2021/09/06/030047805.shtml
https://news.nankai.edu.cn/ztbd/system/2021/09/06/030047804.shtml
https://news.nankai.edu.cn/ztbd/system/2021/09/06/030047803.shtml
https://news.nankai.edu.cn/ztbd/system/2021/09/06/030047802.shtml
https://news.nankai.edu.cn/ztbd/system/2021/09/06/030047800.shtml
https://news.nankai.edu.cn/ztbd/system/2021/09/06/030047799.shtml
https://news.nankai.edu.cn/ztbd/system/2021/09/06/030047798.shtml
https://news.nankai.edu.cn/ztbd/system/2021/09/06/030047797.shtml
https://news.nankai.edu.cn/ztbd/system/2021/09/06/030047796.shtml
https://news.nankai.edu.cn/ztbd/system/2021/09/06/030047795.shtml
https://news.nankai.edu.cn/ztbd/system/2021/09/06/030047794.shtml
https://news.nankai.edu.cn/ztbd/system/2021/09/06/030047793.shtml
https://news.nankai.edu.cn/ztbd/system/2021/09/06/030047792.shtml
https://news.nankai.edu.cn/ztbd/system/2021/09/06/030047791.shtml
https://news.nankai.edu.cn/ztbd/system/2021/09/06/030047789.shtml
https://news.nankai.edu.cn/ztbd/system/2021/09/06/030047788.shtml
https://news.nankai.edu.cn/ztbd/system/2021/09/06/030047787.shtml
https://news.nankai.edu.cn/ztbd/system/2021/09/06/030047786.shtml
https://news.nankai.edu.cn/ztbd/system/2021/09/06/030047785.shtml
https://news.nankai.edu.cn/ztbd/system/2021/09/06/030047784.shtml
https://news.nankai.edu.cn/ztbd/system/2021/09/06/030047783.shtml
https://news.nankai.edu.cn/ztbd/system/2021/09/06/030047782.shtml
https://news.nankai.edu.cn/ztbd/system/2021/09/06/030047781.shtml
https://news.nankai.edu.cn/ztbd/system/2021/09/06/030047780.shtml
https://news.nankai.edu.cn/ztbd/system/2021/09/04/030047768.shtml
https://news.nankai.edu.cn/ztbd/system/2021/09/04/030047767.shtml
https://news.nankai.edu.cn/ztbd/system/2021/09/04/030047766.shtml
https://news.nankai.edu.cn/ztbd/system/2021/09/04/030047765.shtml
https://news.nankai.edu.cn/ztbd/system/2021/09/04/030047764.shtml
https://news.nankai.edu.cn/ztbd/system/2021/09/04/030047763.shtml
https://news.nankai.edu.cn/ztbd/system/2021/09/04/030047762.shtml
https://news.nankai.edu.cn/ztbd/system/2021/09/04/030047761.shtml
https://news.nankai.edu.cn/ztbd/system/2021/09/04/030047760.shtml
https://news.nankai.edu.cn/ztbd/system/2021/09/04/030047759.shtml
https://news.nankai.edu.cn/ztbd/system/2018/09/05/000407919.shtml
https://news.nankai.edu.cn/ztbd/system/2018/09/05/000407918.shtml
https://news.nankai.edu.cn/ztbd/system/2018/09/05/000407917.shtml
https://news.nankai.edu.cn/ztbd/system/2018/09/05/000407914.shtml
https://news.nankai.edu.cn/ztbd/system/2018/09/05/000407916.shtml
https://news.nankai.edu.cn/ztbd/system/2018/09/05/000407894.shtml
https://news.nankai.edu.cn/ztbd/system/2018/09/05/000407893.shtml
https://news.nankai.edu.cn/ztbd/system/2018/09/05/000407892.shtml
https://news.nankai.edu.cn/ztbd/system/2018/09/05/000407891.shtml
https://news.nankai.edu.cn/ztbd/system/2018/09/05/000407890.shtml
https://news.nankai.edu.cn/ztbd/system/2018/09/05/000407889.shtml
https://news.nankai.edu.cn/ztbd/system/2018/09/05/000407888.shtml
https://news.nankai.edu.cn/ztbd/system/2018/09/05/000407887.shtml
https://news.nankai.edu.cn/ztbd/system/2018/09/05/000407886.shtml
https://news.nankai.edu.cn/ztbd/system/2018/09/05/000407885.shtml
https://news.nankai.edu.cn/ztbd/system/2018/09/05/000407884.shtml
https://news.nankai.edu.cn/ztbd/system/2018/09/05/000407883.shtml
https://news.nankai.edu.cn/ztbd/system/2018/09/05/000407881.shtml
https://news.nankai.edu.cn/ztbd/system/2018/09/05/000407880.shtml
https://news.nankai.edu.cn/ztbd/system/2018/09/05/000407879.shtml
https://news.nankai.edu.cn/ztbd/system/2018/09/05/000407878.shtml
https://news.nankai.edu.cn/ztbd/system/2018/09/05/000407877.shtml
https://news.nankai.edu.cn/ztbd/system/2018/09/05/000407876.shtml
https://news.nankai.edu.cn/ztbd/system/2018/09/05/000407874.shtml
https://news.nankai.edu.cn/ztbd/system/2018/09/05/000407871.shtml
https://news.nankai.edu.cn/ztbd/system/2018/09/05/000407870.shtml
https://news.nankai.edu.cn/ztbd/system/2018/09/05/000407869.shtml
https://news.nankai.edu.cn/ztbd/system/2018/09/05/000407868.shtml
https://news.nankai.edu.cn/ztbd/system/2018/09/05/000407867.shtml
https://news.nankai.edu.cn/ztbd/system/2018/09/05/000407866.shtml
https://news.nankai.edu.cn/ztbd/system/2018/09/05/000407861.shtml
https://news.nankai.edu.cn/ztbd/system/2018/09/05/000407858.shtml
https://news.nankai.edu.cn/ztbd/system/2018/09/05/000407860.shtml
https://news.nankai.edu.cn/ztbd/system/2018/09/05/000407863.shtml
https://news.nankai.edu.cn/ztbd/system/2018/09/05/000407862.shtml
https://news.nankai.edu.cn/ztbd/system/2018/09/05/000407865.shtml
https://news.nankai.edu.cn/ztbd/system/2018/09/05/000407859.shtml
https://news.nankai.edu.cn/ztbd/system/2018/09/05/000407854.shtml
https://news.nankai.edu.cn/ztbd/system/2018/09/05/000407864.shtml
https://news.nankai.edu.cn/ztbd/system/2018/09/05/000407857.shtml
https://news.nankai.edu.cn/ztbd/system/2018/07/04/000397654.shtml
https://news.nankai.edu.cn/ztbd/system/2018/07/04/000397754.shtml
https://news.nankai.edu.cn/ztbd/system/2018/07/04/000397774.shtml
https://news.nankai.edu.cn/ztbd/system/2018/07/04/000397794.shtml
https://news.nankai.edu.cn/ztbd/system/2018/07/04/000397694.shtml
https://news.nankai.edu.cn/ztbd/system/2018/07/04/000397716.shtml
https://news.nankai.edu.cn/ztbd/system/2018/07/04/000397714.shtml
https://news.nankai.edu.cn/ztbd/system/2018/07/04/000397735.shtml
https://news.nankai.edu.cn/ztbd/system/2018/07/04/000397736.shtml
https://news.nankai.edu.cn/ztbd/system/2018/07/04/000397954.shtml
https://news.nankai.edu.cn/ztbd/system/2018/07/10/000399642.shtml
https://news.nankai.edu.cn/ztbd/system/2018/07/04/000397594.shtml
https://news.nankai.edu.cn/ztbd/system/2018/07/06/000398554.shtml
https://news.nankai.edu.cn/ztbd/system/2018/07/04/000397617.shtml
https://news.nankai.edu.cn/ztbd/system/2018/07/04/000397618.shtml
https://news.nankai.edu.cn/ztbd/system/2018/07/04/000397614.shtml
https://news.nankai.edu.cn/ztbd/system/2018/07/04/000397634.shtml
https://news.nankai.edu.cn/ztbd/system/2018/07/04/000397616.shtml
https://news.nankai.edu.cn/ywsd/system/2018/06/30/000396454.shtml
https://news.nankai.edu.cn/ztbd/system/2018/07/04/000397834.shtml
https://news.nankai.edu.cn/ztbd/system/2018/07/04/000397854.shtml
https://news.nankai.edu.cn/ywsd/system/2017/10/16/000350495.shtml
https://news.nankai.edu.cn/ywsd/system/2016/07/24/000290455.shtml
https://news.nankai.edu.cn/ywsd/system/2017/09/21/000346754.shtml
https://news.nankai.edu.cn/ywsd/system/2017/12/28/000363274.shtml
https://news.nankai.edu.cn/ywsd/system/2017/12/28/000363275.shtml
https://news.nankai.edu.cn/ywsd/system/2017/12/28/000363316.shtml
https://news.nankai.edu.cn/ztbd/system/2017/12/05/000359601.shtml
https://news.nankai.edu.cn/zhxw/system/2024/12/07/030064935.shtml
https://news.nankai.edu.cn/zhxw/system/2024/12/07/030064938.shtml
https://news.nankai.edu.cn/zhxw/system/2024/12/08/030064942.shtml
https://news.nankai.edu.cn/zhxw/system/2024/12/10/030064970.shtml
https://news.nankai.edu.cn/zhxw/system/2024/12/10/030064983.shtml
https://news.nankai.edu.cn/dcxy/index.shtml
https://news.nankai.edu.cn/zhxw/index.shtml
https://news.nankai.edu.cn/gynk/system/2024/06/24/030062332.shtml
https://news.nankai.edu.cn/ywsd/system/2024/07/18/030062643.shtml
https://news.nankai.edu.cn/gynk/system/2024/08/19/030062950.shtml
https://news.nankai.edu.cn/gynk/system/2024/09/24/030063621.shtml
https://news.nankai.edu.cn/gynk/system/2024/09/24/030063623.shtml
https://news.nankai.edu.cn/gynk/system/2024/10/29/030064139.shtml
https://news.nankai.edu.cn/gynk/system/2022/03/31/030050758.shtml
https://news.nankai.edu.cn/mtnk/system/2024/12/05/030064906.shtml
https://news.nankai.edu.cn/mtnk/system/2024/12/05/030064902.shtml
https://news.nankai.edu.cn/mtnk/system/2024/12/05/030064899.shtml
https://news.nankai.edu.cn/mtnk/system/2024/12/05/030064900.shtml
https://news.nankai.edu.cn/mtnk/system/2024/12/06/030064923.shtml
https://news.nankai.edu.cn/mtnk/system/2024/12/06/030064922.shtml
https://news.nankai.edu.cn/mtnk/system/2024/12/06/030064921.shtml
https://news.nankai.edu.cn/mtnk/system/2024/12/06/030064926.shtml
https://news.nankai.edu.cn/dcxy/system/2024/12/03/030064863.shtml
https://news.nankai.edu.cn/zhxw/system/2024/11/26/030064674.shtml
https://news.nankai.edu.cn/zhxw/system/2024/11/27/030064722.shtml
https://news.nankai.edu.cn/zhxw/system/2024/11/29/030064754.shtml
https://news.nankai.edu.cn/zhxw/system/2024/11/27/030064715.shtml
https://news.nankai.edu.cn/zhxw/system/2024/11/29/030064755.shtml
https://news.nankai.edu.cn/zhxw/system/2024/11/29/030064756.shtml
https://news.nankai.edu.cn/zhxw/system/2024/11/29/030064767.shtml
https://news.nankai.edu.cn/zhxw/system/2024/12/02/030064794.shtml
https://news.nankai.edu.cn/zhxw/system/2024/11/29/030064757.shtml
https://news.nankai.edu.cn/zhxw/system/2024/12/03/030064841.shtml
https://news.nankai.edu.cn/zhxw/system/2024/12/03/030064848.shtml
https://news.nankai.edu.cn/zhxw/system/2024/12/03/030064856.shtml
https://news.nankai.edu.cn/zhxw/system/2024/12/03/030064859.shtml
https://news.nankai.edu.cn/zhxw/system/2024/12/04/030064878.shtml
https://news.nankai.edu.cn/zhxw/system/2024/12/04/030064875.shtml
https://news.nankai.edu.cn/zhxw/system/2024/12/04/030064887.shtml
https://news.nankai.edu.cn/zhxw/system/2024/12/04/030064893.shtml
https://news.nankai.edu.cn/zhxw/system/2024/12/04/030064891.shtml
https://news.nankai.edu.cn/zhxw/system/2024/12/10/030064995.shtml
https://news.nankai.edu.cn/zhxw/system/2024/12/05/030064904.shtml
https://news.nankai.edu.cn/zhxw/system/2024/12/10/030064994.shtml
https://news.nankai.edu.cn/zhxw/system/2024/12/11/030065012.shtml
https://news.nankai.edu.cn/dcxy/system/2024/12/03/030064865.shtml
https://news.nankai.edu.cn/dcxy/system/2024/12/04/030064874.shtml
https://news.nankai.edu.cn/dcxy/system/2024/12/04/030064883.shtml
https://news.nankai.edu.cn/dcxy/system/2024/12/04/030064877.shtml
https://news.nankai.edu.cn/dcxy/system/2024/12/04/030064880.shtml
https://news.nankai.edu.cn/dcxy/system/2024/12/04/030064882.shtml
https://news.nankai.edu.cn/dcxy/system/2024/12/04/030064884.shtml
https://news.nankai.edu.cn/dcxy/system/2024/12/04/030064888.shtml
https://news.nankai.edu.cn/dcxy/system/2024/12/04/030064894.shtml
https://news.nankai.edu.cn/dcxy/system/2024/12/04/030064896.shtml
https://news.nankai.edu.cn/dcxy/system/2024/12/05/030064907.shtml
https://news.nankai.edu.cn/dcxy/system/2024/12/05/030064908.shtml
https://news.nankai.edu.cn/dcxy/system/2024/12/05/030064909.shtml
https://news.nankai.edu.cn/dcxy/system/2024/12/05/030064910.shtml
https://news.nankai.edu.cn/dcxy/system/2024/12/06/030064929.shtml
https://news.nankai.edu.cn/dcxy/system/2024/12/08/030064940.shtml
https://news.nankai.edu.cn/dcxy/system/2024/12/06/030064919.shtml
https://news.nankai.edu.cn/dcxy/system/2024/12/08/030064941.shtml
https://news.nankai.edu.cn/dcxy/system/2024/12/11/030065013.shtml
https://news.nankai.edu.cn/dcxy/system/2024/12/11/030065014.shtml
https://news.nankai.edu.cn/mtnk/system/2024/12/06/030064925.shtml
https://news.nankai.edu.cn/mtnk/system/2024/12/07/030064934.shtml
https://news.nankai.edu.cn/mtnk/system/2024/12/07/030064936.shtml
https://news.nankai.edu.cn/mtnk/system/2024/12/09/030064955.shtml
https://news.nankai.edu.cn/mtnk/system/2024/12/09/030064947.shtml
https://news.nankai.edu.cn/mtnk/system/2024/12/09/030064950.shtml
https://news.nankai.edu.cn/ywsd/system/2024/12/09/030064953.shtml
https://news.nankai.edu.cn/ywsd/system/2024/12/09/030064956.shtml
https://news.nankai.edu.cn/ywsd/system/2024/12/09/030064952.shtml
https://news.nankai.edu.cn/ywsd/system/2024/12/09/030064958.shtml
https://news.nankai.edu.cn/ywsd/system/2024/12/09/030064959.shtml
https://news.nankai.edu.cn/ywsd/system/2024/12/10/030064988.shtml
https://news.nankai.edu.cn/ywsd/system/2024/12/10/030064985.shtml
https://news.nankai.edu.cn/ywsd/system/2024/12/10/030064989.shtml
https://news.nankai.edu.cn/xlzt/system/2023/05/06/030055953.shtml
https://xs.nankai.edu.cn/
https://news.nankai.edu.cn/xlzt/system/2024/08/08/030062866.shtml
https://news.nankai.edu.cn/gb/index.shtml
https://news.nankai.edu.cn/sp/index.shtml
https://news.nankai.edu.cn/nkdxb/index.shtml
https://news.nankai.edu.cn/nkrw/index.shtml
https://news.nankai.edu.cn/gynk/index.shtml
https://news.nankai.edu.cn/mtnk/index.shtml
https://news.nankai.edu.cn/ywsd/index.shtml
https://archives.nankai.edu.cn/
https://news.nankai.edu.cn/mtnk/system/2023/04/21/030055578.shtml
https://nkuaa.nankai.edu.cn/index.htm
https://news.nankai.edu.cn/mtnk/system/2024/07/25/030062707.shtml
https://news.nankai.edu.cn/gb/system/2021/01/15/030044165.shtml
https://news.nankai.edu.cn/sp/system/2024/01/10/030059782.shtml
https://news.nankai.edu.cn/ywsd/system/2024/09/23/030063606.shtml
https://news.nankai.edu.cn/nkdxb/system/2023/05/15/030056127.shtml
https://news.nankai.edu.cn/nkdxb/system/2023/06/06/030056622.shtml
https://news.nankai.edu.cn/mtnk/system/2024/12/04/030064886.shtml
https://news.nankai.edu.cn/ywsd/system/2021/10/27/030048540.shtml
https://news.nankai.edu.cn/ywsd/system/2024/09/26/030063672.shtml
https://news.nankai.edu.cn/ywsd/system/2024/10/18/030063977.shtml
https://news.nankai.edu.cn/ywsd/system/2024/12/04/030064890.shtml
https://news.nankai.edu.cn/ywsd/system/2024/12/05/030064913.shtml
https://news.nankai.edu.cn/ywsd/system/2024/11/30/030064775.shtml
http://nkda.nankai.edu.cn/login.jsp
https://news.nankai.edu.cn/ywsd/system/2024/12/05/030064915.shtml
https://news.nankai.edu.cn/ywsd/system/2024/12/06/030064932.shtml
https://news.nankai.edu.cn/ywsd/system/2024/12/07/030064937.shtml
https://news.nankai.edu.cn/ywsd/system/2024/12/09/030064951.shtml
https://news.nankai.edu.cn/ywsd/system/2024/12/11/030064997.shtml
https://news.nankai.edu.cn/ywsd/system/2024/12/10/030064992.shtml
https://news.nankai.edu.cn/ywsd/system/2024/12/11/030065008.shtml
https://news.nankai.edu.cn/ywsd/system/2024/12/11/030065005.shtml
https://news.nankai.edu.cn/ywsd/system/2024/12/11/030065010.shtml
https://news.nankai.edu.cn/ywsd/system/2024/12/10/030064986.shtml
https://news.nankai.edu.cn/ywsd/system/2024/12/10/030064987.shtml
https://iam.nankai.edu.cn/login?next=%2Fapi%2Fcas%2Flogin%3Fservice%3Dhttp%3A%2F%2Fnkda.nankai.edu.cn%2Fcas%2Findex.do
https://news.nankai.edu.cn/ywsd/system/2024/12/11/030065004.shtml
https://news.nankai.edu.cn/ywsd/system/2024/12/11/030065001.shtml
https://news.nankai.edu.cn/mtnk/system/2024/12/05/030064901.shtml
https://news.nankai.edu.cn/mtnk/system/2024/12/05/030064897.shtml
https://news.nankai.edu.cn/mtnk/system/2024/12/05/030064898.shtml
https://news.nankai.edu.cn/mtnk/system/2024/12/10/030064963.shtml
https://news.nankai.edu.cn/mtnk/system/2024/12/10/030064965.shtml
https://news.nankai.edu.cn/mtnk/system/2024/12/11/030065002.shtml
https://news.nankai.edu.cn/mtnk/system/2024/12/10/030064972.shtml
https://news.nankai.edu.cn/mtnk/system/2024/12/10/030064973.shtml
https://news.nankai.edu.cn/mtnk/system/2024/12/10/030064976.shtml
https://news.nankai.edu.cn/mtnk/system/2024/12/10/030064977.shtml
https://news.nankai.edu.cn/mtnk/system/2024/12/10/030064978.shtml
https://news.nankai.edu.cn/mtnk/system/2024/12/10/030064979.shtml
https://news.nankai.edu.cn/mtnk/system/2024/12/10/030064968.shtml
https://news.nankai.edu.cn/mtnk/system/2024/12/10/030064967.shtml
https://news.nankai.edu.cn/mtnk/system/2024/12/10/030064966.shtml
https://news.nankai.edu.cn/gynk/system/2021/11/08/030048707.shtml
https://news.nankai.edu.cn/ywsd/system/2021/11/15/030048853.shtml
https://news.nankai.edu.cn/gynk/system/2022/02/23/030050371.shtml
https://news.nankai.edu.cn/gynk/system/2022/01/19/030050041.shtml
https://news.nankai.edu.cn/gynk/system/2022/03/16/030050612.shtml
https://news.nankai.edu.cn/gynk/system/2022/03/21/030050685.shtml
https://news.nankai.edu.cn/gynk/system/2022/04/30/030051129.shtml
https://news.nankai.edu.cn/gynk/system/2022/07/12/030052010.shtml
https://news.nankai.edu.cn/gynk/system/2022/09/29/030052978.shtml
https://news.nankai.edu.cn/gynk/system/2022/11/14/030053598.shtml
https://news.nankai.edu.cn/gynk/system/2023/04/18/030055528.shtml
https://news.nankai.edu.cn/gynk/system/2023/06/20/030056821.shtml
https://news.nankai.edu.cn/gynk/system/2023/11/09/030058720.shtml
https://news.nankai.edu.cn/gynk/system/2023/12/12/030059354.shtml
https://news.nankai.edu.cn/gynk/system/2023/12/19/030059464.shtml
https://news.nankai.edu.cn/ywsd/system/2023/09/03/030057681.shtml
https://news.nankai.edu.cn/gynk/system/2024/02/27/030060141.shtml
https://news.nankai.edu.cn/gynk/system/2024/04/08/030060840.shtml
https://news.nankai.edu.cn/gynk/system/2024/04/15/030060963.shtml
https://news.nankai.edu.cn/gynk/system/2024/05/22/030061756.shtml
https://news.nankai.edu.cn/gynk/system/2024/06/07/030062105.shtml
https://news.nankai.edu.cn/gynk/system/2024/12/10/030064993.shtml
https://news.nankai.edu.cn/nkrw/system/2024/09/04/030063202.shtml
https://news.nankai.edu.cn/nkrw/system/2024/09/04/030063205.shtml
https://news.nankai.edu.cn/nkrw/system/2024/09/04/030063197.shtml
https://news.nankai.edu.cn/nkrw/system/2024/09/04/030063201.shtml
https://news.nankai.edu.cn/nkrw/system/2024/09/04/030063198.shtml
https://news.nankai.edu.cn/nkrw/system/2024/09/04/030063199.shtml
https://news.nankai.edu.cn/nkrw/system/2024/09/04/030063193.shtml
https://news.nankai.edu.cn/nkrw/system/2024/09/04/030063204.shtml
https://news.nankai.edu.cn/nkrw/system/2024/09/04/030063200.shtml
https://news.nankai.edu.cn/nkrw/system/2024/09/04/030063194.shtml
https://news.nankai.edu.cn/nkrw/system/2024/09/04/030063195.shtml
https://news.nankai.edu.cn/nkrw/system/2024/09/04/030063196.shtml
https://news.nankai.edu.cn/nkrw/system/2024/09/04/030063192.shtml
https://news.nankai.edu.cn/nkrw/system/2024/09/04/030063203.shtml
https://news.nankai.edu.cn/mtnk/system/2024/09/04/030063191.shtml
https://news.nankai.edu.cn/mtnk/system/2024/08/30/030063126.shtml
https://news.nankai.edu.cn/mtnk/system/2024/08/23/030062984.shtml
https://news.nankai.edu.cn/mtnk/system/2024/09/04/030063186.shtml
https://news.nankai.edu.cn/mtnk/system/2024/09/11/030063343.shtml
https://news.nankai.edu.cn/mtnk/system/2024/09/11/030063324.shtml
https://news.nankai.edu.cn/mtnk/system/2024/09/09/030063289.shtml
https://news.nankai.edu.cn/mtnk/system/2024/09/30/030063744.shtml
https://news.nankai.edu.cn/nkdxb/system/2023/06/23/030056842.shtml
https://news.nankai.edu.cn/nkdxb/system/2023/06/28/030056923.shtml
https://news.nankai.edu.cn/nkdxb/system/2023/09/12/030057845.shtml
https://news.nankai.edu.cn/nkdxb/system/2023/09/17/030057923.shtml
https://news.nankai.edu.cn/nkdxb/system/2023/10/09/030058202.shtml
https://news.nankai.edu.cn/nkdxb/system/2023/10/20/030058390.shtml
https://news.nankai.edu.cn/nkdxb/system/2023/10/27/030058513.shtml
https://news.nankai.edu.cn/nkdxb/system/2023/11/17/030058856.shtml
https://news.nankai.edu.cn/nkdxb/system/2023/12/01/030059162.shtml
https://news.nankai.edu.cn/nkdxb/system/2023/12/15/030059417.shtml
https://news.nankai.edu.cn/nkdxb/system/2023/12/29/030059619.shtml
https://news.nankai.edu.cn/nkdxb/system/2024/01/18/030059874.shtml
https://news.nankai.edu.cn/nkdxb/system/2024/03/02/030060190.shtml
https://news.nankai.edu.cn/nkdxb/system/2024/03/18/030060492.shtml
https://news.nankai.edu.cn/nkdxb/system/2024/04/01/030060700.shtml
https://news.nankai.edu.cn/nkdxb/system/2024/04/25/030061196.shtml
https://news.nankai.edu.cn/nkdxb/system/2024/04/30/030061343.shtml
https://news.nankai.edu.cn/nkdxb/system/2024/05/22/030061757.shtml
https://news.nankai.edu.cn/nkdxb/system/2024/06/03/030062034.shtml
https://news.nankai.edu.cn/nkdxb/system/2024/06/17/030062248.shtml
https://news.nankai.edu.cn/nkdxb/system/2024/07/01/030062428.shtml
https://news.nankai.edu.cn/nkdxb/system/2024/09/09/030063283.shtml
https://news.nankai.edu.cn/sp/system/2024/03/01/030060179.shtml
https://news.nankai.edu.cn/sp/system/2024/01/16/030059850.shtml
https://news.nankai.edu.cn/sp/system/2024/03/07/030060264.shtml
https://news.nankai.edu.cn/sp/system/2024/03/13/030060406.shtml
https://news.nankai.edu.cn/sp/system/2024/03/20/030060521.shtml
https://news.nankai.edu.cn/sp/system/2024/03/29/030060663.shtml
https://news.nankai.edu.cn/sp/system/2024/04/11/030060894.shtml
https://news.nankai.edu.cn/sp/system/2024/04/11/030060897.shtml
https://news.nankai.edu.cn/sp/system/2024/04/17/030061012.shtml
https://news.nankai.edu.cn/sp/system/2024/05/08/030061459.shtml
https://news.nankai.edu.cn/sp/system/2024/05/15/030061583.shtml
https://news.nankai.edu.cn/sp/system/2024/06/05/030062065.shtml
https://news.nankai.edu.cn/sp/system/2024/05/23/030061768.shtml
https://news.nankai.edu.cn/sp/system/2024/06/05/030062067.shtml
https://news.nankai.edu.cn/sp/system/2024/06/12/030062164.shtml
https://news.nankai.edu.cn/sp/system/2024/06/28/030062395.shtml
https://news.nankai.edu.cn/sp/system/2024/08/30/030063128.shtml
https://news.nankai.edu.cn/sp/system/2024/09/11/030063345.shtml
https://news.nankai.edu.cn/sp/system/2024/09/11/030063346.shtml
https://news.nankai.edu.cn/sp/system/2024/09/25/030063657.shtml
https://news.nankai.edu.cn/sp/system/2024/10/18/030063985.shtml
https://news.nankai.edu.cn/sp/system/2024/10/18/030063988.shtml
https://news.nankai.edu.cn/sp/system/2024/10/18/030063989.shtml
https://news.nankai.edu.cn/sp/system/2024/10/24/030064062.shtml
https://news.nankai.edu.cn/sp/system/2024/11/12/030064376.shtml
https://news.nankai.edu.cn/sp/system/2024/11/12/030064378.shtml
https://news.nankai.edu.cn/sp/system/2024/12/03/030064851.shtml
https://news.nankai.edu.cn/sp/system/2024/12/03/030064852.shtml
https://news.nankai.edu.cn/gb/system/2021/01/15/030044159.shtml
https://news.nankai.edu.cn/gb/system/2021/01/15/030044164.shtml
https://news.nankai.edu.cn/gb/system/2021/01/15/030044163.shtml
https://news.nankai.edu.cn/gb/system/2021/01/15/030044162.shtml
https://news.nankai.edu.cn/gb/system/2021/01/15/030044161.shtml
https://news.nankai.edu.cn/gb/system/2021/01/15/030044160.shtml
https://news.nankai.edu.cn/gb/system/2021/01/15/030044175.shtml
https://news.nankai.edu.cn/gb/system/2021/01/15/030044167.shtml
https://news.nankai.edu.cn/gb/system/2021/01/15/030044174.shtml
https://news.nankai.edu.cn/gb/system/2021/01/15/030044173.shtml
https://news.nankai.edu.cn/gb/system/2021/01/15/030044172.shtml
https://news.nankai.edu.cn/gb/system/2021/01/15/030044171.shtml
https://news.nankai.edu.cn/gb/system/2021/01/15/030044170.shtml
https://news.nankai.edu.cn/gb/system/2021/01/15/030044168.shtml
https://news.nankai.edu.cn/gb/system/2021/01/15/030044182.shtml
https://news.nankai.edu.cn/gb/system/2021/01/15/030044181.shtml
https://news.nankai.edu.cn/gb/system/2021/01/15/030044180.shtml
https://news.nankai.edu.cn/gb/system/2021/01/15/030044176.shtml
https://news.nankai.edu.cn/gb/system/2021/01/15/030044179.shtml
https://news.nankai.edu.cn/gb/system/2021/01/15/030044178.shtml
https://news.nankai.edu.cn/gb/system/2021/01/15/030044177.shtml
https://news.nankai.edu.cn/gb/system/2021/01/15/030044183.shtml
https://news.nankai.edu.cn/gb/system/2021/01/15/030044192.shtml
https://news.nankai.edu.cn/gb/system/2021/01/15/030044191.shtml
https://news.nankai.edu.cn/gb/system/2021/01/15/030044189.shtml
https://news.nankai.edu.cn/gb/system/2021/01/15/030044188.shtml
https://news.nankai.edu.cn/gb/system/2021/01/15/030044187.shtml
https://news.nankai.edu.cn/gb/system/2021/01/15/030044186.shtml
https://news.nankai.edu.cn/gb/system/2021/01/15/030044185.shtml
https://news.nankai.edu.cn/ywsd/system/2024/07/26/030062717.shtml
https://news.nankai.edu.cn/ywsd/system/2024/07/26/030062722.shtml
https://news.nankai.edu.cn/ywsd/system/2024/07/19/030062666.shtml
https://news.nankai.edu.cn/ywsd/system/2024/07/25/030062700.shtml
https://news.nankai.edu.cn/mtnk/system/2024/07/25/030062705.shtml
https://news.nankai.edu.cn/zhxw/system/2024/09/01/030063140.shtml
https://news.nankai.edu.cn/ywsd/system/2024/08/31/030063137.shtml
https://news.nankai.edu.cn/mtnk/system/2024/07/25/030062708.shtml
https://news.nankai.edu.cn/mtnk/system/2024/07/28/030062741.shtml
https://news.nankai.edu.cn/mtnk/system/2024/07/31/030062784.shtml
https://news.nankai.edu.cn/mtnk/system/2024/08/02/030062814.shtml
https://news.nankai.edu.cn/ywsd/system/2024/09/29/030063707.shtml
https://news.nankai.edu.cn/mtnk/system/2024/08/02/030062817.shtml
https://news.nankai.edu.cn/mtnk/system/2024/08/06/030062845.shtml
https://news.nankai.edu.cn/index.shtml
https://news.nankai.edu.cn/mtnk/system/2024/08/06/030062848.shtml
https://xs.nankai.edu.cn/?p=775
https://xs.nankai.edu.cn/?p=1261
https://xs.nankai.edu.cn/?p=1343
https://xs.nankai.edu.cn/?p=1813
https://xs.nankai.edu.cn/?p=1831
https://xs.nankai.edu.cn/?p=1885
https://xs.nankai.edu.cn/?p=1932
https://xs.nankai.edu.cn/?p=2563
https://xs.nankai.edu.cn/?p=2811
https://xs.nankai.edu.cn/?p=2617
https://xs.nankai.edu.cn/?p=2631
https://xs.nankai.edu.cn/?p=2635
https://xs.nankai.edu.cn/?p=2661
https://xs.nankai.edu.cn/?p=2704
https://xs.nankai.edu.cn/?p=2722
https://xs.nankai.edu.cn/?p=2746
https://xs.nankai.edu.cn/?p=2773
https://xs.nankai.edu.cn/?p=762
https://xs.nankai.edu.cn/?p=766
https://xs.nankai.edu.cn/?p=2781
https://xs.nankai.edu.cn/?page_id=859
https://xs.nankai.edu.cn/?p=2364
https://xs.nankai.edu.cn/?p=2849
https://xs.nankai.edu.cn/?p=2433
https://xs.nankai.edu.cn/?p=2558
https://xs.nankai.edu.cn/?p=2621
https://xs.nankai.edu.cn/?p=2611
https://xs.nankai.edu.cn/?p=2614
https://xs.nankai.edu.cn/?p=2720
https://xs.nankai.edu.cn/?page_id=346
https://xs.nankai.edu.cn/?page_id=72
https://xs.nankai.edu.cn/?page_id=60
https://xs.nankai.edu.cn/?page_id=343
https://xs.nankai.edu.cn/?p=606
https://xs.nankai.edu.cn/?p=2709
https://xs.nankai.edu.cn/?p=2730
https://xs.nankai.edu.cn/?p=1555
https://xs.nankai.edu.cn/?p=419
https://xs.nankai.edu.cn/?p=433
https://xs.nankai.edu.cn/?p=2140
https://xs.nankai.edu.cn/?p=2129
https://xs.nankai.edu.cn/?p=2239
https://xs.nankai.edu.cn/?p=2586
https://xs.nankai.edu.cn/?p=2325
https://xs.nankai.edu.cn/?p=2366
https://xs.nankai.edu.cn/?p=2423
https://xs.nankai.edu.cn/?p=2427
https://xs.nankai.edu.cn/?p=2312
https://xs.nankai.edu.cn/?p=2245
https://xs.nankai.edu.cn/?p=691
https://xs.nankai.edu.cn/?p=2666
https://xs.nankai.edu.cn/?p=2668
https://news.nankai.edu.cn/mtnk/system/2023/09/19/030057946.shtml
https://xs.nankai.edu.cn/?cat=12
https://xs.nankai.edu.cn/?p=1108
https://news.nankai.edu.cn/ywsd/system/2023/05/26/030056409.shtml
https://xs.nankai.edu.cn/?p=2136
https://news.nankai.edu.cn/ywsd/system/2023/09/25/030058042.shtml
https://xs.nankai.edu.cn/?p=2566
https://news.nankai.edu.cn/ywsd/system/2023/09/21/030057991.shtml
https://news.nankai.edu.cn/ywsd/system/2023/06/14/030056730.shtml
https://xs.nankai.edu.cn/?p=524
https://news.nankai.edu.cn/ywsd/system/2023/09/21/030057993.shtml
https://news.nankai.edu.cn/ywsd/system/2023/09/21/030058000.shtml
https://xs.nankai.edu.cn/?p=2322
https://xs.nankai.edu.cn/?p=2247
https://xs.nankai.edu.cn/?p=302
https://xs.nankai.edu.cn/?p=2659
https://xs.nankai.edu.cn/?p=2187
https://news.nankai.edu.cn/ywsd/system/2023/09/19/030057966.shtml
https://xs.nankai.edu.cn/?p=2241
https://xs.nankai.edu.cn/?p=1218
https://xs.nankai.edu.cn/?p=1045
https://news.nankai.edu.cn/ywsd/system/2023/09/19/030057954.shtml
https://xs.nankai.edu.cn/?p=2078
https://xs.nankai.edu.cn/?p=2701
https://xs.nankai.edu.cn/?p=2560
https://xs.nankai.edu.cn/?p=1429
https://xs.nankai.edu.cn/?p=535
https://xs.nankai.edu.cn/?p=515
https://xs.nankai.edu.cn/?p=2328
https://xs.nankai.edu.cn/?p=2279
https://xs.nankai.edu.cn/?p=339
https://xs.nankai.edu.cn/?p=2646
https://xs.nankai.edu.cn/?p=2170
https://xs.nankai.edu.cn/?p=860
https://xs.nankai.edu.cn/?p=2233
https://xs.nankai.edu.cn/?p=1304
https://archives.nankai.edu.cn/info/1062/2086.htm
https://xs.nankai.edu.cn/?p=1042
https://xs.nankai.edu.cn/?p=2074
https://xs.nankai.edu.cn/?p=2732
https://xs.nankai.edu.cn/?p=2457
https://xs.nankai.edu.cn/?p=2736
https://xs.nankai.edu.cn/?p=542
https://xs.nankai.edu.cn/?p=502
https://xs.nankai.edu.cn/?p=2348
https://xs.nankai.edu.cn/?p=2295
https://xs.nankai.edu.cn/?p=337
https://xs.nankai.edu.cn/?p=2642
https://xs.nankai.edu.cn/?p=2143
https://xs.nankai.edu.cn/?p=2751
https://xs.nankai.edu.cn/?p=2214
https://xs.nankai.edu.cn/?p=1236
https://xs.nankai.edu.cn/?p=2776
https://xs.nankai.edu.cn/?p=1010
https://xs.nankai.edu.cn/?p=2067
https://xs.nankai.edu.cn/?p=2803
https://xs.nankai.edu.cn/?p=2786
https://xs.nankai.edu.cn/?p=2394
https://xs.nankai.edu.cn/?cat=6
https://xs.nankai.edu.cn/?p=563
https://xs.nankai.edu.cn/?p=492
https://xs.nankai.edu.cn/?cat=5
https://xs.nankai.edu.cn/?p=2298
https://xs.nankai.edu.cn/?p=334
https://xs.nankai.edu.cn/?p=2639
https://xs.nankai.edu.cn/?p=2096
https://xs.nankai.edu.cn/?cat=4
https://xs.nankai.edu.cn/?p=2217
https://xs.nankai.edu.cn/?p=1243
https://xs.nankai.edu.cn/?cat=3
https://xs.nankai.edu.cn/?p=1006
https://xs.nankai.edu.cn/?p=1971
https://xs.nankai.edu.cn/?cat=1
https://xs.nankai.edu.cn/?page_id=18
https://xs.nankai.edu.cn/?cat=6&paged=2
https://xs.nankai.edu.cn/?p=780
https://xs.nankai.edu.cn/?p=485
https://xs.nankai.edu.cn/?cat=5&paged=5
https://xs.nankai.edu.cn/?p=2351
https://xs.nankai.edu.cn/?p=327
https://xs.nankai.edu.cn/?p=2603
https://xs.nankai.edu.cn/?p=2042
https://xs.nankai.edu.cn/?cat=4&paged=7
https://xs.nankai.edu.cn/?p=2220
https://xs.nankai.edu.cn/?p=1322
https://xs.nankai.edu.cn/?cat=4&paged=6
https://xs.nankai.edu.cn/?p=988
https://news.nankai.edu.cn/mtnk/system/2023/04/22/030055632.shtml
https://xs.nankai.edu.cn/?p=1962
https://xs.nankai.edu.cn/?cat=1&paged=10
https://xs.nankai.edu.cn/?cat=1&paged=9
https://xs.nankai.edu.cn/?p=341
https://xs.nankai.edu.cn/?p=819
https://xs.nankai.edu.cn/?p=482
https://xs.nankai.edu.cn/?p=239
https://xs.nankai.edu.cn/?p=2401
https://xs.nankai.edu.cn/?p=251
https://xs.nankai.edu.cn/?p=2593
https://xs.nankai.edu.cn/?p=2023
https://xs.nankai.edu.cn/?p=286
https://xs.nankai.edu.cn/?p=2175
https://xs.nankai.edu.cn/?p=1328
https://xs.nankai.edu.cn/?p=580
https://xs.nankai.edu.cn/?p=984
https://xs.nankai.edu.cn/?p=623
https://xs.nankai.edu.cn/?p=1941
https://xs.nankai.edu.cn/?p=80
https://xs.nankai.edu.cn/?p=218
https://xs.nankai.edu.cn/?p=228
https://xs.nankai.edu.cn/?p=913
https://xs.nankai.edu.cn/?p=232
https://xs.nankai.edu.cn/?p=235
https://xs.nankai.edu.cn/?p=2438
https://xs.nankai.edu.cn/?p=237
https://xs.nankai.edu.cn/?p=2569
https://xs.nankai.edu.cn/?p=2020
https://xs.nankai.edu.cn/?p=439
https://xs.nankai.edu.cn/?p=2132
https://xs.nankai.edu.cn/?p=1338
https://xs.nankai.edu.cn/?p=461
https://xs.nankai.edu.cn/?p=976
https://xs.nankai.edu.cn/?p=471
https://xs.nankai.edu.cn/?p=1899
https://xs.nankai.edu.cn/?cat=7
https://xs.nankai.edu.cn/?p=37
https://xs.nankai.edu.cn/?p=952
https://xs.nankai.edu.cn/?p=95
https://xs.nankai.edu.cn/?p=103
https://xs.nankai.edu.cn/?p=2483
https://xs.nankai.edu.cn/?p=206
https://xs.nankai.edu.cn/?p=2550
https://xs.nankai.edu.cn/?p=1978
https://xs.nankai.edu.cn/?p=215
https://xs.nankai.edu.cn/?p=2089
https://xs.nankai.edu.cn/?p=1347
https://xs.nankai.edu.cn/?p=745
https://xs.nankai.edu.cn/?p=959
https://xs.nankai.edu.cn/?p=752
https://xs.nankai.edu.cn/?p=1782
https://xs.nankai.edu.cn/?p=1679
https://xs.nankai.edu.cn/?p=1671
https://xs.nankai.edu.cn/?p=886
https://xs.nankai.edu.cn/?p=965
https://xs.nankai.edu.cn/?p=1037
https://xs.nankai.edu.cn/?p=2531
https://xs.nankai.edu.cn/?p=1049
https://xs.nankai.edu.cn/?p=2535
https://xs.nankai.edu.cn/?p=1876
https://xs.nankai.edu.cn/?p=1052
https://xs.nankai.edu.cn/?p=2045
https://xs.nankai.edu.cn/?p=1353
https://news.nankai.edu.cn/mtnk/system/2022/09/09/030052726.shtml
https://xs.nankai.edu.cn/?p=1054
https://xs.nankai.edu.cn/?p=289
https://xs.nankai.edu.cn/?p=294
https://xs.nankai.edu.cn/?p=1766
https://xs.nankai.edu.cn/?p=664
https://xs.nankai.edu.cn/?p=821
https://xs.nankai.edu.cn/?p=693
https://xs.nankai.edu.cn/?p=710
https://xs.nankai.edu.cn/?p=568
https://xs.nankai.edu.cn/?p=254
https://xs.nankai.edu.cn/?p=259
https://xs.nankai.edu.cn/?p=261
https://xs.nankai.edu.cn/?p=1823
https://xs.nankai.edu.cn/?p=265
https://xs.nankai.edu.cn/?p=1906
https://xs.nankai.edu.cn/?p=1376
https://xs.nankai.edu.cn/?p=324
https://xs.nankai.edu.cn/?p=1056
https://xs.nankai.edu.cn/?cat=1&paged=8
https://xs.nankai.edu.cn/?cat=1&paged=7
https://xs.nankai.edu.cn/?p=1727
https://xs.nankai.edu.cn/?cat=1&paged=6
https://xs.nankai.edu.cn/?cat=1&paged=5
https://xs.nankai.edu.cn/?cat=1&paged=4
https://xs.nankai.edu.cn/?cat=1&paged=3
https://xs.nankai.edu.cn/?cat=1&paged=2
https://xs.nankai.edu.cn/?cat=4&paged=5
https://xs.nankai.edu.cn/?cat=4&paged=4
https://xs.nankai.edu.cn/?cat=4&paged=3
https://xs.nankai.edu.cn/?p=1794
https://xs.nankai.edu.cn/?p=267
https://xs.nankai.edu.cn/?p=1879
https://xs.nankai.edu.cn/?p=1380
https://xs.nankai.edu.cn/?cat=4&paged=2
https://xs.nankai.edu.cn/?p=1165
https://xs.nankai.edu.cn/?cat=5&paged=4
https://xs.nankai.edu.cn/?cat=5&paged=3
https://xs.nankai.edu.cn/?p=1691
https://xs.nankai.edu.cn/?cat=5&paged=2
https://xs.nankai.edu.cn/?p=1404
https://xs.nankai.edu.cn/?p=1435
https://xs.nankai.edu.cn/?p=1485
https://xs.nankai.edu.cn/?p=1493
https://xs.nankai.edu.cn/?p=1118
https://xs.nankai.edu.cn/?p=1552
https://xs.nankai.edu.cn/?p=1572
https://xs.nankai.edu.cn/?p=1589
https://xs.nankai.edu.cn/?p=1917
https://xs.nankai.edu.cn/?p=1605
https://xs.nankai.edu.cn/?p=1612
https://xs.nankai.edu.cn/?p=1625
https://xs.nankai.edu.cn/?p=1584
https://xs.nankai.edu.cn/?p=669
https://xs.nankai.edu.cn/?p=1400
https://xs.nankai.edu.cn/?p=1500
https://xs.nankai.edu.cn/?p=1581
https://xs.nankai.edu.cn/?p=1598
https://xs.nankai.edu.cn/?p=1601
https://xs.nankai.edu.cn/?p=1619
https://xs.nankai.edu.cn/?p=726
https://xs.nankai.edu.cn/?p=722
https://xs.nankai.edu.cn/?p=715
https://xs.nankai.edu.cn/?p=591
https://xs.nankai.edu.cn/?p=610
https://xs.nankai.edu.cn/?p=627
https://xs.nankai.edu.cn/?p=656
https://xs.nankai.edu.cn/?p=1656
https://xs.nankai.edu.cn/?p=1700
https://xs.nankai.edu.cn/?p=1222
https://xs.nankai.edu.cn/?p=1246
https://xs.nankai.edu.cn/?p=1361
https://xs.nankai.edu.cn/?p=1365
https://xs.nankai.edu.cn/?p=1463
https://xs.nankai.edu.cn/?p=1497
https://xs.nankai.edu.cn/?p=1511
https://xs.nankai.edu.cn/?p=1515
https://xs.nankai.edu.cn/?p=1526
https://xs.nankai.edu.cn/?p=1648
https://xs.nankai.edu.cn/?p=1723
https://news.nankai.edu.cn/mtnk/system/2023/04/21/030055579.shtml
https://news.nankai.edu.cn/mtnk/system/2023/02/18/030054413.shtml
https://news.nankai.edu.cn/mtnk/system/2023/04/21/030055582.shtml
https://news.nankai.edu.cn/mtnk/system/2023/04/04/030055244.shtml
https://news.nankai.edu.cn/mtnk/system/2023/04/22/030055636.shtml
https://news.nankai.edu.cn/mtnk/system/2023/03/31/030055190.shtml
https://news.nankai.edu.cn/mtnk/system/2023/04/10/030055351.shtml
https://news.nankai.edu.cn/mtnk/system/2023/04/22/030055635.shtml
https://news.nankai.edu.cn/mtnk/system/2023/04/22/030055631.shtml
https://news.nankai.edu.cn/mtnk/system/2023/03/31/030055189.shtml
https://news.nankai.edu.cn/mtnk/system/2023/04/07/030055287.shtml
https://news.nankai.edu.cn/mtnk/system/2023/05/05/030055896.shtml
https://news.nankai.edu.cn/mtnk/system/2023/05/17/030056165.shtml
https://news.nankai.edu.cn/mtnk/system/2023/05/20/030056285.shtml
https://news.nankai.edu.cn/mtnk/system/2023/04/29/030055827.shtml
https://news.nankai.edu.cn/mtnk/system/2023/04/22/030055604.shtml
https://news.nankai.edu.cn/mtnk/system/2023/02/28/030054552.shtml
https://news.nankai.edu.cn/mtnk/system/2023/05/20/030056284.shtml
https://news.nankai.edu.cn/mtnk/system/2023/03/23/030055017.shtml
https://news.nankai.edu.cn/mtnk/system/2023/04/21/030055577.shtml
https://news.nankai.edu.cn/mtnk/system/2023/04/22/030055606.shtml
https://news.nankai.edu.cn/mtnk/system/2023/04/22/030055630.shtml
https://news.nankai.edu.cn/mtnk/system/2023/05/15/030056132.shtml
https://news.nankai.edu.cn/mtnk/system/2023/06/23/030056847.shtml
https://news.nankai.edu.cn/mtnk/system/2023/06/23/030056846.shtml
https://news.nankai.edu.cn/mtnk/system/2023/06/25/030056879.shtml
https://news.nankai.edu.cn/mtnk/system/2023/06/25/030056881.shtml
https://news.nankai.edu.cn/mtnk/system/2023/06/25/030056882.shtml
https://news.nankai.edu.cn/mtnk/system/2023/07/04/030056978.shtml
https://news.nankai.edu.cn/mtnk/system/2023/07/22/030057182.shtml
https://news.nankai.edu.cn/mtnk/system/2023/08/30/030057637.shtml
https://news.nankai.edu.cn/mtnk/system/2023/08/04/030057343.shtml
https://news.nankai.edu.cn/mtnk/system/2023/08/04/030057345.shtml
https://news.nankai.edu.cn/mtnk/system/2023/08/29/030057601.shtml
https://news.nankai.edu.cn/ywsd/system/2023/02/10/030054373.shtml
https://news.nankai.edu.cn/ywsd/system/2023/03/13/030054810.shtml
https://news.nankai.edu.cn/ywsd/system/2023/03/19/030054936.shtml
https://news.nankai.edu.cn/ywsd/system/2023/02/27/030054512.shtml
https://news.nankai.edu.cn/ywsd/system/2023/04/06/030055263.shtml
https://news.nankai.edu.cn/ywsd/system/2023/04/21/030055572.shtml
https://news.nankai.edu.cn/ywsd/system/2023/04/24/030055653.shtml
https://news.nankai.edu.cn/ywsd/system/2023/05/02/030055862.shtml
https://news.nankai.edu.cn/ywsd/system/2023/05/05/030055889.shtml
https://news.nankai.edu.cn/ywsd/system/2023/05/08/030055981.shtml
https://news.nankai.edu.cn/ywsd/system/2023/05/11/030056046.shtml
https://news.nankai.edu.cn/ywsd/system/2023/05/17/030056183.shtml
https://news.nankai.edu.cn/ywsd/system/2023/05/17/030056182.shtml
https://news.nankai.edu.cn/ywsd/system/2023/05/19/030056256.shtml
https://news.nankai.edu.cn/ywsd/system/2023/09/29/030058107.shtml
https://news.nankai.edu.cn/ywsd/system/2024/05/15/030061573.shtml
https://news.nankai.edu.cn/ywsd/system/2023/05/20/030056259.shtml
https://news.nankai.edu.cn/ywsd/system/2024/05/16/030061601.shtml
https://news.nankai.edu.cn/ywsd/system/2023/05/25/030056393.shtml
https://news.nankai.edu.cn/ywsd/system/2023/05/25/030056397.shtml
https://news.nankai.edu.cn/ywsd/system/2023/06/06/030056628.shtml
https://news.nankai.edu.cn/ywsd/system/2023/06/09/030056669.shtml
https://news.nankai.edu.cn/ywsd/system/2023/07/18/030057138.shtml
https://news.nankai.edu.cn/ywsd/system/2023/08/31/030057641.shtml
https://news.nankai.edu.cn/ywsd/system/2023/08/26/030057558.shtml
https://news.nankai.edu.cn/zhxw/system/2023/09/04/030057694.shtml
https://news.nankai.edu.cn/zhxw/system/2023/09/09/030057794.shtml
https://news.nankai.edu.cn/zhxw/system/2023/09/04/030057693.shtml
https://news.nankai.edu.cn/ywsd/system/2024/05/17/030061632.shtml
https://news.nankai.edu.cn/ywsd/system/2023/10/17/030058324.shtml
https://news.nankai.edu.cn/ywsd/system/2024/05/13/030061551.shtml
https://news.nankai.edu.cn/ywsd/system/2024/05/18/030061651.shtml
https://news.nankai.edu.cn/ywsd/system/2024/05/19/030061658.shtml
https://news.nankai.edu.cn/ywsd/system/2024/05/21/030061739.shtml
https://news.nankai.edu.cn/ywsd/system/2024/05/14/030061558.shtml
https://news.nankai.edu.cn/ywsd/system/2023/04/04/030055258.shtml
https://news.nankai.edu.cn/ywsd/system/2023/04/06/030055262.shtml
https://news.nankai.edu.cn/ywsd/system/2023/04/18/030055537.shtml
https://news.nankai.edu.cn/ywsd/system/2023/07/11/030057049.shtml
https://news.nankai.edu.cn/ywsd/system/2023/08/25/030057545.shtml
https://nkuef.nankai.edu.cn/info/1075/1101.htm
https://wxy.nankai.edu.cn/2019/1101/c18311a244208/page.htm
https://wxy.nankai.edu.cn/2019/1101/c18309a244206/page.htm
https://wxy.nankai.edu.cn/2019/1101/c18315a244212/page.htm
https://wxy.nankai.edu.cn/2019/1101/c18314a244211/page.htm
https://wxy.nankai.edu.cn/2019/1101/c18316a244213/page.htm
https://nkuef.nankai.edu.cn/info/1060/1067.htm
https://my.nankai.edu.cn/wxy/wzj/list.psp
https://wxy.nankai.edu.cn/2019/1101/c18317a244214/page.htm
https://wxy.nankai.edu.cn/2019/1101/c18331a244229/page.htm
https://nkuef.nankai.edu.cn/info/1058/1057.htm
https://yqjj.nankai.edu.cn/
https://nkers.nankai.edu.cn/Mobile/Index/index.html
http://sklmcb.less.nankai.edu.cn/public/equipment/52
https://jjhxt.nankai.edu.cn/Portal/Public/login.html
