2024-12-15 00:29:05,916 - INFO - POST http://localhost:9201/nku_search/_count [status:200 duration:0.008s]
2024-12-15 00:29:05,916 - INFO - MongoDB documents: 6620
2024-12-15 00:29:05,916 - INFO - Elasticsearch documents: 6444
2024-12-15 00:29:05,916 - WARNING - Document counts don't match! MongoDB: 6620, ES: 6444
2024-12-15 00:29:05,926 - INFO - POST http://localhost:9201/nku_search/_search [status:200 duration:0.004s]
2024-12-15 00:29:05,928 - INFO - POST http://localhost:9201/nku_search/_search [status:200 duration:0.002s]
2024-12-15 00:29:05,932 - INFO - POST http://localhost:9201/nku_search/_search [status:200 duration:0.003s]
2024-12-15 00:29:05,934 - INFO - POST http://localhost:9201/nku_search/_search [status:200 duration:0.002s]
2024-12-15 00:29:05,936 - INFO - POST http://localhost:9201/nku_search/_search [status:200 duration:0.002s]
2024-12-15 00:29:05,938 - INFO - POST http://localhost:9201/nku_search/_search [status:200 duration:0.002s]
2024-12-15 00:29:05,941 - INFO - POST http://localhost:9201/nku_search/_search [status:200 duration:0.003s]
2024-12-15 00:29:05,944 - INFO - POST http://localhost:9201/nku_search/_search [status:200 duration:0.002s]
2024-12-15 00:29:05,946 - INFO - POST http://localhost:9201/nku_search/_search [status:200 duration:0.002s]
2024-12-15 00:29:05,954 - INFO - POST http://localhost:9201/nku_search/_search [status:200 duration:0.008s]
2024-12-15 00:29:05,957 - INFO - POST http://localhost:9201/nku_search/_search [status:200 duration:0.003s]
2024-12-15 00:29:05,963 - INFO - POST http://localhost:9201/nku_search/_search [status:200 duration:0.005s]
2024-12-15 00:29:05,966 - INFO - POST http://localhost:9201/nku_search/_search [status:200 duration:0.002s]
2024-12-15 00:29:05,968 - INFO - POST http://localhost:9201/nku_search/_search [status:200 duration:0.002s]
2024-12-15 00:29:05,971 - INFO - POST http://localhost:9201/nku_search/_search [status:200 duration:0.002s]
2024-12-15 00:29:05,974 - INFO - POST http://localhost:9201/nku_search/_search [status:200 duration:0.002s]
2024-12-15 00:29:05,976 - INFO - POST http://localhost:9201/nku_search/_search [status:200 duration:0.002s]
2024-12-15 00:29:05,978 - INFO - POST http://localhost:9201/nku_search/_search [status:200 duration:0.002s]
2024-12-15 00:29:05,981 - INFO - POST http://localhost:9201/nku_search/_search [status:200 duration:0.002s]
2024-12-15 00:29:05,983 - INFO - POST http://localhost:9201/nku_search/_search [status:200 duration:0.002s]
2024-12-15 00:29:05,985 - INFO - POST http://localhost:9201/nku_search/_search [status:200 duration:0.002s]
2024-12-15 00:29:05,988 - INFO - POST http://localhost:9201/nku_search/_search [status:200 duration:0.002s]
2024-12-15 00:29:05,990 - INFO - POST http://localhost:9201/nku_search/_search [status:200 duration:0.002s]
2024-12-15 00:29:05,992 - INFO - POST http://localhost:9201/nku_search/_search [status:200 duration:0.002s]
2024-12-15 00:29:05,995 - INFO - POST http://localhost:9201/nku_search/_search [status:200 duration:0.003s]
2024-12-15 00:29:05,997 - INFO - POST http://localhost:9201/nku_search/_search [status:200 duration:0.001s]
2024-12-15 00:29:05,999 - INFO - POST http://localhost:9201/nku_search/_search [status:200 duration:0.002s]
2024-12-15 00:29:06,001 - INFO - POST http://localhost:9201/nku_search/_search [status:200 duration:0.002s]
2024-12-15 00:29:06,003 - INFO - POST http://localhost:9201/nku_search/_search [status:200 duration:0.002s]
2024-12-15 00:29:06,005 - INFO - POST http://localhost:9201/nku_search/_search [status:200 duration:0.002s]
2024-12-15 00:29:06,007 - INFO - POST http://localhost:9201/nku_search/_search [status:200 duration:0.002s]
2024-12-15 00:29:06,009 - INFO - POST http://localhost:9201/nku_search/_search [status:200 duration:0.002s]
2024-12-15 00:29:06,011 - INFO - POST http://localhost:9201/nku_search/_search [status:200 duration:0.002s]
2024-12-15 00:29:06,013 - INFO - POST http://localhost:9201/nku_search/_search [status:200 duration:0.002s]
2024-12-15 00:29:06,015 - INFO - POST http://localhost:9201/nku_search/_search [status:200 duration:0.002s]
2024-12-15 00:29:06,018 - INFO - POST http://localhost:9201/nku_search/_search [status:200 duration:0.002s]
2024-12-15 00:29:06,020 - INFO - POST http://localhost:9201/nku_search/_search [status:200 duration:0.002s]
2024-12-15 00:29:06,022 - INFO - POST http://localhost:9201/nku_search/_search [status:200 duration:0.002s]
2024-12-15 00:29:06,024 - INFO - POST http://localhost:9201/nku_search/_search [status:200 duration:0.002s]
2024-12-15 00:29:06,027 - INFO - POST http://localhost:9201/nku_search/_search [status:200 duration:0.003s]
2024-12-15 00:29:06,029 - INFO - POST http://localhost:9201/nku_search/_search [status:200 duration:0.002s]
2024-12-15 00:29:06,031 - INFO - POST http://localhost:9201/nku_search/_search [status:200 duration:0.002s]
2024-12-15 00:29:06,034 - INFO - POST http://localhost:9201/nku_search/_search [status:200 duration:0.002s]
2024-12-15 00:29:06,036 - INFO - POST http://localhost:9201/nku_search/_search [status:200 duration:0.003s]
2024-12-15 00:29:06,039 - INFO - POST http://localhost:9201/nku_search/_search [status:200 duration:0.002s]
2024-12-15 00:29:06,040 - INFO - POST http://localhost:9201/nku_search/_search [status:200 duration:0.001s]
2024-12-15 00:29:06,045 - INFO - POST http://localhost:9201/nku_search/_search [status:200 duration:0.005s]
2024-12-15 00:29:06,047 - INFO - POST http://localhost:9201/nku_search/_search [status:200 duration:0.002s]
2024-12-15 00:29:06,049 - INFO - POST http://localhost:9201/nku_search/_search [status:200 duration:0.002s]
2024-12-15 00:29:06,052 - INFO - POST http://localhost:9201/nku_search/_search [status:200 duration:0.002s]
2024-12-15 00:29:06,055 - INFO - POST http://localhost:9201/nku_search/_search [status:200 duration:0.002s]
2024-12-15 00:29:06,058 - INFO - POST http://localhost:9201/nku_search/_search [status:200 duration:0.003s]
2024-12-15 00:29:06,061 - INFO - POST http://localhost:9201/nku_search/_search [status:200 duration:0.003s]
2024-12-15 00:29:06,063 - INFO - POST http://localhost:9201/nku_search/_search [status:200 duration:0.002s]
2024-12-15 00:29:06,066 - INFO - POST http://localhost:9201/nku_search/_search [status:200 duration:0.002s]
2024-12-15 00:29:06,068 - INFO - POST http://localhost:9201/nku_search/_search [status:200 duration:0.002s]
2024-12-15 00:29:06,070 - INFO - POST http://localhost:9201/nku_search/_search [status:200 duration:0.002s]
2024-12-15 00:29:06,073 - INFO - POST http://localhost:9201/nku_search/_search [status:200 duration:0.002s]
2024-12-15 00:29:06,075 - INFO - POST http://localhost:9201/nku_search/_search [status:200 duration:0.002s]
2024-12-15 00:29:06,077 - INFO - POST http://localhost:9201/nku_search/_search [status:200 duration:0.002s]
2024-12-15 00:29:06,080 - INFO - POST http://localhost:9201/nku_search/_search [status:200 duration:0.002s]
2024-12-15 00:29:06,083 - INFO - POST http://localhost:9201/nku_search/_search [status:200 duration:0.003s]
2024-12-15 00:29:06,086 - INFO - POST http://localhost:9201/nku_search/_search [status:200 duration:0.002s]
2024-12-15 00:29:06,089 - INFO - POST http://localhost:9201/nku_search/_search [status:200 duration:0.003s]
2024-12-15 00:29:06,092 - INFO - POST http://localhost:9201/nku_search/_search [status:200 duration:0.002s]
2024-12-15 00:29:06,094 - INFO - POST http://localhost:9201/nku_search/_search [status:200 duration:0.002s]
2024-12-15 00:29:06,098 - INFO - POST http://localhost:9201/nku_search/_search [status:200 duration:0.003s]
2024-12-15 00:29:06,101 - INFO - POST http://localhost:9201/nku_search/_search [status:200 duration:0.003s]
2024-12-15 00:29:06,105 - INFO - POST http://localhost:9201/nku_search/_search [status:200 duration:0.003s]
2024-12-15 00:29:06,107 - INFO - POST http://localhost:9201/nku_search/_search [status:200 duration:0.002s]
2024-12-15 00:29:06,110 - INFO - POST http://localhost:9201/nku_search/_search [status:200 duration:0.002s]
2024-12-15 00:29:06,112 - INFO - POST http://localhost:9201/nku_search/_search [status:200 duration:0.002s]
2024-12-15 00:29:06,115 - INFO - POST http://localhost:9201/nku_search/_search [status:200 duration:0.002s]
2024-12-15 00:29:06,118 - INFO - POST http://localhost:9201/nku_search/_search [status:200 duration:0.003s]
2024-12-15 00:29:06,120 - INFO - POST http://localhost:9201/nku_search/_search [status:200 duration:0.002s]
2024-12-15 00:29:06,124 - INFO - POST http://localhost:9201/nku_search/_search [status:200 duration:0.003s]
2024-12-15 00:29:06,126 - INFO - POST http://localhost:9201/nku_search/_search [status:200 duration:0.003s]
2024-12-15 00:29:06,130 - INFO - POST http://localhost:9201/nku_search/_search [status:200 duration:0.003s]
2024-12-15 00:29:06,133 - INFO - POST http://localhost:9201/nku_search/_search [status:200 duration:0.003s]
2024-12-15 00:29:06,136 - INFO - POST http://localhost:9201/nku_search/_search [status:200 duration:0.003s]
2024-12-15 00:29:06,138 - INFO - POST http://localhost:9201/nku_search/_search [status:200 duration:0.002s]
2024-12-15 00:29:06,142 - INFO - POST http://localhost:9201/nku_search/_search [status:200 duration:0.003s]
2024-12-15 00:29:06,145 - INFO - POST http://localhost:9201/nku_search/_search [status:200 duration:0.003s]
2024-12-15 00:29:06,148 - INFO - POST http://localhost:9201/nku_search/_search [status:200 duration:0.003s]
2024-12-15 00:29:06,150 - INFO - POST http://localhost:9201/nku_search/_search [status:200 duration:0.002s]
2024-12-15 00:29:06,154 - INFO - POST http://localhost:9201/nku_search/_search [status:200 duration:0.003s]
2024-12-15 00:29:06,157 - INFO - POST http://localhost:9201/nku_search/_search [status:200 duration:0.002s]
2024-12-15 00:29:06,160 - INFO - POST http://localhost:9201/nku_search/_search [status:200 duration:0.003s]
2024-12-15 00:29:06,162 - INFO - POST http://localhost:9201/nku_search/_search [status:200 duration:0.002s]
2024-12-15 00:29:06,165 - INFO - POST http://localhost:9201/nku_search/_search [status:200 duration:0.002s]
2024-12-15 00:29:06,167 - INFO - POST http://localhost:9201/nku_search/_search [status:200 duration:0.002s]
2024-12-15 00:29:06,170 - INFO - POST http://localhost:9201/nku_search/_search [status:200 duration:0.002s]
2024-12-15 00:29:06,173 - INFO - POST http://localhost:9201/nku_search/_search [status:200 duration:0.002s]
2024-12-15 00:29:06,175 - INFO - POST http://localhost:9201/nku_search/_search [status:200 duration:0.002s]
2024-12-15 00:29:06,179 - INFO - POST http://localhost:9201/nku_search/_search [status:200 duration:0.003s]
2024-12-15 00:29:06,182 - INFO - POST http://localhost:9201/nku_search/_search [status:200 duration:0.003s]
2024-12-15 00:29:06,185 - INFO - POST http://localhost:9201/nku_search/_search [status:200 duration:0.003s]
2024-12-15 00:29:06,188 - INFO - POST http://localhost:9201/nku_search/_search [status:200 duration:0.003s]
2024-12-15 00:29:06,190 - INFO - POST http://localhost:9201/nku_search/_search [status:200 duration:0.002s]
2024-12-15 00:29:06,194 - INFO - POST http://localhost:9201/nku_search/_search [status:200 duration:0.003s]
2024-12-15 00:29:06,197 - INFO - POST http://localhost:9201/nku_search/_search [status:200 duration:0.003s]
2024-12-15 00:29:06,243 - INFO - POST http://localhost:9201/nku_search/_search [status:200 duration:0.006s]
2024-12-15 00:29:06,247 - INFO - POST http://localhost:9201/nku_search/_search [status:200 duration:0.003s]
2024-12-15 00:29:06,252 - INFO - POST http://localhost:9201/nku_search/_search [status:200 duration:0.005s]
2024-12-15 00:29:06,256 - INFO - POST http://localhost:9201/nku_search/_search [status:200 duration:0.003s]
2024-12-15 00:29:06,260 - INFO - POST http://localhost:9201/nku_search/_search [status:200 duration:0.003s]
2024-12-15 00:29:06,263 - INFO - POST http://localhost:9201/nku_search/_search [status:200 duration:0.003s]
2024-12-15 00:29:06,267 - INFO - POST http://localhost:9201/nku_search/_search [status:200 duration:0.003s]
2024-12-15 00:29:06,270 - INFO - POST http://localhost:9201/nku_search/_search [status:200 duration:0.003s]
2024-12-15 00:29:06,273 - INFO - POST http://localhost:9201/nku_search/_search [status:200 duration:0.003s]
2024-12-15 00:29:06,276 - INFO - POST http://localhost:9201/nku_search/_search [status:200 duration:0.003s]
2024-12-15 00:29:06,279 - INFO - POST http://localhost:9201/nku_search/_search [status:200 duration:0.002s]
2024-12-15 00:29:06,282 - INFO - POST http://localhost:9201/nku_search/_search [status:200 duration:0.003s]
2024-12-15 00:29:06,284 - INFO - POST http://localhost:9201/nku_search/_search [status:200 duration:0.002s]
2024-12-15 00:29:06,286 - INFO - POST http://localhost:9201/nku_search/_search [status:200 duration:0.002s]
2024-12-15 00:29:06,289 - INFO - POST http://localhost:9201/nku_search/_search [status:200 duration:0.002s]
2024-12-15 00:29:06,293 - INFO - POST http://localhost:9201/nku_search/_search [status:200 duration:0.003s]
2024-12-15 00:29:06,295 - INFO - POST http://localhost:9201/nku_search/_search [status:200 duration:0.002s]
2024-12-15 00:29:06,298 - INFO - POST http://localhost:9201/nku_search/_search [status:200 duration:0.002s]
2024-12-15 00:29:06,300 - INFO - POST http://localhost:9201/nku_search/_search [status:200 duration:0.002s]
2024-12-15 00:29:06,303 - INFO - POST http://localhost:9201/nku_search/_search [status:200 duration:0.003s]
2024-12-15 00:29:06,305 - INFO - POST http://localhost:9201/nku_search/_search [status:200 duration:0.002s]
2024-12-15 00:29:06,308 - INFO - POST http://localhost:9201/nku_search/_search [status:200 duration:0.002s]
2024-12-15 00:29:06,310 - INFO - POST http://localhost:9201/nku_search/_search [status:200 duration:0.003s]
2024-12-15 00:29:06,313 - INFO - POST http://localhost:9201/nku_search/_search [status:200 duration:0.003s]
2024-12-15 00:29:06,315 - INFO - POST http://localhost:9201/nku_search/_search [status:200 duration:0.002s]
2024-12-15 00:29:06,320 - INFO - POST http://localhost:9201/nku_search/_search [status:200 duration:0.004s]
2024-12-15 00:29:06,322 - INFO - POST http://localhost:9201/nku_search/_search [status:200 duration:0.002s]
2024-12-15 00:29:06,325 - INFO - POST http://localhost:9201/nku_search/_search [status:200 duration:0.003s]
2024-12-15 00:29:06,328 - INFO - POST http://localhost:9201/nku_search/_search [status:200 duration:0.002s]
2024-12-15 00:29:06,330 - INFO - POST http://localhost:9201/nku_search/_search [status:200 duration:0.003s]
2024-12-15 00:29:06,333 - INFO - POST http://localhost:9201/nku_search/_search [status:200 duration:0.002s]
2024-12-15 00:29:06,336 - INFO - POST http://localhost:9201/nku_search/_search [status:200 duration:0.002s]
2024-12-15 00:29:06,339 - INFO - POST http://localhost:9201/nku_search/_search [status:200 duration:0.002s]
2024-12-15 00:29:06,341 - INFO - POST http://localhost:9201/nku_search/_search [status:200 duration:0.002s]
2024-12-15 00:29:06,344 - INFO - POST http://localhost:9201/nku_search/_search [status:200 duration:0.002s]
2024-12-15 00:29:06,345 - INFO - POST http://localhost:9201/nku_search/_search [status:200 duration:0.002s]
2024-12-15 00:29:06,347 - INFO - POST http://localhost:9201/nku_search/_search [status:200 duration:0.002s]
2024-12-15 00:29:06,350 - INFO - POST http://localhost:9201/nku_search/_search [status:200 duration:0.002s]
2024-12-15 00:29:06,351 - INFO - POST http://localhost:9201/nku_search/_search [status:200 duration:0.001s]
2024-12-15 00:29:06,354 - INFO - POST http://localhost:9201/nku_search/_search [status:200 duration:0.002s]
2024-12-15 00:29:06,356 - INFO - POST http://localhost:9201/nku_search/_search [status:200 duration:0.002s]
2024-12-15 00:29:06,358 - INFO - POST http://localhost:9201/nku_search/_search [status:200 duration:0.002s]
2024-12-15 00:29:06,360 - INFO - POST http://localhost:9201/nku_search/_search [status:200 duration:0.002s]
2024-12-15 00:29:06,362 - INFO - POST http://localhost:9201/nku_search/_search [status:200 duration:0.002s]
2024-12-15 00:29:06,364 - INFO - POST http://localhost:9201/nku_search/_search [status:200 duration:0.002s]
2024-12-15 00:29:06,366 - INFO - POST http://localhost:9201/nku_search/_search [status:200 duration:0.002s]
2024-12-15 00:29:06,367 - INFO - POST http://localhost:9201/nku_search/_search [status:200 duration:0.001s]
2024-12-15 00:29:06,369 - INFO - POST http://localhost:9201/nku_search/_search [status:200 duration:0.002s]
2024-12-15 00:29:06,371 - INFO - POST http://localhost:9201/nku_search/_search [status:200 duration:0.002s]
2024-12-15 00:29:06,374 - INFO - POST http://localhost:9201/nku_search/_search [status:200 duration:0.002s]
2024-12-15 00:29:06,375 - INFO - POST http://localhost:9201/nku_search/_search [status:200 duration:0.002s]
2024-12-15 00:29:06,377 - INFO - POST http://localhost:9201/nku_search/_search [status:200 duration:0.002s]
2024-12-15 00:29:06,379 - INFO - POST http://localhost:9201/nku_search/_search [status:200 duration:0.002s]
2024-12-15 00:29:06,381 - INFO - POST http://localhost:9201/nku_search/_search [status:200 duration:0.002s]
2024-12-15 00:29:06,383 - INFO - POST http://localhost:9201/nku_search/_search [status:200 duration:0.003s]
2024-12-15 00:29:06,386 - INFO - POST http://localhost:9201/nku_search/_search [status:200 duration:0.002s]
2024-12-15 00:29:06,388 - INFO - POST http://localhost:9201/nku_search/_search [status:200 duration:0.002s]
2024-12-15 00:29:06,390 - INFO - POST http://localhost:9201/nku_search/_search [status:200 duration:0.002s]
2024-12-15 00:29:06,391 - INFO - POST http://localhost:9201/nku_search/_search [status:200 duration:0.002s]
2024-12-15 00:29:06,393 - INFO - POST http://localhost:9201/nku_search/_search [status:200 duration:0.002s]
2024-12-15 00:29:06,395 - INFO - POST http://localhost:9201/nku_search/_search [status:200 duration:0.002s]
2024-12-15 00:29:06,397 - INFO - POST http://localhost:9201/nku_search/_search [status:200 duration:0.002s]
2024-12-15 00:29:06,399 - INFO - POST http://localhost:9201/nku_search/_search [status:200 duration:0.002s]
2024-12-15 00:29:06,400 - INFO - POST http://localhost:9201/nku_search/_search [status:200 duration:0.002s]
2024-12-15 00:29:06,403 - INFO - POST http://localhost:9201/nku_search/_search [status:200 duration:0.002s]
2024-12-15 00:29:06,404 - INFO - POST http://localhost:9201/nku_search/_search [status:200 duration:0.001s]
2024-12-15 00:29:06,406 - INFO - POST http://localhost:9201/nku_search/_search [status:200 duration:0.001s]
2024-12-15 00:29:06,408 - INFO - POST http://localhost:9201/nku_search/_search [status:200 duration:0.002s]
2024-12-15 00:29:06,410 - INFO - POST http://localhost:9201/nku_search/_search [status:200 duration:0.002s]
2024-12-15 00:29:06,412 - INFO - POST http://localhost:9201/nku_search/_search [status:200 duration:0.002s]
2024-12-15 00:29:06,414 - INFO - POST http://localhost:9201/nku_search/_search [status:200 duration:0.002s]
2024-12-15 00:29:06,416 - INFO - POST http://localhost:9201/nku_search/_search [status:200 duration:0.002s]
2024-12-15 00:29:06,418 - INFO - POST http://localhost:9201/nku_search/_search [status:200 duration:0.002s]
2024-12-15 00:29:06,420 - INFO - POST http://localhost:9201/nku_search/_search [status:200 duration:0.002s]
2024-12-15 00:29:06,423 - INFO - POST http://localhost:9201/nku_search/_search [status:200 duration:0.002s]
2024-12-15 00:29:06,425 - INFO - POST http://localhost:9201/nku_search/_search [status:200 duration:0.002s]
2024-12-15 00:29:06,428 - INFO - POST http://localhost:9201/nku_search/_search [status:200 duration:0.002s]
2024-12-15 00:29:06,429 - INFO - POST http://localhost:9201/nku_search/_search [status:200 duration:0.002s]
2024-12-15 00:29:06,433 - INFO - POST http://localhost:9201/nku_search/_search [status:200 duration:0.003s]
2024-12-15 00:29:06,435 - INFO - POST http://localhost:9201/nku_search/_search [status:200 duration:0.002s]
2024-12-15 00:29:06,437 - INFO - POST http://localhost:9201/nku_search/_search [status:200 duration:0.002s]
2024-12-15 00:29:06,439 - INFO - POST http://localhost:9201/nku_search/_search [status:200 duration:0.002s]
2024-12-15 00:29:06,442 - INFO - POST http://localhost:9201/nku_search/_search [status:200 duration:0.002s]
2024-12-15 00:29:06,444 - INFO - POST http://localhost:9201/nku_search/_search [status:200 duration:0.002s]
2024-12-15 00:29:06,446 - INFO - POST http://localhost:9201/nku_search/_search [status:200 duration:0.002s]
2024-12-15 00:29:06,448 - INFO - POST http://localhost:9201/nku_search/_search [status:200 duration:0.002s]
2024-12-15 00:29:06,450 - INFO - POST http://localhost:9201/nku_search/_search [status:200 duration:0.002s]
2024-12-15 00:29:06,452 - INFO - POST http://localhost:9201/nku_search/_search [status:200 duration:0.002s]
2024-12-15 00:29:06,455 - INFO - POST http://localhost:9201/nku_search/_search [status:200 duration:0.002s]
2024-12-15 00:29:06,457 - INFO - POST http://localhost:9201/nku_search/_search [status:200 duration:0.002s]
2024-12-15 00:29:06,458 - INFO - POST http://localhost:9201/nku_search/_search [status:200 duration:0.002s]
2024-12-15 00:29:06,461 - INFO - POST http://localhost:9201/nku_search/_search [status:200 duration:0.002s]
2024-12-15 00:29:06,463 - INFO - POST http://localhost:9201/nku_search/_search [status:200 duration:0.002s]
2024-12-15 00:29:06,465 - INFO - POST http://localhost:9201/nku_search/_search [status:200 duration:0.002s]
2024-12-15 00:29:06,467 - INFO - POST http://localhost:9201/nku_search/_search [status:200 duration:0.002s]
2024-12-15 00:29:06,469 - INFO - POST http://localhost:9201/nku_search/_search [status:200 duration:0.002s]
2024-12-15 00:29:06,470 - INFO - POST http://localhost:9201/nku_search/_search [status:200 duration:0.002s]
2024-12-15 00:29:06,472 - INFO - POST http://localhost:9201/nku_search/_search [status:200 duration:0.001s]
2024-12-15 00:29:06,475 - INFO - POST http://localhost:9201/nku_search/_search [status:200 duration:0.003s]
2024-12-15 00:29:06,478 - INFO - POST http://localhost:9201/nku_search/_search [status:200 duration:0.003s]
2024-12-15 00:29:06,480 - INFO - POST http://localhost:9201/nku_search/_search [status:200 duration:0.002s]
2024-12-15 00:29:06,482 - INFO - POST http://localhost:9201/nku_search/_search [status:200 duration:0.002s]
2024-12-15 00:29:06,484 - INFO - POST http://localhost:9201/nku_search/_search [status:200 duration:0.002s]
2024-12-15 00:29:06,486 - INFO - POST http://localhost:9201/nku_search/_search [status:200 duration:0.002s]
2024-12-15 00:29:06,488 - INFO - POST http://localhost:9201/nku_search/_search [status:200 duration:0.002s]
2024-12-15 00:29:06,490 - INFO - POST http://localhost:9201/nku_search/_search [status:200 duration:0.002s]
2024-12-15 00:29:06,493 - INFO - POST http://localhost:9201/nku_search/_search [status:200 duration:0.002s]
2024-12-15 00:29:06,495 - INFO - POST http://localhost:9201/nku_search/_search [status:200 duration:0.002s]
2024-12-15 00:29:06,497 - INFO - POST http://localhost:9201/nku_search/_search [status:200 duration:0.002s]
2024-12-15 00:29:06,499 - INFO - POST http://localhost:9201/nku_search/_search [status:200 duration:0.002s]
2024-12-15 00:29:06,501 - INFO - POST http://localhost:9201/nku_search/_search [status:200 duration:0.002s]
2024-12-15 00:29:06,503 - INFO - POST http://localhost:9201/nku_search/_search [status:200 duration:0.002s]
2024-12-15 00:29:06,506 - INFO - POST http://localhost:9201/nku_search/_search [status:200 duration:0.002s]
2024-12-15 00:29:06,508 - INFO - POST http://localhost:9201/nku_search/_search [status:200 duration:0.002s]
2024-12-15 00:29:06,509 - INFO - POST http://localhost:9201/nku_search/_search [status:200 duration:0.002s]
2024-12-15 00:29:06,512 - INFO - POST http://localhost:9201/nku_search/_search [status:200 duration:0.002s]
2024-12-15 00:29:06,514 - INFO - POST http://localhost:9201/nku_search/_search [status:200 duration:0.002s]
2024-12-15 00:29:06,516 - INFO - POST http://localhost:9201/nku_search/_search [status:200 duration:0.002s]
2024-12-15 00:29:06,518 - INFO - POST http://localhost:9201/nku_search/_search [status:200 duration:0.003s]
2024-12-15 00:29:06,521 - INFO - POST http://localhost:9201/nku_search/_search [status:200 duration:0.002s]
2024-12-15 00:29:06,523 - INFO - POST http://localhost:9201/nku_search/_search [status:200 duration:0.003s]
2024-12-15 00:29:06,526 - INFO - POST http://localhost:9201/nku_search/_search [status:200 duration:0.002s]
2024-12-15 00:29:06,527 - INFO - POST http://localhost:9201/nku_search/_search [status:200 duration:0.002s]
2024-12-15 00:29:06,530 - INFO - POST http://localhost:9201/nku_search/_search [status:200 duration:0.002s]
2024-12-15 00:29:06,531 - INFO - POST http://localhost:9201/nku_search/_search [status:200 duration:0.002s]
2024-12-15 00:29:06,533 - INFO - POST http://localhost:9201/nku_search/_search [status:200 duration:0.002s]
2024-12-15 00:29:06,535 - INFO - POST http://localhost:9201/nku_search/_search [status:200 duration:0.002s]
2024-12-15 00:29:06,537 - INFO - POST http://localhost:9201/nku_search/_search [status:200 duration:0.002s]
2024-12-15 00:29:06,539 - INFO - POST http://localhost:9201/nku_search/_search [status:200 duration:0.002s]
2024-12-15 00:29:06,542 - INFO - POST http://localhost:9201/nku_search/_search [status:200 duration:0.003s]
2024-12-15 00:29:06,544 - INFO - POST http://localhost:9201/nku_search/_search [status:200 duration:0.002s]
2024-12-15 00:29:06,546 - INFO - POST http://localhost:9201/nku_search/_search [status:200 duration:0.002s]
2024-12-15 00:29:06,548 - INFO - POST http://localhost:9201/nku_search/_search [status:200 duration:0.002s]
2024-12-15 00:29:06,550 - INFO - POST http://localhost:9201/nku_search/_search [status:200 duration:0.002s]
2024-12-15 00:29:06,553 - INFO - POST http://localhost:9201/nku_search/_search [status:200 duration:0.002s]
2024-12-15 00:29:06,555 - INFO - POST http://localhost:9201/nku_search/_search [status:200 duration:0.002s]
2024-12-15 00:29:06,558 - INFO - POST http://localhost:9201/nku_search/_search [status:200 duration:0.002s]
2024-12-15 00:29:06,560 - INFO - POST http://localhost:9201/nku_search/_search [status:200 duration:0.002s]
2024-12-15 00:29:06,562 - INFO - POST http://localhost:9201/nku_search/_search [status:200 duration:0.002s]
2024-12-15 00:29:06,565 - INFO - POST http://localhost:9201/nku_search/_search [status:200 duration:0.002s]
2024-12-15 00:29:06,566 - INFO - POST http://localhost:9201/nku_search/_search [status:200 duration:0.002s]
2024-12-15 00:29:06,568 - INFO - POST http://localhost:9201/nku_search/_search [status:200 duration:0.001s]
2024-12-15 00:29:06,570 - INFO - POST http://localhost:9201/nku_search/_search [status:200 duration:0.002s]
2024-12-15 00:29:06,572 - INFO - POST http://localhost:9201/nku_search/_search [status:200 duration:0.002s]
2024-12-15 00:29:06,574 - INFO - POST http://localhost:9201/nku_search/_search [status:200 duration:0.001s]
2024-12-15 00:29:06,575 - INFO - POST http://localhost:9201/nku_search/_search [status:200 duration:0.002s]
2024-12-15 00:29:06,578 - INFO - POST http://localhost:9201/nku_search/_search [status:200 duration:0.002s]
2024-12-15 00:29:06,580 - INFO - POST http://localhost:9201/nku_search/_search [status:200 duration:0.002s]
2024-12-15 00:29:06,582 - INFO - POST http://localhost:9201/nku_search/_search [status:200 duration:0.002s]
2024-12-15 00:29:06,584 - INFO - POST http://localhost:9201/nku_search/_search [status:200 duration:0.002s]
2024-12-15 00:29:06,586 - INFO - POST http://localhost:9201/nku_search/_search [status:200 duration:0.002s]
2024-12-15 00:29:06,589 - INFO - POST http://localhost:9201/nku_search/_search [status:200 duration:0.003s]
2024-12-15 00:29:06,592 - INFO - POST http://localhost:9201/nku_search/_search [status:200 duration:0.002s]
2024-12-15 00:29:06,594 - INFO - POST http://localhost:9201/nku_search/_search [status:200 duration:0.002s]
2024-12-15 00:29:06,597 - INFO - POST http://localhost:9201/nku_search/_search [status:200 duration:0.002s]
2024-12-15 00:29:06,599 - INFO - POST http://localhost:9201/nku_search/_search [status:200 duration:0.002s]
2024-12-15 00:29:06,601 - INFO - POST http://localhost:9201/nku_search/_search [status:200 duration:0.002s]
2024-12-15 00:29:06,603 - INFO - POST http://localhost:9201/nku_search/_search [status:200 duration:0.002s]
2024-12-15 00:29:06,606 - INFO - POST http://localhost:9201/nku_search/_search [status:200 duration:0.002s]
2024-12-15 00:29:06,608 - INFO - POST http://localhost:9201/nku_search/_search [status:200 duration:0.002s]
2024-12-15 00:29:06,610 - INFO - POST http://localhost:9201/nku_search/_search [status:200 duration:0.002s]
2024-12-15 00:29:06,613 - INFO - POST http://localhost:9201/nku_search/_search [status:200 duration:0.003s]
2024-12-15 00:29:06,616 - INFO - POST http://localhost:9201/nku_search/_search [status:200 duration:0.003s]
2024-12-15 00:29:06,618 - INFO - POST http://localhost:9201/nku_search/_search [status:200 duration:0.002s]
2024-12-15 00:29:06,622 - INFO - POST http://localhost:9201/nku_search/_search [status:200 duration:0.003s]
2024-12-15 00:29:06,624 - INFO - POST http://localhost:9201/nku_search/_search [status:200 duration:0.002s]
2024-12-15 00:29:06,626 - INFO - POST http://localhost:9201/nku_search/_search [status:200 duration:0.002s]
2024-12-15 00:29:06,638 - INFO - POST http://localhost:9201/nku_search/_search [status:200 duration:0.012s]
2024-12-15 00:29:06,650 - INFO - POST http://localhost:9201/nku_search/_search [status:200 duration:0.012s]
2024-12-15 00:29:06,654 - INFO - POST http://localhost:9201/nku_search/_search [status:200 duration:0.003s]
2024-12-15 00:29:06,656 - INFO - POST http://localhost:9201/nku_search/_search [status:200 duration:0.003s]
2024-12-15 00:29:06,659 - INFO - POST http://localhost:9201/nku_search/_search [status:200 duration:0.002s]
2024-12-15 00:29:06,661 - INFO - POST http://localhost:9201/nku_search/_search [status:200 duration:0.002s]
2024-12-15 00:29:06,664 - INFO - POST http://localhost:9201/nku_search/_search [status:200 duration:0.002s]
2024-12-15 00:29:06,666 - INFO - POST http://localhost:9201/nku_search/_search [status:200 duration:0.002s]
2024-12-15 00:29:06,669 - INFO - POST http://localhost:9201/nku_search/_search [status:200 duration:0.003s]
2024-12-15 00:29:06,671 - INFO - POST http://localhost:9201/nku_search/_search [status:200 duration:0.002s]
2024-12-15 00:29:06,673 - INFO - POST http://localhost:9201/nku_search/_search [status:200 duration:0.002s]
2024-12-15 00:29:06,675 - INFO - POST http://localhost:9201/nku_search/_search [status:200 duration:0.002s]
2024-12-15 00:29:06,677 - INFO - POST http://localhost:9201/nku_search/_search [status:200 duration:0.002s]
2024-12-15 00:29:06,679 - INFO - POST http://localhost:9201/nku_search/_search [status:200 duration:0.002s]
2024-12-15 00:29:06,682 - INFO - POST http://localhost:9201/nku_search/_search [status:200 duration:0.002s]
2024-12-15 00:29:06,684 - INFO - POST http://localhost:9201/nku_search/_search [status:200 duration:0.002s]
2024-12-15 00:29:06,686 - INFO - POST http://localhost:9201/nku_search/_search [status:200 duration:0.002s]
2024-12-15 00:29:06,689 - INFO - POST http://localhost:9201/nku_search/_search [status:200 duration:0.002s]
2024-12-15 00:29:06,690 - INFO - POST http://localhost:9201/nku_search/_search [status:200 duration:0.002s]
2024-12-15 00:29:06,693 - INFO - POST http://localhost:9201/nku_search/_search [status:200 duration:0.002s]
2024-12-15 00:29:06,695 - INFO - POST http://localhost:9201/nku_search/_search [status:200 duration:0.002s]
2024-12-15 00:29:06,696 - INFO - POST http://localhost:9201/nku_search/_search [status:200 duration:0.002s]
2024-12-15 00:29:06,698 - INFO - POST http://localhost:9201/nku_search/_search [status:200 duration:0.002s]
2024-12-15 00:29:06,701 - INFO - POST http://localhost:9201/nku_search/_search [status:200 duration:0.002s]
2024-12-15 00:29:06,702 - INFO - POST http://localhost:9201/nku_search/_search [status:200 duration:0.002s]
2024-12-15 00:29:06,704 - INFO - POST http://localhost:9201/nku_search/_search [status:200 duration:0.002s]
2024-12-15 00:29:06,707 - INFO - POST http://localhost:9201/nku_search/_search [status:200 duration:0.002s]
2024-12-15 00:29:06,708 - INFO - POST http://localhost:9201/nku_search/_search [status:200 duration:0.001s]
2024-12-15 00:29:06,710 - INFO - POST http://localhost:9201/nku_search/_search [status:200 duration:0.002s]
2024-12-15 00:29:06,712 - INFO - POST http://localhost:9201/nku_search/_search [status:200 duration:0.002s]
2024-12-15 00:29:06,714 - INFO - POST http://localhost:9201/nku_search/_search [status:200 duration:0.002s]
2024-12-15 00:29:06,716 - INFO - POST http://localhost:9201/nku_search/_search [status:200 duration:0.002s]
2024-12-15 00:29:06,719 - INFO - POST http://localhost:9201/nku_search/_search [status:200 duration:0.002s]
2024-12-15 00:29:06,729 - INFO - POST http://localhost:9201/nku_search/_search [status:200 duration:0.009s]
2024-12-15 00:29:06,731 - INFO - POST http://localhost:9201/nku_search/_search [status:200 duration:0.002s]
2024-12-15 00:29:06,733 - INFO - POST http://localhost:9201/nku_search/_search [status:200 duration:0.002s]
2024-12-15 00:29:06,736 - INFO - POST http://localhost:9201/nku_search/_search [status:200 duration:0.003s]
2024-12-15 00:29:06,738 - INFO - POST http://localhost:9201/nku_search/_search [status:200 duration:0.002s]
2024-12-15 00:29:06,740 - INFO - POST http://localhost:9201/nku_search/_search [status:200 duration:0.002s]
2024-12-15 00:29:06,743 - INFO - POST http://localhost:9201/nku_search/_search [status:200 duration:0.002s]
2024-12-15 00:29:06,744 - INFO - POST http://localhost:9201/nku_search/_search [status:200 duration:0.002s]
2024-12-15 00:29:06,747 - INFO - POST http://localhost:9201/nku_search/_search [status:200 duration:0.002s]
2024-12-15 00:29:06,749 - INFO - POST http://localhost:9201/nku_search/_search [status:200 duration:0.002s]
2024-12-15 00:29:06,750 - INFO - POST http://localhost:9201/nku_search/_search [status:200 duration:0.001s]
2024-12-15 00:29:06,753 - INFO - POST http://localhost:9201/nku_search/_search [status:200 duration:0.002s]
2024-12-15 00:29:06,756 - INFO - POST http://localhost:9201/nku_search/_search [status:200 duration:0.003s]
2024-12-15 00:29:06,758 - INFO - POST http://localhost:9201/nku_search/_search [status:200 duration:0.002s]
2024-12-15 00:29:06,761 - INFO - POST http://localhost:9201/nku_search/_search [status:200 duration:0.003s]
2024-12-15 00:29:06,764 - INFO - POST http://localhost:9201/nku_search/_search [status:200 duration:0.002s]
2024-12-15 00:29:06,767 - INFO - POST http://localhost:9201/nku_search/_search [status:200 duration:0.002s]
2024-12-15 00:29:06,769 - INFO - POST http://localhost:9201/nku_search/_search [status:200 duration:0.002s]
2024-12-15 00:29:06,771 - INFO - POST http://localhost:9201/nku_search/_search [status:200 duration:0.002s]
2024-12-15 00:29:06,774 - INFO - POST http://localhost:9201/nku_search/_search [status:200 duration:0.002s]
2024-12-15 00:29:06,775 - INFO - POST http://localhost:9201/nku_search/_search [status:200 duration:0.002s]
2024-12-15 00:29:06,778 - INFO - POST http://localhost:9201/nku_search/_search [status:200 duration:0.002s]
2024-12-15 00:29:06,780 - INFO - POST http://localhost:9201/nku_search/_search [status:200 duration:0.002s]
2024-12-15 00:29:06,782 - INFO - POST http://localhost:9201/nku_search/_search [status:200 duration:0.002s]
2024-12-15 00:29:06,785 - INFO - POST http://localhost:9201/nku_search/_search [status:200 duration:0.002s]
2024-12-15 00:29:06,787 - INFO - POST http://localhost:9201/nku_search/_search [status:200 duration:0.002s]
2024-12-15 00:29:06,790 - INFO - POST http://localhost:9201/nku_search/_search [status:200 duration:0.002s]
2024-12-15 00:29:06,792 - INFO - POST http://localhost:9201/nku_search/_search [status:200 duration:0.002s]
2024-12-15 00:29:06,794 - INFO - POST http://localhost:9201/nku_search/_search [status:200 duration:0.002s]
2024-12-15 00:29:06,796 - INFO - POST http://localhost:9201/nku_search/_search [status:200 duration:0.002s]
2024-12-15 00:29:06,798 - INFO - POST http://localhost:9201/nku_search/_search [status:200 duration:0.002s]
2024-12-15 00:29:06,800 - INFO - POST http://localhost:9201/nku_search/_search [status:200 duration:0.002s]
2024-12-15 00:29:06,801 - INFO - POST http://localhost:9201/nku_search/_search [status:200 duration:0.002s]
2024-12-15 00:29:06,803 - INFO - POST http://localhost:9201/nku_search/_search [status:200 duration:0.001s]
2024-12-15 00:29:06,805 - INFO - POST http://localhost:9201/nku_search/_search [status:200 duration:0.001s]
2024-12-15 00:29:06,806 - INFO - POST http://localhost:9201/nku_search/_search [status:200 duration:0.001s]
2024-12-15 00:29:06,809 - INFO - POST http://localhost:9201/nku_search/_search [status:200 duration:0.002s]
2024-12-15 00:29:06,810 - INFO - POST http://localhost:9201/nku_search/_search [status:200 duration:0.002s]
2024-12-15 00:29:06,812 - INFO - POST http://localhost:9201/nku_search/_search [status:200 duration:0.002s]
2024-12-15 00:29:06,814 - INFO - POST http://localhost:9201/nku_search/_search [status:200 duration:0.002s]
2024-12-15 00:29:06,816 - INFO - POST http://localhost:9201/nku_search/_search [status:200 duration:0.002s]
2024-12-15 00:29:06,818 - INFO - POST http://localhost:9201/nku_search/_search [status:200 duration:0.002s]
2024-12-15 00:29:06,819 - INFO - POST http://localhost:9201/nku_search/_search [status:200 duration:0.002s]
2024-12-15 00:29:06,821 - INFO - POST http://localhost:9201/nku_search/_search [status:200 duration:0.002s]
2024-12-15 00:29:06,824 - INFO - POST http://localhost:9201/nku_search/_search [status:200 duration:0.002s]
2024-12-15 00:29:06,827 - INFO - POST http://localhost:9201/nku_search/_search [status:200 duration:0.003s]
2024-12-15 00:29:06,829 - INFO - POST http://localhost:9201/nku_search/_search [status:200 duration:0.002s]
2024-12-15 00:29:06,830 - INFO - POST http://localhost:9201/nku_search/_search [status:200 duration:0.002s]
2024-12-15 00:29:06,833 - INFO - POST http://localhost:9201/nku_search/_search [status:200 duration:0.002s]
2024-12-15 00:29:06,834 - INFO - POST http://localhost:9201/nku_search/_search [status:200 duration:0.002s]
2024-12-15 00:29:06,836 - INFO - POST http://localhost:9201/nku_search/_search [status:200 duration:0.002s]
2024-12-15 00:29:06,838 - INFO - POST http://localhost:9201/nku_search/_search [status:200 duration:0.002s]
2024-12-15 00:29:06,839 - INFO - POST http://localhost:9201/nku_search/_search [status:200 duration:0.002s]
2024-12-15 00:29:06,841 - INFO - POST http://localhost:9201/nku_search/_search [status:200 duration:0.002s]
2024-12-15 00:29:06,843 - INFO - POST http://localhost:9201/nku_search/_search [status:200 duration:0.002s]
2024-12-15 00:29:06,845 - INFO - POST http://localhost:9201/nku_search/_search [status:200 duration:0.002s]
2024-12-15 00:29:06,847 - INFO - POST http://localhost:9201/nku_search/_search [status:200 duration:0.002s]
2024-12-15 00:29:06,849 - INFO - POST http://localhost:9201/nku_search/_search [status:200 duration:0.002s]
2024-12-15 00:29:06,851 - INFO - POST http://localhost:9201/nku_search/_search [status:200 duration:0.002s]
2024-12-15 00:29:06,853 - INFO - POST http://localhost:9201/nku_search/_search [status:200 duration:0.001s]
2024-12-15 00:29:06,855 - INFO - POST http://localhost:9201/nku_search/_search [status:200 duration:0.002s]
2024-12-15 00:29:06,857 - INFO - POST http://localhost:9201/nku_search/_search [status:200 duration:0.002s]
2024-12-15 00:29:06,860 - INFO - POST http://localhost:9201/nku_search/_search [status:200 duration:0.002s]
2024-12-15 00:29:06,862 - INFO - POST http://localhost:9201/nku_search/_search [status:200 duration:0.002s]
2024-12-15 00:29:06,864 - INFO - POST http://localhost:9201/nku_search/_search [status:200 duration:0.002s]
2024-12-15 00:29:06,865 - INFO - POST http://localhost:9201/nku_search/_search [status:200 duration:0.002s]
2024-12-15 00:29:06,867 - INFO - POST http://localhost:9201/nku_search/_search [status:200 duration:0.002s]
2024-12-15 00:29:06,869 - INFO - POST http://localhost:9201/nku_search/_search [status:200 duration:0.002s]
2024-12-15 00:29:06,871 - INFO - POST http://localhost:9201/nku_search/_search [status:200 duration:0.001s]
2024-12-15 00:29:06,872 - INFO - POST http://localhost:9201/nku_search/_search [status:200 duration:0.001s]
2024-12-15 00:29:06,875 - INFO - POST http://localhost:9201/nku_search/_search [status:200 duration:0.002s]
2024-12-15 00:29:06,877 - INFO - POST http://localhost:9201/nku_search/_search [status:200 duration:0.002s]
2024-12-15 00:29:06,879 - INFO - POST http://localhost:9201/nku_search/_search [status:200 duration:0.002s]
2024-12-15 00:29:06,881 - INFO - POST http://localhost:9201/nku_search/_search [status:200 duration:0.002s]
2024-12-15 00:29:06,883 - INFO - POST http://localhost:9201/nku_search/_search [status:200 duration:0.002s]
2024-12-15 00:29:06,885 - INFO - POST http://localhost:9201/nku_search/_search [status:200 duration:0.002s]
2024-12-15 00:29:06,887 - INFO - POST http://localhost:9201/nku_search/_search [status:200 duration:0.002s]
2024-12-15 00:29:06,890 - INFO - POST http://localhost:9201/nku_search/_search [status:200 duration:0.002s]
2024-12-15 00:29:06,893 - INFO - POST http://localhost:9201/nku_search/_search [status:200 duration:0.002s]
2024-12-15 00:29:06,896 - INFO - POST http://localhost:9201/nku_search/_search [status:200 duration:0.002s]
2024-12-15 00:29:06,898 - INFO - POST http://localhost:9201/nku_search/_search [status:200 duration:0.002s]
2024-12-15 00:29:06,900 - INFO - POST http://localhost:9201/nku_search/_search [status:200 duration:0.002s]
2024-12-15 00:29:06,902 - INFO - POST http://localhost:9201/nku_search/_search [status:200 duration:0.002s]
2024-12-15 00:29:06,904 - INFO - POST http://localhost:9201/nku_search/_search [status:200 duration:0.002s]
2024-12-15 00:29:06,906 - INFO - POST http://localhost:9201/nku_search/_search [status:200 duration:0.002s]
2024-12-15 00:29:06,907 - INFO - POST http://localhost:9201/nku_search/_search [status:200 duration:0.002s]
2024-12-15 00:29:06,909 - INFO - POST http://localhost:9201/nku_search/_search [status:200 duration:0.002s]
2024-12-15 00:29:06,911 - INFO - POST http://localhost:9201/nku_search/_search [status:200 duration:0.002s]
2024-12-15 00:29:06,913 - INFO - POST http://localhost:9201/nku_search/_search [status:200 duration:0.002s]
2024-12-15 00:29:06,914 - INFO - POST http://localhost:9201/nku_search/_search [status:200 duration:0.002s]
2024-12-15 00:29:06,917 - INFO - POST http://localhost:9201/nku_search/_search [status:200 duration:0.003s]
2024-12-15 00:29:06,919 - INFO - POST http://localhost:9201/nku_search/_search [status:200 duration:0.002s]
2024-12-15 00:29:06,921 - INFO - POST http://localhost:9201/nku_search/_search [status:200 duration:0.002s]
2024-12-15 00:29:06,923 - INFO - POST http://localhost:9201/nku_search/_search [status:200 duration:0.002s]
2024-12-15 00:29:06,925 - INFO - POST http://localhost:9201/nku_search/_search [status:200 duration:0.002s]
2024-12-15 00:29:06,927 - INFO - POST http://localhost:9201/nku_search/_search [status:200 duration:0.001s]
2024-12-15 00:29:06,929 - INFO - POST http://localhost:9201/nku_search/_search [status:200 duration:0.002s]
2024-12-15 00:29:06,931 - INFO - POST http://localhost:9201/nku_search/_search [status:200 duration:0.002s]
2024-12-15 00:29:06,933 - INFO - POST http://localhost:9201/nku_search/_search [status:200 duration:0.001s]
2024-12-15 00:29:06,935 - INFO - POST http://localhost:9201/nku_search/_search [status:200 duration:0.002s]
2024-12-15 00:29:06,937 - INFO - POST http://localhost:9201/nku_search/_search [status:200 duration:0.002s]
2024-12-15 00:29:06,938 - INFO - POST http://localhost:9201/nku_search/_search [status:200 duration:0.001s]
2024-12-15 00:29:06,940 - INFO - POST http://localhost:9201/nku_search/_search [status:200 duration:0.002s]
2024-12-15 00:29:06,941 - INFO - POST http://localhost:9201/nku_search/_search [status:200 duration:0.002s]
2024-12-15 00:29:06,943 - INFO - POST http://localhost:9201/nku_search/_search [status:200 duration:0.001s]
2024-12-15 00:29:06,944 - INFO - POST http://localhost:9201/nku_search/_search [status:200 duration:0.002s]
2024-12-15 00:29:06,946 - INFO - POST http://localhost:9201/nku_search/_search [status:200 duration:0.002s]
2024-12-15 00:29:06,948 - INFO - POST http://localhost:9201/nku_search/_search [status:200 duration:0.002s]
2024-12-15 00:29:06,954 - INFO - POST http://localhost:9201/nku_search/_search [status:200 duration:0.005s]
2024-12-15 00:29:06,957 - INFO - POST http://localhost:9201/nku_search/_search [status:200 duration:0.002s]
2024-12-15 00:29:06,959 - INFO - POST http://localhost:9201/nku_search/_search [status:200 duration:0.002s]
2024-12-15 00:29:06,960 - INFO - POST http://localhost:9201/nku_search/_search [status:200 duration:0.002s]
2024-12-15 00:29:06,962 - INFO - POST http://localhost:9201/nku_search/_search [status:200 duration:0.001s]
2024-12-15 00:29:06,965 - INFO - POST http://localhost:9201/nku_search/_search [status:200 duration:0.002s]
2024-12-15 00:29:06,966 - INFO - POST http://localhost:9201/nku_search/_search [status:200 duration:0.002s]
2024-12-15 00:29:06,968 - INFO - POST http://localhost:9201/nku_search/_search [status:200 duration:0.002s]
2024-12-15 00:29:06,970 - INFO - POST http://localhost:9201/nku_search/_search [status:200 duration:0.002s]
2024-12-15 00:29:06,972 - INFO - POST http://localhost:9201/nku_search/_search [status:200 duration:0.002s]
2024-12-15 00:29:06,974 - INFO - POST http://localhost:9201/nku_search/_search [status:200 duration:0.002s]
2024-12-15 00:29:06,976 - INFO - POST http://localhost:9201/nku_search/_search [status:200 duration:0.002s]
2024-12-15 00:29:06,977 - INFO - POST http://localhost:9201/nku_search/_search [status:200 duration:0.002s]
2024-12-15 00:29:06,980 - INFO - POST http://localhost:9201/nku_search/_search [status:200 duration:0.002s]
2024-12-15 00:29:06,982 - INFO - POST http://localhost:9201/nku_search/_search [status:200 duration:0.002s]
2024-12-15 00:29:06,986 - INFO - POST http://localhost:9201/nku_search/_search [status:200 duration:0.003s]
2024-12-15 00:29:06,988 - INFO - POST http://localhost:9201/nku_search/_search [status:200 duration:0.003s]
2024-12-15 00:29:06,991 - INFO - POST http://localhost:9201/nku_search/_search [status:200 duration:0.003s]
2024-12-15 00:29:06,994 - INFO - POST http://localhost:9201/nku_search/_search [status:200 duration:0.003s]
2024-12-15 00:29:06,997 - INFO - POST http://localhost:9201/nku_search/_search [status:200 duration:0.003s]
2024-12-15 00:29:06,999 - INFO - POST http://localhost:9201/nku_search/_search [status:200 duration:0.002s]
2024-12-15 00:29:07,002 - INFO - POST http://localhost:9201/nku_search/_search [status:200 duration:0.002s]
2024-12-15 00:29:07,004 - INFO - POST http://localhost:9201/nku_search/_search [status:200 duration:0.002s]
2024-12-15 00:29:07,006 - INFO - POST http://localhost:9201/nku_search/_search [status:200 duration:0.002s]
2024-12-15 00:29:07,008 - INFO - POST http://localhost:9201/nku_search/_search [status:200 duration:0.001s]
2024-12-15 00:29:07,010 - INFO - POST http://localhost:9201/nku_search/_search [status:200 duration:0.002s]
2024-12-15 00:29:07,013 - INFO - POST http://localhost:9201/nku_search/_search [status:200 duration:0.003s]
2024-12-15 00:29:07,015 - INFO - POST http://localhost:9201/nku_search/_search [status:200 duration:0.002s]
2024-12-15 00:29:07,018 - INFO - POST http://localhost:9201/nku_search/_search [status:200 duration:0.002s]
2024-12-15 00:29:07,021 - INFO - POST http://localhost:9201/nku_search/_search [status:200 duration:0.003s]
2024-12-15 00:29:07,023 - INFO - POST http://localhost:9201/nku_search/_search [status:200 duration:0.002s]
2024-12-15 00:29:07,027 - INFO - POST http://localhost:9201/nku_search/_search [status:200 duration:0.003s]
2024-12-15 00:29:07,030 - INFO - POST http://localhost:9201/nku_search/_search [status:200 duration:0.002s]
2024-12-15 00:29:07,032 - INFO - POST http://localhost:9201/nku_search/_search [status:200 duration:0.002s]
2024-12-15 00:29:07,034 - INFO - POST http://localhost:9201/nku_search/_search [status:200 duration:0.002s]
2024-12-15 00:29:07,035 - INFO - POST http://localhost:9201/nku_search/_search [status:200 duration:0.002s]
2024-12-15 00:29:07,038 - INFO - POST http://localhost:9201/nku_search/_search [status:200 duration:0.002s]
2024-12-15 00:29:07,040 - INFO - POST http://localhost:9201/nku_search/_search [status:200 duration:0.002s]
2024-12-15 00:29:07,043 - INFO - POST http://localhost:9201/nku_search/_search [status:200 duration:0.003s]
2024-12-15 00:29:07,045 - INFO - POST http://localhost:9201/nku_search/_search [status:200 duration:0.002s]
2024-12-15 00:29:07,047 - INFO - POST http://localhost:9201/nku_search/_search [status:200 duration:0.002s]
2024-12-15 00:29:07,050 - INFO - POST http://localhost:9201/nku_search/_search [status:200 duration:0.002s]
2024-12-15 00:29:07,053 - INFO - POST http://localhost:9201/nku_search/_search [status:200 duration:0.002s]
2024-12-15 00:29:07,055 - INFO - POST http://localhost:9201/nku_search/_search [status:200 duration:0.002s]
2024-12-15 00:29:07,057 - INFO - POST http://localhost:9201/nku_search/_search [status:200 duration:0.003s]
2024-12-15 00:29:07,060 - INFO - POST http://localhost:9201/nku_search/_search [status:200 duration:0.002s]
2024-12-15 00:29:07,063 - INFO - POST http://localhost:9201/nku_search/_search [status:200 duration:0.003s]
2024-12-15 00:29:07,065 - INFO - POST http://localhost:9201/nku_search/_search [status:200 duration:0.003s]
2024-12-15 00:29:07,069 - INFO - POST http://localhost:9201/nku_search/_search [status:200 duration:0.004s]
2024-12-15 00:29:07,072 - INFO - POST http://localhost:9201/nku_search/_search [status:200 duration:0.003s]
2024-12-15 00:29:07,075 - INFO - POST http://localhost:9201/nku_search/_search [status:200 duration:0.003s]
2024-12-15 00:29:07,077 - INFO - POST http://localhost:9201/nku_search/_search [status:200 duration:0.002s]
2024-12-15 00:29:07,079 - INFO - POST http://localhost:9201/nku_search/_search [status:200 duration:0.002s]
2024-12-15 00:29:07,082 - INFO - POST http://localhost:9201/nku_search/_search [status:200 duration:0.003s]
2024-12-15 00:29:07,084 - INFO - POST http://localhost:9201/nku_search/_search [status:200 duration:0.002s]
2024-12-15 00:29:07,087 - INFO - POST http://localhost:9201/nku_search/_search [status:200 duration:0.002s]
2024-12-15 00:29:07,089 - INFO - POST http://localhost:9201/nku_search/_search [status:200 duration:0.002s]
2024-12-15 00:29:07,092 - INFO - POST http://localhost:9201/nku_search/_search [status:200 duration:0.002s]
2024-12-15 00:29:07,094 - INFO - POST http://localhost:9201/nku_search/_search [status:200 duration:0.002s]
2024-12-15 00:29:07,096 - INFO - POST http://localhost:9201/nku_search/_search [status:200 duration:0.002s]
2024-12-15 00:29:07,099 - INFO - POST http://localhost:9201/nku_search/_search [status:200 duration:0.002s]
2024-12-15 00:29:07,101 - INFO - POST http://localhost:9201/nku_search/_search [status:200 duration:0.002s]
2024-12-15 00:29:07,103 - INFO - POST http://localhost:9201/nku_search/_search [status:200 duration:0.002s]
2024-12-15 00:29:07,106 - INFO - POST http://localhost:9201/nku_search/_search [status:200 duration:0.002s]
2024-12-15 00:29:07,108 - INFO - POST http://localhost:9201/nku_search/_search [status:200 duration:0.002s]
2024-12-15 00:29:07,110 - INFO - POST http://localhost:9201/nku_search/_search [status:200 duration:0.002s]
2024-12-15 00:29:07,113 - INFO - POST http://localhost:9201/nku_search/_search [status:200 duration:0.002s]
2024-12-15 00:29:07,115 - INFO - POST http://localhost:9201/nku_search/_search [status:200 duration:0.002s]
2024-12-15 00:29:07,118 - INFO - POST http://localhost:9201/nku_search/_search [status:200 duration:0.002s]
2024-12-15 00:29:07,120 - INFO - POST http://localhost:9201/nku_search/_search [status:200 duration:0.002s]
2024-12-15 00:29:07,123 - INFO - POST http://localhost:9201/nku_search/_search [status:200 duration:0.002s]
2024-12-15 00:29:07,125 - INFO - POST http://localhost:9201/nku_search/_search [status:200 duration:0.002s]
2024-12-15 00:29:07,129 - INFO - POST http://localhost:9201/nku_search/_search [status:200 duration:0.002s]
2024-12-15 00:29:07,132 - INFO - POST http://localhost:9201/nku_search/_search [status:200 duration:0.003s]
2024-12-15 00:29:07,135 - INFO - POST http://localhost:9201/nku_search/_search [status:200 duration:0.002s]
2024-12-15 00:29:07,137 - INFO - POST http://localhost:9201/nku_search/_search [status:200 duration:0.002s]
2024-12-15 00:29:07,140 - INFO - POST http://localhost:9201/nku_search/_search [status:200 duration:0.002s]
2024-12-15 00:29:07,142 - INFO - POST http://localhost:9201/nku_search/_search [status:200 duration:0.002s]
2024-12-15 00:29:07,144 - INFO - POST http://localhost:9201/nku_search/_search [status:200 duration:0.002s]
2024-12-15 00:29:07,147 - INFO - POST http://localhost:9201/nku_search/_search [status:200 duration:0.002s]
2024-12-15 00:29:07,149 - INFO - POST http://localhost:9201/nku_search/_search [status:200 duration:0.002s]
2024-12-15 00:29:07,151 - INFO - POST http://localhost:9201/nku_search/_search [status:200 duration:0.002s]
2024-12-15 00:29:07,155 - INFO - POST http://localhost:9201/nku_search/_search [status:200 duration:0.003s]
2024-12-15 00:29:07,157 - INFO - POST http://localhost:9201/nku_search/_search [status:200 duration:0.002s]
2024-12-15 00:29:07,161 - INFO - POST http://localhost:9201/nku_search/_search [status:200 duration:0.003s]
2024-12-15 00:29:07,163 - INFO - POST http://localhost:9201/nku_search/_search [status:200 duration:0.002s]
2024-12-15 00:29:07,165 - INFO - POST http://localhost:9201/nku_search/_search [status:200 duration:0.002s]
2024-12-15 00:29:07,167 - INFO - POST http://localhost:9201/nku_search/_search [status:200 duration:0.002s]
2024-12-15 00:29:07,170 - INFO - POST http://localhost:9201/nku_search/_search [status:200 duration:0.002s]
2024-12-15 00:29:07,173 - INFO - POST http://localhost:9201/nku_search/_search [status:200 duration:0.003s]
2024-12-15 00:29:07,175 - INFO - POST http://localhost:9201/nku_search/_search [status:200 duration:0.002s]
2024-12-15 00:29:07,177 - INFO - POST http://localhost:9201/nku_search/_search [status:200 duration:0.002s]
2024-12-15 00:29:07,179 - INFO - POST http://localhost:9201/nku_search/_search [status:200 duration:0.002s]
2024-12-15 00:29:07,182 - INFO - POST http://localhost:9201/nku_search/_search [status:200 duration:0.002s]
2024-12-15 00:29:07,184 - INFO - POST http://localhost:9201/nku_search/_search [status:200 duration:0.002s]
2024-12-15 00:29:07,186 - INFO - POST http://localhost:9201/nku_search/_search [status:200 duration:0.002s]
2024-12-15 00:29:07,188 - INFO - POST http://localhost:9201/nku_search/_search [status:200 duration:0.002s]
2024-12-15 00:29:07,190 - INFO - POST http://localhost:9201/nku_search/_search [status:200 duration:0.002s]
2024-12-15 00:29:07,192 - INFO - POST http://localhost:9201/nku_search/_search [status:200 duration:0.002s]
2024-12-15 00:29:07,194 - INFO - POST http://localhost:9201/nku_search/_search [status:200 duration:0.002s]
2024-12-15 00:29:07,196 - INFO - POST http://localhost:9201/nku_search/_search [status:200 duration:0.002s]
2024-12-15 00:29:07,198 - INFO - POST http://localhost:9201/nku_search/_search [status:200 duration:0.002s]
2024-12-15 00:29:07,200 - INFO - POST http://localhost:9201/nku_search/_search [status:200 duration:0.002s]
2024-12-15 00:29:07,203 - INFO - POST http://localhost:9201/nku_search/_search [status:200 duration:0.002s]
2024-12-15 00:29:07,204 - INFO - POST http://localhost:9201/nku_search/_search [status:200 duration:0.002s]
2024-12-15 00:29:07,206 - INFO - POST http://localhost:9201/nku_search/_search [status:200 duration:0.001s]
2024-12-15 00:29:07,208 - INFO - POST http://localhost:9201/nku_search/_search [status:200 duration:0.002s]
2024-12-15 00:29:07,210 - INFO - POST http://localhost:9201/nku_search/_search [status:200 duration:0.002s]
2024-12-15 00:29:07,211 - INFO - POST http://localhost:9201/nku_search/_search [status:200 duration:0.001s]
2024-12-15 00:29:07,213 - INFO - POST http://localhost:9201/nku_search/_search [status:200 duration:0.002s]
2024-12-15 00:29:07,214 - INFO - POST http://localhost:9201/nku_search/_search [status:200 duration:0.002s]
2024-12-15 00:29:07,216 - INFO - POST http://localhost:9201/nku_search/_search [status:200 duration:0.002s]
2024-12-15 00:29:07,217 - INFO - POST http://localhost:9201/nku_search/_search [status:200 duration:0.001s]
2024-12-15 00:29:07,219 - INFO - POST http://localhost:9201/nku_search/_search [status:200 duration:0.001s]
2024-12-15 00:29:07,221 - INFO - POST http://localhost:9201/nku_search/_search [status:200 duration:0.002s]
2024-12-15 00:29:07,223 - INFO - POST http://localhost:9201/nku_search/_search [status:200 duration:0.002s]
2024-12-15 00:29:07,225 - INFO - POST http://localhost:9201/nku_search/_search [status:200 duration:0.002s]
2024-12-15 00:29:07,227 - INFO - POST http://localhost:9201/nku_search/_search [status:200 duration:0.002s]
2024-12-15 00:29:07,228 - INFO - POST http://localhost:9201/nku_search/_search [status:200 duration:0.002s]
2024-12-15 00:29:07,230 - INFO - POST http://localhost:9201/nku_search/_search [status:200 duration:0.002s]
2024-12-15 00:29:07,232 - INFO - POST http://localhost:9201/nku_search/_search [status:200 duration:0.001s]
2024-12-15 00:29:07,233 - INFO - POST http://localhost:9201/nku_search/_search [status:200 duration:0.001s]
2024-12-15 00:29:07,235 - INFO - POST http://localhost:9201/nku_search/_search [status:200 duration:0.002s]
2024-12-15 00:29:07,236 - INFO - POST http://localhost:9201/nku_search/_search [status:200 duration:0.001s]
2024-12-15 00:29:07,238 - INFO - POST http://localhost:9201/nku_search/_search [status:200 duration:0.001s]
2024-12-15 00:29:07,240 - INFO - POST http://localhost:9201/nku_search/_search [status:200 duration:0.002s]
2024-12-15 00:29:07,242 - INFO - POST http://localhost:9201/nku_search/_search [status:200 duration:0.002s]
2024-12-15 00:29:07,243 - INFO - POST http://localhost:9201/nku_search/_search [status:200 duration:0.001s]
2024-12-15 00:29:07,245 - INFO - POST http://localhost:9201/nku_search/_search [status:200 duration:0.002s]
2024-12-15 00:29:07,247 - INFO - POST http://localhost:9201/nku_search/_search [status:200 duration:0.001s]
2024-12-15 00:29:07,248 - INFO - POST http://localhost:9201/nku_search/_search [status:200 duration:0.002s]
2024-12-15 00:29:07,250 - INFO - POST http://localhost:9201/nku_search/_search [status:200 duration:0.002s]
2024-12-15 00:29:07,252 - INFO - POST http://localhost:9201/nku_search/_search [status:200 duration:0.002s]
2024-12-15 00:29:07,254 - INFO - POST http://localhost:9201/nku_search/_search [status:200 duration:0.002s]
2024-12-15 00:29:07,256 - INFO - POST http://localhost:9201/nku_search/_search [status:200 duration:0.002s]
2024-12-15 00:29:07,257 - INFO - POST http://localhost:9201/nku_search/_search [status:200 duration:0.001s]
2024-12-15 00:29:07,259 - INFO - POST http://localhost:9201/nku_search/_search [status:200 duration:0.002s]
2024-12-15 00:29:07,261 - INFO - POST http://localhost:9201/nku_search/_search [status:200 duration:0.001s]
2024-12-15 00:29:07,262 - INFO - POST http://localhost:9201/nku_search/_search [status:200 duration:0.001s]
2024-12-15 00:29:07,264 - INFO - POST http://localhost:9201/nku_search/_search [status:200 duration:0.002s]
2024-12-15 00:29:07,265 - INFO - POST http://localhost:9201/nku_search/_search [status:200 duration:0.002s]
2024-12-15 00:29:07,267 - INFO - POST http://localhost:9201/nku_search/_search [status:200 duration:0.002s]
2024-12-15 00:29:07,269 - INFO - POST http://localhost:9201/nku_search/_search [status:200 duration:0.002s]
2024-12-15 00:29:07,271 - INFO - POST http://localhost:9201/nku_search/_search [status:200 duration:0.002s]
2024-12-15 00:29:07,274 - INFO - POST http://localhost:9201/nku_search/_search [status:200 duration:0.002s]
2024-12-15 00:29:07,275 - INFO - POST http://localhost:9201/nku_search/_search [status:200 duration:0.002s]
2024-12-15 00:29:07,277 - INFO - POST http://localhost:9201/nku_search/_search [status:200 duration:0.002s]
2024-12-15 00:29:07,279 - INFO - POST http://localhost:9201/nku_search/_search [status:200 duration:0.001s]
2024-12-15 00:29:07,281 - INFO - POST http://localhost:9201/nku_search/_search [status:200 duration:0.002s]
2024-12-15 00:29:07,283 - INFO - POST http://localhost:9201/nku_search/_search [status:200 duration:0.002s]
2024-12-15 00:29:07,285 - INFO - POST http://localhost:9201/nku_search/_search [status:200 duration:0.002s]
2024-12-15 00:29:07,287 - INFO - POST http://localhost:9201/nku_search/_search [status:200 duration:0.002s]
2024-12-15 00:29:07,289 - INFO - POST http://localhost:9201/nku_search/_search [status:200 duration:0.002s]
2024-12-15 00:29:07,291 - INFO - POST http://localhost:9201/nku_search/_search [status:200 duration:0.002s]
2024-12-15 00:29:07,293 - INFO - POST http://localhost:9201/nku_search/_search [status:200 duration:0.001s]
2024-12-15 00:29:07,295 - INFO - POST http://localhost:9201/nku_search/_search [status:200 duration:0.002s]
2024-12-15 00:29:07,296 - INFO - POST http://localhost:9201/nku_search/_search [status:200 duration:0.001s]
2024-12-15 00:29:07,298 - INFO - POST http://localhost:9201/nku_search/_search [status:200 duration:0.002s]
2024-12-15 00:29:07,300 - INFO - POST http://localhost:9201/nku_search/_search [status:200 duration:0.002s]
2024-12-15 00:29:07,302 - INFO - POST http://localhost:9201/nku_search/_search [status:200 duration:0.002s]
2024-12-15 00:29:07,303 - INFO - POST http://localhost:9201/nku_search/_search [status:200 duration:0.001s]
2024-12-15 00:29:07,305 - INFO - POST http://localhost:9201/nku_search/_search [status:200 duration:0.001s]
2024-12-15 00:29:07,307 - INFO - POST http://localhost:9201/nku_search/_search [status:200 duration:0.002s]
2024-12-15 00:29:07,309 - INFO - POST http://localhost:9201/nku_search/_search [status:200 duration:0.002s]
2024-12-15 00:29:07,311 - INFO - POST http://localhost:9201/nku_search/_search [status:200 duration:0.001s]
2024-12-15 00:29:07,312 - INFO - POST http://localhost:9201/nku_search/_search [status:200 duration:0.001s]
2024-12-15 00:29:07,314 - INFO - POST http://localhost:9201/nku_search/_search [status:200 duration:0.002s]
2024-12-15 00:29:07,316 - INFO - POST http://localhost:9201/nku_search/_search [status:200 duration:0.002s]
2024-12-15 00:29:07,317 - INFO - POST http://localhost:9201/nku_search/_search [status:200 duration:0.002s]
2024-12-15 00:29:07,319 - INFO - POST http://localhost:9201/nku_search/_search [status:200 duration:0.001s]
2024-12-15 00:29:07,321 - INFO - POST http://localhost:9201/nku_search/_search [status:200 duration:0.002s]
2024-12-15 00:29:07,323 - INFO - POST http://localhost:9201/nku_search/_search [status:200 duration:0.002s]
2024-12-15 00:29:07,325 - INFO - POST http://localhost:9201/nku_search/_search [status:200 duration:0.002s]
2024-12-15 00:29:07,327 - INFO - POST http://localhost:9201/nku_search/_search [status:200 duration:0.002s]
2024-12-15 00:29:07,329 - INFO - POST http://localhost:9201/nku_search/_search [status:200 duration:0.002s]
2024-12-15 00:29:07,330 - INFO - POST http://localhost:9201/nku_search/_search [status:200 duration:0.002s]
2024-12-15 00:29:07,332 - INFO - POST http://localhost:9201/nku_search/_search [status:200 duration:0.002s]
2024-12-15 00:29:07,334 - INFO - POST http://localhost:9201/nku_search/_search [status:200 duration:0.002s]
2024-12-15 00:29:07,335 - INFO - POST http://localhost:9201/nku_search/_search [status:200 duration:0.002s]
2024-12-15 00:29:07,337 - INFO - POST http://localhost:9201/nku_search/_search [status:200 duration:0.001s]
2024-12-15 00:29:07,339 - INFO - POST http://localhost:9201/nku_search/_search [status:200 duration:0.002s]
2024-12-15 00:29:07,341 - INFO - POST http://localhost:9201/nku_search/_search [status:200 duration:0.002s]
2024-12-15 00:29:07,343 - INFO - POST http://localhost:9201/nku_search/_search [status:200 duration:0.002s]
2024-12-15 00:29:07,344 - INFO - POST http://localhost:9201/nku_search/_search [status:200 duration:0.001s]
2024-12-15 00:29:07,346 - INFO - POST http://localhost:9201/nku_search/_search [status:200 duration:0.001s]
2024-12-15 00:29:07,348 - INFO - POST http://localhost:9201/nku_search/_search [status:200 duration:0.002s]
2024-12-15 00:29:07,350 - INFO - POST http://localhost:9201/nku_search/_search [status:200 duration:0.002s]
2024-12-15 00:29:07,353 - INFO - POST http://localhost:9201/nku_search/_search [status:200 duration:0.002s]
2024-12-15 00:29:07,354 - INFO - POST http://localhost:9201/nku_search/_search [status:200 duration:0.002s]
2024-12-15 00:29:07,356 - INFO - POST http://localhost:9201/nku_search/_search [status:200 duration:0.002s]
2024-12-15 00:29:07,357 - INFO - POST http://localhost:9201/nku_search/_search [status:200 duration:0.001s]
2024-12-15 00:29:07,359 - INFO - POST http://localhost:9201/nku_search/_search [status:200 duration:0.002s]
2024-12-15 00:29:07,361 - INFO - POST http://localhost:9201/nku_search/_search [status:200 duration:0.002s]
2024-12-15 00:29:07,363 - INFO - POST http://localhost:9201/nku_search/_search [status:200 duration:0.001s]
2024-12-15 00:29:07,364 - INFO - POST http://localhost:9201/nku_search/_search [status:200 duration:0.002s]
2024-12-15 00:29:07,366 - INFO - POST http://localhost:9201/nku_search/_search [status:200 duration:0.002s]
2024-12-15 00:29:07,367 - INFO - POST http://localhost:9201/nku_search/_search [status:200 duration:0.002s]
2024-12-15 00:29:07,369 - INFO - POST http://localhost:9201/nku_search/_search [status:200 duration:0.002s]
2024-12-15 00:29:07,370 - INFO - POST http://localhost:9201/nku_search/_search [status:200 duration:0.001s]
2024-12-15 00:29:07,372 - INFO - POST http://localhost:9201/nku_search/_search [status:200 duration:0.001s]
2024-12-15 00:29:07,374 - INFO - POST http://localhost:9201/nku_search/_search [status:200 duration:0.001s]
2024-12-15 00:29:07,375 - INFO - POST http://localhost:9201/nku_search/_search [status:200 duration:0.001s]
2024-12-15 00:29:07,384 - INFO - POST http://localhost:9201/nku_search/_search [status:200 duration:0.008s]
2024-12-15 00:29:07,387 - INFO - POST http://localhost:9201/nku_search/_search [status:200 duration:0.002s]
2024-12-15 00:29:07,389 - INFO - POST http://localhost:9201/nku_search/_search [status:200 duration:0.002s]
2024-12-15 00:29:07,390 - INFO - POST http://localhost:9201/nku_search/_search [status:200 duration:0.001s]
2024-12-15 00:29:07,393 - INFO - POST http://localhost:9201/nku_search/_search [status:200 duration:0.002s]
2024-12-15 00:29:07,394 - INFO - POST http://localhost:9201/nku_search/_search [status:200 duration:0.001s]
2024-12-15 00:29:07,397 - INFO - POST http://localhost:9201/nku_search/_search [status:200 duration:0.002s]
2024-12-15 00:29:07,399 - INFO - POST http://localhost:9201/nku_search/_search [status:200 duration:0.001s]
2024-12-15 00:29:07,401 - INFO - POST http://localhost:9201/nku_search/_search [status:200 duration:0.002s]
2024-12-15 00:29:07,403 - INFO - POST http://localhost:9201/nku_search/_search [status:200 duration:0.002s]
2024-12-15 00:29:07,404 - INFO - POST http://localhost:9201/nku_search/_search [status:200 duration:0.002s]
2024-12-15 00:29:07,406 - INFO - POST http://localhost:9201/nku_search/_search [status:200 duration:0.002s]
2024-12-15 00:29:07,408 - INFO - POST http://localhost:9201/nku_search/_search [status:200 duration:0.002s]
2024-12-15 00:29:07,409 - INFO - POST http://localhost:9201/nku_search/_search [status:200 duration:0.001s]
2024-12-15 00:29:07,411 - INFO - POST http://localhost:9201/nku_search/_search [status:200 duration:0.002s]
2024-12-15 00:29:07,413 - INFO - POST http://localhost:9201/nku_search/_search [status:200 duration:0.002s]
2024-12-15 00:29:07,415 - INFO - POST http://localhost:9201/nku_search/_search [status:200 duration:0.002s]
2024-12-15 00:29:07,416 - INFO - POST http://localhost:9201/nku_search/_search [status:200 duration:0.002s]
2024-12-15 00:29:07,418 - INFO - POST http://localhost:9201/nku_search/_search [status:200 duration:0.001s]
2024-12-15 00:29:07,419 - INFO - POST http://localhost:9201/nku_search/_search [status:200 duration:0.002s]
2024-12-15 00:29:07,423 - INFO - POST http://localhost:9201/nku_search/_search [status:200 duration:0.004s]
2024-12-15 00:29:07,426 - INFO - POST http://localhost:9201/nku_search/_search [status:200 duration:0.002s]
2024-12-15 00:29:07,428 - INFO - POST http://localhost:9201/nku_search/_search [status:200 duration:0.002s]
2024-12-15 00:29:07,429 - INFO - POST http://localhost:9201/nku_search/_search [status:200 duration:0.002s]
2024-12-15 00:29:07,431 - INFO - POST http://localhost:9201/nku_search/_search [status:200 duration:0.002s]
2024-12-15 00:29:07,433 - INFO - POST http://localhost:9201/nku_search/_search [status:200 duration:0.002s]
2024-12-15 00:29:07,434 - INFO - POST http://localhost:9201/nku_search/_search [status:200 duration:0.002s]
2024-12-15 00:29:07,436 - INFO - POST http://localhost:9201/nku_search/_search [status:200 duration:0.002s]
2024-12-15 00:29:07,439 - INFO - POST http://localhost:9201/nku_search/_search [status:200 duration:0.003s]
2024-12-15 00:29:07,440 - INFO - POST http://localhost:9201/nku_search/_search [status:200 duration:0.002s]
2024-12-15 00:29:07,442 - INFO - POST http://localhost:9201/nku_search/_search [status:200 duration:0.002s]
2024-12-15 00:29:07,445 - INFO - POST http://localhost:9201/nku_search/_search [status:200 duration:0.002s]
2024-12-15 00:29:07,446 - INFO - POST http://localhost:9201/nku_search/_search [status:200 duration:0.001s]
2024-12-15 00:29:07,448 - INFO - POST http://localhost:9201/nku_search/_search [status:200 duration:0.002s]
2024-12-15 00:29:07,450 - INFO - POST http://localhost:9201/nku_search/_search [status:200 duration:0.002s]
2024-12-15 00:29:07,453 - INFO - POST http://localhost:9201/nku_search/_search [status:200 duration:0.002s]
2024-12-15 00:29:07,454 - INFO - POST http://localhost:9201/nku_search/_search [status:200 duration:0.002s]
2024-12-15 00:29:07,456 - INFO - POST http://localhost:9201/nku_search/_search [status:200 duration:0.002s]
2024-12-15 00:29:07,458 - INFO - POST http://localhost:9201/nku_search/_search [status:200 duration:0.002s]
2024-12-15 00:29:07,460 - INFO - POST http://localhost:9201/nku_search/_search [status:200 duration:0.001s]
2024-12-15 00:29:07,462 - INFO - POST http://localhost:9201/nku_search/_search [status:200 duration:0.001s]
2024-12-15 00:29:07,463 - INFO - POST http://localhost:9201/nku_search/_search [status:200 duration:0.001s]
2024-12-15 00:29:07,466 - INFO - POST http://localhost:9201/nku_search/_search [status:200 duration:0.002s]
2024-12-15 00:29:07,478 - INFO - POST http://localhost:9201/nku_search/_search [status:200 duration:0.013s]
2024-12-15 00:29:07,481 - INFO - POST http://localhost:9201/nku_search/_search [status:200 duration:0.003s]
2024-12-15 00:29:07,484 - INFO - POST http://localhost:9201/nku_search/_search [status:200 duration:0.002s]
2024-12-15 00:29:07,486 - INFO - POST http://localhost:9201/nku_search/_search [status:200 duration:0.003s]
2024-12-15 00:29:07,489 - INFO - POST http://localhost:9201/nku_search/_search [status:200 duration:0.003s]
2024-12-15 00:29:07,492 - INFO - POST http://localhost:9201/nku_search/_search [status:200 duration:0.002s]
2024-12-15 00:29:07,494 - INFO - POST http://localhost:9201/nku_search/_search [status:200 duration:0.002s]
2024-12-15 00:29:07,495 - INFO - POST http://localhost:9201/nku_search/_search [status:200 duration:0.002s]
2024-12-15 00:29:07,497 - INFO - POST http://localhost:9201/nku_search/_search [status:200 duration:0.001s]
2024-12-15 00:29:07,499 - INFO - POST http://localhost:9201/nku_search/_search [status:200 duration:0.002s]
2024-12-15 00:29:07,502 - INFO - POST http://localhost:9201/nku_search/_search [status:200 duration:0.002s]
2024-12-15 00:29:07,504 - INFO - POST http://localhost:9201/nku_search/_search [status:200 duration:0.002s]
2024-12-15 00:29:07,506 - INFO - POST http://localhost:9201/nku_search/_search [status:200 duration:0.002s]
2024-12-15 00:29:07,508 - INFO - POST http://localhost:9201/nku_search/_search [status:200 duration:0.001s]
2024-12-15 00:29:07,510 - INFO - POST http://localhost:9201/nku_search/_search [status:200 duration:0.002s]
2024-12-15 00:29:07,511 - INFO - POST http://localhost:9201/nku_search/_search [status:200 duration:0.002s]
2024-12-15 00:29:07,514 - INFO - POST http://localhost:9201/nku_search/_search [status:200 duration:0.002s]
2024-12-15 00:29:07,516 - INFO - POST http://localhost:9201/nku_search/_search [status:200 duration:0.002s]
2024-12-15 00:29:07,518 - INFO - POST http://localhost:9201/nku_search/_search [status:200 duration:0.002s]
2024-12-15 00:29:07,520 - INFO - POST http://localhost:9201/nku_search/_search [status:200 duration:0.002s]
2024-12-15 00:29:07,523 - INFO - POST http://localhost:9201/nku_search/_search [status:200 duration:0.003s]
2024-12-15 00:29:07,527 - INFO - POST http://localhost:9201/nku_search/_search [status:200 duration:0.002s]
2024-12-15 00:29:07,528 - INFO - POST http://localhost:9201/nku_search/_search [status:200 duration:0.002s]
2024-12-15 00:29:07,531 - INFO - POST http://localhost:9201/nku_search/_search [status:200 duration:0.002s]
2024-12-15 00:29:07,533 - INFO - POST http://localhost:9201/nku_search/_search [status:200 duration:0.002s]
2024-12-15 00:29:07,535 - INFO - POST http://localhost:9201/nku_search/_search [status:200 duration:0.002s]
2024-12-15 00:29:07,536 - INFO - POST http://localhost:9201/nku_search/_search [status:200 duration:0.001s]
2024-12-15 00:29:07,539 - INFO - POST http://localhost:9201/nku_search/_search [status:200 duration:0.002s]
2024-12-15 00:29:07,541 - INFO - POST http://localhost:9201/nku_search/_search [status:200 duration:0.002s]
2024-12-15 00:29:07,543 - INFO - POST http://localhost:9201/nku_search/_search [status:200 duration:0.002s]
2024-12-15 00:29:07,544 - INFO - POST http://localhost:9201/nku_search/_search [status:200 duration:0.001s]
2024-12-15 00:29:07,547 - INFO - POST http://localhost:9201/nku_search/_search [status:200 duration:0.002s]
2024-12-15 00:29:07,549 - INFO - POST http://localhost:9201/nku_search/_search [status:200 duration:0.002s]
2024-12-15 00:29:07,550 - INFO - POST http://localhost:9201/nku_search/_search [status:200 duration:0.002s]
2024-12-15 00:29:07,552 - INFO - POST http://localhost:9201/nku_search/_search [status:200 duration:0.002s]
2024-12-15 00:29:07,555 - INFO - POST http://localhost:9201/nku_search/_search [status:200 duration:0.002s]
2024-12-15 00:29:07,556 - INFO - POST http://localhost:9201/nku_search/_search [status:200 duration:0.002s]
2024-12-15 00:29:07,561 - INFO - POST http://localhost:9201/nku_search/_search [status:200 duration:0.004s]
2024-12-15 00:29:07,563 - INFO - POST http://localhost:9201/nku_search/_search [status:200 duration:0.002s]
2024-12-15 00:29:07,565 - INFO - POST http://localhost:9201/nku_search/_search [status:200 duration:0.002s]
2024-12-15 00:29:07,567 - INFO - POST http://localhost:9201/nku_search/_search [status:200 duration:0.001s]
2024-12-15 00:29:07,569 - INFO - POST http://localhost:9201/nku_search/_search [status:200 duration:0.001s]
2024-12-15 00:29:07,572 - INFO - POST http://localhost:9201/nku_search/_search [status:200 duration:0.002s]
2024-12-15 00:29:07,574 - INFO - POST http://localhost:9201/nku_search/_search [status:200 duration:0.002s]
2024-12-15 00:29:07,576 - INFO - POST http://localhost:9201/nku_search/_search [status:200 duration:0.002s]
2024-12-15 00:29:07,578 - INFO - POST http://localhost:9201/nku_search/_search [status:200 duration:0.002s]
2024-12-15 00:29:07,580 - INFO - POST http://localhost:9201/nku_search/_search [status:200 duration:0.001s]
2024-12-15 00:29:07,582 - INFO - POST http://localhost:9201/nku_search/_search [status:200 duration:0.002s]
2024-12-15 00:29:07,584 - INFO - POST http://localhost:9201/nku_search/_search [status:200 duration:0.002s]
2024-12-15 00:29:07,586 - INFO - POST http://localhost:9201/nku_search/_search [status:200 duration:0.002s]
2024-12-15 00:29:07,588 - INFO - POST http://localhost:9201/nku_search/_search [status:200 duration:0.002s]
2024-12-15 00:29:07,590 - INFO - POST http://localhost:9201/nku_search/_search [status:200 duration:0.002s]
2024-12-15 00:29:07,592 - INFO - POST http://localhost:9201/nku_search/_search [status:200 duration:0.002s]
2024-12-15 00:29:07,595 - INFO - POST http://localhost:9201/nku_search/_search [status:200 duration:0.002s]
2024-12-15 00:29:07,596 - INFO - POST http://localhost:9201/nku_search/_search [status:200 duration:0.002s]
2024-12-15 00:29:07,598 - INFO - POST http://localhost:9201/nku_search/_search [status:200 duration:0.002s]
2024-12-15 00:29:07,600 - INFO - POST http://localhost:9201/nku_search/_search [status:200 duration:0.002s]
2024-12-15 00:29:07,602 - INFO - POST http://localhost:9201/nku_search/_search [status:200 duration:0.002s]
2024-12-15 00:29:07,603 - INFO - POST http://localhost:9201/nku_search/_search [status:200 duration:0.001s]
2024-12-15 00:29:07,605 - INFO - POST http://localhost:9201/nku_search/_search [status:200 duration:0.002s]
2024-12-15 00:29:07,607 - INFO - POST http://localhost:9201/nku_search/_search [status:200 duration:0.001s]
2024-12-15 00:29:07,609 - INFO - POST http://localhost:9201/nku_search/_search [status:200 duration:0.001s]
2024-12-15 00:29:07,611 - INFO - POST http://localhost:9201/nku_search/_search [status:200 duration:0.002s]
2024-12-15 00:29:07,612 - INFO - POST http://localhost:9201/nku_search/_search [status:200 duration:0.001s]
2024-12-15 00:29:07,614 - INFO - POST http://localhost:9201/nku_search/_search [status:200 duration:0.002s]
2024-12-15 00:29:07,615 - INFO - POST http://localhost:9201/nku_search/_search [status:200 duration:0.002s]
2024-12-15 00:29:07,617 - INFO - POST http://localhost:9201/nku_search/_search [status:200 duration:0.002s]
2024-12-15 00:29:07,619 - INFO - POST http://localhost:9201/nku_search/_search [status:200 duration:0.002s]
2024-12-15 00:29:07,621 - INFO - POST http://localhost:9201/nku_search/_search [status:200 duration:0.002s]
2024-12-15 00:29:07,623 - INFO - POST http://localhost:9201/nku_search/_search [status:200 duration:0.002s]
2024-12-15 00:29:07,626 - INFO - POST http://localhost:9201/nku_search/_search [status:200 duration:0.002s]
2024-12-15 00:29:07,629 - INFO - POST http://localhost:9201/nku_search/_search [status:200 duration:0.002s]
2024-12-15 00:29:07,631 - INFO - POST http://localhost:9201/nku_search/_search [status:200 duration:0.002s]
2024-12-15 00:29:07,634 - INFO - POST http://localhost:9201/nku_search/_search [status:200 duration:0.002s]
2024-12-15 00:29:07,636 - INFO - POST http://localhost:9201/nku_search/_search [status:200 duration:0.002s]
2024-12-15 00:29:07,638 - INFO - POST http://localhost:9201/nku_search/_search [status:200 duration:0.002s]
2024-12-15 00:29:07,641 - INFO - POST http://localhost:9201/nku_search/_search [status:200 duration:0.003s]
2024-12-15 00:29:07,643 - INFO - POST http://localhost:9201/nku_search/_search [status:200 duration:0.003s]
2024-12-15 00:29:07,646 - INFO - POST http://localhost:9201/nku_search/_search [status:200 duration:0.002s]
2024-12-15 00:29:07,650 - INFO - POST http://localhost:9201/nku_search/_search [status:200 duration:0.002s]
2024-12-15 00:29:07,652 - INFO - POST http://localhost:9201/nku_search/_search [status:200 duration:0.003s]
2024-12-15 00:29:07,655 - INFO - POST http://localhost:9201/nku_search/_search [status:200 duration:0.002s]
2024-12-15 00:29:07,658 - INFO - POST http://localhost:9201/nku_search/_search [status:200 duration:0.002s]
2024-12-15 00:29:07,660 - INFO - POST http://localhost:9201/nku_search/_search [status:200 duration:0.002s]
2024-12-15 00:29:07,664 - INFO - POST http://localhost:9201/nku_search/_search [status:200 duration:0.003s]
2024-12-15 00:29:07,666 - INFO - POST http://localhost:9201/nku_search/_search [status:200 duration:0.002s]
2024-12-15 00:29:07,667 - INFO - POST http://localhost:9201/nku_search/_search [status:200 duration:0.002s]
2024-12-15 00:29:07,670 - INFO - POST http://localhost:9201/nku_search/_search [status:200 duration:0.002s]
2024-12-15 00:29:07,671 - INFO - POST http://localhost:9201/nku_search/_search [status:200 duration:0.001s]
2024-12-15 00:29:07,673 - INFO - POST http://localhost:9201/nku_search/_search [status:200 duration:0.001s]
2024-12-15 00:29:07,675 - INFO - POST http://localhost:9201/nku_search/_search [status:200 duration:0.002s]
2024-12-15 00:29:07,677 - INFO - POST http://localhost:9201/nku_search/_search [status:200 duration:0.002s]
2024-12-15 00:29:07,679 - INFO - POST http://localhost:9201/nku_search/_search [status:200 duration:0.002s]
2024-12-15 00:29:07,681 - INFO - POST http://localhost:9201/nku_search/_search [status:200 duration:0.002s]
2024-12-15 00:29:07,683 - INFO - POST http://localhost:9201/nku_search/_search [status:200 duration:0.002s]
2024-12-15 00:29:07,685 - INFO - POST http://localhost:9201/nku_search/_search [status:200 duration:0.002s]
2024-12-15 00:29:07,687 - INFO - POST http://localhost:9201/nku_search/_search [status:200 duration:0.002s]
2024-12-15 00:29:07,689 - INFO - POST http://localhost:9201/nku_search/_search [status:200 duration:0.002s]
2024-12-15 00:29:07,691 - INFO - POST http://localhost:9201/nku_search/_search [status:200 duration:0.002s]
2024-12-15 00:29:07,692 - INFO - POST http://localhost:9201/nku_search/_search [status:200 duration:0.002s]
2024-12-15 00:29:07,694 - INFO - POST http://localhost:9201/nku_search/_search [status:200 duration:0.001s]
2024-12-15 00:29:07,696 - INFO - POST http://localhost:9201/nku_search/_search [status:200 duration:0.001s]
2024-12-15 00:29:07,697 - INFO - POST http://localhost:9201/nku_search/_search [status:200 duration:0.002s]
2024-12-15 00:29:07,699 - INFO - POST http://localhost:9201/nku_search/_search [status:200 duration:0.002s]
2024-12-15 00:29:07,701 - INFO - POST http://localhost:9201/nku_search/_search [status:200 duration:0.002s]
2024-12-15 00:29:07,702 - INFO - POST http://localhost:9201/nku_search/_search [status:200 duration:0.001s]
2024-12-15 00:29:07,704 - INFO - POST http://localhost:9201/nku_search/_search [status:200 duration:0.002s]
2024-12-15 00:29:07,706 - INFO - POST http://localhost:9201/nku_search/_search [status:200 duration:0.002s]
2024-12-15 00:29:07,708 - INFO - POST http://localhost:9201/nku_search/_search [status:200 duration:0.002s]
2024-12-15 00:29:07,710 - INFO - POST http://localhost:9201/nku_search/_search [status:200 duration:0.002s]
2024-12-15 00:29:07,713 - INFO - POST http://localhost:9201/nku_search/_search [status:200 duration:0.002s]
2024-12-15 00:29:07,715 - INFO - POST http://localhost:9201/nku_search/_search [status:200 duration:0.002s]
2024-12-15 00:29:07,718 - INFO - POST http://localhost:9201/nku_search/_search [status:200 duration:0.002s]
2024-12-15 00:29:07,719 - INFO - POST http://localhost:9201/nku_search/_search [status:200 duration:0.001s]
2024-12-15 00:29:07,721 - INFO - POST http://localhost:9201/nku_search/_search [status:200 duration:0.001s]
2024-12-15 00:29:07,723 - INFO - POST http://localhost:9201/nku_search/_search [status:200 duration:0.002s]
2024-12-15 00:29:07,725 - INFO - POST http://localhost:9201/nku_search/_search [status:200 duration:0.002s]
2024-12-15 00:29:07,727 - INFO - POST http://localhost:9201/nku_search/_search [status:200 duration:0.001s]
2024-12-15 00:29:07,729 - INFO - POST http://localhost:9201/nku_search/_search [status:200 duration:0.002s]
2024-12-15 00:29:07,732 - INFO - POST http://localhost:9201/nku_search/_search [status:200 duration:0.002s]
2024-12-15 00:29:07,735 - INFO - POST http://localhost:9201/nku_search/_search [status:200 duration:0.002s]
2024-12-15 00:29:07,738 - INFO - POST http://localhost:9201/nku_search/_search [status:200 duration:0.002s]
2024-12-15 00:29:07,739 - INFO - POST http://localhost:9201/nku_search/_search [status:200 duration:0.002s]
2024-12-15 00:29:07,742 - INFO - POST http://localhost:9201/nku_search/_search [status:200 duration:0.002s]
2024-12-15 00:29:07,744 - INFO - POST http://localhost:9201/nku_search/_search [status:200 duration:0.002s]
2024-12-15 00:29:07,746 - INFO - POST http://localhost:9201/nku_search/_search [status:200 duration:0.002s]
2024-12-15 00:29:07,749 - INFO - POST http://localhost:9201/nku_search/_search [status:200 duration:0.002s]
2024-12-15 00:29:07,751 - INFO - POST http://localhost:9201/nku_search/_search [status:200 duration:0.002s]
2024-12-15 00:29:07,753 - INFO - POST http://localhost:9201/nku_search/_search [status:200 duration:0.002s]
2024-12-15 00:29:07,756 - INFO - POST http://localhost:9201/nku_search/_search [status:200 duration:0.002s]
2024-12-15 00:29:07,758 - INFO - POST http://localhost:9201/nku_search/_search [status:200 duration:0.002s]
2024-12-15 00:29:07,761 - INFO - POST http://localhost:9201/nku_search/_search [status:200 duration:0.002s]
2024-12-15 00:29:07,763 - INFO - POST http://localhost:9201/nku_search/_search [status:200 duration:0.002s]
2024-12-15 00:29:07,766 - INFO - POST http://localhost:9201/nku_search/_search [status:200 duration:0.002s]
2024-12-15 00:29:07,769 - INFO - POST http://localhost:9201/nku_search/_search [status:200 duration:0.002s]
2024-12-15 00:29:07,771 - INFO - POST http://localhost:9201/nku_search/_search [status:200 duration:0.002s]
2024-12-15 00:29:07,774 - INFO - POST http://localhost:9201/nku_search/_search [status:200 duration:0.003s]
2024-12-15 00:29:07,777 - INFO - POST http://localhost:9201/nku_search/_search [status:200 duration:0.003s]
2024-12-15 00:29:07,780 - INFO - POST http://localhost:9201/nku_search/_search [status:200 duration:0.002s]
2024-12-15 00:29:07,782 - INFO - POST http://localhost:9201/nku_search/_search [status:200 duration:0.002s]
2024-12-15 00:29:07,784 - INFO - POST http://localhost:9201/nku_search/_search [status:200 duration:0.002s]
2024-12-15 00:29:07,787 - INFO - POST http://localhost:9201/nku_search/_search [status:200 duration:0.002s]
2024-12-15 00:29:07,789 - INFO - POST http://localhost:9201/nku_search/_search [status:200 duration:0.002s]
2024-12-15 00:29:07,792 - INFO - POST http://localhost:9201/nku_search/_search [status:200 duration:0.002s]
2024-12-15 00:29:07,794 - INFO - POST http://localhost:9201/nku_search/_search [status:200 duration:0.002s]
2024-12-15 00:29:07,796 - INFO - POST http://localhost:9201/nku_search/_search [status:200 duration:0.002s]
2024-12-15 00:29:07,798 - INFO - POST http://localhost:9201/nku_search/_search [status:200 duration:0.002s]
2024-12-15 00:29:07,802 - INFO - POST http://localhost:9201/nku_search/_search [status:200 duration:0.003s]
2024-12-15 00:29:07,804 - INFO - POST http://localhost:9201/nku_search/_search [status:200 duration:0.003s]
2024-12-15 00:29:07,807 - INFO - POST http://localhost:9201/nku_search/_search [status:200 duration:0.002s]
2024-12-15 00:29:07,809 - INFO - POST http://localhost:9201/nku_search/_search [status:200 duration:0.002s]
2024-12-15 00:29:07,812 - INFO - POST http://localhost:9201/nku_search/_search [status:200 duration:0.002s]
2024-12-15 00:29:07,814 - INFO - POST http://localhost:9201/nku_search/_search [status:200 duration:0.002s]
2024-12-15 00:29:07,816 - INFO - POST http://localhost:9201/nku_search/_search [status:200 duration:0.002s]
2024-12-15 00:29:07,819 - INFO - POST http://localhost:9201/nku_search/_search [status:200 duration:0.003s]
2024-12-15 00:29:07,822 - INFO - POST http://localhost:9201/nku_search/_search [status:200 duration:0.003s]
2024-12-15 00:29:07,825 - INFO - POST http://localhost:9201/nku_search/_search [status:200 duration:0.002s]
2024-12-15 00:29:07,828 - INFO - POST http://localhost:9201/nku_search/_search [status:200 duration:0.003s]
2024-12-15 00:29:07,832 - INFO - POST http://localhost:9201/nku_search/_search [status:200 duration:0.004s]
2024-12-15 00:29:07,834 - INFO - POST http://localhost:9201/nku_search/_search [status:200 duration:0.002s]
2024-12-15 00:29:07,836 - INFO - POST http://localhost:9201/nku_search/_search [status:200 duration:0.002s]
2024-12-15 00:29:07,839 - INFO - POST http://localhost:9201/nku_search/_search [status:200 duration:0.002s]
2024-12-15 00:29:07,842 - INFO - POST http://localhost:9201/nku_search/_search [status:200 duration:0.003s]
2024-12-15 00:29:07,845 - INFO - POST http://localhost:9201/nku_search/_search [status:200 duration:0.003s]
2024-12-15 00:29:07,846 - INFO - POST http://localhost:9201/nku_search/_search [status:200 duration:0.002s]
2024-12-15 00:29:07,849 - INFO - POST http://localhost:9201/nku_search/_search [status:200 duration:0.002s]
2024-12-15 00:29:07,853 - INFO - POST http://localhost:9201/nku_search/_search [status:200 duration:0.003s]
2024-12-15 00:29:07,855 - INFO - POST http://localhost:9201/nku_search/_search [status:200 duration:0.002s]
2024-12-15 00:29:07,858 - INFO - POST http://localhost:9201/nku_search/_search [status:200 duration:0.003s]
2024-12-15 00:29:07,860 - INFO - POST http://localhost:9201/nku_search/_search [status:200 duration:0.002s]
2024-12-15 00:29:07,863 - INFO - POST http://localhost:9201/nku_search/_search [status:200 duration:0.002s]
2024-12-15 00:29:07,866 - INFO - POST http://localhost:9201/nku_search/_search [status:200 duration:0.002s]
2024-12-15 00:29:07,868 - INFO - POST http://localhost:9201/nku_search/_search [status:200 duration:0.002s]
2024-12-15 00:29:07,871 - INFO - POST http://localhost:9201/nku_search/_search [status:200 duration:0.002s]
2024-12-15 00:29:07,873 - INFO - POST http://localhost:9201/nku_search/_search [status:200 duration:0.002s]
2024-12-15 00:29:07,876 - INFO - POST http://localhost:9201/nku_search/_search [status:200 duration:0.003s]
2024-12-15 00:29:07,878 - INFO - POST http://localhost:9201/nku_search/_search [status:200 duration:0.002s]
2024-12-15 00:29:07,880 - INFO - POST http://localhost:9201/nku_search/_search [status:200 duration:0.002s]
2024-12-15 00:29:07,883 - INFO - POST http://localhost:9201/nku_search/_search [status:200 duration:0.002s]
2024-12-15 00:29:07,885 - INFO - POST http://localhost:9201/nku_search/_search [status:200 duration:0.002s]
2024-12-15 00:29:07,888 - INFO - POST http://localhost:9201/nku_search/_search [status:200 duration:0.002s]
2024-12-15 00:29:07,890 - INFO - POST http://localhost:9201/nku_search/_search [status:200 duration:0.002s]
2024-12-15 00:29:07,893 - INFO - POST http://localhost:9201/nku_search/_search [status:200 duration:0.002s]
2024-12-15 00:29:07,895 - INFO - POST http://localhost:9201/nku_search/_search [status:200 duration:0.002s]
2024-12-15 00:29:07,897 - INFO - POST http://localhost:9201/nku_search/_search [status:200 duration:0.002s]
2024-12-15 00:29:07,900 - INFO - POST http://localhost:9201/nku_search/_search [status:200 duration:0.002s]
2024-12-15 00:29:07,901 - INFO - POST http://localhost:9201/nku_search/_search [status:200 duration:0.002s]
2024-12-15 00:29:07,904 - INFO - POST http://localhost:9201/nku_search/_search [status:200 duration:0.002s]
2024-12-15 00:29:07,906 - INFO - POST http://localhost:9201/nku_search/_search [status:200 duration:0.002s]
2024-12-15 00:29:07,908 - INFO - POST http://localhost:9201/nku_search/_search [status:200 duration:0.002s]
2024-12-15 00:29:07,910 - INFO - POST http://localhost:9201/nku_search/_search [status:200 duration:0.002s]
2024-12-15 00:29:07,912 - INFO - POST http://localhost:9201/nku_search/_search [status:200 duration:0.002s]
2024-12-15 00:29:07,914 - INFO - POST http://localhost:9201/nku_search/_search [status:200 duration:0.002s]
2024-12-15 00:29:07,916 - INFO - POST http://localhost:9201/nku_search/_search [status:200 duration:0.002s]
2024-12-15 00:29:07,920 - INFO - POST http://localhost:9201/nku_search/_search [status:200 duration:0.003s]
2024-12-15 00:29:07,922 - INFO - POST http://localhost:9201/nku_search/_search [status:200 duration:0.002s]
2024-12-15 00:29:07,925 - INFO - POST http://localhost:9201/nku_search/_search [status:200 duration:0.002s]
2024-12-15 00:29:07,928 - INFO - POST http://localhost:9201/nku_search/_search [status:200 duration:0.002s]
2024-12-15 00:29:07,930 - INFO - POST http://localhost:9201/nku_search/_search [status:200 duration:0.002s]
2024-12-15 00:29:07,933 - INFO - POST http://localhost:9201/nku_search/_search [status:200 duration:0.003s]
2024-12-15 00:29:07,935 - INFO - POST http://localhost:9201/nku_search/_search [status:200 duration:0.002s]
2024-12-15 00:29:07,937 - INFO - POST http://localhost:9201/nku_search/_search [status:200 duration:0.002s]
2024-12-15 00:29:07,939 - INFO - POST http://localhost:9201/nku_search/_search [status:200 duration:0.002s]
2024-12-15 00:29:07,940 - INFO - POST http://localhost:9201/nku_search/_search [status:200 duration:0.002s]
2024-12-15 00:29:07,942 - INFO - POST http://localhost:9201/nku_search/_search [status:200 duration:0.002s]
2024-12-15 00:29:07,944 - INFO - POST http://localhost:9201/nku_search/_search [status:200 duration:0.001s]
2024-12-15 00:29:07,946 - INFO - POST http://localhost:9201/nku_search/_search [status:200 duration:0.002s]
2024-12-15 00:29:07,948 - INFO - POST http://localhost:9201/nku_search/_search [status:200 duration:0.002s]
2024-12-15 00:29:07,950 - INFO - POST http://localhost:9201/nku_search/_search [status:200 duration:0.002s]
2024-12-15 00:29:07,952 - INFO - POST http://localhost:9201/nku_search/_search [status:200 duration:0.002s]
2024-12-15 00:29:07,955 - INFO - POST http://localhost:9201/nku_search/_search [status:200 duration:0.003s]
2024-12-15 00:29:07,957 - INFO - POST http://localhost:9201/nku_search/_search [status:200 duration:0.002s]
2024-12-15 00:29:07,959 - INFO - POST http://localhost:9201/nku_search/_search [status:200 duration:0.002s]
2024-12-15 00:29:07,961 - INFO - POST http://localhost:9201/nku_search/_search [status:200 duration:0.002s]
2024-12-15 00:29:07,964 - INFO - POST http://localhost:9201/nku_search/_search [status:200 duration:0.003s]
2024-12-15 00:29:07,967 - INFO - POST http://localhost:9201/nku_search/_search [status:200 duration:0.002s]
2024-12-15 00:29:07,969 - INFO - POST http://localhost:9201/nku_search/_search [status:200 duration:0.002s]
2024-12-15 00:29:07,970 - INFO - POST http://localhost:9201/nku_search/_search [status:200 duration:0.002s]
2024-12-15 00:29:07,973 - INFO - POST http://localhost:9201/nku_search/_search [status:200 duration:0.002s]
2024-12-15 00:29:07,975 - INFO - POST http://localhost:9201/nku_search/_search [status:200 duration:0.002s]
2024-12-15 00:29:07,977 - INFO - POST http://localhost:9201/nku_search/_search [status:200 duration:0.002s]
2024-12-15 00:29:07,980 - INFO - POST http://localhost:9201/nku_search/_search [status:200 duration:0.002s]
2024-12-15 00:29:07,981 - INFO - POST http://localhost:9201/nku_search/_search [status:200 duration:0.002s]
2024-12-15 00:29:07,983 - INFO - POST http://localhost:9201/nku_search/_search [status:200 duration:0.002s]
2024-12-15 00:29:07,985 - INFO - POST http://localhost:9201/nku_search/_search [status:200 duration:0.002s]
2024-12-15 00:29:07,987 - INFO - POST http://localhost:9201/nku_search/_search [status:200 duration:0.001s]
2024-12-15 00:29:07,990 - INFO - POST http://localhost:9201/nku_search/_search [status:200 duration:0.002s]
2024-12-15 00:29:07,992 - INFO - POST http://localhost:9201/nku_search/_search [status:200 duration:0.002s]
2024-12-15 00:29:07,994 - INFO - POST http://localhost:9201/nku_search/_search [status:200 duration:0.002s]
2024-12-15 00:29:07,996 - INFO - POST http://localhost:9201/nku_search/_search [status:200 duration:0.002s]
2024-12-15 00:29:07,998 - INFO - POST http://localhost:9201/nku_search/_search [status:200 duration:0.002s]
2024-12-15 00:29:08,000 - INFO - POST http://localhost:9201/nku_search/_search [status:200 duration:0.002s]
2024-12-15 00:29:08,002 - INFO - POST http://localhost:9201/nku_search/_search [status:200 duration:0.002s]
2024-12-15 00:29:08,005 - INFO - POST http://localhost:9201/nku_search/_search [status:200 duration:0.002s]
2024-12-15 00:29:08,007 - INFO - POST http://localhost:9201/nku_search/_search [status:200 duration:0.002s]
2024-12-15 00:29:08,010 - INFO - POST http://localhost:9201/nku_search/_search [status:200 duration:0.003s]
2024-12-15 00:29:08,012 - INFO - POST http://localhost:9201/nku_search/_search [status:200 duration:0.002s]
2024-12-15 00:29:08,014 - INFO - POST http://localhost:9201/nku_search/_search [status:200 duration:0.002s]
2024-12-15 00:29:08,016 - INFO - POST http://localhost:9201/nku_search/_search [status:200 duration:0.002s]
2024-12-15 00:29:08,018 - INFO - POST http://localhost:9201/nku_search/_search [status:200 duration:0.001s]
2024-12-15 00:29:08,021 - INFO - POST http://localhost:9201/nku_search/_search [status:200 duration:0.002s]
2024-12-15 00:29:08,024 - INFO - POST http://localhost:9201/nku_search/_search [status:200 duration:0.002s]
2024-12-15 00:29:08,027 - INFO - POST http://localhost:9201/nku_search/_search [status:200 duration:0.003s]
2024-12-15 00:29:08,029 - INFO - POST http://localhost:9201/nku_search/_search [status:200 duration:0.002s]
2024-12-15 00:29:08,031 - INFO - POST http://localhost:9201/nku_search/_search [status:200 duration:0.002s]
2024-12-15 00:29:08,033 - INFO - POST http://localhost:9201/nku_search/_search [status:200 duration:0.002s]
2024-12-15 00:29:08,035 - INFO - POST http://localhost:9201/nku_search/_search [status:200 duration:0.002s]
2024-12-15 00:29:08,036 - INFO - POST http://localhost:9201/nku_search/_search [status:200 duration:0.002s]
2024-12-15 00:29:08,038 - INFO - POST http://localhost:9201/nku_search/_search [status:200 duration:0.001s]
2024-12-15 00:29:08,040 - INFO - POST http://localhost:9201/nku_search/_search [status:200 duration:0.001s]
2024-12-15 00:29:08,041 - INFO - POST http://localhost:9201/nku_search/_search [status:200 duration:0.001s]
2024-12-15 00:29:08,044 - INFO - POST http://localhost:9201/nku_search/_search [status:200 duration:0.002s]
2024-12-15 00:29:08,045 - INFO - POST http://localhost:9201/nku_search/_search [status:200 duration:0.002s]
2024-12-15 00:29:08,047 - INFO - POST http://localhost:9201/nku_search/_search [status:200 duration:0.002s]
2024-12-15 00:29:08,048 - INFO - POST http://localhost:9201/nku_search/_search [status:200 duration:0.001s]
2024-12-15 00:29:08,050 - INFO - POST http://localhost:9201/nku_search/_search [status:200 duration:0.002s]
2024-12-15 00:29:08,053 - INFO - POST http://localhost:9201/nku_search/_search [status:200 duration:0.002s]
2024-12-15 00:29:08,055 - INFO - POST http://localhost:9201/nku_search/_search [status:200 duration:0.002s]
2024-12-15 00:29:08,057 - INFO - POST http://localhost:9201/nku_search/_search [status:200 duration:0.002s]
2024-12-15 00:29:08,059 - INFO - POST http://localhost:9201/nku_search/_search [status:200 duration:0.002s]
2024-12-15 00:29:08,061 - INFO - POST http://localhost:9201/nku_search/_search [status:200 duration:0.002s]
2024-12-15 00:29:08,063 - INFO - POST http://localhost:9201/nku_search/_search [status:200 duration:0.002s]
2024-12-15 00:29:08,065 - INFO - POST http://localhost:9201/nku_search/_search [status:200 duration:0.001s]
2024-12-15 00:29:08,067 - INFO - POST http://localhost:9201/nku_search/_search [status:200 duration:0.002s]
2024-12-15 00:29:08,069 - INFO - POST http://localhost:9201/nku_search/_search [status:200 duration:0.002s]
2024-12-15 00:29:08,071 - INFO - POST http://localhost:9201/nku_search/_search [status:200 duration:0.001s]
2024-12-15 00:29:08,072 - INFO - POST http://localhost:9201/nku_search/_search [status:200 duration:0.002s]
2024-12-15 00:29:08,075 - INFO - POST http://localhost:9201/nku_search/_search [status:200 duration:0.002s]
2024-12-15 00:29:08,077 - INFO - POST http://localhost:9201/nku_search/_search [status:200 duration:0.002s]
2024-12-15 00:29:08,078 - INFO - POST http://localhost:9201/nku_search/_search [status:200 duration:0.002s]
2024-12-15 00:29:08,081 - INFO - POST http://localhost:9201/nku_search/_search [status:200 duration:0.002s]
2024-12-15 00:29:08,083 - INFO - POST http://localhost:9201/nku_search/_search [status:200 duration:0.002s]
2024-12-15 00:29:08,084 - INFO - POST http://localhost:9201/nku_search/_search [status:200 duration:0.002s]
2024-12-15 00:29:08,086 - INFO - POST http://localhost:9201/nku_search/_search [status:200 duration:0.001s]
2024-12-15 00:29:08,088 - INFO - POST http://localhost:9201/nku_search/_search [status:200 duration:0.001s]
2024-12-15 00:29:08,090 - INFO - POST http://localhost:9201/nku_search/_search [status:200 duration:0.002s]
2024-12-15 00:29:08,092 - INFO - POST http://localhost:9201/nku_search/_search [status:200 duration:0.002s]
2024-12-15 00:29:08,094 - INFO - POST http://localhost:9201/nku_search/_search [status:200 duration:0.001s]
2024-12-15 00:29:08,095 - INFO - POST http://localhost:9201/nku_search/_search [status:200 duration:0.002s]
2024-12-15 00:29:08,097 - INFO - POST http://localhost:9201/nku_search/_search [status:200 duration:0.002s]
2024-12-15 00:29:08,099 - INFO - POST http://localhost:9201/nku_search/_search [status:200 duration:0.002s]
2024-12-15 00:29:08,101 - INFO - POST http://localhost:9201/nku_search/_search [status:200 duration:0.002s]
2024-12-15 00:29:08,102 - INFO - POST http://localhost:9201/nku_search/_search [status:200 duration:0.002s]
2024-12-15 00:29:08,105 - INFO - POST http://localhost:9201/nku_search/_search [status:200 duration:0.002s]
2024-12-15 00:29:08,107 - INFO - POST http://localhost:9201/nku_search/_search [status:200 duration:0.002s]
2024-12-15 00:29:08,109 - INFO - POST http://localhost:9201/nku_search/_search [status:200 duration:0.002s]
2024-12-15 00:29:08,111 - INFO - POST http://localhost:9201/nku_search/_search [status:200 duration:0.002s]
2024-12-15 00:29:08,114 - INFO - POST http://localhost:9201/nku_search/_search [status:200 duration:0.002s]
2024-12-15 00:29:08,117 - INFO - POST http://localhost:9201/nku_search/_search [status:200 duration:0.003s]
2024-12-15 00:29:08,119 - INFO - POST http://localhost:9201/nku_search/_search [status:200 duration:0.003s]
2024-12-15 00:29:08,122 - INFO - POST http://localhost:9201/nku_search/_search [status:200 duration:0.002s]
2024-12-15 00:29:08,125 - INFO - POST http://localhost:9201/nku_search/_search [status:200 duration:0.004s]
2024-12-15 00:29:08,130 - INFO - POST http://localhost:9201/nku_search/_search [status:200 duration:0.004s]
2024-12-15 00:29:08,131 - INFO - POST http://localhost:9201/nku_search/_search [status:200 duration:0.002s]
2024-12-15 00:29:08,134 - INFO - POST http://localhost:9201/nku_search/_search [status:200 duration:0.002s]
2024-12-15 00:29:08,136 - INFO - POST http://localhost:9201/nku_search/_search [status:200 duration:0.002s]
2024-12-15 00:29:08,138 - INFO - POST http://localhost:9201/nku_search/_search [status:200 duration:0.002s]
2024-12-15 00:29:08,139 - INFO - POST http://localhost:9201/nku_search/_search [status:200 duration:0.001s]
2024-12-15 00:29:08,142 - INFO - POST http://localhost:9201/nku_search/_search [status:200 duration:0.002s]
2024-12-15 00:29:08,143 - INFO - POST http://localhost:9201/nku_search/_search [status:200 duration:0.002s]
2024-12-15 00:29:08,145 - INFO - POST http://localhost:9201/nku_search/_search [status:200 duration:0.002s]
2024-12-15 00:29:08,147 - INFO - POST http://localhost:9201/nku_search/_search [status:200 duration:0.002s]
2024-12-15 00:29:08,148 - INFO - POST http://localhost:9201/nku_search/_search [status:200 duration:0.002s]
2024-12-15 00:29:08,150 - INFO - POST http://localhost:9201/nku_search/_search [status:200 duration:0.002s]
2024-12-15 00:29:08,152 - INFO - POST http://localhost:9201/nku_search/_search [status:200 duration:0.002s]
2024-12-15 00:29:08,155 - INFO - POST http://localhost:9201/nku_search/_search [status:200 duration:0.002s]
2024-12-15 00:29:08,157 - INFO - POST http://localhost:9201/nku_search/_search [status:200 duration:0.002s]
2024-12-15 00:29:08,158 - INFO - POST http://localhost:9201/nku_search/_search [status:200 duration:0.001s]
2024-12-15 00:29:08,162 - INFO - POST http://localhost:9201/nku_search/_search [status:200 duration:0.002s]
2024-12-15 00:29:08,164 - INFO - POST http://localhost:9201/nku_search/_search [status:200 duration:0.002s]
2024-12-15 00:29:08,165 - INFO - POST http://localhost:9201/nku_search/_search [status:200 duration:0.002s]
2024-12-15 00:29:08,167 - INFO - POST http://localhost:9201/nku_search/_search [status:200 duration:0.002s]
2024-12-15 00:29:08,169 - INFO - POST http://localhost:9201/nku_search/_search [status:200 duration:0.002s]
2024-12-15 00:29:08,171 - INFO - POST http://localhost:9201/nku_search/_search [status:200 duration:0.002s]
2024-12-15 00:29:08,173 - INFO - POST http://localhost:9201/nku_search/_search [status:200 duration:0.002s]
2024-12-15 00:29:08,175 - INFO - POST http://localhost:9201/nku_search/_search [status:200 duration:0.001s]
2024-12-15 00:29:08,177 - INFO - POST http://localhost:9201/nku_search/_search [status:200 duration:0.002s]
2024-12-15 00:29:08,179 - INFO - POST http://localhost:9201/nku_search/_search [status:200 duration:0.002s]
2024-12-15 00:29:08,181 - INFO - POST http://localhost:9201/nku_search/_search [status:200 duration:0.002s]
2024-12-15 00:29:08,183 - INFO - POST http://localhost:9201/nku_search/_search [status:200 duration:0.001s]
2024-12-15 00:29:08,187 - INFO - POST http://localhost:9201/nku_search/_search [status:200 duration:0.004s]
2024-12-15 00:29:08,190 - INFO - POST http://localhost:9201/nku_search/_search [status:200 duration:0.003s]
2024-12-15 00:29:08,192 - INFO - POST http://localhost:9201/nku_search/_search [status:200 duration:0.002s]
2024-12-15 00:29:08,194 - INFO - POST http://localhost:9201/nku_search/_search [status:200 duration:0.002s]
2024-12-15 00:29:08,196 - INFO - POST http://localhost:9201/nku_search/_search [status:200 duration:0.002s]
2024-12-15 00:29:08,198 - INFO - POST http://localhost:9201/nku_search/_search [status:200 duration:0.002s]
2024-12-15 00:29:08,199 - INFO - POST http://localhost:9201/nku_search/_search [status:200 duration:0.001s]
2024-12-15 00:29:08,201 - INFO - POST http://localhost:9201/nku_search/_search [status:200 duration:0.002s]
2024-12-15 00:29:08,203 - INFO - POST http://localhost:9201/nku_search/_search [status:200 duration:0.002s]
2024-12-15 00:29:08,206 - INFO - POST http://localhost:9201/nku_search/_search [status:200 duration:0.002s]
2024-12-15 00:29:08,208 - INFO - POST http://localhost:9201/nku_search/_search [status:200 duration:0.001s]
2024-12-15 00:29:08,210 - INFO - POST http://localhost:9201/nku_search/_search [status:200 duration:0.002s]
2024-12-15 00:29:08,212 - INFO - POST http://localhost:9201/nku_search/_search [status:200 duration:0.002s]
2024-12-15 00:29:08,216 - INFO - POST http://localhost:9201/nku_search/_search [status:200 duration:0.004s]
2024-12-15 00:29:08,220 - INFO - POST http://localhost:9201/nku_search/_search [status:200 duration:0.004s]
2024-12-15 00:29:08,223 - INFO - POST http://localhost:9201/nku_search/_search [status:200 duration:0.002s]
2024-12-15 00:29:08,225 - INFO - POST http://localhost:9201/nku_search/_search [status:200 duration:0.002s]
2024-12-15 00:29:08,232 - INFO - POST http://localhost:9201/nku_search/_search [status:200 duration:0.006s]
2024-12-15 00:29:08,233 - INFO - POST http://localhost:9201/nku_search/_search [status:200 duration:0.002s]
2024-12-15 00:29:08,235 - INFO - POST http://localhost:9201/nku_search/_search [status:200 duration:0.001s]
2024-12-15 00:29:08,237 - INFO - POST http://localhost:9201/nku_search/_search [status:200 duration:0.002s]
2024-12-15 00:29:08,239 - INFO - POST http://localhost:9201/nku_search/_search [status:200 duration:0.001s]
2024-12-15 00:29:08,241 - INFO - POST http://localhost:9201/nku_search/_search [status:200 duration:0.002s]
2024-12-15 00:29:08,244 - INFO - POST http://localhost:9201/nku_search/_search [status:200 duration:0.002s]
2024-12-15 00:29:08,245 - INFO - POST http://localhost:9201/nku_search/_search [status:200 duration:0.002s]
2024-12-15 00:29:08,248 - INFO - POST http://localhost:9201/nku_search/_search [status:200 duration:0.002s]
2024-12-15 00:29:08,251 - INFO - POST http://localhost:9201/nku_search/_search [status:200 duration:0.002s]
2024-12-15 00:29:08,253 - INFO - POST http://localhost:9201/nku_search/_search [status:200 duration:0.002s]
2024-12-15 00:29:08,255 - INFO - POST http://localhost:9201/nku_search/_search [status:200 duration:0.002s]
2024-12-15 00:29:08,259 - INFO - POST http://localhost:9201/nku_search/_search [status:200 duration:0.003s]
2024-12-15 00:29:08,261 - INFO - POST http://localhost:9201/nku_search/_search [status:200 duration:0.002s]
2024-12-15 00:29:08,264 - INFO - POST http://localhost:9201/nku_search/_search [status:200 duration:0.002s]
2024-12-15 00:29:08,267 - INFO - POST http://localhost:9201/nku_search/_search [status:200 duration:0.003s]
2024-12-15 00:29:08,269 - INFO - POST http://localhost:9201/nku_search/_search [status:200 duration:0.001s]
2024-12-15 00:29:08,272 - INFO - POST http://localhost:9201/nku_search/_search [status:200 duration:0.003s]
2024-12-15 00:29:08,274 - INFO - POST http://localhost:9201/nku_search/_search [status:200 duration:0.002s]
2024-12-15 00:29:08,276 - INFO - POST http://localhost:9201/nku_search/_search [status:200 duration:0.002s]
2024-12-15 00:29:08,278 - INFO - POST http://localhost:9201/nku_search/_search [status:200 duration:0.002s]
2024-12-15 00:29:08,281 - INFO - POST http://localhost:9201/nku_search/_search [status:200 duration:0.002s]
2024-12-15 00:29:08,283 - INFO - POST http://localhost:9201/nku_search/_search [status:200 duration:0.002s]
2024-12-15 00:29:08,285 - INFO - POST http://localhost:9201/nku_search/_search [status:200 duration:0.002s]
2024-12-15 00:29:08,287 - INFO - POST http://localhost:9201/nku_search/_search [status:200 duration:0.002s]
2024-12-15 00:29:08,290 - INFO - POST http://localhost:9201/nku_search/_search [status:200 duration:0.002s]
2024-12-15 00:29:08,292 - INFO - POST http://localhost:9201/nku_search/_search [status:200 duration:0.002s]
2024-12-15 00:29:08,294 - INFO - POST http://localhost:9201/nku_search/_search [status:200 duration:0.002s]
2024-12-15 00:29:08,297 - INFO - POST http://localhost:9201/nku_search/_search [status:200 duration:0.002s]
2024-12-15 00:29:08,298 - INFO - POST http://localhost:9201/nku_search/_search [status:200 duration:0.001s]
2024-12-15 00:29:08,300 - INFO - POST http://localhost:9201/nku_search/_search [status:200 duration:0.002s]
2024-12-15 00:29:08,302 - INFO - POST http://localhost:9201/nku_search/_search [status:200 duration:0.002s]
2024-12-15 00:29:08,304 - INFO - POST http://localhost:9201/nku_search/_search [status:200 duration:0.002s]
2024-12-15 00:29:08,306 - INFO - POST http://localhost:9201/nku_search/_search [status:200 duration:0.002s]
2024-12-15 00:29:08,307 - INFO - POST http://localhost:9201/nku_search/_search [status:200 duration:0.002s]
2024-12-15 00:29:08,309 - INFO - POST http://localhost:9201/nku_search/_search [status:200 duration:0.002s]
2024-12-15 00:29:08,311 - INFO - POST http://localhost:9201/nku_search/_search [status:200 duration:0.002s]
2024-12-15 00:29:08,313 - INFO - POST http://localhost:9201/nku_search/_search [status:200 duration:0.002s]
2024-12-15 00:29:08,314 - INFO - POST http://localhost:9201/nku_search/_search [status:200 duration:0.002s]
2024-12-15 00:29:08,316 - INFO - POST http://localhost:9201/nku_search/_search [status:200 duration:0.002s]
2024-12-15 00:29:08,318 - INFO - POST http://localhost:9201/nku_search/_search [status:200 duration:0.002s]
2024-12-15 00:29:08,321 - INFO - POST http://localhost:9201/nku_search/_search [status:200 duration:0.002s]
2024-12-15 00:29:08,326 - INFO - POST http://localhost:9201/nku_search/_search [status:200 duration:0.006s]
2024-12-15 00:29:08,329 - INFO - POST http://localhost:9201/nku_search/_search [status:200 duration:0.002s]
2024-12-15 00:29:08,331 - INFO - POST http://localhost:9201/nku_search/_search [status:200 duration:0.002s]
2024-12-15 00:29:08,333 - INFO - POST http://localhost:9201/nku_search/_search [status:200 duration:0.002s]
2024-12-15 00:29:08,336 - INFO - POST http://localhost:9201/nku_search/_search [status:200 duration:0.002s]
2024-12-15 00:29:08,338 - INFO - POST http://localhost:9201/nku_search/_search [status:200 duration:0.002s]
2024-12-15 00:29:08,340 - INFO - POST http://localhost:9201/nku_search/_search [status:200 duration:0.002s]
2024-12-15 00:29:08,344 - INFO - POST http://localhost:9201/nku_search/_search [status:200 duration:0.003s]
2024-12-15 00:29:08,346 - INFO - POST http://localhost:9201/nku_search/_search [status:200 duration:0.003s]
2024-12-15 00:29:08,349 - INFO - POST http://localhost:9201/nku_search/_search [status:200 duration:0.002s]
2024-12-15 00:29:08,351 - INFO - POST http://localhost:9201/nku_search/_search [status:200 duration:0.002s]
2024-12-15 00:29:08,354 - INFO - POST http://localhost:9201/nku_search/_search [status:200 duration:0.002s]
2024-12-15 00:29:08,357 - INFO - POST http://localhost:9201/nku_search/_search [status:200 duration:0.002s]
2024-12-15 00:29:08,360 - INFO - POST http://localhost:9201/nku_search/_search [status:200 duration:0.003s]
2024-12-15 00:29:08,363 - INFO - POST http://localhost:9201/nku_search/_search [status:200 duration:0.003s]
2024-12-15 00:29:08,366 - INFO - POST http://localhost:9201/nku_search/_search [status:200 duration:0.003s]
2024-12-15 00:29:08,368 - INFO - POST http://localhost:9201/nku_search/_search [status:200 duration:0.002s]
2024-12-15 00:29:08,371 - INFO - POST http://localhost:9201/nku_search/_search [status:200 duration:0.002s]
2024-12-15 00:29:08,374 - INFO - POST http://localhost:9201/nku_search/_search [status:200 duration:0.002s]
2024-12-15 00:29:08,376 - INFO - POST http://localhost:9201/nku_search/_search [status:200 duration:0.002s]
2024-12-15 00:29:08,379 - INFO - POST http://localhost:9201/nku_search/_search [status:200 duration:0.002s]
2024-12-15 00:29:08,382 - INFO - POST http://localhost:9201/nku_search/_search [status:200 duration:0.002s]
2024-12-15 00:29:08,385 - INFO - POST http://localhost:9201/nku_search/_search [status:200 duration:0.003s]
2024-12-15 00:29:08,388 - INFO - POST http://localhost:9201/nku_search/_search [status:200 duration:0.003s]
2024-12-15 00:29:08,392 - INFO - POST http://localhost:9201/nku_search/_search [status:200 duration:0.004s]
2024-12-15 00:29:08,394 - INFO - POST http://localhost:9201/nku_search/_search [status:200 duration:0.002s]
2024-12-15 00:29:08,397 - INFO - POST http://localhost:9201/nku_search/_search [status:200 duration:0.003s]
2024-12-15 00:29:08,400 - INFO - POST http://localhost:9201/nku_search/_search [status:200 duration:0.003s]
2024-12-15 00:29:08,403 - INFO - POST http://localhost:9201/nku_search/_search [status:200 duration:0.003s]
2024-12-15 00:29:08,404 - INFO - POST http://localhost:9201/nku_search/_search [status:200 duration:0.002s]
2024-12-15 00:29:08,407 - INFO - POST http://localhost:9201/nku_search/_search [status:200 duration:0.003s]
2024-12-15 00:29:08,409 - INFO - POST http://localhost:9201/nku_search/_search [status:200 duration:0.003s]
2024-12-15 00:29:08,411 - INFO - POST http://localhost:9201/nku_search/_search [status:200 duration:0.002s]
2024-12-15 00:29:08,414 - INFO - POST http://localhost:9201/nku_search/_search [status:200 duration:0.002s]
2024-12-15 00:29:08,418 - INFO - POST http://localhost:9201/nku_search/_search [status:200 duration:0.004s]
2024-12-15 00:29:08,422 - INFO - POST http://localhost:9201/nku_search/_search [status:200 duration:0.004s]
2024-12-15 00:29:08,425 - INFO - POST http://localhost:9201/nku_search/_search [status:200 duration:0.003s]
2024-12-15 00:29:08,429 - INFO - POST http://localhost:9201/nku_search/_search [status:200 duration:0.004s]
2024-12-15 00:29:08,433 - INFO - POST http://localhost:9201/nku_search/_search [status:200 duration:0.004s]
2024-12-15 00:29:08,437 - INFO - POST http://localhost:9201/nku_search/_search [status:200 duration:0.003s]
2024-12-15 00:29:08,440 - INFO - POST http://localhost:9201/nku_search/_search [status:200 duration:0.003s]
2024-12-15 00:29:08,444 - INFO - POST http://localhost:9201/nku_search/_search [status:200 duration:0.003s]
2024-12-15 00:29:08,447 - INFO - POST http://localhost:9201/nku_search/_search [status:200 duration:0.003s]
2024-12-15 00:29:08,450 - INFO - POST http://localhost:9201/nku_search/_search [status:200 duration:0.003s]
2024-12-15 00:29:08,454 - INFO - POST http://localhost:9201/nku_search/_search [status:200 duration:0.004s]
2024-12-15 00:29:08,458 - INFO - POST http://localhost:9201/nku_search/_search [status:200 duration:0.003s]
2024-12-15 00:29:08,461 - INFO - POST http://localhost:9201/nku_search/_search [status:200 duration:0.002s]
2024-12-15 00:29:08,464 - INFO - POST http://localhost:9201/nku_search/_search [status:200 duration:0.003s]
2024-12-15 00:29:08,467 - INFO - POST http://localhost:9201/nku_search/_search [status:200 duration:0.002s]
2024-12-15 00:29:08,471 - INFO - POST http://localhost:9201/nku_search/_search [status:200 duration:0.003s]
2024-12-15 00:29:08,473 - INFO - POST http://localhost:9201/nku_search/_search [status:200 duration:0.003s]
2024-12-15 00:29:08,476 - INFO - POST http://localhost:9201/nku_search/_search [status:200 duration:0.003s]
2024-12-15 00:29:08,478 - INFO - POST http://localhost:9201/nku_search/_search [status:200 duration:0.002s]
2024-12-15 00:29:08,481 - INFO - POST http://localhost:9201/nku_search/_search [status:200 duration:0.003s]
2024-12-15 00:29:08,484 - INFO - POST http://localhost:9201/nku_search/_search [status:200 duration:0.003s]
2024-12-15 00:29:08,486 - INFO - POST http://localhost:9201/nku_search/_search [status:200 duration:0.003s]
2024-12-15 00:29:08,490 - INFO - POST http://localhost:9201/nku_search/_search [status:200 duration:0.003s]
2024-12-15 00:29:08,494 - INFO - POST http://localhost:9201/nku_search/_search [status:200 duration:0.004s]
2024-12-15 00:29:08,497 - INFO - POST http://localhost:9201/nku_search/_search [status:200 duration:0.003s]
2024-12-15 00:29:08,500 - INFO - POST http://localhost:9201/nku_search/_search [status:200 duration:0.003s]
2024-12-15 00:29:08,503 - INFO - POST http://localhost:9201/nku_search/_search [status:200 duration:0.003s]
2024-12-15 00:29:08,506 - INFO - POST http://localhost:9201/nku_search/_search [status:200 duration:0.003s]
2024-12-15 00:29:08,508 - INFO - POST http://localhost:9201/nku_search/_search [status:200 duration:0.002s]
2024-12-15 00:29:08,511 - INFO - POST http://localhost:9201/nku_search/_search [status:200 duration:0.002s]
2024-12-15 00:29:08,513 - INFO - POST http://localhost:9201/nku_search/_search [status:200 duration:0.003s]
2024-12-15 00:29:08,516 - INFO - POST http://localhost:9201/nku_search/_search [status:200 duration:0.003s]
2024-12-15 00:29:08,519 - INFO - POST http://localhost:9201/nku_search/_search [status:200 duration:0.003s]
2024-12-15 00:29:08,521 - INFO - POST http://localhost:9201/nku_search/_search [status:200 duration:0.002s]
2024-12-15 00:29:08,524 - INFO - POST http://localhost:9201/nku_search/_search [status:200 duration:0.002s]
2024-12-15 00:29:08,527 - INFO - POST http://localhost:9201/nku_search/_search [status:200 duration:0.002s]
2024-12-15 00:29:08,529 - INFO - POST http://localhost:9201/nku_search/_search [status:200 duration:0.002s]
2024-12-15 00:29:08,531 - INFO - POST http://localhost:9201/nku_search/_search [status:200 duration:0.002s]
2024-12-15 00:29:08,533 - INFO - POST http://localhost:9201/nku_search/_search [status:200 duration:0.002s]
2024-12-15 00:29:08,536 - INFO - POST http://localhost:9201/nku_search/_search [status:200 duration:0.002s]
2024-12-15 00:29:08,538 - INFO - POST http://localhost:9201/nku_search/_search [status:200 duration:0.002s]
2024-12-15 00:29:08,540 - INFO - POST http://localhost:9201/nku_search/_search [status:200 duration:0.002s]
2024-12-15 00:29:08,542 - INFO - POST http://localhost:9201/nku_search/_search [status:200 duration:0.002s]
2024-12-15 00:29:08,543 - INFO - POST http://localhost:9201/nku_search/_search [status:200 duration:0.002s]
2024-12-15 00:29:08,545 - INFO - POST http://localhost:9201/nku_search/_search [status:200 duration:0.001s]
2024-12-15 00:29:08,547 - INFO - POST http://localhost:9201/nku_search/_search [status:200 duration:0.002s]
2024-12-15 00:29:08,549 - INFO - POST http://localhost:9201/nku_search/_search [status:200 duration:0.002s]
2024-12-15 00:29:08,552 - INFO - POST http://localhost:9201/nku_search/_search [status:200 duration:0.002s]
2024-12-15 00:29:08,553 - INFO - POST http://localhost:9201/nku_search/_search [status:200 duration:0.002s]
2024-12-15 00:29:08,555 - INFO - POST http://localhost:9201/nku_search/_search [status:200 duration:0.002s]
2024-12-15 00:29:08,557 - INFO - POST http://localhost:9201/nku_search/_search [status:200 duration:0.001s]
2024-12-15 00:29:08,559 - INFO - POST http://localhost:9201/nku_search/_search [status:200 duration:0.002s]
2024-12-15 00:29:08,561 - INFO - POST http://localhost:9201/nku_search/_search [status:200 duration:0.002s]
2024-12-15 00:29:08,562 - INFO - POST http://localhost:9201/nku_search/_search [status:200 duration:0.001s]
2024-12-15 00:29:08,564 - INFO - POST http://localhost:9201/nku_search/_search [status:200 duration:0.001s]
2024-12-15 00:29:08,566 - INFO - POST http://localhost:9201/nku_search/_search [status:200 duration:0.002s]
2024-12-15 00:29:08,568 - INFO - POST http://localhost:9201/nku_search/_search [status:200 duration:0.002s]
2024-12-15 00:29:08,569 - INFO - POST http://localhost:9201/nku_search/_search [status:200 duration:0.002s]
2024-12-15 00:29:08,571 - INFO - POST http://localhost:9201/nku_search/_search [status:200 duration:0.002s]
2024-12-15 00:29:08,574 - INFO - POST http://localhost:9201/nku_search/_search [status:200 duration:0.002s]
2024-12-15 00:29:08,576 - INFO - POST http://localhost:9201/nku_search/_search [status:200 duration:0.002s]
2024-12-15 00:29:08,578 - INFO - POST http://localhost:9201/nku_search/_search [status:200 duration:0.002s]
2024-12-15 00:29:08,580 - INFO - POST http://localhost:9201/nku_search/_search [status:200 duration:0.002s]
2024-12-15 00:29:08,581 - INFO - POST http://localhost:9201/nku_search/_search [status:200 duration:0.001s]
2024-12-15 00:29:08,584 - INFO - POST http://localhost:9201/nku_search/_search [status:200 duration:0.002s]
2024-12-15 00:29:08,587 - INFO - POST http://localhost:9201/nku_search/_search [status:200 duration:0.002s]
2024-12-15 00:29:08,589 - INFO - POST http://localhost:9201/nku_search/_search [status:200 duration:0.002s]
2024-12-15 00:29:08,592 - INFO - POST http://localhost:9201/nku_search/_search [status:200 duration:0.002s]
2024-12-15 00:29:08,593 - INFO - POST http://localhost:9201/nku_search/_search [status:200 duration:0.002s]
2024-12-15 00:29:08,596 - INFO - POST http://localhost:9201/nku_search/_search [status:200 duration:0.002s]
2024-12-15 00:29:08,597 - INFO - POST http://localhost:9201/nku_search/_search [status:200 duration:0.002s]
2024-12-15 00:29:08,600 - INFO - POST http://localhost:9201/nku_search/_search [status:200 duration:0.002s]
2024-12-15 00:29:08,602 - INFO - POST http://localhost:9201/nku_search/_search [status:200 duration:0.002s]
2024-12-15 00:29:08,604 - INFO - POST http://localhost:9201/nku_search/_search [status:200 duration:0.002s]
2024-12-15 00:29:08,606 - INFO - POST http://localhost:9201/nku_search/_search [status:200 duration:0.001s]
2024-12-15 00:29:08,608 - INFO - POST http://localhost:9201/nku_search/_search [status:200 duration:0.002s]
2024-12-15 00:29:08,610 - INFO - POST http://localhost:9201/nku_search/_search [status:200 duration:0.002s]
2024-12-15 00:29:08,612 - INFO - POST http://localhost:9201/nku_search/_search [status:200 duration:0.002s]
2024-12-15 00:29:08,614 - INFO - POST http://localhost:9201/nku_search/_search [status:200 duration:0.002s]
2024-12-15 00:29:08,616 - INFO - POST http://localhost:9201/nku_search/_search [status:200 duration:0.002s]
2024-12-15 00:29:08,618 - INFO - POST http://localhost:9201/nku_search/_search [status:200 duration:0.002s]
2024-12-15 00:29:08,620 - INFO - POST http://localhost:9201/nku_search/_search [status:200 duration:0.002s]
2024-12-15 00:29:08,623 - INFO - POST http://localhost:9201/nku_search/_search [status:200 duration:0.002s]
2024-12-15 00:29:08,625 - INFO - POST http://localhost:9201/nku_search/_search [status:200 duration:0.002s]
2024-12-15 00:29:08,628 - INFO - POST http://localhost:9201/nku_search/_search [status:200 duration:0.003s]
2024-12-15 00:29:08,633 - INFO - POST http://localhost:9201/nku_search/_search [status:200 duration:0.005s]
2024-12-15 00:29:08,635 - INFO - POST http://localhost:9201/nku_search/_search [status:200 duration:0.002s]
2024-12-15 00:29:08,637 - INFO - POST http://localhost:9201/nku_search/_search [status:200 duration:0.002s]
2024-12-15 00:29:08,638 - INFO - POST http://localhost:9201/nku_search/_search [status:200 duration:0.002s]
2024-12-15 00:29:08,645 - INFO - POST http://localhost:9201/nku_search/_search [status:200 duration:0.007s]
2024-12-15 00:29:08,646 - INFO - POST http://localhost:9201/nku_search/_search [status:200 duration:0.002s]
2024-12-15 00:29:08,649 - INFO - POST http://localhost:9201/nku_search/_search [status:200 duration:0.003s]
2024-12-15 00:29:08,652 - INFO - POST http://localhost:9201/nku_search/_search [status:200 duration:0.002s]
2024-12-15 00:29:08,655 - INFO - POST http://localhost:9201/nku_search/_search [status:200 duration:0.003s]
2024-12-15 00:29:08,657 - INFO - POST http://localhost:9201/nku_search/_search [status:200 duration:0.002s]
2024-12-15 00:29:08,660 - INFO - POST http://localhost:9201/nku_search/_search [status:200 duration:0.002s]
2024-12-15 00:29:08,663 - INFO - POST http://localhost:9201/nku_search/_search [status:200 duration:0.003s]
2024-12-15 00:29:08,665 - INFO - POST http://localhost:9201/nku_search/_search [status:200 duration:0.002s]
2024-12-15 00:29:08,668 - INFO - POST http://localhost:9201/nku_search/_search [status:200 duration:0.002s]
2024-12-15 00:29:08,670 - INFO - POST http://localhost:9201/nku_search/_search [status:200 duration:0.002s]
2024-12-15 00:29:08,671 - INFO - POST http://localhost:9201/nku_search/_search [status:200 duration:0.002s]
2024-12-15 00:29:08,674 - INFO - POST http://localhost:9201/nku_search/_search [status:200 duration:0.002s]
2024-12-15 00:29:08,676 - INFO - POST http://localhost:9201/nku_search/_search [status:200 duration:0.002s]
2024-12-15 00:29:08,678 - INFO - POST http://localhost:9201/nku_search/_search [status:200 duration:0.002s]
2024-12-15 00:29:08,679 - INFO - POST http://localhost:9201/nku_search/_search [status:200 duration:0.002s]
2024-12-15 00:29:08,681 - INFO - POST http://localhost:9201/nku_search/_search [status:200 duration:0.002s]
2024-12-15 00:29:08,684 - INFO - POST http://localhost:9201/nku_search/_search [status:200 duration:0.002s]
2024-12-15 00:29:08,685 - INFO - POST http://localhost:9201/nku_search/_search [status:200 duration:0.002s]
2024-12-15 00:29:08,687 - INFO - POST http://localhost:9201/nku_search/_search [status:200 duration:0.002s]
2024-12-15 00:29:08,690 - INFO - POST http://localhost:9201/nku_search/_search [status:200 duration:0.002s]
2024-12-15 00:29:08,693 - INFO - POST http://localhost:9201/nku_search/_search [status:200 duration:0.002s]
2024-12-15 00:29:08,695 - INFO - POST http://localhost:9201/nku_search/_search [status:200 duration:0.002s]
2024-12-15 00:29:08,697 - INFO - POST http://localhost:9201/nku_search/_search [status:200 duration:0.002s]
2024-12-15 00:29:08,699 - INFO - POST http://localhost:9201/nku_search/_search [status:200 duration:0.002s]
2024-12-15 00:29:08,700 - INFO - POST http://localhost:9201/nku_search/_search [status:200 duration:0.002s]
2024-12-15 00:29:08,702 - INFO - POST http://localhost:9201/nku_search/_search [status:200 duration:0.002s]
2024-12-15 00:29:08,703 - INFO - POST http://localhost:9201/nku_search/_search [status:200 duration:0.002s]
2024-12-15 00:29:08,705 - INFO - POST http://localhost:9201/nku_search/_search [status:200 duration:0.002s]
2024-12-15 00:29:08,708 - INFO - POST http://localhost:9201/nku_search/_search [status:200 duration:0.002s]
2024-12-15 00:29:08,711 - INFO - POST http://localhost:9201/nku_search/_search [status:200 duration:0.003s]
2024-12-15 00:29:08,714 - INFO - POST http://localhost:9201/nku_search/_search [status:200 duration:0.003s]
2024-12-15 00:29:08,716 - INFO - POST http://localhost:9201/nku_search/_search [status:200 duration:0.002s]
2024-12-15 00:29:08,718 - INFO - POST http://localhost:9201/nku_search/_search [status:200 duration:0.002s]
2024-12-15 00:29:08,721 - INFO - POST http://localhost:9201/nku_search/_search [status:200 duration:0.002s]
2024-12-15 00:29:08,723 - INFO - POST http://localhost:9201/nku_search/_search [status:200 duration:0.002s]
2024-12-15 00:29:08,726 - INFO - POST http://localhost:9201/nku_search/_search [status:200 duration:0.002s]
2024-12-15 00:29:08,728 - INFO - POST http://localhost:9201/nku_search/_search [status:200 duration:0.002s]
2024-12-15 00:29:08,730 - INFO - POST http://localhost:9201/nku_search/_search [status:200 duration:0.002s]
2024-12-15 00:29:08,732 - INFO - POST http://localhost:9201/nku_search/_search [status:200 duration:0.002s]
2024-12-15 00:29:08,734 - INFO - POST http://localhost:9201/nku_search/_search [status:200 duration:0.002s]
2024-12-15 00:29:08,736 - INFO - POST http://localhost:9201/nku_search/_search [status:200 duration:0.002s]
2024-12-15 00:29:08,738 - INFO - POST http://localhost:9201/nku_search/_search [status:200 duration:0.002s]
2024-12-15 00:29:08,740 - INFO - POST http://localhost:9201/nku_search/_search [status:200 duration:0.002s]
2024-12-15 00:29:08,742 - INFO - POST http://localhost:9201/nku_search/_search [status:200 duration:0.002s]
2024-12-15 00:29:08,745 - INFO - POST http://localhost:9201/nku_search/_search [status:200 duration:0.002s]
2024-12-15 00:29:08,747 - INFO - POST http://localhost:9201/nku_search/_search [status:200 duration:0.002s]
2024-12-15 00:29:08,750 - INFO - POST http://localhost:9201/nku_search/_search [status:200 duration:0.002s]
2024-12-15 00:29:08,753 - INFO - POST http://localhost:9201/nku_search/_search [status:200 duration:0.002s]
2024-12-15 00:29:08,755 - INFO - POST http://localhost:9201/nku_search/_search [status:200 duration:0.003s]
2024-12-15 00:29:08,758 - INFO - POST http://localhost:9201/nku_search/_search [status:200 duration:0.002s]
2024-12-15 00:29:08,761 - INFO - POST http://localhost:9201/nku_search/_search [status:200 duration:0.003s]
2024-12-15 00:29:08,763 - INFO - POST http://localhost:9201/nku_search/_search [status:200 duration:0.002s]
2024-12-15 00:29:08,767 - INFO - POST http://localhost:9201/nku_search/_search [status:200 duration:0.003s]
2024-12-15 00:29:08,769 - INFO - POST http://localhost:9201/nku_search/_search [status:200 duration:0.002s]
2024-12-15 00:29:08,773 - INFO - POST http://localhost:9201/nku_search/_search [status:200 duration:0.003s]
2024-12-15 00:29:08,775 - INFO - POST http://localhost:9201/nku_search/_search [status:200 duration:0.002s]
2024-12-15 00:29:08,778 - INFO - POST http://localhost:9201/nku_search/_search [status:200 duration:0.002s]
2024-12-15 00:29:08,780 - INFO - POST http://localhost:9201/nku_search/_search [status:200 duration:0.002s]
2024-12-15 00:29:08,782 - INFO - POST http://localhost:9201/nku_search/_search [status:200 duration:0.002s]
2024-12-15 00:29:08,784 - INFO - POST http://localhost:9201/nku_search/_search [status:200 duration:0.002s]
2024-12-15 00:29:08,786 - INFO - POST http://localhost:9201/nku_search/_search [status:200 duration:0.002s]
2024-12-15 00:29:08,788 - INFO - POST http://localhost:9201/nku_search/_search [status:200 duration:0.002s]
2024-12-15 00:29:08,792 - INFO - POST http://localhost:9201/nku_search/_search [status:200 duration:0.003s]
2024-12-15 00:29:08,795 - INFO - POST http://localhost:9201/nku_search/_search [status:200 duration:0.002s]
2024-12-15 00:29:08,797 - INFO - POST http://localhost:9201/nku_search/_search [status:200 duration:0.003s]
2024-12-15 00:29:08,800 - INFO - POST http://localhost:9201/nku_search/_search [status:200 duration:0.002s]
2024-12-15 00:29:08,802 - INFO - POST http://localhost:9201/nku_search/_search [status:200 duration:0.002s]
2024-12-15 00:29:08,804 - INFO - POST http://localhost:9201/nku_search/_search [status:200 duration:0.002s]
2024-12-15 00:29:08,806 - INFO - POST http://localhost:9201/nku_search/_search [status:200 duration:0.002s]
2024-12-15 00:29:08,809 - INFO - POST http://localhost:9201/nku_search/_search [status:200 duration:0.002s]
2024-12-15 00:29:08,811 - INFO - POST http://localhost:9201/nku_search/_search [status:200 duration:0.002s]
2024-12-15 00:29:08,814 - INFO - POST http://localhost:9201/nku_search/_search [status:200 duration:0.003s]
2024-12-15 00:29:08,816 - INFO - POST http://localhost:9201/nku_search/_search [status:200 duration:0.002s]
2024-12-15 00:29:08,818 - INFO - POST http://localhost:9201/nku_search/_search [status:200 duration:0.002s]
2024-12-15 00:29:08,821 - INFO - POST http://localhost:9201/nku_search/_search [status:200 duration:0.002s]
2024-12-15 00:29:08,823 - INFO - POST http://localhost:9201/nku_search/_search [status:200 duration:0.002s]
2024-12-15 00:29:08,832 - INFO - POST http://localhost:9201/nku_search/_search [status:200 duration:0.009s]
2024-12-15 00:29:08,844 - INFO - POST http://localhost:9201/nku_search/_search [status:200 duration:0.012s]
2024-12-15 00:29:08,856 - INFO - POST http://localhost:9201/nku_search/_search [status:200 duration:0.011s]
2024-12-15 00:29:08,869 - INFO - POST http://localhost:9201/nku_search/_search [status:200 duration:0.013s]
2024-12-15 00:29:08,873 - INFO - POST http://localhost:9201/nku_search/_search [status:200 duration:0.003s]
2024-12-15 00:29:08,875 - INFO - POST http://localhost:9201/nku_search/_search [status:200 duration:0.003s]
2024-12-15 00:29:08,878 - INFO - POST http://localhost:9201/nku_search/_search [status:200 duration:0.002s]
2024-12-15 00:29:08,881 - INFO - POST http://localhost:9201/nku_search/_search [status:200 duration:0.002s]
2024-12-15 00:29:08,883 - INFO - POST http://localhost:9201/nku_search/_search [status:200 duration:0.002s]
2024-12-15 00:29:08,885 - INFO - POST http://localhost:9201/nku_search/_search [status:200 duration:0.002s]
2024-12-15 00:29:08,888 - INFO - POST http://localhost:9201/nku_search/_search [status:200 duration:0.002s]
2024-12-15 00:29:08,891 - INFO - POST http://localhost:9201/nku_search/_search [status:200 duration:0.002s]
2024-12-15 00:29:08,894 - INFO - POST http://localhost:9201/nku_search/_search [status:200 duration:0.003s]
2024-12-15 00:29:08,898 - INFO - POST http://localhost:9201/nku_search/_search [status:200 duration:0.002s]
2024-12-15 00:29:08,900 - INFO - POST http://localhost:9201/nku_search/_search [status:200 duration:0.003s]
2024-12-15 00:29:08,903 - INFO - POST http://localhost:9201/nku_search/_search [status:200 duration:0.002s]
2024-12-15 00:29:08,907 - INFO - POST http://localhost:9201/nku_search/_search [status:200 duration:0.003s]
2024-12-15 00:29:08,909 - INFO - POST http://localhost:9201/nku_search/_search [status:200 duration:0.003s]
2024-12-15 00:29:08,912 - INFO - POST http://localhost:9201/nku_search/_search [status:200 duration:0.002s]
2024-12-15 00:29:08,914 - INFO - POST http://localhost:9201/nku_search/_search [status:200 duration:0.002s]
2024-12-15 00:29:08,917 - INFO - POST http://localhost:9201/nku_search/_search [status:200 duration:0.002s]
2024-12-15 00:29:08,920 - INFO - POST http://localhost:9201/nku_search/_search [status:200 duration:0.002s]
2024-12-15 00:29:08,922 - INFO - POST http://localhost:9201/nku_search/_search [status:200 duration:0.002s]
2024-12-15 00:29:08,925 - INFO - POST http://localhost:9201/nku_search/_search [status:200 duration:0.002s]
2024-12-15 00:29:08,927 - INFO - POST http://localhost:9201/nku_search/_search [status:200 duration:0.002s]
2024-12-15 00:29:08,929 - INFO - POST http://localhost:9201/nku_search/_search [status:200 duration:0.002s]
2024-12-15 00:29:08,932 - INFO - POST http://localhost:9201/nku_search/_search [status:200 duration:0.002s]
2024-12-15 00:29:08,934 - INFO - POST http://localhost:9201/nku_search/_search [status:200 duration:0.002s]
2024-12-15 00:29:08,937 - INFO - POST http://localhost:9201/nku_search/_search [status:200 duration:0.002s]
2024-12-15 00:29:08,939 - INFO - POST http://localhost:9201/nku_search/_search [status:200 duration:0.002s]
2024-12-15 00:29:08,942 - INFO - POST http://localhost:9201/nku_search/_search [status:200 duration:0.003s]
2024-12-15 00:29:08,945 - INFO - POST http://localhost:9201/nku_search/_search [status:200 duration:0.002s]
2024-12-15 00:29:08,947 - INFO - POST http://localhost:9201/nku_search/_search [status:200 duration:0.002s]
2024-12-15 00:29:08,950 - INFO - POST http://localhost:9201/nku_search/_search [status:200 duration:0.003s]
2024-12-15 00:29:08,953 - INFO - POST http://localhost:9201/nku_search/_search [status:200 duration:0.003s]
2024-12-15 00:29:08,956 - INFO - POST http://localhost:9201/nku_search/_search [status:200 duration:0.003s]
2024-12-15 00:29:08,958 - INFO - POST http://localhost:9201/nku_search/_search [status:200 duration:0.003s]
2024-12-15 00:29:08,961 - INFO - POST http://localhost:9201/nku_search/_search [status:200 duration:0.003s]
2024-12-15 00:29:08,964 - INFO - POST http://localhost:9201/nku_search/_search [status:200 duration:0.002s]
2024-12-15 00:29:08,967 - INFO - POST http://localhost:9201/nku_search/_search [status:200 duration:0.003s]
2024-12-15 00:29:08,969 - INFO - POST http://localhost:9201/nku_search/_search [status:200 duration:0.002s]
2024-12-15 00:29:08,970 - INFO - POST http://localhost:9201/nku_search/_search [status:200 duration:0.001s]
2024-12-15 00:29:08,973 - INFO - POST http://localhost:9201/nku_search/_search [status:200 duration:0.002s]
2024-12-15 00:29:08,975 - INFO - POST http://localhost:9201/nku_search/_search [status:200 duration:0.002s]
2024-12-15 00:29:08,977 - INFO - POST http://localhost:9201/nku_search/_search [status:200 duration:0.002s]
2024-12-15 00:29:08,979 - INFO - POST http://localhost:9201/nku_search/_search [status:200 duration:0.002s]
2024-12-15 00:29:08,981 - INFO - POST http://localhost:9201/nku_search/_search [status:200 duration:0.002s]
2024-12-15 00:29:08,983 - INFO - POST http://localhost:9201/nku_search/_search [status:200 duration:0.002s]
2024-12-15 00:29:08,985 - INFO - POST http://localhost:9201/nku_search/_search [status:200 duration:0.002s]
2024-12-15 00:29:08,987 - INFO - POST http://localhost:9201/nku_search/_search [status:200 duration:0.002s]
2024-12-15 00:29:08,989 - INFO - POST http://localhost:9201/nku_search/_search [status:200 duration:0.002s]
2024-12-15 00:29:08,991 - INFO - POST http://localhost:9201/nku_search/_search [status:200 duration:0.002s]
2024-12-15 00:29:08,993 - INFO - POST http://localhost:9201/nku_search/_search [status:200 duration:0.002s]
2024-12-15 00:29:08,995 - INFO - POST http://localhost:9201/nku_search/_search [status:200 duration:0.002s]
2024-12-15 00:29:08,997 - INFO - POST http://localhost:9201/nku_search/_search [status:200 duration:0.002s]
2024-12-15 00:29:08,999 - INFO - POST http://localhost:9201/nku_search/_search [status:200 duration:0.002s]
2024-12-15 00:29:09,000 - INFO - POST http://localhost:9201/nku_search/_search [status:200 duration:0.002s]
2024-12-15 00:29:09,003 - INFO - POST http://localhost:9201/nku_search/_search [status:200 duration:0.002s]
2024-12-15 00:29:09,005 - INFO - POST http://localhost:9201/nku_search/_search [status:200 duration:0.002s]
2024-12-15 00:29:09,006 - INFO - POST http://localhost:9201/nku_search/_search [status:200 duration:0.002s]
2024-12-15 00:29:09,008 - INFO - POST http://localhost:9201/nku_search/_search [status:200 duration:0.001s]
2024-12-15 00:29:09,009 - INFO - POST http://localhost:9201/nku_search/_search [status:200 duration:0.001s]
2024-12-15 00:29:09,011 - INFO - POST http://localhost:9201/nku_search/_search [status:200 duration:0.001s]
2024-12-15 00:29:09,012 - INFO - POST http://localhost:9201/nku_search/_search [status:200 duration:0.001s]
2024-12-15 00:29:09,014 - INFO - POST http://localhost:9201/nku_search/_search [status:200 duration:0.001s]
2024-12-15 00:29:09,016 - INFO - POST http://localhost:9201/nku_search/_search [status:200 duration:0.001s]
2024-12-15 00:29:09,018 - INFO - POST http://localhost:9201/nku_search/_search [status:200 duration:0.001s]
2024-12-15 00:29:09,019 - INFO - POST http://localhost:9201/nku_search/_search [status:200 duration:0.001s]
2024-12-15 00:29:09,021 - INFO - POST http://localhost:9201/nku_search/_search [status:200 duration:0.002s]
2024-12-15 00:29:09,024 - INFO - POST http://localhost:9201/nku_search/_search [status:200 duration:0.002s]
2024-12-15 00:29:09,028 - INFO - POST http://localhost:9201/nku_search/_search [status:200 duration:0.004s]
2024-12-15 00:29:09,030 - INFO - POST http://localhost:9201/nku_search/_search [status:200 duration:0.002s]
2024-12-15 00:29:09,032 - INFO - POST http://localhost:9201/nku_search/_search [status:200 duration:0.002s]
2024-12-15 00:29:09,035 - INFO - POST http://localhost:9201/nku_search/_search [status:200 duration:0.002s]
2024-12-15 00:29:09,036 - INFO - POST http://localhost:9201/nku_search/_search [status:200 duration:0.002s]
2024-12-15 00:29:09,038 - INFO - POST http://localhost:9201/nku_search/_search [status:200 duration:0.002s]
2024-12-15 00:29:09,040 - INFO - POST http://localhost:9201/nku_search/_search [status:200 duration:0.002s]
2024-12-15 00:29:09,043 - INFO - POST http://localhost:9201/nku_search/_search [status:200 duration:0.003s]
2024-12-15 00:29:09,046 - INFO - POST http://localhost:9201/nku_search/_search [status:200 duration:0.002s]
2024-12-15 00:29:09,049 - INFO - POST http://localhost:9201/nku_search/_search [status:200 duration:0.002s]
2024-12-15 00:29:09,052 - INFO - POST http://localhost:9201/nku_search/_search [status:200 duration:0.003s]
2024-12-15 00:29:09,056 - INFO - POST http://localhost:9201/nku_search/_search [status:200 duration:0.003s]
2024-12-15 00:29:09,058 - INFO - POST http://localhost:9201/nku_search/_search [status:200 duration:0.002s]
2024-12-15 00:29:09,060 - INFO - POST http://localhost:9201/nku_search/_search [status:200 duration:0.001s]
2024-12-15 00:29:09,063 - INFO - POST http://localhost:9201/nku_search/_search [status:200 duration:0.002s]
2024-12-15 00:29:09,065 - INFO - POST http://localhost:9201/nku_search/_search [status:200 duration:0.002s]
2024-12-15 00:29:09,067 - INFO - POST http://localhost:9201/nku_search/_search [status:200 duration:0.001s]
2024-12-15 00:29:09,068 - INFO - POST http://localhost:9201/nku_search/_search [status:200 duration:0.001s]
2024-12-15 00:29:09,075 - INFO - POST http://localhost:9201/nku_search/_search [status:200 duration:0.006s]
2024-12-15 00:29:09,078 - INFO - POST http://localhost:9201/nku_search/_search [status:200 duration:0.002s]
2024-12-15 00:29:09,079 - INFO - POST http://localhost:9201/nku_search/_search [status:200 duration:0.002s]
2024-12-15 00:29:09,083 - INFO - POST http://localhost:9201/nku_search/_search [status:200 duration:0.003s]
2024-12-15 00:29:09,085 - INFO - POST http://localhost:9201/nku_search/_search [status:200 duration:0.002s]
2024-12-15 00:29:09,087 - INFO - POST http://localhost:9201/nku_search/_search [status:200 duration:0.002s]
2024-12-15 00:29:09,089 - INFO - POST http://localhost:9201/nku_search/_search [status:200 duration:0.001s]
2024-12-15 00:29:09,092 - INFO - POST http://localhost:9201/nku_search/_search [status:200 duration:0.002s]
2024-12-15 00:29:09,094 - INFO - POST http://localhost:9201/nku_search/_search [status:200 duration:0.002s]
2024-12-15 00:29:09,096 - INFO - POST http://localhost:9201/nku_search/_search [status:200 duration:0.002s]
2024-12-15 00:29:09,099 - INFO - POST http://localhost:9201/nku_search/_search [status:200 duration:0.002s]
2024-12-15 00:29:09,102 - INFO - POST http://localhost:9201/nku_search/_search [status:200 duration:0.003s]
2024-12-15 00:29:09,104 - INFO - POST http://localhost:9201/nku_search/_search [status:200 duration:0.002s]
2024-12-15 00:29:09,106 - INFO - POST http://localhost:9201/nku_search/_search [status:200 duration:0.002s]
2024-12-15 00:29:09,108 - INFO - POST http://localhost:9201/nku_search/_search [status:200 duration:0.002s]
2024-12-15 00:29:09,110 - INFO - POST http://localhost:9201/nku_search/_search [status:200 duration:0.002s]
2024-12-15 00:29:09,113 - INFO - POST http://localhost:9201/nku_search/_search [status:200 duration:0.003s]
2024-12-15 00:29:09,114 - INFO - POST http://localhost:9201/nku_search/_search [status:200 duration:0.002s]
2024-12-15 00:29:09,117 - INFO - POST http://localhost:9201/nku_search/_search [status:200 duration:0.002s]
2024-12-15 00:29:09,120 - INFO - POST http://localhost:9201/nku_search/_search [status:200 duration:0.003s]
2024-12-15 00:29:09,122 - INFO - POST http://localhost:9201/nku_search/_search [status:200 duration:0.002s]
2024-12-15 00:29:09,124 - INFO - POST http://localhost:9201/nku_search/_search [status:200 duration:0.002s]
2024-12-15 00:29:09,126 - INFO - POST http://localhost:9201/nku_search/_search [status:200 duration:0.002s]
2024-12-15 00:29:09,128 - INFO - POST http://localhost:9201/nku_search/_search [status:200 duration:0.002s]
2024-12-15 00:29:09,130 - INFO - POST http://localhost:9201/nku_search/_search [status:200 duration:0.002s]
2024-12-15 00:29:09,133 - INFO - POST http://localhost:9201/nku_search/_search [status:200 duration:0.002s]
2024-12-15 00:29:09,144 - INFO - POST http://localhost:9201/nku_search/_search [status:200 duration:0.002s]
2024-12-15 00:29:09,146 - INFO - POST http://localhost:9201/nku_search/_search [status:200 duration:0.002s]
2024-12-15 00:29:09,147 - INFO - POST http://localhost:9201/nku_search/_search [status:200 duration:0.001s]
2024-12-15 00:29:09,150 - INFO - POST http://localhost:9201/nku_search/_search [status:200 duration:0.002s]
2024-12-15 00:29:09,152 - INFO - POST http://localhost:9201/nku_search/_search [status:200 duration:0.002s]
2024-12-15 00:29:09,154 - INFO - POST http://localhost:9201/nku_search/_search [status:200 duration:0.002s]
2024-12-15 00:29:09,155 - INFO - POST http://localhost:9201/nku_search/_search [status:200 duration:0.002s]
2024-12-15 00:29:09,159 - INFO - POST http://localhost:9201/nku_search/_search [status:200 duration:0.003s]
2024-12-15 00:29:09,161 - INFO - POST http://localhost:9201/nku_search/_search [status:200 duration:0.002s]
2024-12-15 00:29:09,163 - INFO - POST http://localhost:9201/nku_search/_search [status:200 duration:0.002s]
2024-12-15 00:29:09,165 - INFO - POST http://localhost:9201/nku_search/_search [status:200 duration:0.002s]
2024-12-15 00:29:09,166 - INFO - POST http://localhost:9201/nku_search/_search [status:200 duration:0.002s]
2024-12-15 00:29:09,169 - INFO - POST http://localhost:9201/nku_search/_search [status:200 duration:0.002s]
2024-12-15 00:29:09,170 - INFO - POST http://localhost:9201/nku_search/_search [status:200 duration:0.002s]
2024-12-15 00:29:09,172 - INFO - POST http://localhost:9201/nku_search/_search [status:200 duration:0.002s]
2024-12-15 00:29:09,174 - INFO - POST http://localhost:9201/nku_search/_search [status:200 duration:0.002s]
2024-12-15 00:29:09,175 - INFO - POST http://localhost:9201/nku_search/_search [status:200 duration:0.002s]
2024-12-15 00:29:09,176 - INFO - POST http://localhost:9201/nku_search/_search [status:200 duration:0.001s]
2024-12-15 00:29:09,178 - INFO - POST http://localhost:9201/nku_search/_search [status:200 duration:0.002s]
2024-12-15 00:29:09,180 - INFO - POST http://localhost:9201/nku_search/_search [status:200 duration:0.002s]
2024-12-15 00:29:09,182 - INFO - POST http://localhost:9201/nku_search/_search [status:200 duration:0.002s]
2024-12-15 00:29:09,184 - INFO - POST http://localhost:9201/nku_search/_search [status:200 duration:0.002s]
2024-12-15 00:29:09,186 - INFO - POST http://localhost:9201/nku_search/_search [status:200 duration:0.002s]
2024-12-15 00:29:09,188 - INFO - POST http://localhost:9201/nku_search/_search [status:200 duration:0.001s]
2024-12-15 00:29:09,190 - INFO - POST http://localhost:9201/nku_search/_search [status:200 duration:0.001s]
2024-12-15 00:29:09,191 - INFO - POST http://localhost:9201/nku_search/_search [status:200 duration:0.002s]
2024-12-15 00:29:09,193 - INFO - POST http://localhost:9201/nku_search/_search [status:200 duration:0.002s]
2024-12-15 00:29:09,196 - INFO - POST http://localhost:9201/nku_search/_search [status:200 duration:0.003s]
2024-12-15 00:29:09,198 - INFO - POST http://localhost:9201/nku_search/_search [status:200 duration:0.002s]
2024-12-15 00:29:09,199 - INFO - POST http://localhost:9201/nku_search/_search [status:200 duration:0.001s]
2024-12-15 00:29:09,201 - INFO - POST http://localhost:9201/nku_search/_search [status:200 duration:0.002s]
2024-12-15 00:29:09,203 - INFO - POST http://localhost:9201/nku_search/_search [status:200 duration:0.002s]
2024-12-15 00:29:09,209 - INFO - POST http://localhost:9201/nku_search/_search [status:200 duration:0.005s]
2024-12-15 00:29:09,211 - INFO - POST http://localhost:9201/nku_search/_search [status:200 duration:0.002s]
2024-12-15 00:29:09,213 - INFO - POST http://localhost:9201/nku_search/_search [status:200 duration:0.002s]
2024-12-15 00:29:09,215 - INFO - POST http://localhost:9201/nku_search/_search [status:200 duration:0.002s]
2024-12-15 00:29:09,217 - INFO - POST http://localhost:9201/nku_search/_search [status:200 duration:0.002s]
2024-12-15 00:29:09,219 - INFO - POST http://localhost:9201/nku_search/_search [status:200 duration:0.002s]
2024-12-15 00:29:09,221 - INFO - POST http://localhost:9201/nku_search/_search [status:200 duration:0.002s]
2024-12-15 00:29:09,223 - INFO - POST http://localhost:9201/nku_search/_search [status:200 duration:0.002s]
2024-12-15 00:29:09,226 - INFO - POST http://localhost:9201/nku_search/_search [status:200 duration:0.002s]
2024-12-15 00:29:09,229 - INFO - POST http://localhost:9201/nku_search/_search [status:200 duration:0.002s]
2024-12-15 00:29:09,231 - INFO - POST http://localhost:9201/nku_search/_search [status:200 duration:0.002s]
2024-12-15 00:29:09,233 - INFO - POST http://localhost:9201/nku_search/_search [status:200 duration:0.002s]
2024-12-15 00:29:09,236 - INFO - POST http://localhost:9201/nku_search/_search [status:200 duration:0.002s]
2024-12-15 00:29:09,238 - INFO - POST http://localhost:9201/nku_search/_search [status:200 duration:0.002s]
2024-12-15 00:29:09,240 - INFO - POST http://localhost:9201/nku_search/_search [status:200 duration:0.002s]
2024-12-15 00:29:09,242 - INFO - POST http://localhost:9201/nku_search/_search [status:200 duration:0.002s]
2024-12-15 00:29:09,245 - INFO - POST http://localhost:9201/nku_search/_search [status:200 duration:0.002s]
2024-12-15 00:29:09,247 - INFO - POST http://localhost:9201/nku_search/_search [status:200 duration:0.002s]
2024-12-15 00:29:09,249 - INFO - POST http://localhost:9201/nku_search/_search [status:200 duration:0.002s]
2024-12-15 00:29:09,252 - INFO - POST http://localhost:9201/nku_search/_search [status:200 duration:0.003s]
2024-12-15 00:29:09,255 - INFO - POST http://localhost:9201/nku_search/_search [status:200 duration:0.002s]
2024-12-15 00:29:09,257 - INFO - POST http://localhost:9201/nku_search/_search [status:200 duration:0.003s]
2024-12-15 00:29:09,260 - INFO - POST http://localhost:9201/nku_search/_search [status:200 duration:0.002s]
2024-12-15 00:29:09,262 - INFO - POST http://localhost:9201/nku_search/_search [status:200 duration:0.002s]
2024-12-15 00:29:09,265 - INFO - POST http://localhost:9201/nku_search/_search [status:200 duration:0.002s]
2024-12-15 00:29:09,267 - INFO - POST http://localhost:9201/nku_search/_search [status:200 duration:0.002s]
2024-12-15 00:29:09,270 - INFO - POST http://localhost:9201/nku_search/_search [status:200 duration:0.003s]
2024-12-15 00:29:09,273 - INFO - POST http://localhost:9201/nku_search/_search [status:200 duration:0.002s]
2024-12-15 00:29:09,276 - INFO - POST http://localhost:9201/nku_search/_search [status:200 duration:0.003s]
2024-12-15 00:29:09,279 - INFO - POST http://localhost:9201/nku_search/_search [status:200 duration:0.003s]
2024-12-15 00:29:09,284 - INFO - POST http://localhost:9201/nku_search/_search [status:200 duration:0.004s]
2024-12-15 00:29:09,287 - INFO - POST http://localhost:9201/nku_search/_search [status:200 duration:0.002s]
2024-12-15 00:29:09,290 - INFO - POST http://localhost:9201/nku_search/_search [status:200 duration:0.003s]
2024-12-15 00:29:09,292 - INFO - POST http://localhost:9201/nku_search/_search [status:200 duration:0.002s]
2024-12-15 00:29:09,295 - INFO - POST http://localhost:9201/nku_search/_search [status:200 duration:0.002s]
2024-12-15 00:29:09,298 - INFO - POST http://localhost:9201/nku_search/_search [status:200 duration:0.002s]
2024-12-15 00:29:09,300 - INFO - POST http://localhost:9201/nku_search/_search [status:200 duration:0.003s]
2024-12-15 00:29:09,303 - INFO - POST http://localhost:9201/nku_search/_search [status:200 duration:0.002s]
2024-12-15 00:29:09,306 - INFO - POST http://localhost:9201/nku_search/_search [status:200 duration:0.002s]
2024-12-15 00:29:09,308 - INFO - POST http://localhost:9201/nku_search/_search [status:200 duration:0.002s]
2024-12-15 00:29:09,311 - INFO - POST http://localhost:9201/nku_search/_search [status:200 duration:0.002s]
2024-12-15 00:29:09,314 - INFO - POST http://localhost:9201/nku_search/_search [status:200 duration:0.002s]
2024-12-15 00:29:09,316 - INFO - POST http://localhost:9201/nku_search/_search [status:200 duration:0.002s]
2024-12-15 00:29:09,319 - INFO - POST http://localhost:9201/nku_search/_search [status:200 duration:0.003s]
2024-12-15 00:29:09,322 - INFO - POST http://localhost:9201/nku_search/_search [status:200 duration:0.003s]
2024-12-15 00:29:09,325 - INFO - POST http://localhost:9201/nku_search/_search [status:200 duration:0.003s]
2024-12-15 00:29:09,327 - INFO - POST http://localhost:9201/nku_search/_search [status:200 duration:0.002s]
2024-12-15 00:29:09,329 - INFO - POST http://localhost:9201/nku_search/_search [status:200 duration:0.002s]
2024-12-15 00:29:09,333 - INFO - POST http://localhost:9201/nku_search/_search [status:200 duration:0.003s]
2024-12-15 00:29:09,336 - INFO - POST http://localhost:9201/nku_search/_search [status:200 duration:0.003s]
2024-12-15 00:29:09,338 - INFO - POST http://localhost:9201/nku_search/_search [status:200 duration:0.003s]
2024-12-15 00:29:09,341 - INFO - POST http://localhost:9201/nku_search/_search [status:200 duration:0.003s]
2024-12-15 00:29:09,344 - INFO - POST http://localhost:9201/nku_search/_search [status:200 duration:0.003s]
2024-12-15 00:29:09,346 - INFO - POST http://localhost:9201/nku_search/_search [status:200 duration:0.002s]
2024-12-15 00:29:09,349 - INFO - POST http://localhost:9201/nku_search/_search [status:200 duration:0.003s]
2024-12-15 00:29:09,351 - INFO - POST http://localhost:9201/nku_search/_search [status:200 duration:0.002s]
2024-12-15 00:29:09,355 - INFO - POST http://localhost:9201/nku_search/_search [status:200 duration:0.003s]
2024-12-15 00:29:09,357 - INFO - POST http://localhost:9201/nku_search/_search [status:200 duration:0.002s]
2024-12-15 00:29:09,360 - INFO - POST http://localhost:9201/nku_search/_search [status:200 duration:0.003s]
2024-12-15 00:29:09,363 - INFO - POST http://localhost:9201/nku_search/_search [status:200 duration:0.003s]
2024-12-15 00:29:09,365 - INFO - POST http://localhost:9201/nku_search/_search [status:200 duration:0.002s]
2024-12-15 00:29:09,367 - INFO - POST http://localhost:9201/nku_search/_search [status:200 duration:0.002s]
2024-12-15 00:29:09,369 - INFO - POST http://localhost:9201/nku_search/_search [status:200 duration:0.002s]
2024-12-15 00:29:09,371 - INFO - POST http://localhost:9201/nku_search/_search [status:200 duration:0.002s]
2024-12-15 00:29:09,373 - INFO - POST http://localhost:9201/nku_search/_search [status:200 duration:0.002s]
2024-12-15 00:29:09,374 - INFO - POST http://localhost:9201/nku_search/_search [status:200 duration:0.002s]
2024-12-15 00:29:09,376 - INFO - POST http://localhost:9201/nku_search/_search [status:200 duration:0.002s]
2024-12-15 00:29:09,378 - INFO - POST http://localhost:9201/nku_search/_search [status:200 duration:0.002s]
2024-12-15 00:29:09,380 - INFO - POST http://localhost:9201/nku_search/_search [status:200 duration:0.002s]
2024-12-15 00:29:09,382 - INFO - POST http://localhost:9201/nku_search/_search [status:200 duration:0.001s]
2024-12-15 00:29:09,384 - INFO - POST http://localhost:9201/nku_search/_search [status:200 duration:0.002s]
2024-12-15 00:29:09,386 - INFO - POST http://localhost:9201/nku_search/_search [status:200 duration:0.002s]
2024-12-15 00:29:09,388 - INFO - POST http://localhost:9201/nku_search/_search [status:200 duration:0.002s]
2024-12-15 00:29:09,389 - INFO - POST http://localhost:9201/nku_search/_search [status:200 duration:0.001s]
2024-12-15 00:29:09,392 - INFO - POST http://localhost:9201/nku_search/_search [status:200 duration:0.002s]
2024-12-15 00:29:09,394 - INFO - POST http://localhost:9201/nku_search/_search [status:200 duration:0.002s]
2024-12-15 00:29:09,396 - INFO - POST http://localhost:9201/nku_search/_search [status:200 duration:0.002s]
2024-12-15 00:29:09,398 - INFO - POST http://localhost:9201/nku_search/_search [status:200 duration:0.002s]
2024-12-15 00:29:09,399 - INFO - POST http://localhost:9201/nku_search/_search [status:200 duration:0.002s]
2024-12-15 00:29:09,401 - INFO - POST http://localhost:9201/nku_search/_search [status:200 duration:0.001s]
2024-12-15 00:29:09,403 - INFO - POST http://localhost:9201/nku_search/_search [status:200 duration:0.002s]
2024-12-15 00:29:09,405 - INFO - POST http://localhost:9201/nku_search/_search [status:200 duration:0.002s]
2024-12-15 00:29:09,406 - INFO - POST http://localhost:9201/nku_search/_search [status:200 duration:0.002s]
2024-12-15 00:29:09,408 - INFO - POST http://localhost:9201/nku_search/_search [status:200 duration:0.002s]
2024-12-15 00:29:09,410 - INFO - POST http://localhost:9201/nku_search/_search [status:200 duration:0.002s]
2024-12-15 00:29:09,412 - INFO - POST http://localhost:9201/nku_search/_search [status:200 duration:0.002s]
2024-12-15 00:29:09,412 - INFO - POST http://localhost:9201/nku_search/_search [status:200 duration:0.000s]
2024-12-15 00:29:09,416 - INFO - POST http://localhost:9201/nku_search/_search [status:200 duration:0.002s]
2024-12-15 00:29:09,417 - INFO - POST http://localhost:9201/nku_search/_search [status:200 duration:0.002s]
2024-12-15 00:29:09,419 - INFO - POST http://localhost:9201/nku_search/_search [status:200 duration:0.002s]
2024-12-15 00:29:09,422 - INFO - POST http://localhost:9201/nku_search/_search [status:200 duration:0.003s]
2024-12-15 00:29:09,424 - INFO - POST http://localhost:9201/nku_search/_search [status:200 duration:0.002s]
2024-12-15 00:29:09,426 - INFO - POST http://localhost:9201/nku_search/_search [status:200 duration:0.002s]
2024-12-15 00:29:09,429 - INFO - POST http://localhost:9201/nku_search/_search [status:200 duration:0.002s]
2024-12-15 00:29:09,431 - INFO - POST http://localhost:9201/nku_search/_search [status:200 duration:0.002s]
2024-12-15 00:29:09,433 - INFO - POST http://localhost:9201/nku_search/_search [status:200 duration:0.002s]
2024-12-15 00:29:09,435 - INFO - POST http://localhost:9201/nku_search/_search [status:200 duration:0.002s]
2024-12-15 00:29:09,437 - INFO - POST http://localhost:9201/nku_search/_search [status:200 duration:0.002s]
2024-12-15 00:29:09,439 - INFO - POST http://localhost:9201/nku_search/_search [status:200 duration:0.003s]
2024-12-15 00:29:09,442 - INFO - POST http://localhost:9201/nku_search/_search [status:200 duration:0.002s]
2024-12-15 00:29:09,443 - INFO - POST http://localhost:9201/nku_search/_search [status:200 duration:0.002s]
2024-12-15 00:29:09,445 - INFO - POST http://localhost:9201/nku_search/_search [status:200 duration:0.002s]
2024-12-15 00:29:09,447 - INFO - POST http://localhost:9201/nku_search/_search [status:200 duration:0.002s]
2024-12-15 00:29:09,449 - INFO - POST http://localhost:9201/nku_search/_search [status:200 duration:0.002s]
2024-12-15 00:29:09,451 - INFO - POST http://localhost:9201/nku_search/_search [status:200 duration:0.002s]
2024-12-15 00:29:09,452 - INFO - POST http://localhost:9201/nku_search/_search [status:200 duration:0.001s]
2024-12-15 00:29:09,456 - INFO - POST http://localhost:9201/nku_search/_search [status:200 duration:0.002s]
2024-12-15 00:29:09,458 - INFO - POST http://localhost:9201/nku_search/_search [status:200 duration:0.002s]
2024-12-15 00:29:09,461 - INFO - POST http://localhost:9201/nku_search/_search [status:200 duration:0.002s]
2024-12-15 00:29:09,463 - INFO - POST http://localhost:9201/nku_search/_search [status:200 duration:0.002s]
2024-12-15 00:29:09,466 - INFO - POST http://localhost:9201/nku_search/_search [status:200 duration:0.002s]
2024-12-15 00:29:09,467 - INFO - POST http://localhost:9201/nku_search/_search [status:200 duration:0.002s]
2024-12-15 00:29:09,471 - INFO - POST http://localhost:9201/nku_search/_search [status:200 duration:0.003s]
2024-12-15 00:29:09,472 - INFO - POST http://localhost:9201/nku_search/_search [status:200 duration:0.002s]
2024-12-15 00:29:09,475 - INFO - POST http://localhost:9201/nku_search/_search [status:200 duration:0.002s]
2024-12-15 00:29:09,477 - INFO - POST http://localhost:9201/nku_search/_search [status:200 duration:0.002s]
2024-12-15 00:29:09,479 - INFO - POST http://localhost:9201/nku_search/_search [status:200 duration:0.002s]
2024-12-15 00:29:09,482 - INFO - POST http://localhost:9201/nku_search/_search [status:200 duration:0.002s]
2024-12-15 00:29:09,484 - INFO - POST http://localhost:9201/nku_search/_search [status:200 duration:0.002s]
2024-12-15 00:29:09,487 - INFO - POST http://localhost:9201/nku_search/_search [status:200 duration:0.002s]
2024-12-15 00:29:09,489 - INFO - POST http://localhost:9201/nku_search/_search [status:200 duration:0.002s]
2024-12-15 00:29:09,491 - INFO - POST http://localhost:9201/nku_search/_search [status:200 duration:0.002s]
2024-12-15 00:29:09,493 - INFO - POST http://localhost:9201/nku_search/_search [status:200 duration:0.002s]
2024-12-15 00:29:09,495 - INFO - POST http://localhost:9201/nku_search/_search [status:200 duration:0.002s]
2024-12-15 00:29:09,497 - INFO - POST http://localhost:9201/nku_search/_search [status:200 duration:0.001s]
2024-12-15 00:29:09,498 - INFO - POST http://localhost:9201/nku_search/_search [status:200 duration:0.001s]
2024-12-15 00:29:09,501 - INFO - POST http://localhost:9201/nku_search/_search [status:200 duration:0.002s]
2024-12-15 00:29:09,503 - INFO - POST http://localhost:9201/nku_search/_search [status:200 duration:0.002s]
2024-12-15 00:29:09,505 - INFO - POST http://localhost:9201/nku_search/_search [status:200 duration:0.002s]
2024-12-15 00:29:09,507 - INFO - POST http://localhost:9201/nku_search/_search [status:200 duration:0.002s]
2024-12-15 00:29:09,509 - INFO - POST http://localhost:9201/nku_search/_search [status:200 duration:0.002s]
2024-12-15 00:29:09,510 - INFO - POST http://localhost:9201/nku_search/_search [status:200 duration:0.001s]
2024-12-15 00:29:09,513 - INFO - POST http://localhost:9201/nku_search/_search [status:200 duration:0.003s]
2024-12-15 00:29:09,515 - INFO - POST http://localhost:9201/nku_search/_search [status:200 duration:0.001s]
2024-12-15 00:29:09,517 - INFO - POST http://localhost:9201/nku_search/_search [status:200 duration:0.002s]
2024-12-15 00:29:09,519 - INFO - POST http://localhost:9201/nku_search/_search [status:200 duration:0.002s]
2024-12-15 00:29:09,522 - INFO - POST http://localhost:9201/nku_search/_search [status:200 duration:0.002s]
2024-12-15 00:29:09,524 - INFO - POST http://localhost:9201/nku_search/_search [status:200 duration:0.002s]
2024-12-15 00:29:09,527 - INFO - POST http://localhost:9201/nku_search/_search [status:200 duration:0.002s]
2024-12-15 00:29:09,528 - INFO - POST http://localhost:9201/nku_search/_search [status:200 duration:0.002s]
2024-12-15 00:29:09,531 - INFO - POST http://localhost:9201/nku_search/_search [status:200 duration:0.003s]
2024-12-15 00:29:09,533 - INFO - POST http://localhost:9201/nku_search/_search [status:200 duration:0.002s]
2024-12-15 00:29:09,536 - INFO - POST http://localhost:9201/nku_search/_search [status:200 duration:0.002s]
2024-12-15 00:29:09,538 - INFO - POST http://localhost:9201/nku_search/_search [status:200 duration:0.002s]
2024-12-15 00:29:09,540 - INFO - POST http://localhost:9201/nku_search/_search [status:200 duration:0.002s]
2024-12-15 00:29:09,542 - INFO - POST http://localhost:9201/nku_search/_search [status:200 duration:0.002s]
2024-12-15 00:29:09,545 - INFO - POST http://localhost:9201/nku_search/_search [status:200 duration:0.002s]
2024-12-15 00:29:09,547 - INFO - POST http://localhost:9201/nku_search/_search [status:200 duration:0.002s]
2024-12-15 00:29:09,550 - INFO - POST http://localhost:9201/nku_search/_search [status:200 duration:0.003s]
2024-12-15 00:29:09,551 - INFO - POST http://localhost:9201/nku_search/_search [status:200 duration:0.002s]
2024-12-15 00:29:09,553 - INFO - POST http://localhost:9201/nku_search/_search [status:200 duration:0.002s]
2024-12-15 00:29:09,558 - INFO - POST http://localhost:9201/nku_search/_search [status:200 duration:0.004s]
2024-12-15 00:29:09,560 - INFO - POST http://localhost:9201/nku_search/_search [status:200 duration:0.002s]
2024-12-15 00:29:09,566 - INFO - POST http://localhost:9201/nku_search/_search [status:200 duration:0.005s]
2024-12-15 00:29:09,568 - INFO - POST http://localhost:9201/nku_search/_search [status:200 duration:0.002s]
2024-12-15 00:29:09,572 - INFO - POST http://localhost:9201/nku_search/_search [status:200 duration:0.003s]
2024-12-15 00:29:09,574 - INFO - POST http://localhost:9201/nku_search/_search [status:200 duration:0.003s]
2024-12-15 00:29:09,577 - INFO - POST http://localhost:9201/nku_search/_search [status:200 duration:0.002s]
2024-12-15 00:29:09,579 - INFO - POST http://localhost:9201/nku_search/_search [status:200 duration:0.002s]
2024-12-15 00:29:09,585 - INFO - POST http://localhost:9201/nku_search/_search [status:200 duration:0.005s]
2024-12-15 00:29:09,587 - INFO - POST http://localhost:9201/nku_search/_search [status:200 duration:0.003s]
2024-12-15 00:29:09,590 - INFO - POST http://localhost:9201/nku_search/_search [status:200 duration:0.002s]
2024-12-15 00:29:09,593 - INFO - POST http://localhost:9201/nku_search/_search [status:200 duration:0.003s]
2024-12-15 00:29:09,595 - INFO - POST http://localhost:9201/nku_search/_search [status:200 duration:0.002s]
2024-12-15 00:29:09,598 - INFO - POST http://localhost:9201/nku_search/_search [status:200 duration:0.003s]
2024-12-15 00:29:09,601 - INFO - POST http://localhost:9201/nku_search/_search [status:200 duration:0.003s]
2024-12-15 00:29:09,603 - INFO - POST http://localhost:9201/nku_search/_search [status:200 duration:0.002s]
2024-12-15 00:29:09,609 - INFO - POST http://localhost:9201/nku_search/_search [status:200 duration:0.007s]
2024-12-15 00:29:09,612 - INFO - POST http://localhost:9201/nku_search/_search [status:200 duration:0.003s]
2024-12-15 00:29:09,614 - INFO - POST http://localhost:9201/nku_search/_search [status:200 duration:0.002s]
2024-12-15 00:29:09,617 - INFO - POST http://localhost:9201/nku_search/_search [status:200 duration:0.002s]
2024-12-15 00:29:09,620 - INFO - POST http://localhost:9201/nku_search/_search [status:200 duration:0.002s]
2024-12-15 00:29:09,623 - INFO - POST http://localhost:9201/nku_search/_search [status:200 duration:0.003s]
2024-12-15 00:29:09,625 - INFO - POST http://localhost:9201/nku_search/_search [status:200 duration:0.002s]
2024-12-15 00:29:09,629 - INFO - POST http://localhost:9201/nku_search/_search [status:200 duration:0.003s]
2024-12-15 00:29:09,631 - INFO - POST http://localhost:9201/nku_search/_search [status:200 duration:0.003s]
2024-12-15 00:29:09,634 - INFO - POST http://localhost:9201/nku_search/_search [status:200 duration:0.002s]
2024-12-15 00:29:09,637 - INFO - POST http://localhost:9201/nku_search/_search [status:200 duration:0.002s]
2024-12-15 00:29:09,640 - INFO - POST http://localhost:9201/nku_search/_search [status:200 duration:0.003s]
2024-12-15 00:29:09,643 - INFO - POST http://localhost:9201/nku_search/_search [status:200 duration:0.002s]
2024-12-15 00:29:09,646 - INFO - POST http://localhost:9201/nku_search/_search [status:200 duration:0.003s]
2024-12-15 00:29:09,649 - INFO - POST http://localhost:9201/nku_search/_search [status:200 duration:0.002s]
2024-12-15 00:29:09,652 - INFO - POST http://localhost:9201/nku_search/_search [status:200 duration:0.003s]
2024-12-15 00:29:09,655 - INFO - POST http://localhost:9201/nku_search/_search [status:200 duration:0.003s]
2024-12-15 00:29:09,658 - INFO - POST http://localhost:9201/nku_search/_search [status:200 duration:0.003s]
2024-12-15 00:29:09,661 - INFO - POST http://localhost:9201/nku_search/_search [status:200 duration:0.003s]
2024-12-15 00:29:09,664 - INFO - POST http://localhost:9201/nku_search/_search [status:200 duration:0.002s]
2024-12-15 00:29:09,667 - INFO - POST http://localhost:9201/nku_search/_search [status:200 duration:0.003s]
2024-12-15 00:29:09,672 - INFO - POST http://localhost:9201/nku_search/_search [status:200 duration:0.004s]
2024-12-15 00:29:09,674 - INFO - POST http://localhost:9201/nku_search/_search [status:200 duration:0.003s]
2024-12-15 00:29:09,678 - INFO - POST http://localhost:9201/nku_search/_search [status:200 duration:0.003s]
2024-12-15 00:29:09,680 - INFO - POST http://localhost:9201/nku_search/_search [status:200 duration:0.002s]
2024-12-15 00:29:09,683 - INFO - POST http://localhost:9201/nku_search/_search [status:200 duration:0.003s]
2024-12-15 00:29:09,686 - INFO - POST http://localhost:9201/nku_search/_search [status:200 duration:0.002s]
2024-12-15 00:29:09,689 - INFO - POST http://localhost:9201/nku_search/_search [status:200 duration:0.003s]
2024-12-15 00:29:09,691 - INFO - POST http://localhost:9201/nku_search/_search [status:200 duration:0.003s]
2024-12-15 00:29:09,694 - INFO - POST http://localhost:9201/nku_search/_search [status:200 duration:0.003s]
2024-12-15 00:29:09,697 - INFO - POST http://localhost:9201/nku_search/_search [status:200 duration:0.002s]
2024-12-15 00:29:09,699 - INFO - POST http://localhost:9201/nku_search/_search [status:200 duration:0.002s]
2024-12-15 00:29:09,701 - INFO - POST http://localhost:9201/nku_search/_search [status:200 duration:0.002s]
2024-12-15 00:29:09,703 - INFO - POST http://localhost:9201/nku_search/_search [status:200 duration:0.002s]
2024-12-15 00:29:09,705 - INFO - POST http://localhost:9201/nku_search/_search [status:200 duration:0.002s]
2024-12-15 00:29:09,707 - INFO - POST http://localhost:9201/nku_search/_search [status:200 duration:0.002s]
2024-12-15 00:29:09,709 - INFO - POST http://localhost:9201/nku_search/_search [status:200 duration:0.002s]
2024-12-15 00:29:09,711 - INFO - POST http://localhost:9201/nku_search/_search [status:200 duration:0.002s]
2024-12-15 00:29:09,714 - INFO - POST http://localhost:9201/nku_search/_search [status:200 duration:0.002s]
2024-12-15 00:29:09,716 - INFO - POST http://localhost:9201/nku_search/_search [status:200 duration:0.002s]
2024-12-15 00:29:09,719 - INFO - POST http://localhost:9201/nku_search/_search [status:200 duration:0.002s]
2024-12-15 00:29:09,721 - INFO - POST http://localhost:9201/nku_search/_search [status:200 duration:0.002s]
2024-12-15 00:29:09,722 - INFO - POST http://localhost:9201/nku_search/_search [status:200 duration:0.001s]
2024-12-15 00:29:09,725 - INFO - POST http://localhost:9201/nku_search/_search [status:200 duration:0.002s]
2024-12-15 00:29:09,727 - INFO - POST http://localhost:9201/nku_search/_search [status:200 duration:0.002s]
2024-12-15 00:29:09,729 - INFO - POST http://localhost:9201/nku_search/_search [status:200 duration:0.002s]
2024-12-15 00:29:09,731 - INFO - POST http://localhost:9201/nku_search/_search [status:200 duration:0.002s]
2024-12-15 00:29:09,733 - INFO - POST http://localhost:9201/nku_search/_search [status:200 duration:0.002s]
2024-12-15 00:29:09,735 - INFO - POST http://localhost:9201/nku_search/_search [status:200 duration:0.002s]
2024-12-15 00:29:09,740 - INFO - POST http://localhost:9201/nku_search/_search [status:200 duration:0.004s]
2024-12-15 00:29:09,741 - INFO - POST http://localhost:9201/nku_search/_search [status:200 duration:0.002s]
2024-12-15 00:29:09,743 - INFO - POST http://localhost:9201/nku_search/_search [status:200 duration:0.002s]
2024-12-15 00:29:09,746 - INFO - POST http://localhost:9201/nku_search/_search [status:200 duration:0.002s]
2024-12-15 00:29:09,748 - INFO - POST http://localhost:9201/nku_search/_search [status:200 duration:0.002s]
2024-12-15 00:29:09,750 - INFO - POST http://localhost:9201/nku_search/_search [status:200 duration:0.002s]
2024-12-15 00:29:09,752 - INFO - POST http://localhost:9201/nku_search/_search [status:200 duration:0.002s]
2024-12-15 00:29:09,755 - INFO - POST http://localhost:9201/nku_search/_search [status:200 duration:0.003s]
2024-12-15 00:29:09,757 - INFO - POST http://localhost:9201/nku_search/_search [status:200 duration:0.002s]
2024-12-15 00:29:09,759 - INFO - POST http://localhost:9201/nku_search/_search [status:200 duration:0.002s]
2024-12-15 00:29:09,762 - INFO - POST http://localhost:9201/nku_search/_search [status:200 duration:0.002s]
2024-12-15 00:29:09,763 - INFO - POST http://localhost:9201/nku_search/_search [status:200 duration:0.002s]
2024-12-15 00:29:09,766 - INFO - POST http://localhost:9201/nku_search/_search [status:200 duration:0.002s]
2024-12-15 00:29:09,768 - INFO - POST http://localhost:9201/nku_search/_search [status:200 duration:0.002s]
2024-12-15 00:29:09,769 - INFO - POST http://localhost:9201/nku_search/_search [status:200 duration:0.002s]
2024-12-15 00:29:09,771 - INFO - POST http://localhost:9201/nku_search/_search [status:200 duration:0.002s]
2024-12-15 00:29:09,773 - INFO - POST http://localhost:9201/nku_search/_search [status:200 duration:0.002s]
2024-12-15 00:29:09,775 - INFO - POST http://localhost:9201/nku_search/_search [status:200 duration:0.002s]
2024-12-15 00:29:09,776 - INFO - POST http://localhost:9201/nku_search/_search [status:200 duration:0.001s]
2024-12-15 00:29:09,779 - INFO - POST http://localhost:9201/nku_search/_search [status:200 duration:0.002s]
2024-12-15 00:29:09,781 - INFO - POST http://localhost:9201/nku_search/_search [status:200 duration:0.002s]
2024-12-15 00:29:09,782 - INFO - POST http://localhost:9201/nku_search/_search [status:200 duration:0.002s]
2024-12-15 00:29:09,785 - INFO - POST http://localhost:9201/nku_search/_search [status:200 duration:0.002s]
2024-12-15 00:29:09,787 - INFO - POST http://localhost:9201/nku_search/_search [status:200 duration:0.002s]
2024-12-15 00:29:09,791 - INFO - POST http://localhost:9201/nku_search/_search [status:200 duration:0.004s]
2024-12-15 00:29:09,794 - INFO - POST http://localhost:9201/nku_search/_search [status:200 duration:0.002s]
2024-12-15 00:29:09,796 - INFO - POST http://localhost:9201/nku_search/_search [status:200 duration:0.002s]
2024-12-15 00:29:09,798 - INFO - POST http://localhost:9201/nku_search/_search [status:200 duration:0.002s]
2024-12-15 00:29:09,800 - INFO - POST http://localhost:9201/nku_search/_search [status:200 duration:0.002s]
2024-12-15 00:29:09,801 - INFO - POST http://localhost:9201/nku_search/_search [status:200 duration:0.002s]
2024-12-15 00:29:09,803 - INFO - POST http://localhost:9201/nku_search/_search [status:200 duration:0.002s]
2024-12-15 00:29:09,806 - INFO - POST http://localhost:9201/nku_search/_search [status:200 duration:0.002s]
2024-12-15 00:29:09,807 - INFO - POST http://localhost:9201/nku_search/_search [status:200 duration:0.001s]
2024-12-15 00:29:09,809 - INFO - POST http://localhost:9201/nku_search/_search [status:200 duration:0.002s]
2024-12-15 00:29:09,811 - INFO - POST http://localhost:9201/nku_search/_search [status:200 duration:0.002s]
2024-12-15 00:29:09,813 - INFO - POST http://localhost:9201/nku_search/_search [status:200 duration:0.002s]
2024-12-15 00:29:09,815 - INFO - POST http://localhost:9201/nku_search/_search [status:200 duration:0.002s]
2024-12-15 00:29:09,817 - INFO - POST http://localhost:9201/nku_search/_search [status:200 duration:0.002s]
2024-12-15 00:29:09,819 - INFO - POST http://localhost:9201/nku_search/_search [status:200 duration:0.002s]
2024-12-15 00:29:09,820 - INFO - POST http://localhost:9201/nku_search/_search [status:200 duration:0.002s]
2024-12-15 00:29:09,823 - INFO - POST http://localhost:9201/nku_search/_search [status:200 duration:0.003s]
2024-12-15 00:29:09,825 - INFO - POST http://localhost:9201/nku_search/_search [status:200 duration:0.001s]
2024-12-15 00:29:09,827 - INFO - POST http://localhost:9201/nku_search/_search [status:200 duration:0.002s]
2024-12-15 00:29:09,829 - INFO - POST http://localhost:9201/nku_search/_search [status:200 duration:0.002s]
2024-12-15 00:29:09,831 - INFO - POST http://localhost:9201/nku_search/_search [status:200 duration:0.001s]
2024-12-15 00:29:09,833 - INFO - POST http://localhost:9201/nku_search/_search [status:200 duration:0.002s]
2024-12-15 00:29:09,835 - INFO - POST http://localhost:9201/nku_search/_search [status:200 duration:0.002s]
2024-12-15 00:29:09,837 - INFO - POST http://localhost:9201/nku_search/_search [status:200 duration:0.002s]
2024-12-15 00:29:09,839 - INFO - POST http://localhost:9201/nku_search/_search [status:200 duration:0.002s]
2024-12-15 00:29:09,841 - INFO - POST http://localhost:9201/nku_search/_search [status:200 duration:0.002s]
2024-12-15 00:29:09,844 - INFO - POST http://localhost:9201/nku_search/_search [status:200 duration:0.002s]
2024-12-15 00:29:09,846 - INFO - POST http://localhost:9201/nku_search/_search [status:200 duration:0.002s]
2024-12-15 00:29:09,847 - INFO - POST http://localhost:9201/nku_search/_search [status:200 duration:0.001s]
2024-12-15 00:29:09,849 - INFO - POST http://localhost:9201/nku_search/_search [status:200 duration:0.001s]
2024-12-15 00:29:09,851 - INFO - POST http://localhost:9201/nku_search/_search [status:200 duration:0.002s]
2024-12-15 00:29:09,853 - INFO - POST http://localhost:9201/nku_search/_search [status:200 duration:0.002s]
2024-12-15 00:29:09,855 - INFO - POST http://localhost:9201/nku_search/_search [status:200 duration:0.002s]
2024-12-15 00:29:09,857 - INFO - POST http://localhost:9201/nku_search/_search [status:200 duration:0.002s]
2024-12-15 00:29:09,859 - INFO - POST http://localhost:9201/nku_search/_search [status:200 duration:0.002s]
2024-12-15 00:29:09,861 - INFO - POST http://localhost:9201/nku_search/_search [status:200 duration:0.002s]
2024-12-15 00:29:09,863 - INFO - POST http://localhost:9201/nku_search/_search [status:200 duration:0.002s]
2024-12-15 00:29:09,865 - INFO - POST http://localhost:9201/nku_search/_search [status:200 duration:0.002s]
2024-12-15 00:29:09,866 - INFO - POST http://localhost:9201/nku_search/_search [status:200 duration:0.001s]
2024-12-15 00:29:09,868 - INFO - POST http://localhost:9201/nku_search/_search [status:200 duration:0.002s]
2024-12-15 00:29:09,870 - INFO - POST http://localhost:9201/nku_search/_search [status:200 duration:0.002s]
2024-12-15 00:29:09,871 - INFO - POST http://localhost:9201/nku_search/_search [status:200 duration:0.002s]
2024-12-15 00:29:09,873 - INFO - POST http://localhost:9201/nku_search/_search [status:200 duration:0.002s]
2024-12-15 00:29:09,875 - INFO - POST http://localhost:9201/nku_search/_search [status:200 duration:0.002s]
2024-12-15 00:29:09,877 - INFO - POST http://localhost:9201/nku_search/_search [status:200 duration:0.002s]
2024-12-15 00:29:09,879 - INFO - POST http://localhost:9201/nku_search/_search [status:200 duration:0.002s]
2024-12-15 00:29:09,880 - INFO - POST http://localhost:9201/nku_search/_search [status:200 duration:0.002s]
2024-12-15 00:29:09,883 - INFO - POST http://localhost:9201/nku_search/_search [status:200 duration:0.002s]
2024-12-15 00:29:09,884 - INFO - POST http://localhost:9201/nku_search/_search [status:200 duration:0.002s]
2024-12-15 00:29:09,886 - INFO - POST http://localhost:9201/nku_search/_search [status:200 duration:0.002s]
2024-12-15 00:29:09,889 - INFO - POST http://localhost:9201/nku_search/_search [status:200 duration:0.002s]
2024-12-15 00:29:09,891 - INFO - POST http://localhost:9201/nku_search/_search [status:200 duration:0.002s]
2024-12-15 00:29:09,893 - INFO - POST http://localhost:9201/nku_search/_search [status:200 duration:0.001s]
2024-12-15 00:29:09,895 - INFO - POST http://localhost:9201/nku_search/_search [status:200 duration:0.002s]
2024-12-15 00:29:09,896 - INFO - POST http://localhost:9201/nku_search/_search [status:200 duration:0.002s]
2024-12-15 00:29:09,898 - INFO - POST http://localhost:9201/nku_search/_search [status:200 duration:0.002s]
2024-12-15 00:29:09,900 - INFO - POST http://localhost:9201/nku_search/_search [status:200 duration:0.002s]
2024-12-15 00:29:09,902 - INFO - POST http://localhost:9201/nku_search/_search [status:200 duration:0.001s]
2024-12-15 00:29:09,904 - INFO - POST http://localhost:9201/nku_search/_search [status:200 duration:0.002s]
2024-12-15 00:29:09,906 - INFO - POST http://localhost:9201/nku_search/_search [status:200 duration:0.002s]
2024-12-15 00:29:09,907 - INFO - POST http://localhost:9201/nku_search/_search [status:200 duration:0.002s]
2024-12-15 00:29:09,909 - INFO - POST http://localhost:9201/nku_search/_search [status:200 duration:0.001s]
2024-12-15 00:29:09,911 - INFO - POST http://localhost:9201/nku_search/_search [status:200 duration:0.002s]
2024-12-15 00:29:09,913 - INFO - POST http://localhost:9201/nku_search/_search [status:200 duration:0.002s]
2024-12-15 00:29:09,916 - INFO - POST http://localhost:9201/nku_search/_search [status:200 duration:0.002s]
2024-12-15 00:29:09,917 - INFO - POST http://localhost:9201/nku_search/_search [status:200 duration:0.002s]
2024-12-15 00:29:09,919 - INFO - POST http://localhost:9201/nku_search/_search [status:200 duration:0.002s]
2024-12-15 00:29:09,921 - INFO - POST http://localhost:9201/nku_search/_search [status:200 duration:0.001s]
2024-12-15 00:29:09,924 - INFO - POST http://localhost:9201/nku_search/_search [status:200 duration:0.002s]
2024-12-15 00:29:09,925 - INFO - POST http://localhost:9201/nku_search/_search [status:200 duration:0.002s]
2024-12-15 00:29:09,927 - INFO - POST http://localhost:9201/nku_search/_search [status:200 duration:0.001s]
2024-12-15 00:29:09,929 - INFO - POST http://localhost:9201/nku_search/_search [status:200 duration:0.002s]
2024-12-15 00:29:09,930 - INFO - POST http://localhost:9201/nku_search/_search [status:200 duration:0.002s]
2024-12-15 00:29:09,932 - INFO - POST http://localhost:9201/nku_search/_search [status:200 duration:0.001s]
2024-12-15 00:29:09,934 - INFO - POST http://localhost:9201/nku_search/_search [status:200 duration:0.002s]
2024-12-15 00:29:09,936 - INFO - POST http://localhost:9201/nku_search/_search [status:200 duration:0.002s]
2024-12-15 00:29:09,938 - INFO - POST http://localhost:9201/nku_search/_search [status:200 duration:0.002s]
2024-12-15 00:29:09,940 - INFO - POST http://localhost:9201/nku_search/_search [status:200 duration:0.002s]
2024-12-15 00:29:09,942 - INFO - POST http://localhost:9201/nku_search/_search [status:200 duration:0.002s]
2024-12-15 00:29:09,950 - INFO - POST http://localhost:9201/nku_search/_search [status:200 duration:0.007s]
2024-12-15 00:29:09,952 - INFO - POST http://localhost:9201/nku_search/_search [status:200 duration:0.002s]
2024-12-15 00:29:09,954 - INFO - POST http://localhost:9201/nku_search/_search [status:200 duration:0.002s]
2024-12-15 00:29:09,957 - INFO - POST http://localhost:9201/nku_search/_search [status:200 duration:0.002s]
2024-12-15 00:29:09,959 - INFO - POST http://localhost:9201/nku_search/_search [status:200 duration:0.002s]
2024-12-15 00:29:09,962 - INFO - POST http://localhost:9201/nku_search/_search [status:200 duration:0.002s]
2024-12-15 00:29:09,963 - INFO - POST http://localhost:9201/nku_search/_search [status:200 duration:0.002s]
2024-12-15 00:29:09,966 - INFO - POST http://localhost:9201/nku_search/_search [status:200 duration:0.003s]
2024-12-15 00:29:09,969 - INFO - POST http://localhost:9201/nku_search/_search [status:200 duration:0.002s]
2024-12-15 00:29:09,970 - INFO - POST http://localhost:9201/nku_search/_search [status:200 duration:0.002s]
2024-12-15 00:29:09,972 - INFO - POST http://localhost:9201/nku_search/_search [status:200 duration:0.001s]
2024-12-15 00:29:09,974 - INFO - POST http://localhost:9201/nku_search/_search [status:200 duration:0.002s]
2024-12-15 00:29:09,976 - INFO - POST http://localhost:9201/nku_search/_search [status:200 duration:0.002s]
2024-12-15 00:29:09,977 - INFO - POST http://localhost:9201/nku_search/_search [status:200 duration:0.002s]
2024-12-15 00:29:09,979 - INFO - POST http://localhost:9201/nku_search/_search [status:200 duration:0.002s]
2024-12-15 00:29:09,981 - INFO - POST http://localhost:9201/nku_search/_search [status:200 duration:0.002s]
2024-12-15 00:29:09,985 - INFO - POST http://localhost:9201/nku_search/_search [status:200 duration:0.004s]
2024-12-15 00:29:09,987 - INFO - POST http://localhost:9201/nku_search/_search [status:200 duration:0.002s]
2024-12-15 00:29:09,989 - INFO - POST http://localhost:9201/nku_search/_search [status:200 duration:0.002s]
2024-12-15 00:29:09,991 - INFO - POST http://localhost:9201/nku_search/_search [status:200 duration:0.002s]
2024-12-15 00:29:09,992 - INFO - POST http://localhost:9201/nku_search/_search [status:200 duration:0.002s]
2024-12-15 00:29:09,994 - INFO - POST http://localhost:9201/nku_search/_search [status:200 duration:0.002s]
2024-12-15 00:29:09,996 - INFO - POST http://localhost:9201/nku_search/_search [status:200 duration:0.002s]
2024-12-15 00:29:09,998 - INFO - POST http://localhost:9201/nku_search/_search [status:200 duration:0.002s]
2024-12-15 00:29:09,999 - INFO - POST http://localhost:9201/nku_search/_search [status:200 duration:0.002s]
2024-12-15 00:29:10,001 - INFO - POST http://localhost:9201/nku_search/_search [status:200 duration:0.002s]
2024-12-15 00:29:10,003 - INFO - POST http://localhost:9201/nku_search/_search [status:200 duration:0.002s]
2024-12-15 00:29:10,004 - INFO - POST http://localhost:9201/nku_search/_search [status:200 duration:0.002s]
2024-12-15 00:29:10,006 - INFO - POST http://localhost:9201/nku_search/_search [status:200 duration:0.001s]
2024-12-15 00:29:10,008 - INFO - POST http://localhost:9201/nku_search/_search [status:200 duration:0.002s]
2024-12-15 00:29:10,010 - INFO - POST http://localhost:9201/nku_search/_search [status:200 duration:0.002s]
2024-12-15 00:29:10,011 - INFO - POST http://localhost:9201/nku_search/_search [status:200 duration:0.002s]
2024-12-15 00:29:10,012 - INFO - POST http://localhost:9201/nku_search/_search [status:200 duration:0.001s]
2024-12-15 00:29:10,014 - INFO - POST http://localhost:9201/nku_search/_search [status:200 duration:0.002s]
2024-12-15 00:29:10,016 - INFO - POST http://localhost:9201/nku_search/_search [status:200 duration:0.002s]
2024-12-15 00:29:10,017 - INFO - POST http://localhost:9201/nku_search/_search [status:200 duration:0.001s]
2024-12-15 00:29:10,020 - INFO - POST http://localhost:9201/nku_search/_search [status:200 duration:0.002s]
2024-12-15 00:29:10,022 - INFO - POST http://localhost:9201/nku_search/_search [status:200 duration:0.002s]
2024-12-15 00:29:10,025 - INFO - POST http://localhost:9201/nku_search/_search [status:200 duration:0.002s]
2024-12-15 00:29:10,027 - INFO - POST http://localhost:9201/nku_search/_search [status:200 duration:0.002s]
2024-12-15 00:29:10,029 - INFO - POST http://localhost:9201/nku_search/_search [status:200 duration:0.002s]
2024-12-15 00:29:10,031 - INFO - POST http://localhost:9201/nku_search/_search [status:200 duration:0.002s]
2024-12-15 00:29:10,033 - INFO - POST http://localhost:9201/nku_search/_search [status:200 duration:0.002s]
2024-12-15 00:29:10,035 - INFO - POST http://localhost:9201/nku_search/_search [status:200 duration:0.002s]
2024-12-15 00:29:10,037 - INFO - POST http://localhost:9201/nku_search/_search [status:200 duration:0.002s]
2024-12-15 00:29:10,039 - INFO - POST http://localhost:9201/nku_search/_search [status:200 duration:0.002s]
2024-12-15 00:29:10,040 - INFO - POST http://localhost:9201/nku_search/_search [status:200 duration:0.001s]
2024-12-15 00:29:10,042 - INFO - POST http://localhost:9201/nku_search/_search [status:200 duration:0.001s]
2024-12-15 00:29:10,044 - INFO - POST http://localhost:9201/nku_search/_search [status:200 duration:0.001s]
2024-12-15 00:29:10,046 - INFO - POST http://localhost:9201/nku_search/_search [status:200 duration:0.002s]
2024-12-15 00:29:10,048 - INFO - POST http://localhost:9201/nku_search/_search [status:200 duration:0.002s]
2024-12-15 00:29:10,051 - INFO - POST http://localhost:9201/nku_search/_search [status:200 duration:0.002s]
2024-12-15 00:29:10,054 - INFO - POST http://localhost:9201/nku_search/_search [status:200 duration:0.002s]
2024-12-15 00:29:10,055 - INFO - POST http://localhost:9201/nku_search/_search [status:200 duration:0.001s]
2024-12-15 00:29:10,058 - INFO - POST http://localhost:9201/nku_search/_search [status:200 duration:0.002s]
2024-12-15 00:29:10,060 - INFO - POST http://localhost:9201/nku_search/_search [status:200 duration:0.002s]
2024-12-15 00:29:10,061 - INFO - POST http://localhost:9201/nku_search/_search [status:200 duration:0.002s]
2024-12-15 00:29:10,063 - INFO - POST http://localhost:9201/nku_search/_search [status:200 duration:0.002s]
2024-12-15 00:29:10,066 - INFO - POST http://localhost:9201/nku_search/_search [status:200 duration:0.002s]
2024-12-15 00:29:10,067 - INFO - POST http://localhost:9201/nku_search/_search [status:200 duration:0.002s]
2024-12-15 00:29:10,069 - INFO - POST http://localhost:9201/nku_search/_search [status:200 duration:0.002s]
2024-12-15 00:29:10,071 - INFO - POST http://localhost:9201/nku_search/_search [status:200 duration:0.002s]
2024-12-15 00:29:10,073 - INFO - POST http://localhost:9201/nku_search/_search [status:200 duration:0.002s]
2024-12-15 00:29:10,074 - INFO - POST http://localhost:9201/nku_search/_search [status:200 duration:0.002s]
2024-12-15 00:29:10,076 - INFO - POST http://localhost:9201/nku_search/_search [status:200 duration:0.002s]
2024-12-15 00:29:10,078 - INFO - POST http://localhost:9201/nku_search/_search [status:200 duration:0.002s]
2024-12-15 00:29:10,080 - INFO - POST http://localhost:9201/nku_search/_search [status:200 duration:0.002s]
2024-12-15 00:29:10,083 - INFO - POST http://localhost:9201/nku_search/_search [status:200 duration:0.003s]
2024-12-15 00:29:10,085 - INFO - POST http://localhost:9201/nku_search/_search [status:200 duration:0.002s]
2024-12-15 00:29:10,087 - INFO - POST http://localhost:9201/nku_search/_search [status:200 duration:0.002s]
2024-12-15 00:29:10,090 - INFO - POST http://localhost:9201/nku_search/_search [status:200 duration:0.002s]
2024-12-15 00:29:10,092 - INFO - POST http://localhost:9201/nku_search/_search [status:200 duration:0.002s]
2024-12-15 00:29:10,094 - INFO - POST http://localhost:9201/nku_search/_search [status:200 duration:0.002s]
2024-12-15 00:29:10,096 - INFO - POST http://localhost:9201/nku_search/_search [status:200 duration:0.002s]
2024-12-15 00:29:10,098 - INFO - POST http://localhost:9201/nku_search/_search [status:200 duration:0.002s]
2024-12-15 00:29:10,099 - INFO - POST http://localhost:9201/nku_search/_search [status:200 duration:0.001s]
2024-12-15 00:29:10,101 - INFO - POST http://localhost:9201/nku_search/_search [status:200 duration:0.002s]
2024-12-15 00:29:10,102 - INFO - POST http://localhost:9201/nku_search/_search [status:200 duration:0.002s]
2024-12-15 00:29:10,104 - INFO - POST http://localhost:9201/nku_search/_search [status:200 duration:0.002s]
2024-12-15 00:29:10,106 - INFO - POST http://localhost:9201/nku_search/_search [status:200 duration:0.002s]
2024-12-15 00:29:10,107 - INFO - POST http://localhost:9201/nku_search/_search [status:200 duration:0.001s]
2024-12-15 00:29:10,109 - INFO - POST http://localhost:9201/nku_search/_search [status:200 duration:0.002s]
2024-12-15 00:29:10,111 - INFO - POST http://localhost:9201/nku_search/_search [status:200 duration:0.002s]
2024-12-15 00:29:10,113 - INFO - POST http://localhost:9201/nku_search/_search [status:200 duration:0.002s]
2024-12-15 00:29:10,115 - INFO - POST http://localhost:9201/nku_search/_search [status:200 duration:0.002s]
2024-12-15 00:29:10,116 - INFO - POST http://localhost:9201/nku_search/_search [status:200 duration:0.001s]
2024-12-15 00:29:10,118 - INFO - POST http://localhost:9201/nku_search/_search [status:200 duration:0.002s]
2024-12-15 00:29:10,120 - INFO - POST http://localhost:9201/nku_search/_search [status:200 duration:0.002s]
2024-12-15 00:29:10,122 - INFO - POST http://localhost:9201/nku_search/_search [status:200 duration:0.002s]
2024-12-15 00:29:10,124 - INFO - POST http://localhost:9201/nku_search/_search [status:200 duration:0.002s]
2024-12-15 00:29:10,127 - INFO - POST http://localhost:9201/nku_search/_search [status:200 duration:0.002s]
2024-12-15 00:29:10,129 - INFO - POST http://localhost:9201/nku_search/_search [status:200 duration:0.002s]
2024-12-15 00:29:10,131 - INFO - POST http://localhost:9201/nku_search/_search [status:200 duration:0.002s]
2024-12-15 00:29:10,133 - INFO - POST http://localhost:9201/nku_search/_search [status:200 duration:0.001s]
2024-12-15 00:29:10,135 - INFO - POST http://localhost:9201/nku_search/_search [status:200 duration:0.002s]
2024-12-15 00:29:10,138 - INFO - POST http://localhost:9201/nku_search/_search [status:200 duration:0.002s]
2024-12-15 00:29:10,140 - INFO - POST http://localhost:9201/nku_search/_search [status:200 duration:0.002s]
2024-12-15 00:29:10,142 - INFO - POST http://localhost:9201/nku_search/_search [status:200 duration:0.002s]
2024-12-15 00:29:10,144 - INFO - POST http://localhost:9201/nku_search/_search [status:200 duration:0.002s]
2024-12-15 00:29:10,146 - INFO - POST http://localhost:9201/nku_search/_search [status:200 duration:0.001s]
2024-12-15 00:29:10,148 - INFO - POST http://localhost:9201/nku_search/_search [status:200 duration:0.002s]
2024-12-15 00:29:10,150 - INFO - POST http://localhost:9201/nku_search/_search [status:200 duration:0.002s]
2024-12-15 00:29:10,152 - INFO - POST http://localhost:9201/nku_search/_search [status:200 duration:0.002s]
2024-12-15 00:29:10,155 - INFO - POST http://localhost:9201/nku_search/_search [status:200 duration:0.002s]
2024-12-15 00:29:10,157 - INFO - POST http://localhost:9201/nku_search/_search [status:200 duration:0.002s]
2024-12-15 00:29:10,159 - INFO - POST http://localhost:9201/nku_search/_search [status:200 duration:0.002s]
2024-12-15 00:29:10,161 - INFO - POST http://localhost:9201/nku_search/_search [status:200 duration:0.002s]
2024-12-15 00:29:10,164 - INFO - POST http://localhost:9201/nku_search/_search [status:200 duration:0.002s]
2024-12-15 00:29:10,165 - INFO - POST http://localhost:9201/nku_search/_search [status:200 duration:0.002s]
2024-12-15 00:29:10,168 - INFO - POST http://localhost:9201/nku_search/_search [status:200 duration:0.002s]
2024-12-15 00:29:10,169 - INFO - POST http://localhost:9201/nku_search/_search [status:200 duration:0.002s]
2024-12-15 00:29:10,172 - INFO - POST http://localhost:9201/nku_search/_search [status:200 duration:0.002s]
2024-12-15 00:29:10,174 - INFO - POST http://localhost:9201/nku_search/_search [status:200 duration:0.002s]
2024-12-15 00:29:10,176 - INFO - POST http://localhost:9201/nku_search/_search [status:200 duration:0.002s]
2024-12-15 00:29:10,178 - INFO - POST http://localhost:9201/nku_search/_search [status:200 duration:0.002s]
2024-12-15 00:29:10,181 - INFO - POST http://localhost:9201/nku_search/_search [status:200 duration:0.003s]
2024-12-15 00:29:10,183 - INFO - POST http://localhost:9201/nku_search/_search [status:200 duration:0.002s]
2024-12-15 00:29:10,186 - INFO - POST http://localhost:9201/nku_search/_search [status:200 duration:0.002s]
2024-12-15 00:29:10,188 - INFO - POST http://localhost:9201/nku_search/_search [status:200 duration:0.002s]
2024-12-15 00:29:10,189 - INFO - POST http://localhost:9201/nku_search/_search [status:200 duration:0.001s]
2024-12-15 00:29:10,192 - INFO - POST http://localhost:9201/nku_search/_search [status:200 duration:0.002s]
2024-12-15 00:29:10,194 - INFO - POST http://localhost:9201/nku_search/_search [status:200 duration:0.001s]
2024-12-15 00:29:10,195 - INFO - POST http://localhost:9201/nku_search/_search [status:200 duration:0.001s]
2024-12-15 00:29:10,197 - INFO - POST http://localhost:9201/nku_search/_search [status:200 duration:0.002s]
2024-12-15 00:29:10,199 - INFO - POST http://localhost:9201/nku_search/_search [status:200 duration:0.002s]
2024-12-15 00:29:10,200 - INFO - POST http://localhost:9201/nku_search/_search [status:200 duration:0.002s]
2024-12-15 00:29:10,202 - INFO - POST http://localhost:9201/nku_search/_search [status:200 duration:0.002s]
2024-12-15 00:29:10,204 - INFO - POST http://localhost:9201/nku_search/_search [status:200 duration:0.002s]
2024-12-15 00:29:10,206 - INFO - POST http://localhost:9201/nku_search/_search [status:200 duration:0.001s]
2024-12-15 00:29:10,208 - INFO - POST http://localhost:9201/nku_search/_search [status:200 duration:0.002s]
2024-12-15 00:29:10,210 - INFO - POST http://localhost:9201/nku_search/_search [status:200 duration:0.002s]
2024-12-15 00:29:10,212 - INFO - POST http://localhost:9201/nku_search/_search [status:200 duration:0.002s]
2024-12-15 00:29:10,214 - INFO - POST http://localhost:9201/nku_search/_search [status:200 duration:0.002s]
2024-12-15 00:29:10,216 - INFO - POST http://localhost:9201/nku_search/_search [status:200 duration:0.002s]
2024-12-15 00:29:10,218 - INFO - POST http://localhost:9201/nku_search/_search [status:200 duration:0.001s]
2024-12-15 00:29:10,220 - INFO - POST http://localhost:9201/nku_search/_search [status:200 duration:0.002s]
2024-12-15 00:29:10,222 - INFO - POST http://localhost:9201/nku_search/_search [status:200 duration:0.002s]
2024-12-15 00:29:10,224 - INFO - POST http://localhost:9201/nku_search/_search [status:200 duration:0.002s]
2024-12-15 00:29:10,226 - INFO - POST http://localhost:9201/nku_search/_search [status:200 duration:0.001s]
2024-12-15 00:29:10,228 - INFO - POST http://localhost:9201/nku_search/_search [status:200 duration:0.002s]
2024-12-15 00:29:10,230 - INFO - POST http://localhost:9201/nku_search/_search [status:200 duration:0.002s]
2024-12-15 00:29:10,231 - INFO - POST http://localhost:9201/nku_search/_search [status:200 duration:0.001s]
2024-12-15 00:29:10,235 - INFO - POST http://localhost:9201/nku_search/_search [status:200 duration:0.003s]
2024-12-15 00:29:10,237 - INFO - POST http://localhost:9201/nku_search/_search [status:200 duration:0.002s]
2024-12-15 00:29:10,238 - INFO - POST http://localhost:9201/nku_search/_search [status:200 duration:0.002s]
2024-12-15 00:29:10,240 - INFO - POST http://localhost:9201/nku_search/_search [status:200 duration:0.002s]
2024-12-15 00:29:10,242 - INFO - POST http://localhost:9201/nku_search/_search [status:200 duration:0.002s]
2024-12-15 00:29:10,244 - INFO - POST http://localhost:9201/nku_search/_search [status:200 duration:0.002s]
2024-12-15 00:29:10,246 - INFO - POST http://localhost:9201/nku_search/_search [status:200 duration:0.002s]
2024-12-15 00:29:10,248 - INFO - POST http://localhost:9201/nku_search/_search [status:200 duration:0.002s]
2024-12-15 00:29:10,252 - INFO - POST http://localhost:9201/nku_search/_search [status:200 duration:0.003s]
2024-12-15 00:29:10,255 - INFO - POST http://localhost:9201/nku_search/_search [status:200 duration:0.003s]
2024-12-15 00:29:10,257 - INFO - POST http://localhost:9201/nku_search/_search [status:200 duration:0.002s]
2024-12-15 00:29:10,259 - INFO - POST http://localhost:9201/nku_search/_search [status:200 duration:0.002s]
2024-12-15 00:29:10,261 - INFO - POST http://localhost:9201/nku_search/_search [status:200 duration:0.001s]
2024-12-15 00:29:10,262 - INFO - POST http://localhost:9201/nku_search/_search [status:200 duration:0.002s]
2024-12-15 00:29:10,265 - INFO - POST http://localhost:9201/nku_search/_search [status:200 duration:0.002s]
2024-12-15 00:29:10,266 - INFO - POST http://localhost:9201/nku_search/_search [status:200 duration:0.002s]
2024-12-15 00:29:10,268 - INFO - POST http://localhost:9201/nku_search/_search [status:200 duration:0.002s]
2024-12-15 00:29:10,269 - INFO - POST http://localhost:9201/nku_search/_search [status:200 duration:0.002s]
2024-12-15 00:29:10,272 - INFO - POST http://localhost:9201/nku_search/_search [status:200 duration:0.002s]
2024-12-15 00:29:10,274 - INFO - POST http://localhost:9201/nku_search/_search [status:200 duration:0.002s]
2024-12-15 00:29:10,276 - INFO - POST http://localhost:9201/nku_search/_search [status:200 duration:0.002s]
2024-12-15 00:29:10,278 - INFO - POST http://localhost:9201/nku_search/_search [status:200 duration:0.001s]
2024-12-15 00:29:10,279 - INFO - POST http://localhost:9201/nku_search/_search [status:200 duration:0.001s]
2024-12-15 00:29:10,281 - INFO - POST http://localhost:9201/nku_search/_search [status:200 duration:0.002s]
2024-12-15 00:29:10,284 - INFO - POST http://localhost:9201/nku_search/_search [status:200 duration:0.002s]
2024-12-15 00:29:10,287 - INFO - POST http://localhost:9201/nku_search/_search [status:200 duration:0.002s]
2024-12-15 00:29:10,290 - INFO - POST http://localhost:9201/nku_search/_search [status:200 duration:0.003s]
2024-12-15 00:29:10,292 - INFO - POST http://localhost:9201/nku_search/_search [status:200 duration:0.002s]
2024-12-15 00:29:10,294 - INFO - POST http://localhost:9201/nku_search/_search [status:200 duration:0.003s]
2024-12-15 00:29:10,297 - INFO - POST http://localhost:9201/nku_search/_search [status:200 duration:0.002s]
2024-12-15 00:29:10,298 - INFO - POST http://localhost:9201/nku_search/_search [status:200 duration:0.002s]
2024-12-15 00:29:10,301 - INFO - POST http://localhost:9201/nku_search/_search [status:200 duration:0.002s]
2024-12-15 00:29:10,303 - INFO - POST http://localhost:9201/nku_search/_search [status:200 duration:0.002s]
2024-12-15 00:29:10,305 - INFO - POST http://localhost:9201/nku_search/_search [status:200 duration:0.002s]
2024-12-15 00:29:10,307 - INFO - POST http://localhost:9201/nku_search/_search [status:200 duration:0.002s]
2024-12-15 00:29:10,309 - INFO - POST http://localhost:9201/nku_search/_search [status:200 duration:0.002s]
2024-12-15 00:29:10,312 - INFO - POST http://localhost:9201/nku_search/_search [status:200 duration:0.002s]
2024-12-15 00:29:10,314 - INFO - POST http://localhost:9201/nku_search/_search [status:200 duration:0.002s]
2024-12-15 00:29:10,316 - INFO - POST http://localhost:9201/nku_search/_search [status:200 duration:0.001s]
2024-12-15 00:29:10,318 - INFO - POST http://localhost:9201/nku_search/_search [status:200 duration:0.002s]
2024-12-15 00:29:10,320 - INFO - POST http://localhost:9201/nku_search/_search [status:200 duration:0.002s]
2024-12-15 00:29:10,322 - INFO - POST http://localhost:9201/nku_search/_search [status:200 duration:0.001s]
2024-12-15 00:29:10,324 - INFO - POST http://localhost:9201/nku_search/_search [status:200 duration:0.002s]
2024-12-15 00:29:10,326 - INFO - POST http://localhost:9201/nku_search/_search [status:200 duration:0.002s]
2024-12-15 00:29:10,328 - INFO - POST http://localhost:9201/nku_search/_search [status:200 duration:0.002s]
2024-12-15 00:29:10,330 - INFO - POST http://localhost:9201/nku_search/_search [status:200 duration:0.002s]
2024-12-15 00:29:10,332 - INFO - POST http://localhost:9201/nku_search/_search [status:200 duration:0.002s]
2024-12-15 00:29:10,334 - INFO - POST http://localhost:9201/nku_search/_search [status:200 duration:0.002s]
2024-12-15 00:29:10,336 - INFO - POST http://localhost:9201/nku_search/_search [status:200 duration:0.002s]
2024-12-15 00:29:10,339 - INFO - POST http://localhost:9201/nku_search/_search [status:200 duration:0.002s]
2024-12-15 00:29:10,341 - INFO - POST http://localhost:9201/nku_search/_search [status:200 duration:0.002s]
2024-12-15 00:29:10,343 - INFO - POST http://localhost:9201/nku_search/_search [status:200 duration:0.002s]
2024-12-15 00:29:10,346 - INFO - POST http://localhost:9201/nku_search/_search [status:200 duration:0.002s]
2024-12-15 00:29:10,347 - INFO - POST http://localhost:9201/nku_search/_search [status:200 duration:0.002s]
2024-12-15 00:29:10,350 - INFO - POST http://localhost:9201/nku_search/_search [status:200 duration:0.002s]
2024-12-15 00:29:10,351 - INFO - POST http://localhost:9201/nku_search/_search [status:200 duration:0.002s]
2024-12-15 00:29:10,353 - INFO - POST http://localhost:9201/nku_search/_search [status:200 duration:0.001s]
2024-12-15 00:29:10,355 - INFO - POST http://localhost:9201/nku_search/_search [status:200 duration:0.002s]
2024-12-15 00:29:10,357 - INFO - POST http://localhost:9201/nku_search/_search [status:200 duration:0.002s]
2024-12-15 00:29:10,359 - INFO - POST http://localhost:9201/nku_search/_search [status:200 duration:0.002s]
2024-12-15 00:29:10,362 - INFO - POST http://localhost:9201/nku_search/_search [status:200 duration:0.002s]
2024-12-15 00:29:10,364 - INFO - POST http://localhost:9201/nku_search/_search [status:200 duration:0.002s]
2024-12-15 00:29:10,412 - INFO - POST http://localhost:9201/nku_search/_search [status:200 duration:0.048s]
2024-12-15 00:29:10,416 - INFO - POST http://localhost:9201/nku_search/_search [status:200 duration:0.004s]
2024-12-15 00:29:10,421 - INFO - POST http://localhost:9201/nku_search/_search [status:200 duration:0.004s]
2024-12-15 00:29:10,424 - INFO - POST http://localhost:9201/nku_search/_search [status:200 duration:0.003s]
2024-12-15 00:29:10,426 - INFO - POST http://localhost:9201/nku_search/_search [status:200 duration:0.002s]
2024-12-15 00:29:10,428 - INFO - POST http://localhost:9201/nku_search/_search [status:200 duration:0.002s]
2024-12-15 00:29:10,429 - INFO - POST http://localhost:9201/nku_search/_search [status:200 duration:0.002s]
2024-12-15 00:29:10,432 - INFO - POST http://localhost:9201/nku_search/_search [status:200 duration:0.002s]
2024-12-15 00:29:10,434 - INFO - POST http://localhost:9201/nku_search/_search [status:200 duration:0.002s]
2024-12-15 00:29:10,436 - INFO - POST http://localhost:9201/nku_search/_search [status:200 duration:0.001s]
2024-12-15 00:29:10,437 - INFO - POST http://localhost:9201/nku_search/_search [status:200 duration:0.001s]
2024-12-15 00:29:10,439 - INFO - POST http://localhost:9201/nku_search/_search [status:200 duration:0.002s]
2024-12-15 00:29:10,441 - INFO - POST http://localhost:9201/nku_search/_search [status:200 duration:0.002s]
2024-12-15 00:29:10,443 - INFO - POST http://localhost:9201/nku_search/_search [status:200 duration:0.002s]
2024-12-15 00:29:10,444 - INFO - POST http://localhost:9201/nku_search/_search [status:200 duration:0.002s]
2024-12-15 00:29:10,446 - INFO - POST http://localhost:9201/nku_search/_search [status:200 duration:0.001s]
2024-12-15 00:29:10,448 - INFO - POST http://localhost:9201/nku_search/_search [status:200 duration:0.001s]
2024-12-15 00:29:10,450 - INFO - POST http://localhost:9201/nku_search/_search [status:200 duration:0.002s]
2024-12-15 00:29:10,451 - INFO - POST http://localhost:9201/nku_search/_search [status:200 duration:0.002s]
2024-12-15 00:29:10,454 - INFO - POST http://localhost:9201/nku_search/_search [status:200 duration:0.002s]
2024-12-15 00:29:10,456 - INFO - POST http://localhost:9201/nku_search/_search [status:200 duration:0.002s]
2024-12-15 00:29:10,459 - INFO - POST http://localhost:9201/nku_search/_search [status:200 duration:0.003s]
2024-12-15 00:29:10,461 - INFO - POST http://localhost:9201/nku_search/_search [status:200 duration:0.002s]
2024-12-15 00:29:10,463 - INFO - POST http://localhost:9201/nku_search/_search [status:200 duration:0.002s]
2024-12-15 00:29:10,467 - INFO - POST http://localhost:9201/nku_search/_search [status:200 duration:0.003s]
2024-12-15 00:29:10,468 - INFO - POST http://localhost:9201/nku_search/_search [status:200 duration:0.002s]
2024-12-15 00:29:10,470 - INFO - POST http://localhost:9201/nku_search/_search [status:200 duration:0.002s]
2024-12-15 00:29:10,472 - INFO - POST http://localhost:9201/nku_search/_search [status:200 duration:0.001s]
2024-12-15 00:29:10,473 - INFO - POST http://localhost:9201/nku_search/_search [status:200 duration:0.001s]
2024-12-15 00:29:10,475 - INFO - POST http://localhost:9201/nku_search/_search [status:200 duration:0.001s]
2024-12-15 00:29:10,477 - INFO - POST http://localhost:9201/nku_search/_search [status:200 duration:0.002s]
2024-12-15 00:29:10,478 - INFO - POST http://localhost:9201/nku_search/_search [status:200 duration:0.002s]
2024-12-15 00:29:10,480 - INFO - POST http://localhost:9201/nku_search/_search [status:200 duration:0.002s]
2024-12-15 00:29:10,482 - INFO - POST http://localhost:9201/nku_search/_search [status:200 duration:0.002s]
2024-12-15 00:29:10,484 - INFO - POST http://localhost:9201/nku_search/_search [status:200 duration:0.002s]
2024-12-15 00:29:10,485 - INFO - POST http://localhost:9201/nku_search/_search [status:200 duration:0.002s]
2024-12-15 00:29:10,487 - INFO - POST http://localhost:9201/nku_search/_search [status:200 duration:0.002s]
2024-12-15 00:29:10,489 - INFO - POST http://localhost:9201/nku_search/_search [status:200 duration:0.001s]
2024-12-15 00:29:10,492 - INFO - POST http://localhost:9201/nku_search/_search [status:200 duration:0.002s]
2024-12-15 00:29:10,494 - INFO - POST http://localhost:9201/nku_search/_search [status:200 duration:0.002s]
2024-12-15 00:29:10,496 - INFO - POST http://localhost:9201/nku_search/_search [status:200 duration:0.001s]
2024-12-15 00:29:10,497 - INFO - POST http://localhost:9201/nku_search/_search [status:200 duration:0.001s]
2024-12-15 00:29:10,499 - INFO - POST http://localhost:9201/nku_search/_search [status:200 duration:0.002s]
2024-12-15 00:29:10,501 - INFO - POST http://localhost:9201/nku_search/_search [status:200 duration:0.002s]
2024-12-15 00:29:10,502 - INFO - POST http://localhost:9201/nku_search/_search [status:200 duration:0.002s]
2024-12-15 00:29:10,504 - INFO - POST http://localhost:9201/nku_search/_search [status:200 duration:0.002s]
2024-12-15 00:29:10,506 - INFO - POST http://localhost:9201/nku_search/_search [status:200 duration:0.002s]
2024-12-15 00:29:10,507 - INFO - POST http://localhost:9201/nku_search/_search [status:200 duration:0.001s]
2024-12-15 00:29:10,509 - INFO - POST http://localhost:9201/nku_search/_search [status:200 duration:0.001s]
2024-12-15 00:29:10,511 - INFO - POST http://localhost:9201/nku_search/_search [status:200 duration:0.002s]
2024-12-15 00:29:10,513 - INFO - POST http://localhost:9201/nku_search/_search [status:200 duration:0.002s]
2024-12-15 00:29:10,515 - INFO - POST http://localhost:9201/nku_search/_search [status:200 duration:0.002s]
2024-12-15 00:29:10,516 - INFO - POST http://localhost:9201/nku_search/_search [status:200 duration:0.002s]
2024-12-15 00:29:10,518 - INFO - POST http://localhost:9201/nku_search/_search [status:200 duration:0.001s]
2024-12-15 00:29:10,520 - INFO - POST http://localhost:9201/nku_search/_search [status:200 duration:0.002s]
2024-12-15 00:29:10,522 - INFO - POST http://localhost:9201/nku_search/_search [status:200 duration:0.002s]
2024-12-15 00:29:10,525 - INFO - POST http://localhost:9201/nku_search/_search [status:200 duration:0.002s]
2024-12-15 00:29:10,526 - INFO - POST http://localhost:9201/nku_search/_search [status:200 duration:0.002s]
2024-12-15 00:29:10,528 - INFO - POST http://localhost:9201/nku_search/_search [status:200 duration:0.001s]
2024-12-15 00:29:10,530 - INFO - POST http://localhost:9201/nku_search/_search [status:200 duration:0.002s]
2024-12-15 00:29:10,531 - INFO - POST http://localhost:9201/nku_search/_search [status:200 duration:0.002s]
2024-12-15 00:29:10,533 - INFO - POST http://localhost:9201/nku_search/_search [status:200 duration:0.002s]
2024-12-15 00:29:10,534 - INFO - POST http://localhost:9201/nku_search/_search [status:200 duration:0.001s]
2024-12-15 00:29:10,537 - INFO - POST http://localhost:9201/nku_search/_search [status:200 duration:0.003s]
2024-12-15 00:29:10,539 - INFO - POST http://localhost:9201/nku_search/_search [status:200 duration:0.001s]
2024-12-15 00:29:10,541 - INFO - POST http://localhost:9201/nku_search/_search [status:200 duration:0.002s]
2024-12-15 00:29:10,542 - INFO - POST http://localhost:9201/nku_search/_search [status:200 duration:0.002s]
2024-12-15 00:29:10,545 - INFO - POST http://localhost:9201/nku_search/_search [status:200 duration:0.002s]
2024-12-15 00:29:10,547 - INFO - POST http://localhost:9201/nku_search/_search [status:200 duration:0.002s]
2024-12-15 00:29:10,548 - INFO - POST http://localhost:9201/nku_search/_search [status:200 duration:0.002s]
2024-12-15 00:29:10,554 - INFO - POST http://localhost:9201/nku_search/_search [status:200 duration:0.005s]
2024-12-15 00:29:10,556 - INFO - POST http://localhost:9201/nku_search/_search [status:200 duration:0.002s]
2024-12-15 00:29:10,558 - INFO - POST http://localhost:9201/nku_search/_search [status:200 duration:0.002s]
2024-12-15 00:29:10,560 - INFO - POST http://localhost:9201/nku_search/_search [status:200 duration:0.002s]
2024-12-15 00:29:10,562 - INFO - POST http://localhost:9201/nku_search/_search [status:200 duration:0.002s]
2024-12-15 00:29:10,564 - INFO - POST http://localhost:9201/nku_search/_search [status:200 duration:0.002s]
2024-12-15 00:29:10,566 - INFO - POST http://localhost:9201/nku_search/_search [status:200 duration:0.002s]
2024-12-15 00:29:10,569 - INFO - POST http://localhost:9201/nku_search/_search [status:200 duration:0.003s]
2024-12-15 00:29:10,571 - INFO - POST http://localhost:9201/nku_search/_search [status:200 duration:0.002s]
2024-12-15 00:29:10,573 - INFO - POST http://localhost:9201/nku_search/_search [status:200 duration:0.002s]
2024-12-15 00:29:10,578 - INFO - POST http://localhost:9201/nku_search/_search [status:200 duration:0.005s]
2024-12-15 00:29:10,579 - INFO - POST http://localhost:9201/nku_search/_search [status:200 duration:0.001s]
2024-12-15 00:29:10,581 - INFO - POST http://localhost:9201/nku_search/_search [status:200 duration:0.002s]
2024-12-15 00:29:10,584 - INFO - POST http://localhost:9201/nku_search/_search [status:200 duration:0.002s]
2024-12-15 00:29:10,586 - INFO - POST http://localhost:9201/nku_search/_search [status:200 duration:0.002s]
2024-12-15 00:29:10,589 - INFO - POST http://localhost:9201/nku_search/_search [status:200 duration:0.003s]
2024-12-15 00:29:10,591 - INFO - POST http://localhost:9201/nku_search/_search [status:200 duration:0.002s]
2024-12-15 00:29:10,593 - INFO - POST http://localhost:9201/nku_search/_search [status:200 duration:0.002s]
2024-12-15 00:29:10,596 - INFO - POST http://localhost:9201/nku_search/_search [status:200 duration:0.002s]
2024-12-15 00:29:10,599 - INFO - POST http://localhost:9201/nku_search/_search [status:200 duration:0.002s]
2024-12-15 00:29:10,601 - INFO - POST http://localhost:9201/nku_search/_search [status:200 duration:0.003s]
2024-12-15 00:29:10,604 - INFO - POST http://localhost:9201/nku_search/_search [status:200 duration:0.002s]
2024-12-15 00:29:10,606 - INFO - POST http://localhost:9201/nku_search/_search [status:200 duration:0.002s]
2024-12-15 00:29:10,608 - INFO - POST http://localhost:9201/nku_search/_search [status:200 duration:0.002s]
2024-12-15 00:29:10,611 - INFO - POST http://localhost:9201/nku_search/_search [status:200 duration:0.002s]
2024-12-15 00:29:10,613 - INFO - POST http://localhost:9201/nku_search/_search [status:200 duration:0.002s]
2024-12-15 00:29:10,616 - INFO - POST http://localhost:9201/nku_search/_search [status:200 duration:0.002s]
2024-12-15 00:29:10,618 - INFO - POST http://localhost:9201/nku_search/_search [status:200 duration:0.002s]
2024-12-15 00:29:10,620 - INFO - POST http://localhost:9201/nku_search/_search [status:200 duration:0.002s]
2024-12-15 00:29:10,623 - INFO - POST http://localhost:9201/nku_search/_search [status:200 duration:0.002s]
2024-12-15 00:29:10,625 - INFO - POST http://localhost:9201/nku_search/_search [status:200 duration:0.002s]
2024-12-15 00:29:10,627 - INFO - POST http://localhost:9201/nku_search/_search [status:200 duration:0.002s]
2024-12-15 00:29:10,630 - INFO - POST http://localhost:9201/nku_search/_search [status:200 duration:0.002s]
2024-12-15 00:29:10,631 - INFO - POST http://localhost:9201/nku_search/_search [status:200 duration:0.002s]
2024-12-15 00:29:10,633 - INFO - POST http://localhost:9201/nku_search/_search [status:200 duration:0.002s]
2024-12-15 00:29:10,636 - INFO - POST http://localhost:9201/nku_search/_search [status:200 duration:0.002s]
2024-12-15 00:29:10,638 - INFO - POST http://localhost:9201/nku_search/_search [status:200 duration:0.002s]
2024-12-15 00:29:10,640 - INFO - POST http://localhost:9201/nku_search/_search [status:200 duration:0.002s]
2024-12-15 00:29:10,641 - INFO - POST http://localhost:9201/nku_search/_search [status:200 duration:0.002s]
2024-12-15 00:29:10,644 - INFO - POST http://localhost:9201/nku_search/_search [status:200 duration:0.002s]
2024-12-15 00:29:10,645 - INFO - POST http://localhost:9201/nku_search/_search [status:200 duration:0.002s]
2024-12-15 00:29:10,648 - INFO - POST http://localhost:9201/nku_search/_search [status:200 duration:0.002s]
2024-12-15 00:29:10,650 - INFO - POST http://localhost:9201/nku_search/_search [status:200 duration:0.002s]
2024-12-15 00:29:10,651 - INFO - POST http://localhost:9201/nku_search/_search [status:200 duration:0.002s]
2024-12-15 00:29:10,653 - INFO - POST http://localhost:9201/nku_search/_search [status:200 duration:0.001s]
2024-12-15 00:29:10,655 - INFO - POST http://localhost:9201/nku_search/_search [status:200 duration:0.002s]
2024-12-15 00:29:10,658 - INFO - POST http://localhost:9201/nku_search/_search [status:200 duration:0.002s]
2024-12-15 00:29:10,660 - INFO - POST http://localhost:9201/nku_search/_search [status:200 duration:0.003s]
2024-12-15 00:29:10,662 - INFO - POST http://localhost:9201/nku_search/_search [status:200 duration:0.002s]
2024-12-15 00:29:10,664 - INFO - POST http://localhost:9201/nku_search/_search [status:200 duration:0.002s]
2024-12-15 00:29:10,665 - INFO - POST http://localhost:9201/nku_search/_search [status:200 duration:0.001s]
2024-12-15 00:29:10,667 - INFO - POST http://localhost:9201/nku_search/_search [status:200 duration:0.002s]
2024-12-15 00:29:10,669 - INFO - POST http://localhost:9201/nku_search/_search [status:200 duration:0.002s]
2024-12-15 00:29:10,671 - INFO - POST http://localhost:9201/nku_search/_search [status:200 duration:0.002s]
2024-12-15 00:29:10,672 - INFO - POST http://localhost:9201/nku_search/_search [status:200 duration:0.001s]
2024-12-15 00:29:10,674 - INFO - POST http://localhost:9201/nku_search/_search [status:200 duration:0.002s]
2024-12-15 00:29:10,676 - INFO - POST http://localhost:9201/nku_search/_search [status:200 duration:0.002s]
2024-12-15 00:29:10,678 - INFO - POST http://localhost:9201/nku_search/_search [status:200 duration:0.002s]
2024-12-15 00:29:10,681 - INFO - POST http://localhost:9201/nku_search/_search [status:200 duration:0.003s]
2024-12-15 00:29:10,684 - INFO - POST http://localhost:9201/nku_search/_search [status:200 duration:0.002s]
2024-12-15 00:29:10,685 - INFO - POST http://localhost:9201/nku_search/_search [status:200 duration:0.002s]
2024-12-15 00:29:10,688 - INFO - POST http://localhost:9201/nku_search/_search [status:200 duration:0.002s]
2024-12-15 00:29:10,690 - INFO - POST http://localhost:9201/nku_search/_search [status:200 duration:0.002s]
2024-12-15 00:29:10,691 - INFO - POST http://localhost:9201/nku_search/_search [status:200 duration:0.002s]
2024-12-15 00:29:10,693 - INFO - POST http://localhost:9201/nku_search/_search [status:200 duration:0.002s]
2024-12-15 00:29:10,695 - INFO - POST http://localhost:9201/nku_search/_search [status:200 duration:0.002s]
2024-12-15 00:29:10,697 - INFO - POST http://localhost:9201/nku_search/_search [status:200 duration:0.002s]
2024-12-15 00:29:10,698 - INFO - POST http://localhost:9201/nku_search/_search [status:200 duration:0.002s]
2024-12-15 00:29:10,701 - INFO - POST http://localhost:9201/nku_search/_search [status:200 duration:0.002s]
2024-12-15 00:29:10,702 - INFO - POST http://localhost:9201/nku_search/_search [status:200 duration:0.001s]
2024-12-15 00:29:10,704 - INFO - POST http://localhost:9201/nku_search/_search [status:200 duration:0.001s]
2024-12-15 00:29:10,706 - INFO - POST http://localhost:9201/nku_search/_search [status:200 duration:0.002s]
2024-12-15 00:29:10,708 - INFO - POST http://localhost:9201/nku_search/_search [status:200 duration:0.002s]
2024-12-15 00:29:10,709 - INFO - POST http://localhost:9201/nku_search/_search [status:200 duration:0.002s]
2024-12-15 00:29:10,711 - INFO - POST http://localhost:9201/nku_search/_search [status:200 duration:0.002s]
2024-12-15 00:29:10,713 - INFO - POST http://localhost:9201/nku_search/_search [status:200 duration:0.001s]
2024-12-15 00:29:10,715 - INFO - POST http://localhost:9201/nku_search/_search [status:200 duration:0.002s]
2024-12-15 00:29:10,716 - INFO - POST http://localhost:9201/nku_search/_search [status:200 duration:0.002s]
2024-12-15 00:29:10,718 - INFO - POST http://localhost:9201/nku_search/_search [status:200 duration:0.002s]
2024-12-15 00:29:10,720 - INFO - POST http://localhost:9201/nku_search/_search [status:200 duration:0.002s]
2024-12-15 00:29:10,722 - INFO - POST http://localhost:9201/nku_search/_search [status:200 duration:0.002s]
2024-12-15 00:29:10,724 - INFO - POST http://localhost:9201/nku_search/_search [status:200 duration:0.003s]
2024-12-15 00:29:10,727 - INFO - POST http://localhost:9201/nku_search/_search [status:200 duration:0.002s]
2024-12-15 00:29:10,728 - INFO - POST http://localhost:9201/nku_search/_search [status:200 duration:0.001s]
2024-12-15 00:29:10,730 - INFO - POST http://localhost:9201/nku_search/_search [status:200 duration:0.002s]
2024-12-15 00:29:10,731 - INFO - POST http://localhost:9201/nku_search/_search [status:200 duration:0.002s]
2024-12-15 00:29:10,733 - INFO - POST http://localhost:9201/nku_search/_search [status:200 duration:0.002s]
2024-12-15 00:29:10,735 - INFO - POST http://localhost:9201/nku_search/_search [status:200 duration:0.002s]
2024-12-15 00:29:10,737 - INFO - POST http://localhost:9201/nku_search/_search [status:200 duration:0.002s]
2024-12-15 00:29:10,739 - INFO - POST http://localhost:9201/nku_search/_search [status:200 duration:0.002s]
2024-12-15 00:29:10,740 - INFO - POST http://localhost:9201/nku_search/_search [status:200 duration:0.002s]
2024-12-15 00:29:10,743 - INFO - POST http://localhost:9201/nku_search/_search [status:200 duration:0.002s]
2024-12-15 00:29:10,744 - INFO - POST http://localhost:9201/nku_search/_search [status:200 duration:0.002s]
2024-12-15 00:29:10,746 - INFO - POST http://localhost:9201/nku_search/_search [status:200 duration:0.002s]
2024-12-15 00:29:10,748 - INFO - POST http://localhost:9201/nku_search/_search [status:200 duration:0.002s]
2024-12-15 00:29:10,750 - INFO - POST http://localhost:9201/nku_search/_search [status:200 duration:0.002s]
2024-12-15 00:29:10,752 - INFO - POST http://localhost:9201/nku_search/_search [status:200 duration:0.002s]
2024-12-15 00:29:10,755 - INFO - POST http://localhost:9201/nku_search/_search [status:200 duration:0.002s]
2024-12-15 00:29:10,757 - INFO - POST http://localhost:9201/nku_search/_search [status:200 duration:0.002s]
2024-12-15 00:29:10,758 - INFO - POST http://localhost:9201/nku_search/_search [status:200 duration:0.002s]
2024-12-15 00:29:10,760 - INFO - POST http://localhost:9201/nku_search/_search [status:200 duration:0.002s]
2024-12-15 00:29:10,762 - INFO - POST http://localhost:9201/nku_search/_search [status:200 duration:0.002s]
2024-12-15 00:29:10,764 - INFO - POST http://localhost:9201/nku_search/_search [status:200 duration:0.002s]
2024-12-15 00:29:10,765 - INFO - POST http://localhost:9201/nku_search/_search [status:200 duration:0.001s]
2024-12-15 00:29:10,768 - INFO - POST http://localhost:9201/nku_search/_search [status:200 duration:0.002s]
2024-12-15 00:29:10,769 - INFO - POST http://localhost:9201/nku_search/_search [status:200 duration:0.002s]
2024-12-15 00:29:10,771 - INFO - POST http://localhost:9201/nku_search/_search [status:200 duration:0.001s]
2024-12-15 00:29:10,773 - INFO - POST http://localhost:9201/nku_search/_search [status:200 duration:0.002s]
2024-12-15 00:29:10,775 - INFO - POST http://localhost:9201/nku_search/_search [status:200 duration:0.002s]
2024-12-15 00:29:10,776 - INFO - POST http://localhost:9201/nku_search/_search [status:200 duration:0.002s]
2024-12-15 00:29:10,777 - INFO - POST http://localhost:9201/nku_search/_search [status:200 duration:0.001s]
2024-12-15 00:29:10,779 - INFO - POST http://localhost:9201/nku_search/_search [status:200 duration:0.002s]
2024-12-15 00:29:10,781 - INFO - POST http://localhost:9201/nku_search/_search [status:200 duration:0.002s]
2024-12-15 00:29:10,783 - INFO - POST http://localhost:9201/nku_search/_search [status:200 duration:0.002s]
2024-12-15 00:29:10,785 - INFO - POST http://localhost:9201/nku_search/_search [status:200 duration:0.002s]
2024-12-15 00:29:10,787 - INFO - POST http://localhost:9201/nku_search/_search [status:200 duration:0.002s]
2024-12-15 00:29:10,789 - INFO - POST http://localhost:9201/nku_search/_search [status:200 duration:0.002s]
2024-12-15 00:29:10,791 - INFO - POST http://localhost:9201/nku_search/_search [status:200 duration:0.002s]
2024-12-15 00:29:10,793 - INFO - POST http://localhost:9201/nku_search/_search [status:200 duration:0.002s]
2024-12-15 00:29:10,795 - INFO - POST http://localhost:9201/nku_search/_search [status:200 duration:0.001s]
2024-12-15 00:29:10,797 - INFO - POST http://localhost:9201/nku_search/_search [status:200 duration:0.002s]
2024-12-15 00:29:10,799 - INFO - POST http://localhost:9201/nku_search/_search [status:200 duration:0.002s]
2024-12-15 00:29:10,801 - INFO - POST http://localhost:9201/nku_search/_search [status:200 duration:0.002s]
2024-12-15 00:29:10,802 - INFO - POST http://localhost:9201/nku_search/_search [status:200 duration:0.002s]
2024-12-15 00:29:10,804 - INFO - POST http://localhost:9201/nku_search/_search [status:200 duration:0.002s]
2024-12-15 00:29:10,806 - INFO - POST http://localhost:9201/nku_search/_search [status:200 duration:0.002s]
2024-12-15 00:29:10,809 - INFO - POST http://localhost:9201/nku_search/_search [status:200 duration:0.002s]
2024-12-15 00:29:10,811 - INFO - POST http://localhost:9201/nku_search/_search [status:200 duration:0.002s]
2024-12-15 00:29:10,812 - INFO - POST http://localhost:9201/nku_search/_search [status:200 duration:0.001s]
2024-12-15 00:29:10,815 - INFO - POST http://localhost:9201/nku_search/_search [status:200 duration:0.002s]
2024-12-15 00:29:10,817 - INFO - POST http://localhost:9201/nku_search/_search [status:200 duration:0.002s]
2024-12-15 00:29:10,818 - INFO - POST http://localhost:9201/nku_search/_search [status:200 duration:0.002s]
2024-12-15 00:29:10,819 - INFO - POST http://localhost:9201/nku_search/_search [status:200 duration:0.001s]
2024-12-15 00:29:10,822 - INFO - POST http://localhost:9201/nku_search/_search [status:200 duration:0.002s]
2024-12-15 00:29:10,824 - INFO - POST http://localhost:9201/nku_search/_search [status:200 duration:0.002s]
2024-12-15 00:29:10,827 - INFO - POST http://localhost:9201/nku_search/_search [status:200 duration:0.002s]
2024-12-15 00:29:10,829 - INFO - POST http://localhost:9201/nku_search/_search [status:200 duration:0.002s]
2024-12-15 00:29:10,831 - INFO - POST http://localhost:9201/nku_search/_search [status:200 duration:0.002s]
2024-12-15 00:29:10,833 - INFO - POST http://localhost:9201/nku_search/_search [status:200 duration:0.002s]
2024-12-15 00:29:10,835 - INFO - POST http://localhost:9201/nku_search/_search [status:200 duration:0.002s]
2024-12-15 00:29:10,837 - INFO - POST http://localhost:9201/nku_search/_search [status:200 duration:0.002s]
2024-12-15 00:29:10,840 - INFO - POST http://localhost:9201/nku_search/_search [status:200 duration:0.002s]
2024-12-15 00:29:10,843 - INFO - POST http://localhost:9201/nku_search/_search [status:200 duration:0.002s]
2024-12-15 00:29:10,845 - INFO - POST http://localhost:9201/nku_search/_search [status:200 duration:0.002s]
2024-12-15 00:29:10,847 - INFO - POST http://localhost:9201/nku_search/_search [status:200 duration:0.002s]
2024-12-15 00:29:10,849 - INFO - POST http://localhost:9201/nku_search/_search [status:200 duration:0.002s]
2024-12-15 00:29:10,852 - INFO - POST http://localhost:9201/nku_search/_search [status:200 duration:0.002s]
2024-12-15 00:29:10,854 - INFO - POST http://localhost:9201/nku_search/_search [status:200 duration:0.002s]
2024-12-15 00:29:10,856 - INFO - POST http://localhost:9201/nku_search/_search [status:200 duration:0.002s]
2024-12-15 00:29:10,859 - INFO - POST http://localhost:9201/nku_search/_search [status:200 duration:0.003s]
2024-12-15 00:29:10,861 - INFO - POST http://localhost:9201/nku_search/_search [status:200 duration:0.002s]
2024-12-15 00:29:10,864 - INFO - POST http://localhost:9201/nku_search/_search [status:200 duration:0.002s]
2024-12-15 00:29:10,866 - INFO - POST http://localhost:9201/nku_search/_search [status:200 duration:0.002s]
2024-12-15 00:29:10,868 - INFO - POST http://localhost:9201/nku_search/_search [status:200 duration:0.002s]
2024-12-15 00:29:10,870 - INFO - POST http://localhost:9201/nku_search/_search [status:200 duration:0.002s]
2024-12-15 00:29:10,873 - INFO - POST http://localhost:9201/nku_search/_search [status:200 duration:0.002s]
2024-12-15 00:29:10,875 - INFO - POST http://localhost:9201/nku_search/_search [status:200 duration:0.002s]
2024-12-15 00:29:10,878 - INFO - POST http://localhost:9201/nku_search/_search [status:200 duration:0.002s]
2024-12-15 00:29:10,880 - INFO - POST http://localhost:9201/nku_search/_search [status:200 duration:0.002s]
2024-12-15 00:29:10,882 - INFO - POST http://localhost:9201/nku_search/_search [status:200 duration:0.002s]
2024-12-15 00:29:10,884 - INFO - POST http://localhost:9201/nku_search/_search [status:200 duration:0.002s]
2024-12-15 00:29:10,886 - INFO - POST http://localhost:9201/nku_search/_search [status:200 duration:0.002s]
2024-12-15 00:29:10,889 - INFO - POST http://localhost:9201/nku_search/_search [status:200 duration:0.003s]
2024-12-15 00:29:10,891 - INFO - POST http://localhost:9201/nku_search/_search [status:200 duration:0.002s]
2024-12-15 00:29:10,893 - INFO - POST http://localhost:9201/nku_search/_search [status:200 duration:0.002s]
2024-12-15 00:29:10,895 - INFO - POST http://localhost:9201/nku_search/_search [status:200 duration:0.002s]
2024-12-15 00:29:10,897 - INFO - POST http://localhost:9201/nku_search/_search [status:200 duration:0.001s]
2024-12-15 00:29:10,898 - INFO - POST http://localhost:9201/nku_search/_search [status:200 duration:0.001s]
2024-12-15 00:29:10,901 - INFO - POST http://localhost:9201/nku_search/_search [status:200 duration:0.002s]
2024-12-15 00:29:10,903 - INFO - POST http://localhost:9201/nku_search/_search [status:200 duration:0.002s]
2024-12-15 00:29:10,904 - INFO - POST http://localhost:9201/nku_search/_search [status:200 duration:0.001s]
2024-12-15 00:29:10,906 - INFO - POST http://localhost:9201/nku_search/_search [status:200 duration:0.002s]
2024-12-15 00:29:10,908 - INFO - POST http://localhost:9201/nku_search/_search [status:200 duration:0.001s]
2024-12-15 00:29:10,910 - INFO - POST http://localhost:9201/nku_search/_search [status:200 duration:0.002s]
2024-12-15 00:29:10,912 - INFO - POST http://localhost:9201/nku_search/_search [status:200 duration:0.002s]
2024-12-15 00:29:10,914 - INFO - POST http://localhost:9201/nku_search/_search [status:200 duration:0.001s]
2024-12-15 00:29:10,916 - INFO - POST http://localhost:9201/nku_search/_search [status:200 duration:0.002s]
2024-12-15 00:29:10,917 - INFO - POST http://localhost:9201/nku_search/_search [status:200 duration:0.002s]
2024-12-15 00:29:10,919 - INFO - POST http://localhost:9201/nku_search/_search [status:200 duration:0.002s]
2024-12-15 00:29:10,921 - INFO - POST http://localhost:9201/nku_search/_search [status:200 duration:0.002s]
2024-12-15 00:29:10,923 - INFO - POST http://localhost:9201/nku_search/_search [status:200 duration:0.002s]
2024-12-15 00:29:10,925 - INFO - POST http://localhost:9201/nku_search/_search [status:200 duration:0.002s]
2024-12-15 00:29:10,927 - INFO - POST http://localhost:9201/nku_search/_search [status:200 duration:0.002s]
2024-12-15 00:29:10,929 - INFO - POST http://localhost:9201/nku_search/_search [status:200 duration:0.002s]
2024-12-15 00:29:10,931 - INFO - POST http://localhost:9201/nku_search/_search [status:200 duration:0.002s]
2024-12-15 00:29:10,933 - INFO - POST http://localhost:9201/nku_search/_search [status:200 duration:0.002s]
2024-12-15 00:29:10,935 - INFO - POST http://localhost:9201/nku_search/_search [status:200 duration:0.002s]
2024-12-15 00:29:10,937 - INFO - POST http://localhost:9201/nku_search/_search [status:200 duration:0.002s]
2024-12-15 00:29:10,939 - INFO - POST http://localhost:9201/nku_search/_search [status:200 duration:0.002s]
2024-12-15 00:29:10,941 - INFO - POST http://localhost:9201/nku_search/_search [status:200 duration:0.002s]
2024-12-15 00:29:10,942 - INFO - POST http://localhost:9201/nku_search/_search [status:200 duration:0.002s]
2024-12-15 00:29:10,945 - INFO - POST http://localhost:9201/nku_search/_search [status:200 duration:0.002s]
2024-12-15 00:29:10,946 - INFO - POST http://localhost:9201/nku_search/_search [status:200 duration:0.002s]
2024-12-15 00:29:10,948 - INFO - POST http://localhost:9201/nku_search/_search [status:200 duration:0.002s]
2024-12-15 00:29:10,950 - INFO - POST http://localhost:9201/nku_search/_search [status:200 duration:0.002s]
2024-12-15 00:29:10,952 - INFO - POST http://localhost:9201/nku_search/_search [status:200 duration:0.002s]
2024-12-15 00:29:10,954 - INFO - POST http://localhost:9201/nku_search/_search [status:200 duration:0.002s]
2024-12-15 00:29:10,956 - INFO - POST http://localhost:9201/nku_search/_search [status:200 duration:0.002s]
2024-12-15 00:29:10,958 - INFO - POST http://localhost:9201/nku_search/_search [status:200 duration:0.002s]
2024-12-15 00:29:10,959 - INFO - POST http://localhost:9201/nku_search/_search [status:200 duration:0.001s]
2024-12-15 00:29:10,961 - INFO - POST http://localhost:9201/nku_search/_search [status:200 duration:0.002s]
2024-12-15 00:29:10,964 - INFO - POST http://localhost:9201/nku_search/_search [status:200 duration:0.002s]
2024-12-15 00:29:10,965 - INFO - POST http://localhost:9201/nku_search/_search [status:200 duration:0.001s]
2024-12-15 00:29:10,967 - INFO - POST http://localhost:9201/nku_search/_search [status:200 duration:0.002s]
2024-12-15 00:29:10,969 - INFO - POST http://localhost:9201/nku_search/_search [status:200 duration:0.002s]
2024-12-15 00:29:10,970 - INFO - POST http://localhost:9201/nku_search/_search [status:200 duration:0.002s]
2024-12-15 00:29:10,972 - INFO - POST http://localhost:9201/nku_search/_search [status:200 duration:0.002s]
2024-12-15 00:29:10,974 - INFO - POST http://localhost:9201/nku_search/_search [status:200 duration:0.002s]
2024-12-15 00:29:10,975 - INFO - POST http://localhost:9201/nku_search/_search [status:200 duration:0.002s]
2024-12-15 00:29:10,977 - INFO - POST http://localhost:9201/nku_search/_search [status:200 duration:0.001s]
2024-12-15 00:29:10,979 - INFO - POST http://localhost:9201/nku_search/_search [status:200 duration:0.002s]
2024-12-15 00:29:10,981 - INFO - POST http://localhost:9201/nku_search/_search [status:200 duration:0.002s]
2024-12-15 00:29:10,983 - INFO - POST http://localhost:9201/nku_search/_search [status:200 duration:0.002s]
2024-12-15 00:29:10,985 - INFO - POST http://localhost:9201/nku_search/_search [status:200 duration:0.002s]
2024-12-15 00:29:10,988 - INFO - POST http://localhost:9201/nku_search/_search [status:200 duration:0.002s]
2024-12-15 00:29:10,990 - INFO - POST http://localhost:9201/nku_search/_search [status:200 duration:0.002s]
2024-12-15 00:29:10,992 - INFO - POST http://localhost:9201/nku_search/_search [status:200 duration:0.002s]
2024-12-15 00:29:10,994 - INFO - POST http://localhost:9201/nku_search/_search [status:200 duration:0.002s]
2024-12-15 00:29:10,996 - INFO - POST http://localhost:9201/nku_search/_search [status:200 duration:0.002s]
2024-12-15 00:29:10,998 - INFO - POST http://localhost:9201/nku_search/_search [status:200 duration:0.002s]
2024-12-15 00:29:10,999 - INFO - POST http://localhost:9201/nku_search/_search [status:200 duration:0.001s]
2024-12-15 00:29:11,002 - INFO - POST http://localhost:9201/nku_search/_search [status:200 duration:0.002s]
2024-12-15 00:29:11,004 - INFO - POST http://localhost:9201/nku_search/_search [status:200 duration:0.003s]
2024-12-15 00:29:11,007 - INFO - POST http://localhost:9201/nku_search/_search [status:200 duration:0.001s]
2024-12-15 00:29:11,009 - INFO - POST http://localhost:9201/nku_search/_search [status:200 duration:0.002s]
2024-12-15 00:29:11,011 - INFO - POST http://localhost:9201/nku_search/_search [status:200 duration:0.002s]
2024-12-15 00:29:11,013 - INFO - POST http://localhost:9201/nku_search/_search [status:200 duration:0.001s]
2024-12-15 00:29:11,015 - INFO - POST http://localhost:9201/nku_search/_search [status:200 duration:0.002s]
2024-12-15 00:29:11,017 - INFO - POST http://localhost:9201/nku_search/_search [status:200 duration:0.002s]
2024-12-15 00:29:11,020 - INFO - POST http://localhost:9201/nku_search/_search [status:200 duration:0.002s]
2024-12-15 00:29:11,022 - INFO - POST http://localhost:9201/nku_search/_search [status:200 duration:0.003s]
2024-12-15 00:29:11,024 - INFO - POST http://localhost:9201/nku_search/_search [status:200 duration:0.002s]
2024-12-15 00:29:11,027 - INFO - POST http://localhost:9201/nku_search/_search [status:200 duration:0.002s]
2024-12-15 00:29:11,029 - INFO - POST http://localhost:9201/nku_search/_search [status:200 duration:0.002s]
2024-12-15 00:29:11,032 - INFO - POST http://localhost:9201/nku_search/_search [status:200 duration:0.003s]
2024-12-15 00:29:11,034 - INFO - POST http://localhost:9201/nku_search/_search [status:200 duration:0.002s]
2024-12-15 00:29:11,036 - INFO - POST http://localhost:9201/nku_search/_search [status:200 duration:0.002s]
2024-12-15 00:29:11,038 - INFO - POST http://localhost:9201/nku_search/_search [status:200 duration:0.002s]
2024-12-15 00:29:11,040 - INFO - POST http://localhost:9201/nku_search/_search [status:200 duration:0.002s]
2024-12-15 00:29:11,042 - INFO - POST http://localhost:9201/nku_search/_search [status:200 duration:0.002s]
2024-12-15 00:29:11,046 - INFO - POST http://localhost:9201/nku_search/_search [status:200 duration:0.003s]
2024-12-15 00:29:11,048 - INFO - POST http://localhost:9201/nku_search/_search [status:200 duration:0.002s]
2024-12-15 00:29:11,050 - INFO - POST http://localhost:9201/nku_search/_search [status:200 duration:0.002s]
2024-12-15 00:29:11,053 - INFO - POST http://localhost:9201/nku_search/_search [status:200 duration:0.003s]
2024-12-15 00:29:11,055 - INFO - POST http://localhost:9201/nku_search/_search [status:200 duration:0.002s]
2024-12-15 00:29:11,058 - INFO - POST http://localhost:9201/nku_search/_search [status:200 duration:0.002s]
2024-12-15 00:29:11,060 - INFO - POST http://localhost:9201/nku_search/_search [status:200 duration:0.002s]
2024-12-15 00:29:11,063 - INFO - POST http://localhost:9201/nku_search/_search [status:200 duration:0.002s]
2024-12-15 00:29:11,065 - INFO - POST http://localhost:9201/nku_search/_search [status:200 duration:0.002s]
2024-12-15 00:29:11,068 - INFO - POST http://localhost:9201/nku_search/_search [status:200 duration:0.002s]
2024-12-15 00:29:11,069 - INFO - POST http://localhost:9201/nku_search/_search [status:200 duration:0.001s]
2024-12-15 00:29:11,071 - INFO - POST http://localhost:9201/nku_search/_search [status:200 duration:0.003s]
2024-12-15 00:29:11,073 - INFO - POST http://localhost:9201/nku_search/_search [status:200 duration:0.001s]
2024-12-15 00:29:11,075 - INFO - POST http://localhost:9201/nku_search/_search [status:200 duration:0.002s]
2024-12-15 00:29:11,077 - INFO - POST http://localhost:9201/nku_search/_search [status:200 duration:0.002s]
2024-12-15 00:29:11,079 - INFO - POST http://localhost:9201/nku_search/_search [status:200 duration:0.002s]
2024-12-15 00:29:11,080 - INFO - POST http://localhost:9201/nku_search/_search [status:200 duration:0.002s]
2024-12-15 00:29:11,083 - INFO - POST http://localhost:9201/nku_search/_search [status:200 duration:0.002s]
2024-12-15 00:29:11,085 - INFO - POST http://localhost:9201/nku_search/_search [status:200 duration:0.002s]
2024-12-15 00:29:11,087 - INFO - POST http://localhost:9201/nku_search/_search [status:200 duration:0.002s]
2024-12-15 00:29:11,090 - INFO - POST http://localhost:9201/nku_search/_search [status:200 duration:0.002s]
2024-12-15 00:29:11,092 - INFO - POST http://localhost:9201/nku_search/_search [status:200 duration:0.002s]
2024-12-15 00:29:11,093 - INFO - POST http://localhost:9201/nku_search/_search [status:200 duration:0.001s]
2024-12-15 00:29:11,095 - INFO - POST http://localhost:9201/nku_search/_search [status:200 duration:0.002s]
2024-12-15 00:29:11,097 - INFO - POST http://localhost:9201/nku_search/_search [status:200 duration:0.001s]
2024-12-15 00:29:11,098 - INFO - POST http://localhost:9201/nku_search/_search [status:200 duration:0.001s]
2024-12-15 00:29:11,100 - INFO - POST http://localhost:9201/nku_search/_search [status:200 duration:0.002s]
2024-12-15 00:29:11,102 - INFO - POST http://localhost:9201/nku_search/_search [status:200 duration:0.002s]
2024-12-15 00:29:11,104 - INFO - POST http://localhost:9201/nku_search/_search [status:200 duration:0.001s]
2024-12-15 00:29:11,105 - INFO - POST http://localhost:9201/nku_search/_search [status:200 duration:0.002s]
2024-12-15 00:29:11,107 - INFO - POST http://localhost:9201/nku_search/_search [status:200 duration:0.001s]
2024-12-15 00:29:11,109 - INFO - POST http://localhost:9201/nku_search/_search [status:200 duration:0.001s]
2024-12-15 00:29:11,111 - INFO - POST http://localhost:9201/nku_search/_search [status:200 duration:0.002s]
2024-12-15 00:29:11,113 - INFO - POST http://localhost:9201/nku_search/_search [status:200 duration:0.002s]
2024-12-15 00:29:11,115 - INFO - POST http://localhost:9201/nku_search/_search [status:200 duration:0.002s]
2024-12-15 00:29:11,116 - INFO - POST http://localhost:9201/nku_search/_search [status:200 duration:0.001s]
2024-12-15 00:29:11,119 - INFO - POST http://localhost:9201/nku_search/_search [status:200 duration:0.002s]
2024-12-15 00:29:11,121 - INFO - POST http://localhost:9201/nku_search/_search [status:200 duration:0.002s]
2024-12-15 00:29:11,123 - INFO - POST http://localhost:9201/nku_search/_search [status:200 duration:0.002s]
2024-12-15 00:29:11,126 - INFO - POST http://localhost:9201/nku_search/_search [status:200 duration:0.002s]
2024-12-15 00:29:11,128 - INFO - POST http://localhost:9201/nku_search/_search [status:200 duration:0.002s]
2024-12-15 00:29:11,130 - INFO - POST http://localhost:9201/nku_search/_search [status:200 duration:0.002s]
2024-12-15 00:29:11,132 - INFO - POST http://localhost:9201/nku_search/_search [status:200 duration:0.002s]
2024-12-15 00:29:11,133 - INFO - POST http://localhost:9201/nku_search/_search [status:200 duration:0.001s]
2024-12-15 00:29:11,135 - INFO - POST http://localhost:9201/nku_search/_search [status:200 duration:0.001s]
2024-12-15 00:29:11,137 - INFO - POST http://localhost:9201/nku_search/_search [status:200 duration:0.001s]
2024-12-15 00:29:11,138 - INFO - POST http://localhost:9201/nku_search/_search [status:200 duration:0.001s]
2024-12-15 00:29:11,140 - INFO - POST http://localhost:9201/nku_search/_search [status:200 duration:0.002s]
2024-12-15 00:29:11,143 - INFO - POST http://localhost:9201/nku_search/_search [status:200 duration:0.002s]
2024-12-15 00:29:11,145 - INFO - POST http://localhost:9201/nku_search/_search [status:200 duration:0.002s]
2024-12-15 00:29:11,146 - INFO - POST http://localhost:9201/nku_search/_search [status:200 duration:0.001s]
2024-12-15 00:29:11,148 - INFO - POST http://localhost:9201/nku_search/_search [status:200 duration:0.002s]
2024-12-15 00:29:11,150 - INFO - POST http://localhost:9201/nku_search/_search [status:200 duration:0.002s]
2024-12-15 00:29:11,152 - INFO - POST http://localhost:9201/nku_search/_search [status:200 duration:0.002s]
2024-12-15 00:29:11,154 - INFO - POST http://localhost:9201/nku_search/_search [status:200 duration:0.002s]
2024-12-15 00:29:11,156 - INFO - POST http://localhost:9201/nku_search/_search [status:200 duration:0.002s]
2024-12-15 00:29:11,158 - INFO - POST http://localhost:9201/nku_search/_search [status:200 duration:0.002s]
2024-12-15 00:29:11,159 - INFO - POST http://localhost:9201/nku_search/_search [status:200 duration:0.002s]
2024-12-15 00:29:11,162 - INFO - POST http://localhost:9201/nku_search/_search [status:200 duration:0.002s]
2024-12-15 00:29:11,163 - INFO - POST http://localhost:9201/nku_search/_search [status:200 duration:0.001s]
2024-12-15 00:29:11,165 - INFO - POST http://localhost:9201/nku_search/_search [status:200 duration:0.001s]
2024-12-15 00:29:11,167 - INFO - POST http://localhost:9201/nku_search/_search [status:200 duration:0.002s]
2024-12-15 00:29:11,169 - INFO - POST http://localhost:9201/nku_search/_search [status:200 duration:0.002s]
2024-12-15 00:29:11,170 - INFO - POST http://localhost:9201/nku_search/_search [status:200 duration:0.002s]
2024-12-15 00:29:11,172 - INFO - POST http://localhost:9201/nku_search/_search [status:200 duration:0.002s]
2024-12-15 00:29:11,174 - INFO - POST http://localhost:9201/nku_search/_search [status:200 duration:0.002s]
2024-12-15 00:29:11,175 - INFO - POST http://localhost:9201/nku_search/_search [status:200 duration:0.001s]
2024-12-15 00:29:11,177 - INFO - POST http://localhost:9201/nku_search/_search [status:200 duration:0.002s]
2024-12-15 00:29:11,179 - INFO - POST http://localhost:9201/nku_search/_search [status:200 duration:0.002s]
2024-12-15 00:29:11,181 - INFO - POST http://localhost:9201/nku_search/_search [status:200 duration:0.002s]
2024-12-15 00:29:11,183 - INFO - POST http://localhost:9201/nku_search/_search [status:200 duration:0.002s]
2024-12-15 00:29:11,186 - INFO - POST http://localhost:9201/nku_search/_search [status:200 duration:0.002s]
2024-12-15 00:29:11,187 - INFO - POST http://localhost:9201/nku_search/_search [status:200 duration:0.002s]
2024-12-15 00:29:11,189 - INFO - POST http://localhost:9201/nku_search/_search [status:200 duration:0.002s]
2024-12-15 00:29:11,191 - INFO - POST http://localhost:9201/nku_search/_search [status:200 duration:0.002s]
2024-12-15 00:29:11,193 - INFO - POST http://localhost:9201/nku_search/_search [status:200 duration:0.002s]
2024-12-15 00:29:11,194 - INFO - POST http://localhost:9201/nku_search/_search [status:200 duration:0.002s]
2024-12-15 00:29:11,197 - INFO - POST http://localhost:9201/nku_search/_search [status:200 duration:0.002s]
2024-12-15 00:29:11,199 - INFO - POST http://localhost:9201/nku_search/_search [status:200 duration:0.002s]
2024-12-15 00:29:11,200 - INFO - POST http://localhost:9201/nku_search/_search [status:200 duration:0.002s]
2024-12-15 00:29:11,202 - INFO - POST http://localhost:9201/nku_search/_search [status:200 duration:0.002s]
2024-12-15 00:29:11,205 - INFO - POST http://localhost:9201/nku_search/_search [status:200 duration:0.002s]
2024-12-15 00:29:11,206 - INFO - POST http://localhost:9201/nku_search/_search [status:200 duration:0.002s]
2024-12-15 00:29:11,208 - INFO - POST http://localhost:9201/nku_search/_search [status:200 duration:0.002s]
2024-12-15 00:29:11,210 - INFO - POST http://localhost:9201/nku_search/_search [status:200 duration:0.002s]
2024-12-15 00:29:11,212 - INFO - POST http://localhost:9201/nku_search/_search [status:200 duration:0.002s]
2024-12-15 00:29:11,214 - INFO - POST http://localhost:9201/nku_search/_search [status:200 duration:0.002s]
2024-12-15 00:29:11,216 - INFO - POST http://localhost:9201/nku_search/_search [status:200 duration:0.002s]
2024-12-15 00:29:11,218 - INFO - POST http://localhost:9201/nku_search/_search [status:200 duration:0.001s]
2024-12-15 00:29:11,219 - INFO - POST http://localhost:9201/nku_search/_search [status:200 duration:0.002s]
2024-12-15 00:29:11,222 - INFO - POST http://localhost:9201/nku_search/_search [status:200 duration:0.002s]
2024-12-15 00:29:11,225 - INFO - POST http://localhost:9201/nku_search/_search [status:200 duration:0.002s]
2024-12-15 00:29:11,227 - INFO - POST http://localhost:9201/nku_search/_search [status:200 duration:0.002s]
2024-12-15 00:29:11,229 - INFO - POST http://localhost:9201/nku_search/_search [status:200 duration:0.002s]
2024-12-15 00:29:11,231 - INFO - POST http://localhost:9201/nku_search/_search [status:200 duration:0.001s]
2024-12-15 00:29:11,233 - INFO - POST http://localhost:9201/nku_search/_search [status:200 duration:0.002s]
2024-12-15 00:29:11,235 - INFO - POST http://localhost:9201/nku_search/_search [status:200 duration:0.002s]
2024-12-15 00:29:11,237 - INFO - POST http://localhost:9201/nku_search/_search [status:200 duration:0.002s]
2024-12-15 00:29:11,239 - INFO - POST http://localhost:9201/nku_search/_search [status:200 duration:0.002s]
2024-12-15 00:29:11,241 - INFO - POST http://localhost:9201/nku_search/_search [status:200 duration:0.002s]
2024-12-15 00:29:11,244 - INFO - POST http://localhost:9201/nku_search/_search [status:200 duration:0.002s]
2024-12-15 00:29:11,246 - INFO - POST http://localhost:9201/nku_search/_search [status:200 duration:0.002s]
2024-12-15 00:29:11,248 - INFO - POST http://localhost:9201/nku_search/_search [status:200 duration:0.002s]
2024-12-15 00:29:11,249 - INFO - POST http://localhost:9201/nku_search/_search [status:200 duration:0.002s]
2024-12-15 00:29:11,252 - INFO - POST http://localhost:9201/nku_search/_search [status:200 duration:0.003s]
2024-12-15 00:29:11,255 - INFO - POST http://localhost:9201/nku_search/_search [status:200 duration:0.002s]
2024-12-15 00:29:11,256 - INFO - POST http://localhost:9201/nku_search/_search [status:200 duration:0.002s]
2024-12-15 00:29:11,259 - INFO - POST http://localhost:9201/nku_search/_search [status:200 duration:0.002s]
2024-12-15 00:29:11,261 - INFO - POST http://localhost:9201/nku_search/_search [status:200 duration:0.002s]
2024-12-15 00:29:11,263 - INFO - POST http://localhost:9201/nku_search/_search [status:200 duration:0.002s]
2024-12-15 00:29:11,266 - INFO - POST http://localhost:9201/nku_search/_search [status:200 duration:0.002s]
2024-12-15 00:29:11,268 - INFO - POST http://localhost:9201/nku_search/_search [status:200 duration:0.002s]
2024-12-15 00:29:11,270 - INFO - POST http://localhost:9201/nku_search/_search [status:200 duration:0.002s]
2024-12-15 00:29:11,272 - INFO - POST http://localhost:9201/nku_search/_search [status:200 duration:0.002s]
2024-12-15 00:29:11,274 - INFO - POST http://localhost:9201/nku_search/_search [status:200 duration:0.002s]
2024-12-15 00:29:11,277 - INFO - POST http://localhost:9201/nku_search/_search [status:200 duration:0.002s]
2024-12-15 00:29:11,278 - INFO - POST http://localhost:9201/nku_search/_search [status:200 duration:0.002s]
2024-12-15 00:29:11,280 - INFO - POST http://localhost:9201/nku_search/_search [status:200 duration:0.002s]
2024-12-15 00:29:11,283 - INFO - POST http://localhost:9201/nku_search/_search [status:200 duration:0.003s]
2024-12-15 00:29:11,286 - INFO - POST http://localhost:9201/nku_search/_search [status:200 duration:0.002s]
2024-12-15 00:29:11,288 - INFO - POST http://localhost:9201/nku_search/_search [status:200 duration:0.002s]
2024-12-15 00:29:11,291 - INFO - POST http://localhost:9201/nku_search/_search [status:200 duration:0.002s]
2024-12-15 00:29:11,293 - INFO - POST http://localhost:9201/nku_search/_search [status:200 duration:0.002s]
2024-12-15 00:29:11,295 - INFO - POST http://localhost:9201/nku_search/_search [status:200 duration:0.002s]
2024-12-15 00:29:11,297 - INFO - POST http://localhost:9201/nku_search/_search [status:200 duration:0.002s]
2024-12-15 00:29:11,299 - INFO - POST http://localhost:9201/nku_search/_search [status:200 duration:0.002s]
2024-12-15 00:29:11,301 - INFO - POST http://localhost:9201/nku_search/_search [status:200 duration:0.002s]
2024-12-15 00:29:11,303 - INFO - POST http://localhost:9201/nku_search/_search [status:200 duration:0.002s]
2024-12-15 00:29:11,305 - INFO - POST http://localhost:9201/nku_search/_search [status:200 duration:0.002s]
2024-12-15 00:29:11,306 - INFO - POST http://localhost:9201/nku_search/_search [status:200 duration:0.002s]
2024-12-15 00:29:11,309 - INFO - POST http://localhost:9201/nku_search/_search [status:200 duration:0.002s]
2024-12-15 00:29:11,311 - INFO - POST http://localhost:9201/nku_search/_search [status:200 duration:0.002s]
2024-12-15 00:29:11,313 - INFO - POST http://localhost:9201/nku_search/_search [status:200 duration:0.002s]
2024-12-15 00:29:11,316 - INFO - POST http://localhost:9201/nku_search/_search [status:200 duration:0.003s]
2024-12-15 00:29:11,318 - INFO - POST http://localhost:9201/nku_search/_search [status:200 duration:0.002s]
2024-12-15 00:29:11,320 - INFO - POST http://localhost:9201/nku_search/_search [status:200 duration:0.002s]
2024-12-15 00:29:11,321 - INFO - POST http://localhost:9201/nku_search/_search [status:200 duration:0.002s]
2024-12-15 00:29:11,324 - INFO - POST http://localhost:9201/nku_search/_search [status:200 duration:0.002s]
2024-12-15 00:29:11,326 - INFO - POST http://localhost:9201/nku_search/_search [status:200 duration:0.002s]
2024-12-15 00:29:11,328 - INFO - POST http://localhost:9201/nku_search/_search [status:200 duration:0.002s]
2024-12-15 00:29:11,329 - INFO - POST http://localhost:9201/nku_search/_search [status:200 duration:0.002s]
2024-12-15 00:29:11,331 - INFO - POST http://localhost:9201/nku_search/_search [status:200 duration:0.002s]
2024-12-15 00:29:11,333 - INFO - POST http://localhost:9201/nku_search/_search [status:200 duration:0.002s]
2024-12-15 00:29:11,334 - INFO - POST http://localhost:9201/nku_search/_search [status:200 duration:0.001s]
2024-12-15 00:29:11,336 - INFO - POST http://localhost:9201/nku_search/_search [status:200 duration:0.001s]
2024-12-15 00:29:11,338 - INFO - POST http://localhost:9201/nku_search/_search [status:200 duration:0.002s]
2024-12-15 00:29:11,340 - INFO - POST http://localhost:9201/nku_search/_search [status:200 duration:0.002s]
2024-12-15 00:29:11,341 - INFO - POST http://localhost:9201/nku_search/_search [status:200 duration:0.002s]
2024-12-15 00:29:11,343 - INFO - POST http://localhost:9201/nku_search/_search [status:200 duration:0.002s]
2024-12-15 00:29:11,345 - INFO - POST http://localhost:9201/nku_search/_search [status:200 duration:0.002s]
2024-12-15 00:29:11,347 - INFO - POST http://localhost:9201/nku_search/_search [status:200 duration:0.002s]
2024-12-15 00:29:11,349 - INFO - POST http://localhost:9201/nku_search/_search [status:200 duration:0.002s]
2024-12-15 00:29:11,352 - INFO - POST http://localhost:9201/nku_search/_search [status:200 duration:0.002s]
2024-12-15 00:29:11,354 - INFO - POST http://localhost:9201/nku_search/_search [status:200 duration:0.002s]
2024-12-15 00:29:11,357 - INFO - POST http://localhost:9201/nku_search/_search [status:200 duration:0.002s]
2024-12-15 00:29:11,359 - INFO - POST http://localhost:9201/nku_search/_search [status:200 duration:0.002s]
2024-12-15 00:29:11,360 - INFO - POST http://localhost:9201/nku_search/_search [status:200 duration:0.002s]
2024-12-15 00:29:11,362 - INFO - POST http://localhost:9201/nku_search/_search [status:200 duration:0.002s]
2024-12-15 00:29:11,364 - INFO - POST http://localhost:9201/nku_search/_search [status:200 duration:0.002s]
2024-12-15 00:29:11,366 - INFO - POST http://localhost:9201/nku_search/_search [status:200 duration:0.002s]
2024-12-15 00:29:11,367 - INFO - POST http://localhost:9201/nku_search/_search [status:200 duration:0.001s]
2024-12-15 00:29:11,368 - INFO - POST http://localhost:9201/nku_search/_search [status:200 duration:0.002s]
2024-12-15 00:29:11,371 - INFO - POST http://localhost:9201/nku_search/_search [status:200 duration:0.003s]
2024-12-15 00:29:11,373 - INFO - POST http://localhost:9201/nku_search/_search [status:200 duration:0.002s]
2024-12-15 00:29:11,375 - INFO - POST http://localhost:9201/nku_search/_search [status:200 duration:0.002s]
2024-12-15 00:29:11,377 - INFO - POST http://localhost:9201/nku_search/_search [status:200 duration:0.002s]
2024-12-15 00:29:11,379 - INFO - POST http://localhost:9201/nku_search/_search [status:200 duration:0.002s]
2024-12-15 00:29:11,381 - INFO - POST http://localhost:9201/nku_search/_search [status:200 duration:0.002s]
2024-12-15 00:29:11,384 - INFO - POST http://localhost:9201/nku_search/_search [status:200 duration:0.002s]
2024-12-15 00:29:11,386 - INFO - POST http://localhost:9201/nku_search/_search [status:200 duration:0.002s]
2024-12-15 00:29:11,388 - INFO - POST http://localhost:9201/nku_search/_search [status:200 duration:0.002s]
2024-12-15 00:29:11,390 - INFO - POST http://localhost:9201/nku_search/_search [status:200 duration:0.001s]
2024-12-15 00:29:11,392 - INFO - POST http://localhost:9201/nku_search/_search [status:200 duration:0.002s]
2024-12-15 00:29:11,394 - INFO - POST http://localhost:9201/nku_search/_search [status:200 duration:0.002s]
2024-12-15 00:29:11,395 - INFO - POST http://localhost:9201/nku_search/_search [status:200 duration:0.002s]
2024-12-15 00:29:11,398 - INFO - POST http://localhost:9201/nku_search/_search [status:200 duration:0.002s]
2024-12-15 00:29:11,400 - INFO - POST http://localhost:9201/nku_search/_search [status:200 duration:0.002s]
2024-12-15 00:29:11,401 - INFO - POST http://localhost:9201/nku_search/_search [status:200 duration:0.002s]
2024-12-15 00:29:11,403 - INFO - POST http://localhost:9201/nku_search/_search [status:200 duration:0.002s]
2024-12-15 00:29:11,405 - INFO - POST http://localhost:9201/nku_search/_search [status:200 duration:0.002s]
2024-12-15 00:29:11,407 - INFO - POST http://localhost:9201/nku_search/_search [status:200 duration:0.001s]
2024-12-15 00:29:11,409 - INFO - POST http://localhost:9201/nku_search/_search [status:200 duration:0.002s]
2024-12-15 00:29:11,411 - INFO - POST http://localhost:9201/nku_search/_search [status:200 duration:0.002s]
2024-12-15 00:29:11,413 - INFO - POST http://localhost:9201/nku_search/_search [status:200 duration:0.002s]
2024-12-15 00:29:11,415 - INFO - POST http://localhost:9201/nku_search/_search [status:200 duration:0.002s]
2024-12-15 00:29:11,417 - INFO - POST http://localhost:9201/nku_search/_search [status:200 duration:0.002s]
2024-12-15 00:29:11,419 - INFO - POST http://localhost:9201/nku_search/_search [status:200 duration:0.001s]
2024-12-15 00:29:11,421 - INFO - POST http://localhost:9201/nku_search/_search [status:200 duration:0.002s]
2024-12-15 00:29:11,423 - INFO - POST http://localhost:9201/nku_search/_search [status:200 duration:0.002s]
2024-12-15 00:29:11,425 - INFO - POST http://localhost:9201/nku_search/_search [status:200 duration:0.002s]
2024-12-15 00:29:11,427 - INFO - POST http://localhost:9201/nku_search/_search [status:200 duration:0.002s]
2024-12-15 00:29:11,430 - INFO - POST http://localhost:9201/nku_search/_search [status:200 duration:0.002s]
2024-12-15 00:29:11,432 - INFO - POST http://localhost:9201/nku_search/_search [status:200 duration:0.003s]
2024-12-15 00:29:11,434 - INFO - POST http://localhost:9201/nku_search/_search [status:200 duration:0.002s]
2024-12-15 00:29:11,436 - INFO - POST http://localhost:9201/nku_search/_search [status:200 duration:0.002s]
2024-12-15 00:29:11,439 - INFO - POST http://localhost:9201/nku_search/_search [status:200 duration:0.002s]
2024-12-15 00:29:11,441 - INFO - POST http://localhost:9201/nku_search/_search [status:200 duration:0.002s]
2024-12-15 00:29:11,445 - INFO - POST http://localhost:9201/nku_search/_search [status:200 duration:0.003s]
2024-12-15 00:29:11,449 - INFO - POST http://localhost:9201/nku_search/_search [status:200 duration:0.003s]
2024-12-15 00:29:11,451 - INFO - POST http://localhost:9201/nku_search/_search [status:200 duration:0.002s]
2024-12-15 00:29:11,453 - INFO - POST http://localhost:9201/nku_search/_search [status:200 duration:0.002s]
2024-12-15 00:29:11,456 - INFO - POST http://localhost:9201/nku_search/_search [status:200 duration:0.003s]
2024-12-15 00:29:11,459 - INFO - POST http://localhost:9201/nku_search/_search [status:200 duration:0.003s]
2024-12-15 00:29:11,462 - INFO - POST http://localhost:9201/nku_search/_search [status:200 duration:0.003s]
2024-12-15 00:29:11,464 - INFO - POST http://localhost:9201/nku_search/_search [status:200 duration:0.002s]
2024-12-15 00:29:11,467 - INFO - POST http://localhost:9201/nku_search/_search [status:200 duration:0.003s]
2024-12-15 00:29:11,470 - INFO - POST http://localhost:9201/nku_search/_search [status:200 duration:0.002s]
2024-12-15 00:29:11,472 - INFO - POST http://localhost:9201/nku_search/_search [status:200 duration:0.002s]
2024-12-15 00:29:11,474 - INFO - POST http://localhost:9201/nku_search/_search [status:200 duration:0.002s]
2024-12-15 00:29:11,476 - INFO - POST http://localhost:9201/nku_search/_search [status:200 duration:0.002s]
2024-12-15 00:29:11,478 - INFO - POST http://localhost:9201/nku_search/_search [status:200 duration:0.002s]
2024-12-15 00:29:11,480 - INFO - POST http://localhost:9201/nku_search/_search [status:200 duration:0.002s]
2024-12-15 00:29:11,482 - INFO - POST http://localhost:9201/nku_search/_search [status:200 duration:0.002s]
2024-12-15 00:29:11,484 - INFO - POST http://localhost:9201/nku_search/_search [status:200 duration:0.002s]
2024-12-15 00:29:11,486 - INFO - POST http://localhost:9201/nku_search/_search [status:200 duration:0.002s]
2024-12-15 00:29:11,488 - INFO - POST http://localhost:9201/nku_search/_search [status:200 duration:0.002s]
2024-12-15 00:29:11,491 - INFO - POST http://localhost:9201/nku_search/_search [status:200 duration:0.002s]
2024-12-15 00:29:11,492 - INFO - POST http://localhost:9201/nku_search/_search [status:200 duration:0.002s]
2024-12-15 00:29:11,495 - INFO - POST http://localhost:9201/nku_search/_search [status:200 duration:0.002s]
2024-12-15 00:29:11,498 - INFO - POST http://localhost:9201/nku_search/_search [status:200 duration:0.003s]
2024-12-15 00:29:11,501 - INFO - POST http://localhost:9201/nku_search/_search [status:200 duration:0.003s]
2024-12-15 00:29:11,503 - INFO - POST http://localhost:9201/nku_search/_search [status:200 duration:0.002s]
2024-12-15 00:29:11,505 - INFO - POST http://localhost:9201/nku_search/_search [status:200 duration:0.002s]
2024-12-15 00:29:11,506 - INFO - POST http://localhost:9201/nku_search/_search [status:200 duration:0.001s]
2024-12-15 00:29:11,508 - INFO - POST http://localhost:9201/nku_search/_search [status:200 duration:0.002s]
2024-12-15 00:29:11,510 - INFO - POST http://localhost:9201/nku_search/_search [status:200 duration:0.002s]
2024-12-15 00:29:11,513 - INFO - POST http://localhost:9201/nku_search/_search [status:200 duration:0.002s]
2024-12-15 00:29:11,514 - INFO - POST http://localhost:9201/nku_search/_search [status:200 duration:0.002s]
2024-12-15 00:29:11,516 - INFO - POST http://localhost:9201/nku_search/_search [status:200 duration:0.001s]
2024-12-15 00:29:11,518 - INFO - POST http://localhost:9201/nku_search/_search [status:200 duration:0.002s]
2024-12-15 00:29:11,521 - INFO - POST http://localhost:9201/nku_search/_search [status:200 duration:0.002s]
2024-12-15 00:29:11,524 - INFO - POST http://localhost:9201/nku_search/_search [status:200 duration:0.002s]
2024-12-15 00:29:11,526 - INFO - POST http://localhost:9201/nku_search/_search [status:200 duration:0.002s]
2024-12-15 00:29:11,528 - INFO - POST http://localhost:9201/nku_search/_search [status:200 duration:0.002s]
2024-12-15 00:29:11,530 - INFO - POST http://localhost:9201/nku_search/_search [status:200 duration:0.001s]
2024-12-15 00:29:11,532 - INFO - POST http://localhost:9201/nku_search/_search [status:200 duration:0.002s]
2024-12-15 00:29:11,534 - INFO - POST http://localhost:9201/nku_search/_search [status:200 duration:0.002s]
2024-12-15 00:29:11,536 - INFO - POST http://localhost:9201/nku_search/_search [status:200 duration:0.002s]
2024-12-15 00:29:11,537 - INFO - POST http://localhost:9201/nku_search/_search [status:200 duration:0.002s]
2024-12-15 00:29:11,539 - INFO - POST http://localhost:9201/nku_search/_search [status:200 duration:0.001s]
2024-12-15 00:29:11,541 - INFO - POST http://localhost:9201/nku_search/_search [status:200 duration:0.002s]
2024-12-15 00:29:11,543 - INFO - POST http://localhost:9201/nku_search/_search [status:200 duration:0.002s]
2024-12-15 00:29:11,545 - INFO - POST http://localhost:9201/nku_search/_search [status:200 duration:0.002s]
2024-12-15 00:29:11,546 - INFO - POST http://localhost:9201/nku_search/_search [status:200 duration:0.002s]
2024-12-15 00:29:11,548 - INFO - POST http://localhost:9201/nku_search/_search [status:200 duration:0.001s]
2024-12-15 00:29:11,550 - INFO - POST http://localhost:9201/nku_search/_search [status:200 duration:0.003s]
2024-12-15 00:29:11,552 - INFO - POST http://localhost:9201/nku_search/_search [status:200 duration:0.002s]
2024-12-15 00:29:11,554 - INFO - POST http://localhost:9201/nku_search/_search [status:200 duration:0.002s]
2024-12-15 00:29:11,556 - INFO - POST http://localhost:9201/nku_search/_search [status:200 duration:0.002s]
2024-12-15 00:29:11,558 - INFO - POST http://localhost:9201/nku_search/_search [status:200 duration:0.002s]
2024-12-15 00:29:11,560 - INFO - POST http://localhost:9201/nku_search/_search [status:200 duration:0.002s]
2024-12-15 00:29:11,562 - INFO - POST http://localhost:9201/nku_search/_search [status:200 duration:0.002s]
2024-12-15 00:29:11,564 - INFO - POST http://localhost:9201/nku_search/_search [status:200 duration:0.002s]
2024-12-15 00:29:11,566 - INFO - POST http://localhost:9201/nku_search/_search [status:200 duration:0.002s]
2024-12-15 00:29:11,567 - INFO - POST http://localhost:9201/nku_search/_search [status:200 duration:0.001s]
2024-12-15 00:29:11,570 - INFO - POST http://localhost:9201/nku_search/_search [status:200 duration:0.002s]
2024-12-15 00:29:11,572 - INFO - POST http://localhost:9201/nku_search/_search [status:200 duration:0.002s]
2024-12-15 00:29:11,574 - INFO - POST http://localhost:9201/nku_search/_search [status:200 duration:0.002s]
2024-12-15 00:29:11,576 - INFO - POST http://localhost:9201/nku_search/_search [status:200 duration:0.002s]
2024-12-15 00:29:11,577 - INFO - POST http://localhost:9201/nku_search/_search [status:200 duration:0.002s]
2024-12-15 00:29:11,579 - INFO - POST http://localhost:9201/nku_search/_search [status:200 duration:0.002s]
2024-12-15 00:29:11,581 - INFO - POST http://localhost:9201/nku_search/_search [status:200 duration:0.002s]
2024-12-15 00:29:11,583 - INFO - POST http://localhost:9201/nku_search/_search [status:200 duration:0.002s]
2024-12-15 00:29:11,584 - INFO - POST http://localhost:9201/nku_search/_search [status:200 duration:0.002s]
2024-12-15 00:29:11,587 - INFO - POST http://localhost:9201/nku_search/_search [status:200 duration:0.002s]
2024-12-15 00:29:11,589 - INFO - POST http://localhost:9201/nku_search/_search [status:200 duration:0.002s]
2024-12-15 00:29:11,591 - INFO - POST http://localhost:9201/nku_search/_search [status:200 duration:0.002s]
2024-12-15 00:29:11,593 - INFO - POST http://localhost:9201/nku_search/_search [status:200 duration:0.002s]
2024-12-15 00:29:11,595 - INFO - POST http://localhost:9201/nku_search/_search [status:200 duration:0.002s]
2024-12-15 00:29:11,597 - INFO - POST http://localhost:9201/nku_search/_search [status:200 duration:0.002s]
2024-12-15 00:29:11,599 - INFO - POST http://localhost:9201/nku_search/_search [status:200 duration:0.002s]
2024-12-15 00:29:11,601 - INFO - POST http://localhost:9201/nku_search/_search [status:200 duration:0.002s]
2024-12-15 00:29:11,604 - INFO - POST http://localhost:9201/nku_search/_search [status:200 duration:0.002s]
2024-12-15 00:29:11,605 - INFO - POST http://localhost:9201/nku_search/_search [status:200 duration:0.002s]
2024-12-15 00:29:11,607 - INFO - POST http://localhost:9201/nku_search/_search [status:200 duration:0.002s]
2024-12-15 00:29:11,609 - INFO - POST http://localhost:9201/nku_search/_search [status:200 duration:0.002s]
2024-12-15 00:29:11,611 - INFO - POST http://localhost:9201/nku_search/_search [status:200 duration:0.002s]
2024-12-15 00:29:11,613 - INFO - POST http://localhost:9201/nku_search/_search [status:200 duration:0.002s]
2024-12-15 00:29:11,615 - INFO - POST http://localhost:9201/nku_search/_search [status:200 duration:0.002s]
2024-12-15 00:29:11,617 - INFO - POST http://localhost:9201/nku_search/_search [status:200 duration:0.002s]
2024-12-15 00:29:11,619 - INFO - POST http://localhost:9201/nku_search/_search [status:200 duration:0.002s]
2024-12-15 00:29:11,621 - INFO - POST http://localhost:9201/nku_search/_search [status:200 duration:0.002s]
2024-12-15 00:29:11,624 - INFO - POST http://localhost:9201/nku_search/_search [status:200 duration:0.003s]
2024-12-15 00:29:11,626 - INFO - POST http://localhost:9201/nku_search/_search [status:200 duration:0.002s]
2024-12-15 00:29:11,628 - INFO - POST http://localhost:9201/nku_search/_search [status:200 duration:0.003s]
2024-12-15 00:29:11,631 - INFO - POST http://localhost:9201/nku_search/_search [status:200 duration:0.002s]
2024-12-15 00:29:11,632 - INFO - POST http://localhost:9201/nku_search/_search [status:200 duration:0.002s]
2024-12-15 00:29:11,634 - INFO - POST http://localhost:9201/nku_search/_search [status:200 duration:0.002s]
2024-12-15 00:29:11,637 - INFO - POST http://localhost:9201/nku_search/_search [status:200 duration:0.002s]
2024-12-15 00:29:11,639 - INFO - POST http://localhost:9201/nku_search/_search [status:200 duration:0.002s]
2024-12-15 00:29:11,642 - INFO - POST http://localhost:9201/nku_search/_search [status:200 duration:0.002s]
2024-12-15 00:29:11,644 - INFO - POST http://localhost:9201/nku_search/_search [status:200 duration:0.002s]
2024-12-15 00:29:11,645 - INFO - POST http://localhost:9201/nku_search/_search [status:200 duration:0.002s]
2024-12-15 00:29:11,647 - INFO - POST http://localhost:9201/nku_search/_search [status:200 duration:0.002s]
2024-12-15 00:29:11,649 - INFO - POST http://localhost:9201/nku_search/_search [status:200 duration:0.002s]
2024-12-15 00:29:11,650 - INFO - POST http://localhost:9201/nku_search/_search [status:200 duration:0.002s]
2024-12-15 00:29:11,653 - INFO - POST http://localhost:9201/nku_search/_search [status:200 duration:0.002s]
2024-12-15 00:29:11,655 - INFO - POST http://localhost:9201/nku_search/_search [status:200 duration:0.001s]
2024-12-15 00:29:11,656 - INFO - POST http://localhost:9201/nku_search/_search [status:200 duration:0.002s]
2024-12-15 00:29:11,658 - INFO - POST http://localhost:9201/nku_search/_search [status:200 duration:0.002s]
2024-12-15 00:29:11,660 - INFO - POST http://localhost:9201/nku_search/_search [status:200 duration:0.002s]
2024-12-15 00:29:11,662 - INFO - POST http://localhost:9201/nku_search/_search [status:200 duration:0.002s]
2024-12-15 00:29:11,664 - INFO - POST http://localhost:9201/nku_search/_search [status:200 duration:0.002s]
2024-12-15 00:29:11,666 - INFO - POST http://localhost:9201/nku_search/_search [status:200 duration:0.002s]
2024-12-15 00:29:11,668 - INFO - POST http://localhost:9201/nku_search/_search [status:200 duration:0.001s]
2024-12-15 00:29:11,669 - INFO - POST http://localhost:9201/nku_search/_search [status:200 duration:0.002s]
2024-12-15 00:29:11,672 - INFO - POST http://localhost:9201/nku_search/_search [status:200 duration:0.002s]
2024-12-15 00:29:11,673 - INFO - POST http://localhost:9201/nku_search/_search [status:200 duration:0.002s]
2024-12-15 00:29:11,675 - INFO - POST http://localhost:9201/nku_search/_search [status:200 duration:0.002s]
2024-12-15 00:29:11,676 - INFO - POST http://localhost:9201/nku_search/_search [status:200 duration:0.002s]
2024-12-15 00:29:11,679 - INFO - POST http://localhost:9201/nku_search/_search [status:200 duration:0.002s]
2024-12-15 00:29:11,680 - INFO - POST http://localhost:9201/nku_search/_search [status:200 duration:0.002s]
2024-12-15 00:29:11,683 - INFO - POST http://localhost:9201/nku_search/_search [status:200 duration:0.003s]
2024-12-15 00:29:11,686 - INFO - POST http://localhost:9201/nku_search/_search [status:200 duration:0.003s]
2024-12-15 00:29:11,689 - INFO - POST http://localhost:9201/nku_search/_search [status:200 duration:0.003s]
2024-12-15 00:29:11,691 - INFO - POST http://localhost:9201/nku_search/_search [status:200 duration:0.002s]
2024-12-15 00:29:11,693 - INFO - POST http://localhost:9201/nku_search/_search [status:200 duration:0.002s]
2024-12-15 00:29:11,695 - INFO - POST http://localhost:9201/nku_search/_search [status:200 duration:0.002s]
2024-12-15 00:29:11,696 - INFO - POST http://localhost:9201/nku_search/_search [status:200 duration:0.002s]
2024-12-15 00:29:11,698 - INFO - POST http://localhost:9201/nku_search/_search [status:200 duration:0.001s]
2024-12-15 00:29:11,699 - INFO - POST http://localhost:9201/nku_search/_search [status:200 duration:0.002s]
2024-12-15 00:29:11,701 - INFO - POST http://localhost:9201/nku_search/_search [status:200 duration:0.002s]
2024-12-15 00:29:11,703 - INFO - POST http://localhost:9201/nku_search/_search [status:200 duration:0.001s]
2024-12-15 00:29:11,704 - INFO - POST http://localhost:9201/nku_search/_search [status:200 duration:0.001s]
2024-12-15 00:29:11,706 - INFO - POST http://localhost:9201/nku_search/_search [status:200 duration:0.002s]
2024-12-15 00:29:11,708 - INFO - POST http://localhost:9201/nku_search/_search [status:200 duration:0.001s]
2024-12-15 00:29:11,710 - INFO - POST http://localhost:9201/nku_search/_search [status:200 duration:0.002s]
2024-12-15 00:29:11,712 - INFO - POST http://localhost:9201/nku_search/_search [status:200 duration:0.002s]
2024-12-15 00:29:11,713 - INFO - POST http://localhost:9201/nku_search/_search [status:200 duration:0.002s]
2024-12-15 00:29:11,715 - INFO - POST http://localhost:9201/nku_search/_search [status:200 duration:0.001s]
2024-12-15 00:29:11,717 - INFO - POST http://localhost:9201/nku_search/_search [status:200 duration:0.002s]
2024-12-15 00:29:11,719 - INFO - POST http://localhost:9201/nku_search/_search [status:200 duration:0.002s]
2024-12-15 00:29:11,721 - INFO - POST http://localhost:9201/nku_search/_search [status:200 duration:0.002s]
2024-12-15 00:29:11,723 - INFO - POST http://localhost:9201/nku_search/_search [status:200 duration:0.002s]
2024-12-15 00:29:11,726 - INFO - POST http://localhost:9201/nku_search/_search [status:200 duration:0.002s]
2024-12-15 00:29:11,727 - INFO - POST http://localhost:9201/nku_search/_search [status:200 duration:0.001s]
2024-12-15 00:29:11,729 - INFO - POST http://localhost:9201/nku_search/_search [status:200 duration:0.001s]
2024-12-15 00:29:11,731 - INFO - POST http://localhost:9201/nku_search/_search [status:200 duration:0.002s]
2024-12-15 00:29:11,733 - INFO - POST http://localhost:9201/nku_search/_search [status:200 duration:0.002s]
2024-12-15 00:29:11,734 - INFO - POST http://localhost:9201/nku_search/_search [status:200 duration:0.001s]
2024-12-15 00:29:11,736 - INFO - POST http://localhost:9201/nku_search/_search [status:200 duration:0.001s]
2024-12-15 00:29:11,738 - INFO - POST http://localhost:9201/nku_search/_search [status:200 duration:0.003s]
2024-12-15 00:29:11,746 - INFO - POST http://localhost:9201/nku_search/_search [status:200 duration:0.008s]
2024-12-15 00:29:11,748 - INFO - POST http://localhost:9201/nku_search/_search [status:200 duration:0.002s]
2024-12-15 00:29:11,751 - INFO - POST http://localhost:9201/nku_search/_search [status:200 duration:0.002s]
2024-12-15 00:29:11,753 - INFO - POST http://localhost:9201/nku_search/_search [status:200 duration:0.002s]
2024-12-15 00:29:11,756 - INFO - POST http://localhost:9201/nku_search/_search [status:200 duration:0.003s]
2024-12-15 00:29:11,760 - INFO - POST http://localhost:9201/nku_search/_search [status:200 duration:0.003s]
2024-12-15 00:29:11,815 - INFO - POST http://localhost:9201/nku_search/_search [status:200 duration:0.055s]
2024-12-15 00:29:11,818 - INFO - POST http://localhost:9201/nku_search/_search [status:200 duration:0.002s]
2024-12-15 00:29:11,833 - INFO - POST http://localhost:9201/nku_search/_search [status:200 duration:0.015s]
2024-12-15 00:29:11,844 - INFO - POST http://localhost:9201/nku_search/_search [status:200 duration:0.010s]
2024-12-15 00:29:11,852 - INFO - POST http://localhost:9201/nku_search/_search [status:200 duration:0.008s]
2024-12-15 00:29:11,861 - INFO - POST http://localhost:9201/nku_search/_search [status:200 duration:0.009s]
2024-12-15 00:29:11,870 - INFO - POST http://localhost:9201/nku_search/_search [status:200 duration:0.008s]
2024-12-15 00:29:11,879 - INFO - POST http://localhost:9201/nku_search/_search [status:200 duration:0.009s]
2024-12-15 00:29:11,887 - INFO - POST http://localhost:9201/nku_search/_search [status:200 duration:0.008s]
2024-12-15 00:29:11,890 - INFO - POST http://localhost:9201/nku_search/_search [status:200 duration:0.003s]
2024-12-15 00:29:11,893 - INFO - POST http://localhost:9201/nku_search/_search [status:200 duration:0.003s]
2024-12-15 00:29:11,895 - INFO - POST http://localhost:9201/nku_search/_search [status:200 duration:0.002s]
2024-12-15 00:29:11,899 - INFO - POST http://localhost:9201/nku_search/_search [status:200 duration:0.003s]
2024-12-15 00:29:11,902 - INFO - POST http://localhost:9201/nku_search/_search [status:200 duration:0.003s]
2024-12-15 00:29:11,905 - INFO - POST http://localhost:9201/nku_search/_search [status:200 duration:0.002s]
2024-12-15 00:29:11,907 - INFO - POST http://localhost:9201/nku_search/_search [status:200 duration:0.002s]
2024-12-15 00:29:11,910 - INFO - POST http://localhost:9201/nku_search/_search [status:200 duration:0.002s]
2024-12-15 00:29:11,913 - INFO - POST http://localhost:9201/nku_search/_search [status:200 duration:0.002s]
2024-12-15 00:29:11,915 - INFO - POST http://localhost:9201/nku_search/_search [status:200 duration:0.003s]
2024-12-15 00:29:11,918 - INFO - POST http://localhost:9201/nku_search/_search [status:200 duration:0.002s]
2024-12-15 00:29:11,921 - INFO - POST http://localhost:9201/nku_search/_search [status:200 duration:0.002s]
2024-12-15 00:29:11,925 - INFO - POST http://localhost:9201/nku_search/_search [status:200 duration:0.002s]
2024-12-15 00:29:11,927 - INFO - POST http://localhost:9201/nku_search/_search [status:200 duration:0.003s]
2024-12-15 00:29:11,931 - INFO - POST http://localhost:9201/nku_search/_search [status:200 duration:0.003s]
2024-12-15 00:29:11,934 - INFO - POST http://localhost:9201/nku_search/_search [status:200 duration:0.002s]
2024-12-15 00:29:11,936 - INFO - POST http://localhost:9201/nku_search/_search [status:200 duration:0.002s]
2024-12-15 00:29:11,938 - INFO - POST http://localhost:9201/nku_search/_search [status:200 duration:0.002s]
2024-12-15 00:29:11,941 - INFO - POST http://localhost:9201/nku_search/_search [status:200 duration:0.002s]
2024-12-15 00:29:11,943 - INFO - POST http://localhost:9201/nku_search/_search [status:200 duration:0.002s]
2024-12-15 00:29:11,945 - INFO - POST http://localhost:9201/nku_search/_search [status:200 duration:0.002s]
2024-12-15 00:29:11,948 - INFO - POST http://localhost:9201/nku_search/_search [status:200 duration:0.002s]
2024-12-15 00:29:11,950 - INFO - POST http://localhost:9201/nku_search/_search [status:200 duration:0.002s]
2024-12-15 00:29:11,953 - INFO - POST http://localhost:9201/nku_search/_search [status:200 duration:0.002s]
2024-12-15 00:29:11,955 - INFO - POST http://localhost:9201/nku_search/_search [status:200 duration:0.002s]
2024-12-15 00:29:11,957 - INFO - POST http://localhost:9201/nku_search/_search [status:200 duration:0.002s]
2024-12-15 00:29:11,960 - INFO - POST http://localhost:9201/nku_search/_search [status:200 duration:0.002s]
2024-12-15 00:29:11,962 - INFO - POST http://localhost:9201/nku_search/_search [status:200 duration:0.002s]
2024-12-15 00:29:11,964 - INFO - POST http://localhost:9201/nku_search/_search [status:200 duration:0.002s]
2024-12-15 00:29:11,966 - INFO - POST http://localhost:9201/nku_search/_search [status:200 duration:0.002s]
2024-12-15 00:29:11,968 - INFO - POST http://localhost:9201/nku_search/_search [status:200 duration:0.002s]
2024-12-15 00:29:11,971 - INFO - POST http://localhost:9201/nku_search/_search [status:200 duration:0.003s]
2024-12-15 00:29:11,973 - INFO - POST http://localhost:9201/nku_search/_search [status:200 duration:0.002s]
2024-12-15 00:29:11,975 - INFO - POST http://localhost:9201/nku_search/_search [status:200 duration:0.002s]
2024-12-15 00:29:11,977 - INFO - POST http://localhost:9201/nku_search/_search [status:200 duration:0.002s]
2024-12-15 00:29:11,979 - INFO - POST http://localhost:9201/nku_search/_search [status:200 duration:0.002s]
2024-12-15 00:29:11,981 - INFO - POST http://localhost:9201/nku_search/_search [status:200 duration:0.002s]
2024-12-15 00:29:11,984 - INFO - POST http://localhost:9201/nku_search/_search [status:200 duration:0.002s]
2024-12-15 00:29:11,986 - INFO - POST http://localhost:9201/nku_search/_search [status:200 duration:0.002s]
2024-12-15 00:29:11,988 - INFO - POST http://localhost:9201/nku_search/_search [status:200 duration:0.002s]
2024-12-15 00:29:11,991 - INFO - POST http://localhost:9201/nku_search/_search [status:200 duration:0.002s]
2024-12-15 00:29:11,993 - INFO - POST http://localhost:9201/nku_search/_search [status:200 duration:0.002s]
2024-12-15 00:29:11,995 - INFO - POST http://localhost:9201/nku_search/_search [status:200 duration:0.002s]
2024-12-15 00:29:11,998 - INFO - POST http://localhost:9201/nku_search/_search [status:200 duration:0.003s]
2024-12-15 00:29:12,000 - INFO - POST http://localhost:9201/nku_search/_search [status:200 duration:0.002s]
2024-12-15 00:29:12,007 - INFO - POST http://localhost:9201/nku_search/_search [status:200 duration:0.006s]
2024-12-15 00:29:12,010 - INFO - POST http://localhost:9201/nku_search/_search [status:200 duration:0.003s]
2024-12-15 00:29:12,014 - INFO - POST http://localhost:9201/nku_search/_search [status:200 duration:0.003s]
2024-12-15 00:29:12,017 - INFO - POST http://localhost:9201/nku_search/_search [status:200 duration:0.003s]
2024-12-15 00:29:12,020 - INFO - POST http://localhost:9201/nku_search/_search [status:200 duration:0.003s]
2024-12-15 00:29:12,024 - INFO - POST http://localhost:9201/nku_search/_search [status:200 duration:0.004s]
2024-12-15 00:29:12,028 - INFO - POST http://localhost:9201/nku_search/_search [status:200 duration:0.004s]
2024-12-15 00:29:12,031 - INFO - POST http://localhost:9201/nku_search/_search [status:200 duration:0.003s]
2024-12-15 00:29:12,034 - INFO - POST http://localhost:9201/nku_search/_search [status:200 duration:0.002s]
2024-12-15 00:29:12,037 - INFO - POST http://localhost:9201/nku_search/_search [status:200 duration:0.002s]
2024-12-15 00:29:12,039 - INFO - POST http://localhost:9201/nku_search/_search [status:200 duration:0.002s]
2024-12-15 00:29:12,042 - INFO - POST http://localhost:9201/nku_search/_search [status:200 duration:0.002s]
2024-12-15 00:29:12,044 - INFO - POST http://localhost:9201/nku_search/_search [status:200 duration:0.002s]
2024-12-15 00:29:12,048 - INFO - POST http://localhost:9201/nku_search/_search [status:200 duration:0.003s]
2024-12-15 00:29:12,052 - INFO - POST http://localhost:9201/nku_search/_search [status:200 duration:0.004s]
2024-12-15 00:29:12,055 - INFO - POST http://localhost:9201/nku_search/_search [status:200 duration:0.003s]
2024-12-15 00:29:12,057 - INFO - POST http://localhost:9201/nku_search/_search [status:200 duration:0.002s]
2024-12-15 00:29:12,060 - INFO - POST http://localhost:9201/nku_search/_search [status:200 duration:0.002s]
2024-12-15 00:29:12,063 - INFO - POST http://localhost:9201/nku_search/_search [status:200 duration:0.003s]
2024-12-15 00:29:12,065 - INFO - POST http://localhost:9201/nku_search/_search [status:200 duration:0.002s]
2024-12-15 00:29:12,068 - INFO - POST http://localhost:9201/nku_search/_search [status:200 duration:0.003s]
2024-12-15 00:29:12,070 - INFO - POST http://localhost:9201/nku_search/_search [status:200 duration:0.002s]
2024-12-15 00:29:12,072 - INFO - POST http://localhost:9201/nku_search/_search [status:200 duration:0.002s]
2024-12-15 00:29:12,075 - INFO - POST http://localhost:9201/nku_search/_search [status:200 duration:0.003s]
2024-12-15 00:29:12,078 - INFO - POST http://localhost:9201/nku_search/_search [status:200 duration:0.003s]
2024-12-15 00:29:12,080 - INFO - POST http://localhost:9201/nku_search/_search [status:200 duration:0.003s]
2024-12-15 00:29:12,084 - INFO - POST http://localhost:9201/nku_search/_search [status:200 duration:0.003s]
2024-12-15 00:29:12,086 - INFO - POST http://localhost:9201/nku_search/_search [status:200 duration:0.003s]
2024-12-15 00:29:12,089 - INFO - POST http://localhost:9201/nku_search/_search [status:200 duration:0.002s]
2024-12-15 00:29:12,091 - INFO - POST http://localhost:9201/nku_search/_search [status:200 duration:0.002s]
2024-12-15 00:29:12,093 - INFO - POST http://localhost:9201/nku_search/_search [status:200 duration:0.002s]
2024-12-15 00:29:12,096 - INFO - POST http://localhost:9201/nku_search/_search [status:200 duration:0.002s]
2024-12-15 00:29:12,098 - INFO - POST http://localhost:9201/nku_search/_search [status:200 duration:0.002s]
2024-12-15 00:29:12,100 - INFO - POST http://localhost:9201/nku_search/_search [status:200 duration:0.002s]
2024-12-15 00:29:12,103 - INFO - POST http://localhost:9201/nku_search/_search [status:200 duration:0.003s]
2024-12-15 00:29:12,105 - INFO - POST http://localhost:9201/nku_search/_search [status:200 duration:0.002s]
2024-12-15 00:29:12,107 - INFO - POST http://localhost:9201/nku_search/_search [status:200 duration:0.002s]
2024-12-15 00:29:12,110 - INFO - POST http://localhost:9201/nku_search/_search [status:200 duration:0.002s]
2024-12-15 00:29:12,112 - INFO - POST http://localhost:9201/nku_search/_search [status:200 duration:0.002s]
2024-12-15 00:29:12,114 - INFO - POST http://localhost:9201/nku_search/_search [status:200 duration:0.002s]
2024-12-15 00:29:12,116 - INFO - POST http://localhost:9201/nku_search/_search [status:200 duration:0.002s]
2024-12-15 00:29:12,118 - INFO - POST http://localhost:9201/nku_search/_search [status:200 duration:0.002s]
2024-12-15 00:29:12,121 - INFO - POST http://localhost:9201/nku_search/_search [status:200 duration:0.002s]
2024-12-15 00:29:12,123 - INFO - POST http://localhost:9201/nku_search/_search [status:200 duration:0.002s]
2024-12-15 00:29:12,126 - INFO - POST http://localhost:9201/nku_search/_search [status:200 duration:0.003s]
2024-12-15 00:29:12,128 - INFO - POST http://localhost:9201/nku_search/_search [status:200 duration:0.002s]
2024-12-15 00:29:12,129 - INFO - POST http://localhost:9201/nku_search/_search [status:200 duration:0.002s]
2024-12-15 00:29:12,132 - INFO - POST http://localhost:9201/nku_search/_search [status:200 duration:0.002s]
2024-12-15 00:29:12,134 - INFO - POST http://localhost:9201/nku_search/_search [status:200 duration:0.002s]
2024-12-15 00:29:12,136 - INFO - POST http://localhost:9201/nku_search/_search [status:200 duration:0.002s]
2024-12-15 00:29:12,138 - INFO - POST http://localhost:9201/nku_search/_search [status:200 duration:0.002s]
2024-12-15 00:29:12,140 - INFO - POST http://localhost:9201/nku_search/_search [status:200 duration:0.002s]
2024-12-15 00:29:12,142 - INFO - POST http://localhost:9201/nku_search/_search [status:200 duration:0.002s]
2024-12-15 00:29:12,144 - INFO - POST http://localhost:9201/nku_search/_search [status:200 duration:0.002s]
2024-12-15 00:29:12,146 - INFO - POST http://localhost:9201/nku_search/_search [status:200 duration:0.002s]
2024-12-15 00:29:12,148 - INFO - POST http://localhost:9201/nku_search/_search [status:200 duration:0.002s]
2024-12-15 00:29:12,151 - INFO - POST http://localhost:9201/nku_search/_search [status:200 duration:0.003s]
2024-12-15 00:29:12,153 - INFO - POST http://localhost:9201/nku_search/_search [status:200 duration:0.002s]
2024-12-15 00:29:12,155 - INFO - POST http://localhost:9201/nku_search/_search [status:200 duration:0.002s]
2024-12-15 00:29:12,158 - INFO - POST http://localhost:9201/nku_search/_search [status:200 duration:0.002s]
2024-12-15 00:29:12,160 - INFO - POST http://localhost:9201/nku_search/_search [status:200 duration:0.002s]
2024-12-15 00:29:12,163 - INFO - POST http://localhost:9201/nku_search/_search [status:200 duration:0.002s]
2024-12-15 00:29:12,165 - INFO - POST http://localhost:9201/nku_search/_search [status:200 duration:0.002s]
2024-12-15 00:29:12,167 - INFO - POST http://localhost:9201/nku_search/_search [status:200 duration:0.002s]
2024-12-15 00:29:12,169 - INFO - POST http://localhost:9201/nku_search/_search [status:200 duration:0.002s]
2024-12-15 00:29:12,171 - INFO - POST http://localhost:9201/nku_search/_search [status:200 duration:0.002s]
2024-12-15 00:29:12,173 - INFO - POST http://localhost:9201/nku_search/_search [status:200 duration:0.001s]
2024-12-15 00:29:12,175 - INFO - POST http://localhost:9201/nku_search/_search [status:200 duration:0.002s]
2024-12-15 00:29:12,177 - INFO - POST http://localhost:9201/nku_search/_search [status:200 duration:0.002s]
2024-12-15 00:29:12,178 - INFO - POST http://localhost:9201/nku_search/_search [status:200 duration:0.002s]
2024-12-15 00:29:12,180 - INFO - POST http://localhost:9201/nku_search/_search [status:200 duration:0.002s]
2024-12-15 00:29:12,182 - INFO - POST http://localhost:9201/nku_search/_search [status:200 duration:0.002s]
2024-12-15 00:29:12,184 - INFO - POST http://localhost:9201/nku_search/_search [status:200 duration:0.002s]
2024-12-15 00:29:12,186 - INFO - POST http://localhost:9201/nku_search/_search [status:200 duration:0.002s]
2024-12-15 00:29:12,188 - INFO - POST http://localhost:9201/nku_search/_search [status:200 duration:0.002s]
2024-12-15 00:29:12,190 - INFO - POST http://localhost:9201/nku_search/_search [status:200 duration:0.002s]
2024-12-15 00:29:12,193 - INFO - POST http://localhost:9201/nku_search/_search [status:200 duration:0.002s]
2024-12-15 00:29:12,195 - INFO - POST http://localhost:9201/nku_search/_search [status:200 duration:0.002s]
2024-12-15 00:29:12,198 - INFO - POST http://localhost:9201/nku_search/_search [status:200 duration:0.003s]
2024-12-15 00:29:12,201 - INFO - POST http://localhost:9201/nku_search/_search [status:200 duration:0.002s]
2024-12-15 00:29:12,204 - INFO - POST http://localhost:9201/nku_search/_search [status:200 duration:0.002s]
2024-12-15 00:29:12,207 - INFO - POST http://localhost:9201/nku_search/_search [status:200 duration:0.003s]
2024-12-15 00:29:12,210 - INFO - POST http://localhost:9201/nku_search/_search [status:200 duration:0.003s]
2024-12-15 00:29:12,212 - INFO - POST http://localhost:9201/nku_search/_search [status:200 duration:0.003s]
2024-12-15 00:29:12,215 - INFO - POST http://localhost:9201/nku_search/_search [status:200 duration:0.003s]
2024-12-15 00:29:12,218 - INFO - POST http://localhost:9201/nku_search/_search [status:200 duration:0.003s]
2024-12-15 00:29:12,220 - INFO - POST http://localhost:9201/nku_search/_search [status:200 duration:0.002s]
2024-12-15 00:29:12,223 - INFO - POST http://localhost:9201/nku_search/_search [status:200 duration:0.002s]
2024-12-15 00:29:12,225 - INFO - POST http://localhost:9201/nku_search/_search [status:200 duration:0.002s]
2024-12-15 00:29:12,227 - INFO - POST http://localhost:9201/nku_search/_search [status:200 duration:0.002s]
2024-12-15 00:29:12,229 - INFO - POST http://localhost:9201/nku_search/_search [status:200 duration:0.002s]
2024-12-15 00:29:12,231 - INFO - POST http://localhost:9201/nku_search/_search [status:200 duration:0.002s]
2024-12-15 00:29:12,233 - INFO - POST http://localhost:9201/nku_search/_search [status:200 duration:0.002s]
2024-12-15 00:29:12,235 - INFO - POST http://localhost:9201/nku_search/_search [status:200 duration:0.002s]
2024-12-15 00:29:12,237 - INFO - POST http://localhost:9201/nku_search/_search [status:200 duration:0.002s]
2024-12-15 00:29:12,239 - INFO - POST http://localhost:9201/nku_search/_search [status:200 duration:0.001s]
2024-12-15 00:29:12,242 - INFO - POST http://localhost:9201/nku_search/_search [status:200 duration:0.002s]
2024-12-15 00:29:12,244 - INFO - POST http://localhost:9201/nku_search/_search [status:200 duration:0.002s]
2024-12-15 00:29:12,246 - INFO - POST http://localhost:9201/nku_search/_search [status:200 duration:0.002s]
2024-12-15 00:29:12,248 - INFO - POST http://localhost:9201/nku_search/_search [status:200 duration:0.002s]
2024-12-15 00:29:12,250 - INFO - POST http://localhost:9201/nku_search/_search [status:200 duration:0.002s]
2024-12-15 00:29:12,252 - INFO - POST http://localhost:9201/nku_search/_search [status:200 duration:0.002s]
2024-12-15 00:29:12,255 - INFO - POST http://localhost:9201/nku_search/_search [status:200 duration:0.002s]
2024-12-15 00:29:12,257 - INFO - POST http://localhost:9201/nku_search/_search [status:200 duration:0.002s]
2024-12-15 00:29:12,259 - INFO - POST http://localhost:9201/nku_search/_search [status:200 duration:0.002s]
2024-12-15 00:29:12,262 - INFO - POST http://localhost:9201/nku_search/_search [status:200 duration:0.002s]
2024-12-15 00:29:12,264 - INFO - POST http://localhost:9201/nku_search/_search [status:200 duration:0.002s]
2024-12-15 00:29:12,266 - INFO - POST http://localhost:9201/nku_search/_search [status:200 duration:0.002s]
2024-12-15 00:29:12,268 - INFO - POST http://localhost:9201/nku_search/_search [status:200 duration:0.002s]
2024-12-15 00:29:12,270 - INFO - POST http://localhost:9201/nku_search/_search [status:200 duration:0.002s]
2024-12-15 00:29:12,272 - INFO - POST http://localhost:9201/nku_search/_search [status:200 duration:0.002s]
2024-12-15 00:29:12,275 - INFO - POST http://localhost:9201/nku_search/_search [status:200 duration:0.003s]
2024-12-15 00:29:12,276 - INFO - POST http://localhost:9201/nku_search/_search [status:200 duration:0.002s]
2024-12-15 00:29:12,279 - INFO - POST http://localhost:9201/nku_search/_search [status:200 duration:0.002s]
2024-12-15 00:29:12,280 - INFO - POST http://localhost:9201/nku_search/_search [status:200 duration:0.002s]
2024-12-15 00:29:12,282 - INFO - POST http://localhost:9201/nku_search/_search [status:200 duration:0.002s]
2024-12-15 00:29:12,285 - INFO - POST http://localhost:9201/nku_search/_search [status:200 duration:0.002s]
2024-12-15 00:29:12,287 - INFO - POST http://localhost:9201/nku_search/_search [status:200 duration:0.002s]
2024-12-15 00:29:12,289 - INFO - POST http://localhost:9201/nku_search/_search [status:200 duration:0.002s]
2024-12-15 00:29:12,292 - INFO - POST http://localhost:9201/nku_search/_search [status:200 duration:0.002s]
2024-12-15 00:29:12,294 - INFO - POST http://localhost:9201/nku_search/_search [status:200 duration:0.002s]
2024-12-15 00:29:12,296 - INFO - POST http://localhost:9201/nku_search/_search [status:200 duration:0.002s]
2024-12-15 00:29:12,298 - INFO - POST http://localhost:9201/nku_search/_search [status:200 duration:0.002s]
2024-12-15 00:29:12,300 - INFO - POST http://localhost:9201/nku_search/_search [status:200 duration:0.002s]
2024-12-15 00:29:12,303 - INFO - POST http://localhost:9201/nku_search/_search [status:200 duration:0.002s]
2024-12-15 00:29:12,305 - INFO - POST http://localhost:9201/nku_search/_search [status:200 duration:0.002s]
2024-12-15 00:29:12,307 - INFO - POST http://localhost:9201/nku_search/_search [status:200 duration:0.002s]
2024-12-15 00:29:12,310 - INFO - POST http://localhost:9201/nku_search/_search [status:200 duration:0.003s]
2024-12-15 00:29:12,312 - INFO - POST http://localhost:9201/nku_search/_search [status:200 duration:0.002s]
2024-12-15 00:29:12,315 - INFO - POST http://localhost:9201/nku_search/_search [status:200 duration:0.002s]
2024-12-15 00:29:12,316 - INFO - POST http://localhost:9201/nku_search/_search [status:200 duration:0.002s]
2024-12-15 00:29:12,318 - INFO - POST http://localhost:9201/nku_search/_search [status:200 duration:0.002s]
2024-12-15 00:29:12,320 - INFO - POST http://localhost:9201/nku_search/_search [status:200 duration:0.002s]
2024-12-15 00:29:12,323 - INFO - POST http://localhost:9201/nku_search/_search [status:200 duration:0.002s]
2024-12-15 00:29:12,326 - INFO - POST http://localhost:9201/nku_search/_search [status:200 duration:0.002s]
2024-12-15 00:29:12,328 - INFO - POST http://localhost:9201/nku_search/_search [status:200 duration:0.002s]
2024-12-15 00:29:12,331 - INFO - POST http://localhost:9201/nku_search/_search [status:200 duration:0.002s]
2024-12-15 00:29:12,334 - INFO - POST http://localhost:9201/nku_search/_search [status:200 duration:0.003s]
2024-12-15 00:29:12,336 - INFO - POST http://localhost:9201/nku_search/_search [status:200 duration:0.002s]
2024-12-15 00:29:12,339 - INFO - POST http://localhost:9201/nku_search/_search [status:200 duration:0.002s]
2024-12-15 00:29:12,341 - INFO - POST http://localhost:9201/nku_search/_search [status:200 duration:0.002s]
2024-12-15 00:29:12,343 - INFO - POST http://localhost:9201/nku_search/_search [status:200 duration:0.002s]
2024-12-15 00:29:12,345 - INFO - POST http://localhost:9201/nku_search/_search [status:200 duration:0.002s]
2024-12-15 00:29:12,348 - INFO - POST http://localhost:9201/nku_search/_search [status:200 duration:0.002s]
2024-12-15 00:29:12,350 - INFO - POST http://localhost:9201/nku_search/_search [status:200 duration:0.002s]
2024-12-15 00:29:12,352 - INFO - POST http://localhost:9201/nku_search/_search [status:200 duration:0.002s]
2024-12-15 00:29:12,354 - INFO - POST http://localhost:9201/nku_search/_search [status:200 duration:0.002s]
2024-12-15 00:29:12,356 - INFO - POST http://localhost:9201/nku_search/_search [status:200 duration:0.002s]
2024-12-15 00:29:12,358 - INFO - POST http://localhost:9201/nku_search/_search [status:200 duration:0.002s]
2024-12-15 00:29:12,360 - INFO - POST http://localhost:9201/nku_search/_search [status:200 duration:0.001s]
2024-12-15 00:29:12,363 - INFO - POST http://localhost:9201/nku_search/_search [status:200 duration:0.003s]
2024-12-15 00:29:12,364 - INFO - POST http://localhost:9201/nku_search/_search [status:200 duration:0.002s]
2024-12-15 00:29:12,366 - INFO - POST http://localhost:9201/nku_search/_search [status:200 duration:0.002s]
2024-12-15 00:29:12,369 - INFO - POST http://localhost:9201/nku_search/_search [status:200 duration:0.003s]
2024-12-15 00:29:12,371 - INFO - POST http://localhost:9201/nku_search/_search [status:200 duration:0.001s]
2024-12-15 00:29:12,372 - INFO - POST http://localhost:9201/nku_search/_search [status:200 duration:0.001s]
2024-12-15 00:29:12,374 - INFO - POST http://localhost:9201/nku_search/_search [status:200 duration:0.001s]
2024-12-15 00:29:12,375 - INFO - POST http://localhost:9201/nku_search/_search [status:200 duration:0.001s]
2024-12-15 00:29:12,377 - INFO - POST http://localhost:9201/nku_search/_search [status:200 duration:0.002s]
2024-12-15 00:29:12,379 - INFO - POST http://localhost:9201/nku_search/_search [status:200 duration:0.002s]
2024-12-15 00:29:12,380 - INFO - POST http://localhost:9201/nku_search/_search [status:200 duration:0.002s]
2024-12-15 00:29:12,382 - INFO - POST http://localhost:9201/nku_search/_search [status:200 duration:0.002s]
2024-12-15 00:29:12,384 - INFO - POST http://localhost:9201/nku_search/_search [status:200 duration:0.002s]
2024-12-15 00:29:12,386 - INFO - POST http://localhost:9201/nku_search/_search [status:200 duration:0.002s]
2024-12-15 00:29:12,387 - INFO - POST http://localhost:9201/nku_search/_search [status:200 duration:0.001s]
2024-12-15 00:29:12,389 - INFO - POST http://localhost:9201/nku_search/_search [status:200 duration:0.001s]
2024-12-15 00:29:12,391 - INFO - POST http://localhost:9201/nku_search/_search [status:200 duration:0.002s]
2024-12-15 00:29:12,393 - INFO - POST http://localhost:9201/nku_search/_search [status:200 duration:0.002s]
2024-12-15 00:29:12,394 - INFO - POST http://localhost:9201/nku_search/_search [status:200 duration:0.002s]
2024-12-15 00:29:12,396 - INFO - POST http://localhost:9201/nku_search/_search [status:200 duration:0.001s]
2024-12-15 00:29:12,397 - INFO - POST http://localhost:9201/nku_search/_search [status:200 duration:0.001s]
2024-12-15 00:29:12,399 - INFO - POST http://localhost:9201/nku_search/_search [status:200 duration:0.001s]
2024-12-15 00:29:12,400 - INFO - POST http://localhost:9201/nku_search/_search [status:200 duration:0.001s]
2024-12-15 00:29:12,402 - INFO - POST http://localhost:9201/nku_search/_search [status:200 duration:0.002s]
2024-12-15 00:29:12,404 - INFO - POST http://localhost:9201/nku_search/_search [status:200 duration:0.002s]
2024-12-15 00:29:12,406 - INFO - POST http://localhost:9201/nku_search/_search [status:200 duration:0.002s]
2024-12-15 00:29:12,408 - INFO - POST http://localhost:9201/nku_search/_search [status:200 duration:0.002s]
2024-12-15 00:29:12,409 - INFO - POST http://localhost:9201/nku_search/_search [status:200 duration:0.002s]
2024-12-15 00:29:12,412 - INFO - POST http://localhost:9201/nku_search/_search [status:200 duration:0.002s]
2024-12-15 00:29:12,413 - INFO - POST http://localhost:9201/nku_search/_search [status:200 duration:0.002s]
2024-12-15 00:29:12,415 - INFO - POST http://localhost:9201/nku_search/_search [status:200 duration:0.001s]
2024-12-15 00:29:12,417 - INFO - POST http://localhost:9201/nku_search/_search [status:200 duration:0.002s]
2024-12-15 00:29:12,419 - INFO - POST http://localhost:9201/nku_search/_search [status:200 duration:0.002s]
2024-12-15 00:29:12,420 - INFO - POST http://localhost:9201/nku_search/_search [status:200 duration:0.002s]
2024-12-15 00:29:12,422 - INFO - POST http://localhost:9201/nku_search/_search [status:200 duration:0.002s]
2024-12-15 00:29:12,424 - INFO - POST http://localhost:9201/nku_search/_search [status:200 duration:0.002s]
2024-12-15 00:29:12,426 - INFO - POST http://localhost:9201/nku_search/_search [status:200 duration:0.001s]
2024-12-15 00:29:12,428 - INFO - POST http://localhost:9201/nku_search/_search [status:200 duration:0.001s]
2024-12-15 00:29:12,430 - INFO - POST http://localhost:9201/nku_search/_search [status:200 duration:0.002s]
2024-12-15 00:29:12,432 - INFO - POST http://localhost:9201/nku_search/_search [status:200 duration:0.002s]
2024-12-15 00:29:12,433 - INFO - POST http://localhost:9201/nku_search/_search [status:200 duration:0.002s]
2024-12-15 00:29:12,435 - INFO - POST http://localhost:9201/nku_search/_search [status:200 duration:0.001s]
2024-12-15 00:29:12,437 - INFO - POST http://localhost:9201/nku_search/_search [status:200 duration:0.002s]
2024-12-15 00:29:12,438 - INFO - POST http://localhost:9201/nku_search/_search [status:200 duration:0.001s]
2024-12-15 00:29:12,440 - INFO - POST http://localhost:9201/nku_search/_search [status:200 duration:0.001s]
2024-12-15 00:29:12,442 - INFO - POST http://localhost:9201/nku_search/_search [status:200 duration:0.002s]
2024-12-15 00:29:12,443 - INFO - POST http://localhost:9201/nku_search/_search [status:200 duration:0.002s]
2024-12-15 00:29:12,445 - INFO - POST http://localhost:9201/nku_search/_search [status:200 duration:0.002s]
2024-12-15 00:29:12,447 - INFO - POST http://localhost:9201/nku_search/_search [status:200 duration:0.002s]
2024-12-15 00:29:12,449 - INFO - POST http://localhost:9201/nku_search/_search [status:200 duration:0.002s]
2024-12-15 00:29:12,451 - INFO - POST http://localhost:9201/nku_search/_search [status:200 duration:0.002s]
2024-12-15 00:29:12,453 - INFO - POST http://localhost:9201/nku_search/_search [status:200 duration:0.002s]
2024-12-15 00:29:12,455 - INFO - POST http://localhost:9201/nku_search/_search [status:200 duration:0.002s]
2024-12-15 00:29:12,457 - INFO - POST http://localhost:9201/nku_search/_search [status:200 duration:0.002s]
2024-12-15 00:29:12,459 - INFO - POST http://localhost:9201/nku_search/_search [status:200 duration:0.002s]
2024-12-15 00:29:12,461 - INFO - POST http://localhost:9201/nku_search/_search [status:200 duration:0.002s]
2024-12-15 00:29:12,463 - INFO - POST http://localhost:9201/nku_search/_search [status:200 duration:0.002s]
2024-12-15 00:29:12,465 - INFO - POST http://localhost:9201/nku_search/_search [status:200 duration:0.002s]
2024-12-15 00:29:12,466 - INFO - POST http://localhost:9201/nku_search/_search [status:200 duration:0.001s]
2024-12-15 00:29:12,468 - INFO - POST http://localhost:9201/nku_search/_search [status:200 duration:0.002s]
2024-12-15 00:29:12,469 - INFO - POST http://localhost:9201/nku_search/_search [status:200 duration:0.002s]
2024-12-15 00:29:12,471 - INFO - POST http://localhost:9201/nku_search/_search [status:200 duration:0.002s]
2024-12-15 00:29:12,473 - INFO - POST http://localhost:9201/nku_search/_search [status:200 duration:0.001s]
2024-12-15 00:29:12,475 - INFO - POST http://localhost:9201/nku_search/_search [status:200 duration:0.002s]
2024-12-15 00:29:12,477 - INFO - POST http://localhost:9201/nku_search/_search [status:200 duration:0.002s]
2024-12-15 00:29:12,479 - INFO - POST http://localhost:9201/nku_search/_search [status:200 duration:0.002s]
2024-12-15 00:29:12,480 - INFO - POST http://localhost:9201/nku_search/_search [status:200 duration:0.002s]
2024-12-15 00:29:12,482 - INFO - POST http://localhost:9201/nku_search/_search [status:200 duration:0.002s]
2024-12-15 00:29:12,484 - INFO - POST http://localhost:9201/nku_search/_search [status:200 duration:0.002s]
2024-12-15 00:29:12,486 - INFO - POST http://localhost:9201/nku_search/_search [status:200 duration:0.002s]
2024-12-15 00:29:12,488 - INFO - POST http://localhost:9201/nku_search/_search [status:200 duration:0.001s]
2024-12-15 00:29:12,490 - INFO - POST http://localhost:9201/nku_search/_search [status:200 duration:0.001s]
2024-12-15 00:29:12,491 - INFO - POST http://localhost:9201/nku_search/_search [status:200 duration:0.002s]
2024-12-15 00:29:12,493 - INFO - POST http://localhost:9201/nku_search/_search [status:200 duration:0.002s]
2024-12-15 00:29:12,494 - INFO - POST http://localhost:9201/nku_search/_search [status:200 duration:0.001s]
2024-12-15 00:29:12,496 - INFO - POST http://localhost:9201/nku_search/_search [status:200 duration:0.002s]
2024-12-15 00:29:12,498 - INFO - POST http://localhost:9201/nku_search/_search [status:200 duration:0.002s]
2024-12-15 00:29:12,500 - INFO - POST http://localhost:9201/nku_search/_search [status:200 duration:0.002s]
2024-12-15 00:29:12,501 - INFO - POST http://localhost:9201/nku_search/_search [status:200 duration:0.002s]
2024-12-15 00:29:12,503 - INFO - POST http://localhost:9201/nku_search/_search [status:200 duration:0.001s]
2024-12-15 00:29:12,505 - INFO - POST http://localhost:9201/nku_search/_search [status:200 duration:0.002s]
2024-12-15 00:29:12,507 - INFO - POST http://localhost:9201/nku_search/_search [status:200 duration:0.002s]
2024-12-15 00:29:12,509 - INFO - POST http://localhost:9201/nku_search/_search [status:200 duration:0.002s]
2024-12-15 00:29:12,511 - INFO - POST http://localhost:9201/nku_search/_search [status:200 duration:0.002s]
2024-12-15 00:29:12,513 - INFO - POST http://localhost:9201/nku_search/_search [status:200 duration:0.002s]
2024-12-15 00:29:12,514 - INFO - POST http://localhost:9201/nku_search/_search [status:200 duration:0.002s]
2024-12-15 00:29:12,516 - INFO - POST http://localhost:9201/nku_search/_search [status:200 duration:0.002s]
2024-12-15 00:29:12,518 - INFO - POST http://localhost:9201/nku_search/_search [status:200 duration:0.002s]
2024-12-15 00:29:12,520 - INFO - POST http://localhost:9201/nku_search/_search [status:200 duration:0.002s]
2024-12-15 00:29:12,522 - INFO - POST http://localhost:9201/nku_search/_search [status:200 duration:0.002s]
2024-12-15 00:29:12,524 - INFO - POST http://localhost:9201/nku_search/_search [status:200 duration:0.002s]
2024-12-15 00:29:12,527 - INFO - POST http://localhost:9201/nku_search/_search [status:200 duration:0.003s]
2024-12-15 00:29:12,529 - INFO - POST http://localhost:9201/nku_search/_search [status:200 duration:0.002s]
2024-12-15 00:29:12,531 - INFO - POST http://localhost:9201/nku_search/_search [status:200 duration:0.002s]
2024-12-15 00:29:12,534 - INFO - POST http://localhost:9201/nku_search/_search [status:200 duration:0.003s]
2024-12-15 00:29:12,536 - INFO - POST http://localhost:9201/nku_search/_search [status:200 duration:0.002s]
2024-12-15 00:29:12,539 - INFO - POST http://localhost:9201/nku_search/_search [status:200 duration:0.002s]
2024-12-15 00:29:12,541 - INFO - POST http://localhost:9201/nku_search/_search [status:200 duration:0.002s]
2024-12-15 00:29:12,543 - INFO - POST http://localhost:9201/nku_search/_search [status:200 duration:0.002s]
2024-12-15 00:29:12,545 - INFO - POST http://localhost:9201/nku_search/_search [status:200 duration:0.002s]
2024-12-15 00:29:12,547 - INFO - POST http://localhost:9201/nku_search/_search [status:200 duration:0.002s]
2024-12-15 00:29:12,552 - INFO - POST http://localhost:9201/nku_search/_search [status:200 duration:0.004s]
2024-12-15 00:29:12,554 - INFO - POST http://localhost:9201/nku_search/_search [status:200 duration:0.002s]
2024-12-15 00:29:12,557 - INFO - POST http://localhost:9201/nku_search/_search [status:200 duration:0.002s]
2024-12-15 00:29:12,560 - INFO - POST http://localhost:9201/nku_search/_search [status:200 duration:0.003s]
2024-12-15 00:29:12,563 - INFO - POST http://localhost:9201/nku_search/_search [status:200 duration:0.003s]
2024-12-15 00:29:12,566 - INFO - POST http://localhost:9201/nku_search/_search [status:200 duration:0.002s]
2024-12-15 00:29:12,568 - INFO - POST http://localhost:9201/nku_search/_search [status:200 duration:0.002s]
2024-12-15 00:29:12,571 - INFO - POST http://localhost:9201/nku_search/_search [status:200 duration:0.002s]
2024-12-15 00:29:12,573 - INFO - POST http://localhost:9201/nku_search/_search [status:200 duration:0.002s]
2024-12-15 00:29:12,575 - INFO - POST http://localhost:9201/nku_search/_search [status:200 duration:0.002s]
2024-12-15 00:29:12,577 - INFO - POST http://localhost:9201/nku_search/_search [status:200 duration:0.002s]
2024-12-15 00:29:12,580 - INFO - POST http://localhost:9201/nku_search/_search [status:200 duration:0.002s]
2024-12-15 00:29:12,582 - INFO - POST http://localhost:9201/nku_search/_search [status:200 duration:0.002s]
2024-12-15 00:29:12,584 - INFO - POST http://localhost:9201/nku_search/_search [status:200 duration:0.002s]
2024-12-15 00:29:12,587 - INFO - POST http://localhost:9201/nku_search/_search [status:200 duration:0.002s]
2024-12-15 00:29:12,589 - INFO - POST http://localhost:9201/nku_search/_search [status:200 duration:0.002s]
2024-12-15 00:29:12,592 - INFO - POST http://localhost:9201/nku_search/_search [status:200 duration:0.002s]
2024-12-15 00:29:12,594 - INFO - POST http://localhost:9201/nku_search/_search [status:200 duration:0.002s]
2024-12-15 00:29:12,596 - INFO - POST http://localhost:9201/nku_search/_search [status:200 duration:0.002s]
2024-12-15 00:29:12,599 - INFO - POST http://localhost:9201/nku_search/_search [status:200 duration:0.002s]
2024-12-15 00:29:12,601 - INFO - POST http://localhost:9201/nku_search/_search [status:200 duration:0.002s]
2024-12-15 00:29:12,603 - INFO - POST http://localhost:9201/nku_search/_search [status:200 duration:0.002s]
2024-12-15 00:29:12,605 - INFO - POST http://localhost:9201/nku_search/_search [status:200 duration:0.002s]
2024-12-15 00:29:12,607 - INFO - POST http://localhost:9201/nku_search/_search [status:200 duration:0.002s]
2024-12-15 00:29:12,608 - INFO - POST http://localhost:9201/nku_search/_search [status:200 duration:0.001s]
2024-12-15 00:29:12,611 - INFO - POST http://localhost:9201/nku_search/_search [status:200 duration:0.003s]
2024-12-15 00:29:12,612 - INFO - POST http://localhost:9201/nku_search/_search [status:200 duration:0.001s]
2024-12-15 00:29:12,614 - INFO - POST http://localhost:9201/nku_search/_search [status:200 duration:0.002s]
2024-12-15 00:29:12,616 - INFO - POST http://localhost:9201/nku_search/_search [status:200 duration:0.002s]
2024-12-15 00:29:12,618 - INFO - POST http://localhost:9201/nku_search/_search [status:200 duration:0.002s]
2024-12-15 00:29:12,620 - INFO - POST http://localhost:9201/nku_search/_search [status:200 duration:0.002s]
2024-12-15 00:29:12,622 - INFO - POST http://localhost:9201/nku_search/_search [status:200 duration:0.002s]
2024-12-15 00:29:12,624 - INFO - POST http://localhost:9201/nku_search/_search [status:200 duration:0.002s]
2024-12-15 00:29:12,627 - INFO - POST http://localhost:9201/nku_search/_search [status:200 duration:0.002s]
2024-12-15 00:29:12,629 - INFO - POST http://localhost:9201/nku_search/_search [status:200 duration:0.002s]
2024-12-15 00:29:12,631 - INFO - POST http://localhost:9201/nku_search/_search [status:200 duration:0.002s]
2024-12-15 00:29:12,633 - INFO - POST http://localhost:9201/nku_search/_search [status:200 duration:0.002s]
2024-12-15 00:29:12,635 - INFO - POST http://localhost:9201/nku_search/_search [status:200 duration:0.002s]
2024-12-15 00:29:12,637 - INFO - POST http://localhost:9201/nku_search/_search [status:200 duration:0.002s]
2024-12-15 00:29:12,638 - INFO - POST http://localhost:9201/nku_search/_search [status:200 duration:0.002s]
2024-12-15 00:29:12,640 - INFO - POST http://localhost:9201/nku_search/_search [status:200 duration:0.002s]
2024-12-15 00:29:12,642 - INFO - POST http://localhost:9201/nku_search/_search [status:200 duration:0.002s]
2024-12-15 00:29:12,644 - INFO - POST http://localhost:9201/nku_search/_search [status:200 duration:0.002s]
2024-12-15 00:29:12,646 - INFO - POST http://localhost:9201/nku_search/_search [status:200 duration:0.001s]
2024-12-15 00:29:12,647 - INFO - POST http://localhost:9201/nku_search/_search [status:200 duration:0.001s]
2024-12-15 00:29:12,648 - INFO - POST http://localhost:9201/nku_search/_search [status:200 duration:0.001s]
2024-12-15 00:29:12,650 - INFO - POST http://localhost:9201/nku_search/_search [status:200 duration:0.002s]
2024-12-15 00:29:12,651 - INFO - POST http://localhost:9201/nku_search/_search [status:200 duration:0.001s]
2024-12-15 00:29:12,653 - INFO - POST http://localhost:9201/nku_search/_search [status:200 duration:0.001s]
2024-12-15 00:29:12,656 - INFO - POST http://localhost:9201/nku_search/_search [status:200 duration:0.002s]
2024-12-15 00:29:12,659 - INFO - POST http://localhost:9201/nku_search/_search [status:200 duration:0.002s]
2024-12-15 00:29:12,661 - INFO - POST http://localhost:9201/nku_search/_search [status:200 duration:0.002s]
2024-12-15 00:29:12,663 - INFO - POST http://localhost:9201/nku_search/_search [status:200 duration:0.002s]
2024-12-15 00:29:12,666 - INFO - POST http://localhost:9201/nku_search/_search [status:200 duration:0.002s]
2024-12-15 00:29:12,668 - INFO - POST http://localhost:9201/nku_search/_search [status:200 duration:0.002s]
2024-12-15 00:29:12,670 - INFO - POST http://localhost:9201/nku_search/_search [status:200 duration:0.003s]
2024-12-15 00:29:12,673 - INFO - POST http://localhost:9201/nku_search/_search [status:200 duration:0.003s]
2024-12-15 00:29:12,676 - INFO - POST http://localhost:9201/nku_search/_search [status:200 duration:0.002s]
2024-12-15 00:29:12,678 - INFO - POST http://localhost:9201/nku_search/_search [status:200 duration:0.003s]
2024-12-15 00:29:12,680 - INFO - POST http://localhost:9201/nku_search/_search [status:200 duration:0.002s]
2024-12-15 00:29:12,683 - INFO - POST http://localhost:9201/nku_search/_search [status:200 duration:0.003s]
2024-12-15 00:29:12,686 - INFO - POST http://localhost:9201/nku_search/_search [status:200 duration:0.002s]
2024-12-15 00:29:12,689 - INFO - POST http://localhost:9201/nku_search/_search [status:200 duration:0.003s]
2024-12-15 00:29:12,691 - INFO - POST http://localhost:9201/nku_search/_search [status:200 duration:0.002s]
2024-12-15 00:29:12,693 - INFO - POST http://localhost:9201/nku_search/_search [status:200 duration:0.002s]
2024-12-15 00:29:12,695 - INFO - POST http://localhost:9201/nku_search/_search [status:200 duration:0.002s]
2024-12-15 00:29:12,698 - INFO - POST http://localhost:9201/nku_search/_search [status:200 duration:0.002s]
2024-12-15 00:29:12,700 - INFO - POST http://localhost:9201/nku_search/_search [status:200 duration:0.002s]
2024-12-15 00:29:12,702 - INFO - POST http://localhost:9201/nku_search/_search [status:200 duration:0.002s]
2024-12-15 00:29:12,704 - INFO - POST http://localhost:9201/nku_search/_search [status:200 duration:0.002s]
2024-12-15 00:29:12,706 - INFO - POST http://localhost:9201/nku_search/_search [status:200 duration:0.002s]
2024-12-15 00:29:12,708 - INFO - POST http://localhost:9201/nku_search/_search [status:200 duration:0.002s]
2024-12-15 00:29:12,709 - INFO - POST http://localhost:9201/nku_search/_search [status:200 duration:0.002s]
2024-12-15 00:29:12,711 - INFO - POST http://localhost:9201/nku_search/_search [status:200 duration:0.001s]
2024-12-15 00:29:12,713 - INFO - POST http://localhost:9201/nku_search/_search [status:200 duration:0.002s]
2024-12-15 00:29:12,715 - INFO - POST http://localhost:9201/nku_search/_search [status:200 duration:0.002s]
2024-12-15 00:29:12,717 - INFO - POST http://localhost:9201/nku_search/_search [status:200 duration:0.002s]
2024-12-15 00:29:12,719 - INFO - POST http://localhost:9201/nku_search/_search [status:200 duration:0.002s]
2024-12-15 00:29:12,721 - INFO - POST http://localhost:9201/nku_search/_search [status:200 duration:0.002s]
2024-12-15 00:29:12,723 - INFO - POST http://localhost:9201/nku_search/_search [status:200 duration:0.002s]
2024-12-15 00:29:12,726 - INFO - POST http://localhost:9201/nku_search/_search [status:200 duration:0.002s]
2024-12-15 00:29:12,728 - INFO - POST http://localhost:9201/nku_search/_search [status:200 duration:0.002s]
2024-12-15 00:29:12,730 - INFO - POST http://localhost:9201/nku_search/_search [status:200 duration:0.002s]
2024-12-15 00:29:12,733 - INFO - POST http://localhost:9201/nku_search/_search [status:200 duration:0.002s]
2024-12-15 00:29:12,735 - INFO - POST http://localhost:9201/nku_search/_search [status:200 duration:0.002s]
2024-12-15 00:29:12,737 - INFO - POST http://localhost:9201/nku_search/_search [status:200 duration:0.002s]
2024-12-15 00:29:12,740 - INFO - POST http://localhost:9201/nku_search/_search [status:200 duration:0.002s]
2024-12-15 00:29:12,741 - INFO - POST http://localhost:9201/nku_search/_search [status:200 duration:0.002s]
2024-12-15 00:29:12,743 - INFO - POST http://localhost:9201/nku_search/_search [status:200 duration:0.002s]
2024-12-15 00:29:12,746 - INFO - POST http://localhost:9201/nku_search/_search [status:200 duration:0.002s]
2024-12-15 00:29:12,747 - INFO - POST http://localhost:9201/nku_search/_search [status:200 duration:0.002s]
2024-12-15 00:29:12,750 - INFO - POST http://localhost:9201/nku_search/_search [status:200 duration:0.002s]
2024-12-15 00:29:12,753 - INFO - POST http://localhost:9201/nku_search/_search [status:200 duration:0.003s]
2024-12-15 00:29:12,756 - INFO - POST http://localhost:9201/nku_search/_search [status:200 duration:0.002s]
2024-12-15 00:29:12,758 - INFO - POST http://localhost:9201/nku_search/_search [status:200 duration:0.002s]
2024-12-15 00:29:12,760 - INFO - POST http://localhost:9201/nku_search/_search [status:200 duration:0.002s]
2024-12-15 00:29:12,763 - INFO - POST http://localhost:9201/nku_search/_search [status:200 duration:0.002s]
2024-12-15 00:29:12,764 - INFO - POST http://localhost:9201/nku_search/_search [status:200 duration:0.002s]
2024-12-15 00:29:12,766 - INFO - POST http://localhost:9201/nku_search/_search [status:200 duration:0.001s]
2024-12-15 00:29:12,768 - INFO - POST http://localhost:9201/nku_search/_search [status:200 duration:0.002s]
2024-12-15 00:29:12,770 - INFO - POST http://localhost:9201/nku_search/_search [status:200 duration:0.001s]
2024-12-15 00:29:12,772 - INFO - POST http://localhost:9201/nku_search/_search [status:200 duration:0.002s]
2024-12-15 00:29:12,775 - INFO - POST http://localhost:9201/nku_search/_search [status:200 duration:0.002s]
2024-12-15 00:29:12,777 - INFO - POST http://localhost:9201/nku_search/_search [status:200 duration:0.002s]
2024-12-15 00:29:12,779 - INFO - POST http://localhost:9201/nku_search/_search [status:200 duration:0.002s]
2024-12-15 00:29:12,781 - INFO - POST http://localhost:9201/nku_search/_search [status:200 duration:0.003s]
2024-12-15 00:29:12,784 - INFO - POST http://localhost:9201/nku_search/_search [status:200 duration:0.002s]
2024-12-15 00:29:12,786 - INFO - POST http://localhost:9201/nku_search/_search [status:200 duration:0.002s]
2024-12-15 00:29:12,787 - INFO - POST http://localhost:9201/nku_search/_search [status:200 duration:0.002s]
2024-12-15 00:29:12,790 - INFO - POST http://localhost:9201/nku_search/_search [status:200 duration:0.002s]
2024-12-15 00:29:12,791 - INFO - POST http://localhost:9201/nku_search/_search [status:200 duration:0.002s]
2024-12-15 00:29:12,793 - INFO - POST http://localhost:9201/nku_search/_search [status:200 duration:0.002s]
2024-12-15 00:29:12,795 - INFO - POST http://localhost:9201/nku_search/_search [status:200 duration:0.002s]
2024-12-15 00:29:12,797 - INFO - POST http://localhost:9201/nku_search/_search [status:200 duration:0.002s]
2024-12-15 00:29:12,799 - INFO - POST http://localhost:9201/nku_search/_search [status:200 duration:0.002s]
2024-12-15 00:29:12,801 - INFO - POST http://localhost:9201/nku_search/_search [status:200 duration:0.001s]
2024-12-15 00:29:12,802 - INFO - POST http://localhost:9201/nku_search/_search [status:200 duration:0.001s]
2024-12-15 00:29:12,804 - INFO - POST http://localhost:9201/nku_search/_search [status:200 duration:0.002s]
2024-12-15 00:29:12,805 - INFO - POST http://localhost:9201/nku_search/_search [status:200 duration:0.001s]
2024-12-15 00:29:12,808 - INFO - POST http://localhost:9201/nku_search/_search [status:200 duration:0.003s]
2024-12-15 00:29:12,809 - INFO - POST http://localhost:9201/nku_search/_search [status:200 duration:0.001s]
2024-12-15 00:29:12,811 - INFO - POST http://localhost:9201/nku_search/_search [status:200 duration:0.002s]
2024-12-15 00:29:12,812 - INFO - POST http://localhost:9201/nku_search/_search [status:200 duration:0.002s]
2024-12-15 00:29:12,814 - INFO - POST http://localhost:9201/nku_search/_search [status:200 duration:0.002s]
2024-12-15 00:29:12,816 - INFO - POST http://localhost:9201/nku_search/_search [status:200 duration:0.002s]
2024-12-15 00:29:12,818 - INFO - POST http://localhost:9201/nku_search/_search [status:200 duration:0.002s]
2024-12-15 00:29:12,820 - INFO - POST http://localhost:9201/nku_search/_search [status:200 duration:0.002s]
2024-12-15 00:29:12,822 - INFO - POST http://localhost:9201/nku_search/_search [status:200 duration:0.002s]
2024-12-15 00:29:12,824 - INFO - POST http://localhost:9201/nku_search/_search [status:200 duration:0.002s]
2024-12-15 00:29:12,826 - INFO - POST http://localhost:9201/nku_search/_search [status:200 duration:0.002s]
2024-12-15 00:29:12,828 - INFO - POST http://localhost:9201/nku_search/_search [status:200 duration:0.002s]
2024-12-15 00:29:12,830 - INFO - POST http://localhost:9201/nku_search/_search [status:200 duration:0.002s]
2024-12-15 00:29:12,832 - INFO - POST http://localhost:9201/nku_search/_search [status:200 duration:0.002s]
2024-12-15 00:29:12,834 - INFO - POST http://localhost:9201/nku_search/_search [status:200 duration:0.002s]
2024-12-15 00:29:12,836 - INFO - POST http://localhost:9201/nku_search/_search [status:200 duration:0.002s]
2024-12-15 00:29:12,838 - INFO - POST http://localhost:9201/nku_search/_search [status:200 duration:0.003s]
2024-12-15 00:29:12,842 - INFO - POST http://localhost:9201/nku_search/_search [status:200 duration:0.004s]
2024-12-15 00:29:12,845 - INFO - POST http://localhost:9201/nku_search/_search [status:200 duration:0.002s]
2024-12-15 00:29:12,847 - INFO - POST http://localhost:9201/nku_search/_search [status:200 duration:0.002s]
2024-12-15 00:29:12,849 - INFO - POST http://localhost:9201/nku_search/_search [status:200 duration:0.002s]
2024-12-15 00:29:12,850 - INFO - POST http://localhost:9201/nku_search/_search [status:200 duration:0.002s]
2024-12-15 00:29:12,852 - INFO - POST http://localhost:9201/nku_search/_search [status:200 duration:0.002s]
2024-12-15 00:29:12,855 - INFO - POST http://localhost:9201/nku_search/_search [status:200 duration:0.003s]
2024-12-15 00:29:12,856 - INFO - POST http://localhost:9201/nku_search/_search [status:200 duration:0.002s]
2024-12-15 00:29:12,858 - INFO - POST http://localhost:9201/nku_search/_search [status:200 duration:0.001s]
2024-12-15 00:29:12,859 - INFO - POST http://localhost:9201/nku_search/_search [status:200 duration:0.001s]
2024-12-15 00:29:12,861 - INFO - POST http://localhost:9201/nku_search/_search [status:200 duration:0.001s]
2024-12-15 00:29:12,863 - INFO - POST http://localhost:9201/nku_search/_search [status:200 duration:0.001s]
2024-12-15 00:29:12,864 - INFO - POST http://localhost:9201/nku_search/_search [status:200 duration:0.001s]
2024-12-15 00:29:12,866 - INFO - POST http://localhost:9201/nku_search/_search [status:200 duration:0.001s]
2024-12-15 00:29:12,868 - INFO - POST http://localhost:9201/nku_search/_search [status:200 duration:0.002s]
2024-12-15 00:29:12,870 - INFO - POST http://localhost:9201/nku_search/_search [status:200 duration:0.002s]
2024-12-15 00:29:12,872 - INFO - POST http://localhost:9201/nku_search/_search [status:200 duration:0.002s]
2024-12-15 00:29:12,873 - INFO - POST http://localhost:9201/nku_search/_search [status:200 duration:0.002s]
2024-12-15 00:29:12,875 - INFO - POST http://localhost:9201/nku_search/_search [status:200 duration:0.002s]
2024-12-15 00:29:12,877 - INFO - POST http://localhost:9201/nku_search/_search [status:200 duration:0.002s]
2024-12-15 00:29:12,878 - INFO - POST http://localhost:9201/nku_search/_search [status:200 duration:0.002s]
2024-12-15 00:29:12,880 - INFO - POST http://localhost:9201/nku_search/_search [status:200 duration:0.001s]
2024-12-15 00:29:12,881 - INFO - POST http://localhost:9201/nku_search/_search [status:200 duration:0.001s]
2024-12-15 00:29:12,883 - INFO - POST http://localhost:9201/nku_search/_search [status:200 duration:0.002s]
2024-12-15 00:29:12,885 - INFO - POST http://localhost:9201/nku_search/_search [status:200 duration:0.002s]
2024-12-15 00:29:12,886 - INFO - POST http://localhost:9201/nku_search/_search [status:200 duration:0.001s]
2024-12-15 00:29:12,889 - INFO - POST http://localhost:9201/nku_search/_search [status:200 duration:0.003s]
2024-12-15 00:29:12,891 - INFO - POST http://localhost:9201/nku_search/_search [status:200 duration:0.002s]
2024-12-15 00:29:12,893 - INFO - POST http://localhost:9201/nku_search/_search [status:200 duration:0.002s]
2024-12-15 00:29:12,894 - INFO - POST http://localhost:9201/nku_search/_search [status:200 duration:0.002s]
2024-12-15 00:29:12,896 - INFO - POST http://localhost:9201/nku_search/_search [status:200 duration:0.002s]
2024-12-15 00:29:12,898 - INFO - POST http://localhost:9201/nku_search/_search [status:200 duration:0.002s]
2024-12-15 00:29:12,899 - INFO - POST http://localhost:9201/nku_search/_search [status:200 duration:0.001s]
2024-12-15 00:29:12,901 - INFO - POST http://localhost:9201/nku_search/_search [status:200 duration:0.002s]
2024-12-15 00:29:12,902 - INFO - POST http://localhost:9201/nku_search/_search [status:200 duration:0.002s]
2024-12-15 00:29:12,905 - INFO - POST http://localhost:9201/nku_search/_search [status:200 duration:0.002s]
2024-12-15 00:29:12,906 - INFO - POST http://localhost:9201/nku_search/_search [status:200 duration:0.002s]
2024-12-15 00:29:12,908 - INFO - POST http://localhost:9201/nku_search/_search [status:200 duration:0.002s]
2024-12-15 00:29:12,909 - INFO - POST http://localhost:9201/nku_search/_search [status:200 duration:0.002s]
2024-12-15 00:29:12,911 - INFO - POST http://localhost:9201/nku_search/_search [status:200 duration:0.001s]
2024-12-15 00:29:12,912 - INFO - POST http://localhost:9201/nku_search/_search [status:200 duration:0.002s]
2024-12-15 00:29:12,914 - INFO - POST http://localhost:9201/nku_search/_search [status:200 duration:0.002s]
2024-12-15 00:29:12,915 - INFO - POST http://localhost:9201/nku_search/_search [status:200 duration:0.001s]
2024-12-15 00:29:12,916 - INFO - POST http://localhost:9201/nku_search/_search [status:200 duration:0.001s]
2024-12-15 00:29:12,919 - INFO - POST http://localhost:9201/nku_search/_search [status:200 duration:0.002s]
2024-12-15 00:29:12,922 - INFO - POST http://localhost:9201/nku_search/_search [status:200 duration:0.003s]
2024-12-15 00:29:12,923 - INFO - POST http://localhost:9201/nku_search/_search [status:200 duration:0.001s]
2024-12-15 00:29:12,928 - INFO - POST http://localhost:9201/nku_search/_search [status:200 duration:0.005s]
2024-12-15 00:29:12,931 - INFO - POST http://localhost:9201/nku_search/_search [status:200 duration:0.002s]
2024-12-15 00:29:12,933 - INFO - POST http://localhost:9201/nku_search/_search [status:200 duration:0.002s]
2024-12-15 00:29:12,934 - INFO - POST http://localhost:9201/nku_search/_search [status:200 duration:0.002s]
2024-12-15 00:29:12,936 - INFO - POST http://localhost:9201/nku_search/_search [status:200 duration:0.002s]
2024-12-15 00:29:12,937 - INFO - POST http://localhost:9201/nku_search/_search [status:200 duration:0.001s]
2024-12-15 00:29:12,938 - INFO - POST http://localhost:9201/nku_search/_search [status:200 duration:0.001s]
2024-12-15 00:29:12,940 - INFO - POST http://localhost:9201/nku_search/_search [status:200 duration:0.002s]
2024-12-15 00:29:12,941 - INFO - POST http://localhost:9201/nku_search/_search [status:200 duration:0.001s]
2024-12-15 00:29:12,943 - INFO - POST http://localhost:9201/nku_search/_search [status:200 duration:0.002s]
2024-12-15 00:29:12,945 - INFO - POST http://localhost:9201/nku_search/_search [status:200 duration:0.002s]
2024-12-15 00:29:12,946 - INFO - POST http://localhost:9201/nku_search/_search [status:200 duration:0.002s]
2024-12-15 00:29:12,948 - INFO - POST http://localhost:9201/nku_search/_search [status:200 duration:0.002s]
2024-12-15 00:29:12,950 - INFO - POST http://localhost:9201/nku_search/_search [status:200 duration:0.002s]
2024-12-15 00:29:12,953 - INFO - POST http://localhost:9201/nku_search/_search [status:200 duration:0.002s]
2024-12-15 00:29:12,954 - INFO - POST http://localhost:9201/nku_search/_search [status:200 duration:0.002s]
2024-12-15 00:29:12,956 - INFO - POST http://localhost:9201/nku_search/_search [status:200 duration:0.002s]
2024-12-15 00:29:12,958 - INFO - POST http://localhost:9201/nku_search/_search [status:200 duration:0.002s]
2024-12-15 00:29:12,960 - INFO - POST http://localhost:9201/nku_search/_search [status:200 duration:0.001s]
2024-12-15 00:29:12,962 - INFO - POST http://localhost:9201/nku_search/_search [status:200 duration:0.002s]
2024-12-15 00:29:12,964 - INFO - POST http://localhost:9201/nku_search/_search [status:200 duration:0.002s]
2024-12-15 00:29:12,966 - INFO - POST http://localhost:9201/nku_search/_search [status:200 duration:0.002s]
2024-12-15 00:29:12,968 - INFO - POST http://localhost:9201/nku_search/_search [status:200 duration:0.002s]
2024-12-15 00:29:12,969 - INFO - POST http://localhost:9201/nku_search/_search [status:200 duration:0.002s]
2024-12-15 00:29:12,971 - INFO - POST http://localhost:9201/nku_search/_search [status:200 duration:0.002s]
2024-12-15 00:29:12,973 - INFO - POST http://localhost:9201/nku_search/_search [status:200 duration:0.002s]
2024-12-15 00:29:12,974 - INFO - POST http://localhost:9201/nku_search/_search [status:200 duration:0.002s]
2024-12-15 00:29:12,976 - INFO - POST http://localhost:9201/nku_search/_search [status:200 duration:0.002s]
2024-12-15 00:29:12,978 - INFO - POST http://localhost:9201/nku_search/_search [status:200 duration:0.001s]
2024-12-15 00:29:12,979 - INFO - POST http://localhost:9201/nku_search/_search [status:200 duration:0.002s]
2024-12-15 00:29:12,982 - INFO - POST http://localhost:9201/nku_search/_search [status:200 duration:0.002s]
2024-12-15 00:29:12,983 - INFO - POST http://localhost:9201/nku_search/_search [status:200 duration:0.001s]
2024-12-15 00:29:12,985 - INFO - POST http://localhost:9201/nku_search/_search [status:200 duration:0.001s]
2024-12-15 00:29:12,986 - INFO - POST http://localhost:9201/nku_search/_search [status:200 duration:0.001s]
2024-12-15 00:29:12,988 - INFO - POST http://localhost:9201/nku_search/_search [status:200 duration:0.002s]
2024-12-15 00:29:12,991 - INFO - POST http://localhost:9201/nku_search/_search [status:200 duration:0.003s]
2024-12-15 00:29:12,992 - INFO - POST http://localhost:9201/nku_search/_search [status:200 duration:0.002s]
2024-12-15 00:29:12,995 - INFO - POST http://localhost:9201/nku_search/_search [status:200 duration:0.002s]
2024-12-15 00:29:12,996 - INFO - POST http://localhost:9201/nku_search/_search [status:200 duration:0.002s]
2024-12-15 00:29:12,999 - INFO - POST http://localhost:9201/nku_search/_search [status:200 duration:0.002s]
2024-12-15 00:29:13,000 - INFO - POST http://localhost:9201/nku_search/_search [status:200 duration:0.002s]
2024-12-15 00:29:13,002 - INFO - POST http://localhost:9201/nku_search/_search [status:200 duration:0.002s]
2024-12-15 00:29:13,004 - INFO - POST http://localhost:9201/nku_search/_search [status:200 duration:0.002s]
2024-12-15 00:29:13,006 - INFO - POST http://localhost:9201/nku_search/_search [status:200 duration:0.002s]
2024-12-15 00:29:13,007 - INFO - POST http://localhost:9201/nku_search/_search [status:200 duration:0.001s]
2024-12-15 00:29:13,010 - INFO - POST http://localhost:9201/nku_search/_search [status:200 duration:0.002s]
2024-12-15 00:29:13,011 - INFO - POST http://localhost:9201/nku_search/_search [status:200 duration:0.002s]
2024-12-15 00:29:13,013 - INFO - POST http://localhost:9201/nku_search/_search [status:200 duration:0.002s]
2024-12-15 00:29:13,015 - INFO - POST http://localhost:9201/nku_search/_search [status:200 duration:0.001s]
2024-12-15 00:29:13,017 - INFO - POST http://localhost:9201/nku_search/_search [status:200 duration:0.002s]
2024-12-15 00:29:13,018 - INFO - POST http://localhost:9201/nku_search/_search [status:200 duration:0.002s]
2024-12-15 00:29:13,020 - INFO - POST http://localhost:9201/nku_search/_search [status:200 duration:0.002s]
2024-12-15 00:29:13,022 - INFO - POST http://localhost:9201/nku_search/_search [status:200 duration:0.002s]
2024-12-15 00:29:13,024 - INFO - POST http://localhost:9201/nku_search/_search [status:200 duration:0.002s]
2024-12-15 00:29:13,026 - INFO - POST http://localhost:9201/nku_search/_search [status:200 duration:0.002s]
2024-12-15 00:29:13,028 - INFO - POST http://localhost:9201/nku_search/_search [status:200 duration:0.002s]
2024-12-15 00:29:13,030 - INFO - POST http://localhost:9201/nku_search/_search [status:200 duration:0.002s]
2024-12-15 00:29:13,032 - INFO - POST http://localhost:9201/nku_search/_search [status:200 duration:0.002s]
2024-12-15 00:29:13,033 - INFO - POST http://localhost:9201/nku_search/_search [status:200 duration:0.002s]
2024-12-15 00:29:13,035 - INFO - POST http://localhost:9201/nku_search/_search [status:200 duration:0.002s]
2024-12-15 00:29:13,037 - INFO - POST http://localhost:9201/nku_search/_search [status:200 duration:0.002s]
2024-12-15 00:29:13,039 - INFO - POST http://localhost:9201/nku_search/_search [status:200 duration:0.002s]
2024-12-15 00:29:13,040 - INFO - POST http://localhost:9201/nku_search/_search [status:200 duration:0.002s]
2024-12-15 00:29:13,042 - INFO - POST http://localhost:9201/nku_search/_search [status:200 duration:0.001s]
2024-12-15 00:29:13,044 - INFO - POST http://localhost:9201/nku_search/_search [status:200 duration:0.002s]
2024-12-15 00:29:13,046 - INFO - POST http://localhost:9201/nku_search/_search [status:200 duration:0.002s]
2024-12-15 00:29:13,047 - INFO - POST http://localhost:9201/nku_search/_search [status:200 duration:0.002s]
2024-12-15 00:29:13,049 - INFO - POST http://localhost:9201/nku_search/_search [status:200 duration:0.002s]
2024-12-15 00:29:13,051 - INFO - POST http://localhost:9201/nku_search/_search [status:200 duration:0.002s]
2024-12-15 00:29:13,053 - INFO - POST http://localhost:9201/nku_search/_search [status:200 duration:0.002s]
2024-12-15 00:29:13,055 - INFO - POST http://localhost:9201/nku_search/_search [status:200 duration:0.002s]
2024-12-15 00:29:13,058 - INFO - POST http://localhost:9201/nku_search/_search [status:200 duration:0.003s]
2024-12-15 00:29:13,060 - INFO - POST http://localhost:9201/nku_search/_search [status:200 duration:0.002s]
2024-12-15 00:29:13,062 - INFO - POST http://localhost:9201/nku_search/_search [status:200 duration:0.002s]
2024-12-15 00:29:13,063 - INFO - POST http://localhost:9201/nku_search/_search [status:200 duration:0.002s]
2024-12-15 00:29:13,066 - INFO - POST http://localhost:9201/nku_search/_search [status:200 duration:0.002s]
2024-12-15 00:29:13,067 - INFO - POST http://localhost:9201/nku_search/_search [status:200 duration:0.001s]
2024-12-15 00:29:13,069 - INFO - POST http://localhost:9201/nku_search/_search [status:200 duration:0.002s]
2024-12-15 00:29:13,071 - INFO - POST http://localhost:9201/nku_search/_search [status:200 duration:0.002s]
2024-12-15 00:29:13,073 - INFO - POST http://localhost:9201/nku_search/_search [status:200 duration:0.002s]
2024-12-15 00:29:13,074 - INFO - POST http://localhost:9201/nku_search/_search [status:200 duration:0.002s]
2024-12-15 00:29:13,076 - INFO - POST http://localhost:9201/nku_search/_search [status:200 duration:0.002s]
2024-12-15 00:29:13,078 - INFO - POST http://localhost:9201/nku_search/_search [status:200 duration:0.002s]
2024-12-15 00:29:13,080 - INFO - POST http://localhost:9201/nku_search/_search [status:200 duration:0.002s]
2024-12-15 00:29:13,082 - INFO - POST http://localhost:9201/nku_search/_search [status:200 duration:0.002s]
2024-12-15 00:29:13,084 - INFO - POST http://localhost:9201/nku_search/_search [status:200 duration:0.002s]
2024-12-15 00:29:13,087 - INFO - POST http://localhost:9201/nku_search/_search [status:200 duration:0.002s]
2024-12-15 00:29:13,088 - INFO - POST http://localhost:9201/nku_search/_search [status:200 duration:0.002s]
2024-12-15 00:29:13,090 - INFO - POST http://localhost:9201/nku_search/_search [status:200 duration:0.002s]
2024-12-15 00:29:13,092 - INFO - POST http://localhost:9201/nku_search/_search [status:200 duration:0.002s]
2024-12-15 00:29:13,094 - INFO - POST http://localhost:9201/nku_search/_search [status:200 duration:0.002s]
2024-12-15 00:29:13,096 - INFO - POST http://localhost:9201/nku_search/_search [status:200 duration:0.002s]
2024-12-15 00:29:13,098 - INFO - POST http://localhost:9201/nku_search/_search [status:200 duration:0.002s]
2024-12-15 00:29:13,100 - INFO - POST http://localhost:9201/nku_search/_search [status:200 duration:0.002s]
2024-12-15 00:29:13,102 - INFO - POST http://localhost:9201/nku_search/_search [status:200 duration:0.002s]
2024-12-15 00:29:13,104 - INFO - POST http://localhost:9201/nku_search/_search [status:200 duration:0.002s]
2024-12-15 00:29:13,106 - INFO - POST http://localhost:9201/nku_search/_search [status:200 duration:0.002s]
2024-12-15 00:29:13,108 - INFO - POST http://localhost:9201/nku_search/_search [status:200 duration:0.002s]
2024-12-15 00:29:13,110 - INFO - POST http://localhost:9201/nku_search/_search [status:200 duration:0.002s]
2024-12-15 00:29:13,112 - INFO - POST http://localhost:9201/nku_search/_search [status:200 duration:0.002s]
2024-12-15 00:29:13,115 - INFO - POST http://localhost:9201/nku_search/_search [status:200 duration:0.002s]
2024-12-15 00:29:13,117 - INFO - POST http://localhost:9201/nku_search/_search [status:200 duration:0.002s]
2024-12-15 00:29:13,122 - INFO - POST http://localhost:9201/nku_search/_search [status:200 duration:0.005s]
2024-12-15 00:29:13,124 - INFO - POST http://localhost:9201/nku_search/_search [status:200 duration:0.003s]
2024-12-15 00:29:13,127 - INFO - POST http://localhost:9201/nku_search/_search [status:200 duration:0.003s]
2024-12-15 00:29:13,129 - INFO - POST http://localhost:9201/nku_search/_search [status:200 duration:0.002s]
2024-12-15 00:29:13,132 - INFO - POST http://localhost:9201/nku_search/_search [status:200 duration:0.002s]
2024-12-15 00:29:13,134 - INFO - POST http://localhost:9201/nku_search/_search [status:200 duration:0.002s]
2024-12-15 00:29:13,136 - INFO - POST http://localhost:9201/nku_search/_search [status:200 duration:0.002s]
2024-12-15 00:29:13,137 - INFO - POST http://localhost:9201/nku_search/_search [status:200 duration:0.001s]
2024-12-15 00:29:13,139 - INFO - POST http://localhost:9201/nku_search/_search [status:200 duration:0.002s]
2024-12-15 00:29:13,141 - INFO - POST http://localhost:9201/nku_search/_search [status:200 duration:0.002s]
2024-12-15 00:29:13,143 - INFO - POST http://localhost:9201/nku_search/_search [status:200 duration:0.002s]
2024-12-15 00:29:13,145 - INFO - POST http://localhost:9201/nku_search/_search [status:200 duration:0.002s]
2024-12-15 00:29:13,148 - INFO - POST http://localhost:9201/nku_search/_search [status:200 duration:0.003s]
2024-12-15 00:29:13,151 - INFO - POST http://localhost:9201/nku_search/_search [status:200 duration:0.002s]
2024-12-15 00:29:13,152 - INFO - POST http://localhost:9201/nku_search/_search [status:200 duration:0.002s]
2024-12-15 00:29:13,154 - INFO - POST http://localhost:9201/nku_search/_search [status:200 duration:0.002s]
2024-12-15 00:29:13,156 - INFO - POST http://localhost:9201/nku_search/_search [status:200 duration:0.002s]
2024-12-15 00:29:13,158 - INFO - POST http://localhost:9201/nku_search/_search [status:200 duration:0.002s]
2024-12-15 00:29:13,160 - INFO - POST http://localhost:9201/nku_search/_search [status:200 duration:0.002s]
2024-12-15 00:29:13,162 - INFO - POST http://localhost:9201/nku_search/_search [status:200 duration:0.003s]
2024-12-15 00:29:13,164 - INFO - POST http://localhost:9201/nku_search/_search [status:200 duration:0.002s]
2024-12-15 00:29:13,166 - INFO - POST http://localhost:9201/nku_search/_search [status:200 duration:0.002s]
2024-12-15 00:29:13,168 - INFO - POST http://localhost:9201/nku_search/_search [status:200 duration:0.002s]
2024-12-15 00:29:13,169 - INFO - POST http://localhost:9201/nku_search/_search [status:200 duration:0.002s]
2024-12-15 00:29:13,171 - INFO - POST http://localhost:9201/nku_search/_search [status:200 duration:0.002s]
2024-12-15 00:29:13,173 - INFO - POST http://localhost:9201/nku_search/_search [status:200 duration:0.002s]
2024-12-15 00:29:13,175 - INFO - POST http://localhost:9201/nku_search/_search [status:200 duration:0.002s]
2024-12-15 00:29:13,176 - INFO - POST http://localhost:9201/nku_search/_search [status:200 duration:0.001s]
2024-12-15 00:29:13,177 - INFO - POST http://localhost:9201/nku_search/_search [status:200 duration:0.001s]
2024-12-15 00:29:13,179 - INFO - POST http://localhost:9201/nku_search/_search [status:200 duration:0.002s]
2024-12-15 00:29:13,180 - INFO - POST http://localhost:9201/nku_search/_search [status:200 duration:0.002s]
2024-12-15 00:29:13,182 - INFO - POST http://localhost:9201/nku_search/_search [status:200 duration:0.002s]
2024-12-15 00:29:13,183 - INFO - POST http://localhost:9201/nku_search/_search [status:200 duration:0.002s]
2024-12-15 00:29:13,186 - INFO - POST http://localhost:9201/nku_search/_search [status:200 duration:0.002s]
2024-12-15 00:29:13,187 - INFO - POST http://localhost:9201/nku_search/_search [status:200 duration:0.002s]
2024-12-15 00:29:13,189 - INFO - POST http://localhost:9201/nku_search/_search [status:200 duration:0.002s]
2024-12-15 00:29:13,192 - INFO - POST http://localhost:9201/nku_search/_search [status:200 duration:0.003s]
2024-12-15 00:29:13,195 - INFO - POST http://localhost:9201/nku_search/_search [status:200 duration:0.003s]
2024-12-15 00:29:13,198 - INFO - POST http://localhost:9201/nku_search/_search [status:200 duration:0.002s]
2024-12-15 00:29:13,199 - INFO - POST http://localhost:9201/nku_search/_search [status:200 duration:0.002s]
2024-12-15 00:29:13,201 - INFO - POST http://localhost:9201/nku_search/_search [status:200 duration:0.002s]
2024-12-15 00:29:13,203 - INFO - POST http://localhost:9201/nku_search/_search [status:200 duration:0.002s]
2024-12-15 00:29:13,206 - INFO - POST http://localhost:9201/nku_search/_search [status:200 duration:0.003s]
2024-12-15 00:29:13,208 - INFO - POST http://localhost:9201/nku_search/_search [status:200 duration:0.002s]
2024-12-15 00:29:13,210 - INFO - POST http://localhost:9201/nku_search/_search [status:200 duration:0.002s]
2024-12-15 00:29:13,213 - INFO - POST http://localhost:9201/nku_search/_search [status:200 duration:0.002s]
2024-12-15 00:29:13,215 - INFO - POST http://localhost:9201/nku_search/_search [status:200 duration:0.002s]
2024-12-15 00:29:13,217 - INFO - POST http://localhost:9201/nku_search/_search [status:200 duration:0.002s]
2024-12-15 00:29:13,219 - INFO - POST http://localhost:9201/nku_search/_search [status:200 duration:0.002s]
2024-12-15 00:29:13,230 - INFO - POST http://localhost:9201/nku_search/_search [status:200 duration:0.002s]
2024-12-15 00:29:13,232 - INFO - POST http://localhost:9201/nku_search/_search [status:200 duration:0.001s]
2024-12-15 00:29:13,234 - INFO - POST http://localhost:9201/nku_search/_search [status:200 duration:0.002s]
2024-12-15 00:29:13,236 - INFO - POST http://localhost:9201/nku_search/_search [status:200 duration:0.002s]
2024-12-15 00:29:13,238 - INFO - POST http://localhost:9201/nku_search/_search [status:200 duration:0.002s]
2024-12-15 00:29:13,240 - INFO - POST http://localhost:9201/nku_search/_search [status:200 duration:0.002s]
2024-12-15 00:29:13,242 - INFO - POST http://localhost:9201/nku_search/_search [status:200 duration:0.002s]
2024-12-15 00:29:13,244 - INFO - POST http://localhost:9201/nku_search/_search [status:200 duration:0.002s]
2024-12-15 00:29:13,245 - INFO - POST http://localhost:9201/nku_search/_search [status:200 duration:0.001s]
2024-12-15 00:29:13,247 - INFO - POST http://localhost:9201/nku_search/_search [status:200 duration:0.002s]
2024-12-15 00:29:13,249 - INFO - POST http://localhost:9201/nku_search/_search [status:200 duration:0.002s]
2024-12-15 00:29:13,251 - INFO - POST http://localhost:9201/nku_search/_search [status:200 duration:0.002s]
2024-12-15 00:29:13,253 - INFO - POST http://localhost:9201/nku_search/_search [status:200 duration:0.002s]
2024-12-15 00:29:13,255 - INFO - POST http://localhost:9201/nku_search/_search [status:200 duration:0.002s]
2024-12-15 00:29:13,257 - INFO - POST http://localhost:9201/nku_search/_search [status:200 duration:0.002s]
2024-12-15 00:29:13,260 - INFO - POST http://localhost:9201/nku_search/_search [status:200 duration:0.003s]
2024-12-15 00:29:13,262 - INFO - POST http://localhost:9201/nku_search/_search [status:200 duration:0.002s]
2024-12-15 00:29:13,264 - INFO - POST http://localhost:9201/nku_search/_search [status:200 duration:0.002s]
2024-12-15 00:29:13,267 - INFO - POST http://localhost:9201/nku_search/_search [status:200 duration:0.002s]
2024-12-15 00:29:13,269 - INFO - POST http://localhost:9201/nku_search/_search [status:200 duration:0.002s]
2024-12-15 00:29:13,271 - INFO - POST http://localhost:9201/nku_search/_search [status:200 duration:0.002s]
2024-12-15 00:29:13,273 - INFO - POST http://localhost:9201/nku_search/_search [status:200 duration:0.002s]
2024-12-15 00:29:13,275 - INFO - POST http://localhost:9201/nku_search/_search [status:200 duration:0.002s]
2024-12-15 00:29:13,277 - INFO - POST http://localhost:9201/nku_search/_search [status:200 duration:0.002s]
2024-12-15 00:29:13,279 - INFO - POST http://localhost:9201/nku_search/_search [status:200 duration:0.002s]
2024-12-15 00:29:13,281 - INFO - POST http://localhost:9201/nku_search/_search [status:200 duration:0.002s]
2024-12-15 00:29:13,283 - INFO - POST http://localhost:9201/nku_search/_search [status:200 duration:0.002s]
2024-12-15 00:29:13,286 - INFO - POST http://localhost:9201/nku_search/_search [status:200 duration:0.002s]
2024-12-15 00:29:13,288 - INFO - POST http://localhost:9201/nku_search/_search [status:200 duration:0.002s]
2024-12-15 00:29:13,291 - INFO - POST http://localhost:9201/nku_search/_search [status:200 duration:0.003s]
2024-12-15 00:29:13,292 - INFO - POST http://localhost:9201/nku_search/_search [status:200 duration:0.002s]
2024-12-15 00:29:13,294 - INFO - POST http://localhost:9201/nku_search/_search [status:200 duration:0.002s]
2024-12-15 00:29:13,296 - INFO - POST http://localhost:9201/nku_search/_search [status:200 duration:0.002s]
2024-12-15 00:29:13,298 - INFO - POST http://localhost:9201/nku_search/_search [status:200 duration:0.001s]
2024-12-15 00:29:13,300 - INFO - POST http://localhost:9201/nku_search/_search [status:200 duration:0.002s]
2024-12-15 00:29:13,302 - INFO - POST http://localhost:9201/nku_search/_search [status:200 duration:0.002s]
2024-12-15 00:29:13,303 - INFO - POST http://localhost:9201/nku_search/_search [status:200 duration:0.001s]
2024-12-15 00:29:13,306 - INFO - POST http://localhost:9201/nku_search/_search [status:200 duration:0.003s]
2024-12-15 00:29:13,308 - INFO - POST http://localhost:9201/nku_search/_search [status:200 duration:0.002s]
2024-12-15 00:29:13,310 - INFO - POST http://localhost:9201/nku_search/_search [status:200 duration:0.002s]
2024-12-15 00:29:13,312 - INFO - POST http://localhost:9201/nku_search/_search [status:200 duration:0.002s]
2024-12-15 00:29:13,315 - INFO - POST http://localhost:9201/nku_search/_search [status:200 duration:0.003s]
2024-12-15 00:29:13,316 - INFO - POST http://localhost:9201/nku_search/_search [status:200 duration:0.002s]
2024-12-15 00:29:13,319 - INFO - POST http://localhost:9201/nku_search/_search [status:200 duration:0.002s]
2024-12-15 00:29:13,321 - INFO - POST http://localhost:9201/nku_search/_search [status:200 duration:0.002s]
2024-12-15 00:29:13,323 - INFO - POST http://localhost:9201/nku_search/_search [status:200 duration:0.002s]
2024-12-15 00:29:13,326 - INFO - POST http://localhost:9201/nku_search/_search [status:200 duration:0.003s]
2024-12-15 00:29:13,328 - INFO - POST http://localhost:9201/nku_search/_search [status:200 duration:0.002s]
2024-12-15 00:29:13,330 - INFO - POST http://localhost:9201/nku_search/_search [status:200 duration:0.002s]
2024-12-15 00:29:13,332 - INFO - POST http://localhost:9201/nku_search/_search [status:200 duration:0.002s]
2024-12-15 00:29:13,334 - INFO - POST http://localhost:9201/nku_search/_search [status:200 duration:0.002s]
2024-12-15 00:29:13,336 - INFO - POST http://localhost:9201/nku_search/_search [status:200 duration:0.002s]
2024-12-15 00:29:13,338 - INFO - POST http://localhost:9201/nku_search/_search [status:200 duration:0.002s]
2024-12-15 00:29:13,340 - INFO - POST http://localhost:9201/nku_search/_search [status:200 duration:0.002s]
2024-12-15 00:29:13,342 - INFO - POST http://localhost:9201/nku_search/_search [status:200 duration:0.002s]
2024-12-15 00:29:13,344 - INFO - POST http://localhost:9201/nku_search/_search [status:200 duration:0.002s]
2024-12-15 00:29:13,346 - INFO - POST http://localhost:9201/nku_search/_search [status:200 duration:0.002s]
2024-12-15 00:29:13,348 - INFO - POST http://localhost:9201/nku_search/_search [status:200 duration:0.002s]
2024-12-15 00:29:13,351 - INFO - POST http://localhost:9201/nku_search/_search [status:200 duration:0.003s]
2024-12-15 00:29:13,353 - INFO - POST http://localhost:9201/nku_search/_search [status:200 duration:0.002s]
2024-12-15 00:29:13,355 - INFO - POST http://localhost:9201/nku_search/_search [status:200 duration:0.002s]
2024-12-15 00:29:13,358 - INFO - POST http://localhost:9201/nku_search/_search [status:200 duration:0.002s]
2024-12-15 00:29:13,359 - INFO - POST http://localhost:9201/nku_search/_search [status:200 duration:0.001s]
2024-12-15 00:29:13,362 - INFO - POST http://localhost:9201/nku_search/_search [status:200 duration:0.002s]
2024-12-15 00:29:13,364 - INFO - POST http://localhost:9201/nku_search/_search [status:200 duration:0.002s]
2024-12-15 00:29:13,366 - INFO - POST http://localhost:9201/nku_search/_search [status:200 duration:0.001s]
2024-12-15 00:29:13,368 - INFO - POST http://localhost:9201/nku_search/_search [status:200 duration:0.002s]
2024-12-15 00:29:13,370 - INFO - POST http://localhost:9201/nku_search/_search [status:200 duration:0.003s]
2024-12-15 00:29:13,371 - INFO - POST http://localhost:9201/nku_search/_search [status:200 duration:0.001s]
2024-12-15 00:29:13,374 - INFO - POST http://localhost:9201/nku_search/_search [status:200 duration:0.003s]
2024-12-15 00:29:13,376 - INFO - POST http://localhost:9201/nku_search/_search [status:200 duration:0.002s]
2024-12-15 00:29:13,378 - INFO - POST http://localhost:9201/nku_search/_search [status:200 duration:0.002s]
2024-12-15 00:29:13,379 - INFO - POST http://localhost:9201/nku_search/_search [status:200 duration:0.002s]
2024-12-15 00:29:13,381 - INFO - POST http://localhost:9201/nku_search/_search [status:200 duration:0.002s]
2024-12-15 00:29:13,383 - INFO - POST http://localhost:9201/nku_search/_search [status:200 duration:0.002s]
2024-12-15 00:29:13,385 - INFO - POST http://localhost:9201/nku_search/_search [status:200 duration:0.002s]
2024-12-15 00:29:13,386 - INFO - POST http://localhost:9201/nku_search/_search [status:200 duration:0.002s]
2024-12-15 00:29:13,388 - INFO - POST http://localhost:9201/nku_search/_search [status:200 duration:0.002s]
2024-12-15 00:29:13,390 - INFO - POST http://localhost:9201/nku_search/_search [status:200 duration:0.002s]
2024-12-15 00:29:13,392 - INFO - POST http://localhost:9201/nku_search/_search [status:200 duration:0.002s]
2024-12-15 00:29:13,393 - INFO - POST http://localhost:9201/nku_search/_search [status:200 duration:0.002s]
2024-12-15 00:29:13,395 - INFO - POST http://localhost:9201/nku_search/_search [status:200 duration:0.002s]
2024-12-15 00:29:13,397 - INFO - POST http://localhost:9201/nku_search/_search [status:200 duration:0.002s]
2024-12-15 00:29:13,399 - INFO - POST http://localhost:9201/nku_search/_search [status:200 duration:0.002s]
2024-12-15 00:29:13,402 - INFO - POST http://localhost:9201/nku_search/_search [status:200 duration:0.002s]
2024-12-15 00:29:13,405 - INFO - POST http://localhost:9201/nku_search/_search [status:200 duration:0.003s]
2024-12-15 00:29:13,407 - INFO - POST http://localhost:9201/nku_search/_search [status:200 duration:0.003s]
2024-12-15 00:29:13,411 - INFO - POST http://localhost:9201/nku_search/_search [status:200 duration:0.003s]
2024-12-15 00:29:13,419 - INFO - POST http://localhost:9201/nku_search/_search [status:200 duration:0.007s]
2024-12-15 00:29:13,421 - INFO - POST http://localhost:9201/nku_search/_search [status:200 duration:0.002s]
2024-12-15 00:29:13,424 - INFO - POST http://localhost:9201/nku_search/_search [status:200 duration:0.002s]
2024-12-15 00:29:13,425 - INFO - POST http://localhost:9201/nku_search/_search [status:200 duration:0.002s]
2024-12-15 00:29:13,427 - INFO - POST http://localhost:9201/nku_search/_search [status:200 duration:0.002s]
2024-12-15 00:29:13,431 - INFO - POST http://localhost:9201/nku_search/_search [status:200 duration:0.003s]
2024-12-15 00:29:13,433 - INFO - POST http://localhost:9201/nku_search/_search [status:200 duration:0.002s]
2024-12-15 00:29:13,436 - INFO - POST http://localhost:9201/nku_search/_search [status:200 duration:0.002s]
2024-12-15 00:29:13,438 - INFO - POST http://localhost:9201/nku_search/_search [status:200 duration:0.002s]
2024-12-15 00:29:13,440 - INFO - POST http://localhost:9201/nku_search/_search [status:200 duration:0.002s]
2024-12-15 00:29:13,442 - INFO - POST http://localhost:9201/nku_search/_search [status:200 duration:0.002s]
2024-12-15 00:29:13,445 - INFO - POST http://localhost:9201/nku_search/_search [status:200 duration:0.002s]
2024-12-15 00:29:13,446 - INFO - POST http://localhost:9201/nku_search/_search [status:200 duration:0.002s]
2024-12-15 00:29:13,448 - INFO - POST http://localhost:9201/nku_search/_search [status:200 duration:0.002s]
2024-12-15 00:29:13,450 - INFO - POST http://localhost:9201/nku_search/_search [status:200 duration:0.002s]
2024-12-15 00:29:13,452 - INFO - POST http://localhost:9201/nku_search/_search [status:200 duration:0.002s]
2024-12-15 00:29:13,458 - INFO - POST http://localhost:9201/nku_search/_search [status:200 duration:0.006s]
2024-12-15 00:29:13,461 - INFO - POST http://localhost:9201/nku_search/_search [status:200 duration:0.003s]
2024-12-15 00:29:13,464 - INFO - POST http://localhost:9201/nku_search/_search [status:200 duration:0.003s]
2024-12-15 00:29:13,467 - INFO - POST http://localhost:9201/nku_search/_search [status:200 duration:0.002s]
2024-12-15 00:29:13,471 - INFO - POST http://localhost:9201/nku_search/_search [status:200 duration:0.003s]
2024-12-15 00:29:13,474 - INFO - POST http://localhost:9201/nku_search/_search [status:200 duration:0.003s]
2024-12-15 00:29:13,476 - INFO - POST http://localhost:9201/nku_search/_search [status:200 duration:0.002s]
2024-12-15 00:29:13,479 - INFO - POST http://localhost:9201/nku_search/_search [status:200 duration:0.003s]
2024-12-15 00:29:13,481 - INFO - POST http://localhost:9201/nku_search/_search [status:200 duration:0.002s]
2024-12-15 00:29:13,485 - INFO - POST http://localhost:9201/nku_search/_search [status:200 duration:0.003s]
2024-12-15 00:29:13,488 - INFO - POST http://localhost:9201/nku_search/_search [status:200 duration:0.003s]
2024-12-15 00:29:13,491 - INFO - POST http://localhost:9201/nku_search/_search [status:200 duration:0.002s]
2024-12-15 00:29:13,494 - INFO - POST http://localhost:9201/nku_search/_search [status:200 duration:0.002s]
2024-12-15 00:29:13,497 - INFO - POST http://localhost:9201/nku_search/_search [status:200 duration:0.003s]
2024-12-15 00:29:13,499 - INFO - POST http://localhost:9201/nku_search/_search [status:200 duration:0.002s]
2024-12-15 00:29:13,500 - INFO - POST http://localhost:9201/nku_search/_search [status:200 duration:0.001s]
2024-12-15 00:29:13,503 - INFO - POST http://localhost:9201/nku_search/_search [status:200 duration:0.002s]
2024-12-15 00:29:13,504 - INFO - POST http://localhost:9201/nku_search/_search [status:200 duration:0.002s]
2024-12-15 00:29:13,507 - INFO - POST http://localhost:9201/nku_search/_search [status:200 duration:0.002s]
2024-12-15 00:29:13,508 - INFO - POST http://localhost:9201/nku_search/_search [status:200 duration:0.002s]
2024-12-15 00:29:13,511 - INFO - POST http://localhost:9201/nku_search/_search [status:200 duration:0.002s]
2024-12-15 00:29:13,513 - INFO - POST http://localhost:9201/nku_search/_search [status:200 duration:0.002s]
2024-12-15 00:29:13,516 - INFO - POST http://localhost:9201/nku_search/_search [status:200 duration:0.002s]
2024-12-15 00:29:13,518 - INFO - POST http://localhost:9201/nku_search/_search [status:200 duration:0.002s]
2024-12-15 00:29:13,520 - INFO - POST http://localhost:9201/nku_search/_search [status:200 duration:0.002s]
2024-12-15 00:29:13,522 - INFO - POST http://localhost:9201/nku_search/_search [status:200 duration:0.002s]
2024-12-15 00:29:13,525 - INFO - POST http://localhost:9201/nku_search/_search [status:200 duration:0.003s]
2024-12-15 00:29:13,528 - INFO - POST http://localhost:9201/nku_search/_search [status:200 duration:0.003s]
2024-12-15 00:29:13,530 - INFO - POST http://localhost:9201/nku_search/_search [status:200 duration:0.002s]
2024-12-15 00:29:13,532 - INFO - POST http://localhost:9201/nku_search/_search [status:200 duration:0.002s]
2024-12-15 00:29:13,535 - INFO - POST http://localhost:9201/nku_search/_search [status:200 duration:0.002s]
2024-12-15 00:29:13,536 - INFO - POST http://localhost:9201/nku_search/_search [status:200 duration:0.002s]
2024-12-15 00:29:13,538 - INFO - POST http://localhost:9201/nku_search/_search [status:200 duration:0.002s]
2024-12-15 00:29:13,540 - INFO - POST http://localhost:9201/nku_search/_search [status:200 duration:0.001s]
2024-12-15 00:29:13,542 - INFO - POST http://localhost:9201/nku_search/_search [status:200 duration:0.002s]
2024-12-15 00:29:13,544 - INFO - POST http://localhost:9201/nku_search/_search [status:200 duration:0.002s]
2024-12-15 00:29:13,546 - INFO - POST http://localhost:9201/nku_search/_search [status:200 duration:0.002s]
2024-12-15 00:29:13,548 - INFO - POST http://localhost:9201/nku_search/_search [status:200 duration:0.002s]
2024-12-15 00:29:13,549 - INFO - POST http://localhost:9201/nku_search/_search [status:200 duration:0.002s]
2024-12-15 00:29:13,552 - INFO - POST http://localhost:9201/nku_search/_search [status:200 duration:0.002s]
2024-12-15 00:29:13,554 - INFO - POST http://localhost:9201/nku_search/_search [status:200 duration:0.002s]
2024-12-15 00:29:13,557 - INFO - POST http://localhost:9201/nku_search/_search [status:200 duration:0.003s]
2024-12-15 00:29:13,559 - INFO - POST http://localhost:9201/nku_search/_search [status:200 duration:0.002s]
2024-12-15 00:29:13,560 - INFO - POST http://localhost:9201/nku_search/_search [status:200 duration:0.002s]
2024-12-15 00:29:13,562 - INFO - POST http://localhost:9201/nku_search/_search [status:200 duration:0.002s]
2024-12-15 00:29:13,564 - INFO - POST http://localhost:9201/nku_search/_search [status:200 duration:0.002s]
2024-12-15 00:29:13,566 - INFO - POST http://localhost:9201/nku_search/_search [status:200 duration:0.001s]
2024-12-15 00:29:13,568 - INFO - POST http://localhost:9201/nku_search/_search [status:200 duration:0.002s]
2024-12-15 00:29:13,569 - INFO - POST http://localhost:9201/nku_search/_search [status:200 duration:0.002s]
2024-12-15 00:29:13,572 - INFO - POST http://localhost:9201/nku_search/_search [status:200 duration:0.002s]
2024-12-15 00:29:13,573 - INFO - POST http://localhost:9201/nku_search/_search [status:200 duration:0.002s]
2024-12-15 00:29:13,575 - INFO - POST http://localhost:9201/nku_search/_search [status:200 duration:0.002s]
2024-12-15 00:29:13,577 - INFO - POST http://localhost:9201/nku_search/_search [status:200 duration:0.002s]
2024-12-15 00:29:13,579 - INFO - POST http://localhost:9201/nku_search/_search [status:200 duration:0.001s]
2024-12-15 00:29:13,580 - INFO - POST http://localhost:9201/nku_search/_search [status:200 duration:0.002s]
2024-12-15 00:29:13,582 - INFO - POST http://localhost:9201/nku_search/_search [status:200 duration:0.002s]
2024-12-15 00:29:13,584 - INFO - POST http://localhost:9201/nku_search/_search [status:200 duration:0.002s]
2024-12-15 00:29:13,587 - INFO - POST http://localhost:9201/nku_search/_search [status:200 duration:0.003s]
2024-12-15 00:29:13,590 - INFO - POST http://localhost:9201/nku_search/_search [status:200 duration:0.003s]
2024-12-15 00:29:13,593 - INFO - POST http://localhost:9201/nku_search/_search [status:200 duration:0.003s]
2024-12-15 00:29:13,596 - INFO - POST http://localhost:9201/nku_search/_search [status:200 duration:0.002s]
2024-12-15 00:29:13,598 - INFO - POST http://localhost:9201/nku_search/_search [status:200 duration:0.002s]
2024-12-15 00:29:13,601 - INFO - POST http://localhost:9201/nku_search/_search [status:200 duration:0.002s]
2024-12-15 00:29:13,603 - INFO - POST http://localhost:9201/nku_search/_search [status:200 duration:0.002s]
2024-12-15 00:29:13,605 - INFO - POST http://localhost:9201/nku_search/_search [status:200 duration:0.002s]
2024-12-15 00:29:13,608 - INFO - POST http://localhost:9201/nku_search/_search [status:200 duration:0.003s]
2024-12-15 00:29:13,612 - INFO - POST http://localhost:9201/nku_search/_search [status:200 duration:0.002s]
2024-12-15 00:29:13,614 - INFO - POST http://localhost:9201/nku_search/_search [status:200 duration:0.002s]
2024-12-15 00:29:13,616 - INFO - POST http://localhost:9201/nku_search/_search [status:200 duration:0.002s]
2024-12-15 00:29:13,618 - INFO - POST http://localhost:9201/nku_search/_search [status:200 duration:0.002s]
2024-12-15 00:29:13,620 - INFO - POST http://localhost:9201/nku_search/_search [status:200 duration:0.002s]
2024-12-15 00:29:13,622 - INFO - POST http://localhost:9201/nku_search/_search [status:200 duration:0.002s]
2024-12-15 00:29:13,624 - INFO - POST http://localhost:9201/nku_search/_search [status:200 duration:0.002s]
2024-12-15 00:29:13,627 - INFO - POST http://localhost:9201/nku_search/_search [status:200 duration:0.002s]
2024-12-15 00:29:13,628 - INFO - POST http://localhost:9201/nku_search/_search [status:200 duration:0.002s]
2024-12-15 00:29:13,630 - INFO - POST http://localhost:9201/nku_search/_search [status:200 duration:0.001s]
2024-12-15 00:29:13,632 - INFO - POST http://localhost:9201/nku_search/_search [status:200 duration:0.002s]
2024-12-15 00:29:13,634 - INFO - POST http://localhost:9201/nku_search/_search [status:200 duration:0.001s]
2024-12-15 00:29:13,636 - INFO - POST http://localhost:9201/nku_search/_search [status:200 duration:0.002s]
2024-12-15 00:29:13,638 - INFO - POST http://localhost:9201/nku_search/_search [status:200 duration:0.002s]
2024-12-15 00:29:13,640 - INFO - POST http://localhost:9201/nku_search/_search [status:200 duration:0.002s]
2024-12-15 00:29:13,642 - INFO - POST http://localhost:9201/nku_search/_search [status:200 duration:0.002s]
2024-12-15 00:29:13,644 - INFO - POST http://localhost:9201/nku_search/_search [status:200 duration:0.002s]
2024-12-15 00:29:13,647 - INFO - POST http://localhost:9201/nku_search/_search [status:200 duration:0.002s]
2024-12-15 00:29:13,650 - INFO - POST http://localhost:9201/nku_search/_search [status:200 duration:0.002s]
2024-12-15 00:29:13,652 - INFO - POST http://localhost:9201/nku_search/_search [status:200 duration:0.002s]
2024-12-15 00:29:13,655 - INFO - POST http://localhost:9201/nku_search/_search [status:200 duration:0.003s]
2024-12-15 00:29:13,657 - INFO - POST http://localhost:9201/nku_search/_search [status:200 duration:0.002s]
2024-12-15 00:29:13,660 - INFO - POST http://localhost:9201/nku_search/_search [status:200 duration:0.003s]
2024-12-15 00:29:13,663 - INFO - POST http://localhost:9201/nku_search/_search [status:200 duration:0.003s]
2024-12-15 00:29:13,666 - INFO - POST http://localhost:9201/nku_search/_search [status:200 duration:0.002s]
2024-12-15 00:29:13,668 - INFO - POST http://localhost:9201/nku_search/_search [status:200 duration:0.002s]
2024-12-15 00:29:13,671 - INFO - POST http://localhost:9201/nku_search/_search [status:200 duration:0.002s]
2024-12-15 00:29:13,672 - INFO - POST http://localhost:9201/nku_search/_search [status:200 duration:0.002s]
2024-12-15 00:29:13,674 - INFO - POST http://localhost:9201/nku_search/_search [status:200 duration:0.002s]
2024-12-15 00:29:13,676 - INFO - POST http://localhost:9201/nku_search/_search [status:200 duration:0.002s]
2024-12-15 00:29:13,678 - INFO - POST http://localhost:9201/nku_search/_search [status:200 duration:0.001s]
2024-12-15 00:29:13,679 - INFO - POST http://localhost:9201/nku_search/_search [status:200 duration:0.001s]
2024-12-15 00:29:13,682 - INFO - POST http://localhost:9201/nku_search/_search [status:200 duration:0.002s]
2024-12-15 00:29:13,684 - INFO - POST http://localhost:9201/nku_search/_search [status:200 duration:0.002s]
2024-12-15 00:29:13,686 - INFO - POST http://localhost:9201/nku_search/_search [status:200 duration:0.002s]
2024-12-15 00:29:13,688 - INFO - POST http://localhost:9201/nku_search/_search [status:200 duration:0.002s]
2024-12-15 00:29:13,690 - INFO - POST http://localhost:9201/nku_search/_search [status:200 duration:0.002s]
2024-12-15 00:29:13,692 - INFO - POST http://localhost:9201/nku_search/_search [status:200 duration:0.002s]
2024-12-15 00:29:13,694 - INFO - POST http://localhost:9201/nku_search/_search [status:200 duration:0.001s]
2024-12-15 00:29:13,696 - INFO - POST http://localhost:9201/nku_search/_search [status:200 duration:0.002s]
2024-12-15 00:29:13,699 - INFO - POST http://localhost:9201/nku_search/_search [status:200 duration:0.002s]
2024-12-15 00:29:13,701 - INFO - POST http://localhost:9201/nku_search/_search [status:200 duration:0.002s]
2024-12-15 00:29:13,703 - INFO - POST http://localhost:9201/nku_search/_search [status:200 duration:0.002s]
2024-12-15 00:29:13,705 - INFO - POST http://localhost:9201/nku_search/_search [status:200 duration:0.002s]
2024-12-15 00:29:13,707 - INFO - POST http://localhost:9201/nku_search/_search [status:200 duration:0.002s]
2024-12-15 00:29:13,710 - INFO - POST http://localhost:9201/nku_search/_search [status:200 duration:0.002s]
2024-12-15 00:29:13,712 - INFO - POST http://localhost:9201/nku_search/_search [status:200 duration:0.002s]
2024-12-15 00:29:13,715 - INFO - POST http://localhost:9201/nku_search/_search [status:200 duration:0.002s]
2024-12-15 00:29:13,717 - INFO - POST http://localhost:9201/nku_search/_search [status:200 duration:0.002s]
2024-12-15 00:29:13,720 - INFO - POST http://localhost:9201/nku_search/_search [status:200 duration:0.002s]
2024-12-15 00:29:13,722 - INFO - POST http://localhost:9201/nku_search/_search [status:200 duration:0.003s]
2024-12-15 00:29:13,725 - INFO - POST http://localhost:9201/nku_search/_search [status:200 duration:0.002s]
2024-12-15 00:29:13,727 - INFO - POST http://localhost:9201/nku_search/_search [status:200 duration:0.002s]
2024-12-15 00:29:13,729 - INFO - POST http://localhost:9201/nku_search/_search [status:200 duration:0.003s]
2024-12-15 00:29:13,732 - INFO - POST http://localhost:9201/nku_search/_search [status:200 duration:0.003s]
2024-12-15 00:29:13,734 - INFO - POST http://localhost:9201/nku_search/_search [status:200 duration:0.002s]
2024-12-15 00:29:13,735 - INFO - POST http://localhost:9201/nku_search/_search [status:200 duration:0.002s]
2024-12-15 00:29:13,737 - INFO - POST http://localhost:9201/nku_search/_search [status:200 duration:0.002s]
2024-12-15 00:29:13,740 - INFO - POST http://localhost:9201/nku_search/_search [status:200 duration:0.003s]
2024-12-15 00:29:13,742 - INFO - POST http://localhost:9201/nku_search/_search [status:200 duration:0.002s]
2024-12-15 00:29:13,743 - INFO - POST http://localhost:9201/nku_search/_search [status:200 duration:0.002s]
2024-12-15 00:29:13,745 - INFO - POST http://localhost:9201/nku_search/_search [status:200 duration:0.002s]
2024-12-15 00:29:13,746 - INFO - POST http://localhost:9201/nku_search/_search [status:200 duration:0.002s]
2024-12-15 00:29:13,748 - INFO - POST http://localhost:9201/nku_search/_search [status:200 duration:0.002s]
2024-12-15 00:29:13,749 - INFO - POST http://localhost:9201/nku_search/_search [status:200 duration:0.001s]
2024-12-15 00:29:13,751 - INFO - POST http://localhost:9201/nku_search/_search [status:200 duration:0.002s]
2024-12-15 00:29:13,753 - INFO - POST http://localhost:9201/nku_search/_search [status:200 duration:0.002s]
2024-12-15 00:29:13,755 - INFO - POST http://localhost:9201/nku_search/_search [status:200 duration:0.002s]
2024-12-15 00:29:13,757 - INFO - POST http://localhost:9201/nku_search/_search [status:200 duration:0.002s]
2024-12-15 00:29:13,759 - INFO - POST http://localhost:9201/nku_search/_search [status:200 duration:0.002s]
2024-12-15 00:29:13,761 - INFO - POST http://localhost:9201/nku_search/_search [status:200 duration:0.002s]
2024-12-15 00:29:13,763 - INFO - POST http://localhost:9201/nku_search/_search [status:200 duration:0.002s]
2024-12-15 00:29:13,765 - INFO - POST http://localhost:9201/nku_search/_search [status:200 duration:0.002s]
2024-12-15 00:29:13,766 - INFO - POST http://localhost:9201/nku_search/_search [status:200 duration:0.001s]
2024-12-15 00:29:13,768 - INFO - POST http://localhost:9201/nku_search/_search [status:200 duration:0.002s]
2024-12-15 00:29:13,770 - INFO - POST http://localhost:9201/nku_search/_search [status:200 duration:0.002s]
2024-12-15 00:29:13,772 - INFO - POST http://localhost:9201/nku_search/_search [status:200 duration:0.002s]
2024-12-15 00:29:13,773 - INFO - POST http://localhost:9201/nku_search/_search [status:200 duration:0.002s]
2024-12-15 00:29:13,775 - INFO - POST http://localhost:9201/nku_search/_search [status:200 duration:0.002s]
2024-12-15 00:29:13,777 - INFO - POST http://localhost:9201/nku_search/_search [status:200 duration:0.001s]
2024-12-15 00:29:13,778 - INFO - POST http://localhost:9201/nku_search/_search [status:200 duration:0.001s]
2024-12-15 00:29:13,780 - INFO - POST http://localhost:9201/nku_search/_search [status:200 duration:0.002s]
2024-12-15 00:29:13,782 - INFO - POST http://localhost:9201/nku_search/_search [status:200 duration:0.002s]
2024-12-15 00:29:13,783 - INFO - POST http://localhost:9201/nku_search/_search [status:200 duration:0.002s]
2024-12-15 00:29:13,785 - INFO - POST http://localhost:9201/nku_search/_search [status:200 duration:0.001s]
2024-12-15 00:29:13,787 - INFO - POST http://localhost:9201/nku_search/_search [status:200 duration:0.002s]
2024-12-15 00:29:13,789 - INFO - POST http://localhost:9201/nku_search/_search [status:200 duration:0.002s]
2024-12-15 00:29:13,791 - INFO - POST http://localhost:9201/nku_search/_search [status:200 duration:0.002s]
2024-12-15 00:29:13,792 - INFO - POST http://localhost:9201/nku_search/_search [status:200 duration:0.002s]
2024-12-15 00:29:13,794 - INFO - POST http://localhost:9201/nku_search/_search [status:200 duration:0.002s]
2024-12-15 00:29:13,796 - INFO - POST http://localhost:9201/nku_search/_search [status:200 duration:0.001s]
2024-12-15 00:29:13,798 - INFO - POST http://localhost:9201/nku_search/_search [status:200 duration:0.002s]
2024-12-15 00:29:13,800 - INFO - POST http://localhost:9201/nku_search/_search [status:200 duration:0.002s]
2024-12-15 00:29:13,801 - INFO - POST http://localhost:9201/nku_search/_search [status:200 duration:0.002s]
2024-12-15 00:29:13,803 - INFO - POST http://localhost:9201/nku_search/_search [status:200 duration:0.002s]
2024-12-15 00:29:13,805 - INFO - POST http://localhost:9201/nku_search/_search [status:200 duration:0.002s]
2024-12-15 00:29:13,807 - INFO - POST http://localhost:9201/nku_search/_search [status:200 duration:0.002s]
2024-12-15 00:29:13,808 - INFO - POST http://localhost:9201/nku_search/_search [status:200 duration:0.002s]
2024-12-15 00:29:13,810 - INFO - POST http://localhost:9201/nku_search/_search [status:200 duration:0.002s]
2024-12-15 00:29:13,812 - INFO - POST http://localhost:9201/nku_search/_search [status:200 duration:0.002s]
2024-12-15 00:29:13,814 - INFO - POST http://localhost:9201/nku_search/_search [status:200 duration:0.002s]
2024-12-15 00:29:13,815 - INFO - POST http://localhost:9201/nku_search/_search [status:200 duration:0.002s]
2024-12-15 00:29:13,817 - INFO - POST http://localhost:9201/nku_search/_search [status:200 duration:0.002s]
2024-12-15 00:29:13,819 - INFO - POST http://localhost:9201/nku_search/_search [status:200 duration:0.002s]
2024-12-15 00:29:13,821 - INFO - POST http://localhost:9201/nku_search/_search [status:200 duration:0.002s]
2024-12-15 00:29:13,822 - INFO - POST http://localhost:9201/nku_search/_search [status:200 duration:0.002s]
2024-12-15 00:29:13,825 - INFO - POST http://localhost:9201/nku_search/_search [status:200 duration:0.002s]
2024-12-15 00:29:13,827 - INFO - POST http://localhost:9201/nku_search/_search [status:200 duration:0.002s]
2024-12-15 00:29:13,829 - INFO - POST http://localhost:9201/nku_search/_search [status:200 duration:0.002s]
2024-12-15 00:29:13,831 - INFO - POST http://localhost:9201/nku_search/_search [status:200 duration:0.002s]
2024-12-15 00:29:13,833 - INFO - POST http://localhost:9201/nku_search/_search [status:200 duration:0.002s]
2024-12-15 00:29:13,835 - INFO - POST http://localhost:9201/nku_search/_search [status:200 duration:0.002s]
2024-12-15 00:29:13,837 - INFO - POST http://localhost:9201/nku_search/_search [status:200 duration:0.002s]
2024-12-15 00:29:13,839 - INFO - POST http://localhost:9201/nku_search/_search [status:200 duration:0.001s]
2024-12-15 00:29:13,840 - INFO - POST http://localhost:9201/nku_search/_search [status:200 duration:0.002s]
2024-12-15 00:29:13,842 - INFO - POST http://localhost:9201/nku_search/_search [status:200 duration:0.002s]
2024-12-15 00:29:13,844 - INFO - POST http://localhost:9201/nku_search/_search [status:200 duration:0.002s]
2024-12-15 00:29:13,845 - INFO - POST http://localhost:9201/nku_search/_search [status:200 duration:0.002s]
2024-12-15 00:29:13,847 - INFO - POST http://localhost:9201/nku_search/_search [status:200 duration:0.002s]
2024-12-15 00:29:13,849 - INFO - POST http://localhost:9201/nku_search/_search [status:200 duration:0.001s]
2024-12-15 00:29:13,851 - INFO - POST http://localhost:9201/nku_search/_search [status:200 duration:0.001s]
2024-12-15 00:29:13,852 - INFO - POST http://localhost:9201/nku_search/_search [status:200 duration:0.001s]
2024-12-15 00:29:13,854 - INFO - POST http://localhost:9201/nku_search/_search [status:200 duration:0.002s]
2024-12-15 00:29:13,856 - INFO - POST http://localhost:9201/nku_search/_search [status:200 duration:0.002s]
2024-12-15 00:29:13,858 - INFO - POST http://localhost:9201/nku_search/_search [status:200 duration:0.002s]
2024-12-15 00:29:13,860 - INFO - POST http://localhost:9201/nku_search/_search [status:200 duration:0.002s]
2024-12-15 00:29:13,862 - INFO - POST http://localhost:9201/nku_search/_search [status:200 duration:0.002s]
2024-12-15 00:29:13,864 - INFO - POST http://localhost:9201/nku_search/_search [status:200 duration:0.001s]
2024-12-15 00:29:13,865 - INFO - POST http://localhost:9201/nku_search/_search [status:200 duration:0.002s]
2024-12-15 00:29:13,867 - INFO - POST http://localhost:9201/nku_search/_search [status:200 duration:0.001s]
2024-12-15 00:29:13,869 - INFO - POST http://localhost:9201/nku_search/_search [status:200 duration:0.001s]
2024-12-15 00:29:13,870 - INFO - POST http://localhost:9201/nku_search/_search [status:200 duration:0.001s]
2024-12-15 00:29:13,872 - INFO - POST http://localhost:9201/nku_search/_search [status:200 duration:0.002s]
2024-12-15 00:29:13,874 - INFO - POST http://localhost:9201/nku_search/_search [status:200 duration:0.002s]
2024-12-15 00:29:13,875 - INFO - POST http://localhost:9201/nku_search/_search [status:200 duration:0.001s]
2024-12-15 00:29:13,877 - INFO - POST http://localhost:9201/nku_search/_search [status:200 duration:0.001s]
2024-12-15 00:29:13,879 - INFO - POST http://localhost:9201/nku_search/_search [status:200 duration:0.002s]
2024-12-15 00:29:13,880 - INFO - POST http://localhost:9201/nku_search/_search [status:200 duration:0.002s]
2024-12-15 00:29:13,882 - INFO - POST http://localhost:9201/nku_search/_search [status:200 duration:0.001s]
2024-12-15 00:29:13,884 - INFO - POST http://localhost:9201/nku_search/_search [status:200 duration:0.002s]
2024-12-15 00:29:13,886 - INFO - POST http://localhost:9201/nku_search/_search [status:200 duration:0.002s]
2024-12-15 00:29:13,888 - INFO - POST http://localhost:9201/nku_search/_search [status:200 duration:0.001s]
2024-12-15 00:29:13,890 - INFO - POST http://localhost:9201/nku_search/_search [status:200 duration:0.002s]
2024-12-15 00:29:13,893 - INFO - POST http://localhost:9201/nku_search/_search [status:200 duration:0.002s]
2024-12-15 00:29:13,895 - INFO - POST http://localhost:9201/nku_search/_search [status:200 duration:0.002s]
2024-12-15 00:29:13,896 - INFO - POST http://localhost:9201/nku_search/_search [status:200 duration:0.002s]
2024-12-15 00:29:13,898 - INFO - POST http://localhost:9201/nku_search/_search [status:200 duration:0.002s]
2024-12-15 00:29:13,899 - INFO - POST http://localhost:9201/nku_search/_search [status:200 duration:0.001s]
2024-12-15 00:29:13,901 - INFO - POST http://localhost:9201/nku_search/_search [status:200 duration:0.001s]
2024-12-15 00:29:13,903 - INFO - POST http://localhost:9201/nku_search/_search [status:200 duration:0.001s]
2024-12-15 00:29:13,904 - INFO - POST http://localhost:9201/nku_search/_search [status:200 duration:0.001s]
2024-12-15 00:29:13,906 - INFO - POST http://localhost:9201/nku_search/_search [status:200 duration:0.001s]
2024-12-15 00:29:13,908 - INFO - POST http://localhost:9201/nku_search/_search [status:200 duration:0.002s]
2024-12-15 00:29:13,910 - INFO - POST http://localhost:9201/nku_search/_search [status:200 duration:0.002s]
2024-12-15 00:29:13,912 - INFO - POST http://localhost:9201/nku_search/_search [status:200 duration:0.002s]
2024-12-15 00:29:13,913 - INFO - POST http://localhost:9201/nku_search/_search [status:200 duration:0.002s]
2024-12-15 00:29:13,916 - INFO - POST http://localhost:9201/nku_search/_search [status:200 duration:0.002s]
2024-12-15 00:29:13,917 - INFO - POST http://localhost:9201/nku_search/_search [status:200 duration:0.001s]
2024-12-15 00:29:13,919 - INFO - POST http://localhost:9201/nku_search/_search [status:200 duration:0.002s]
2024-12-15 00:29:13,921 - INFO - POST http://localhost:9201/nku_search/_search [status:200 duration:0.002s]
2024-12-15 00:29:13,923 - INFO - POST http://localhost:9201/nku_search/_search [status:200 duration:0.002s]
2024-12-15 00:29:13,925 - INFO - POST http://localhost:9201/nku_search/_search [status:200 duration:0.002s]
2024-12-15 00:29:13,927 - INFO - POST http://localhost:9201/nku_search/_search [status:200 duration:0.002s]
2024-12-15 00:29:13,929 - INFO - POST http://localhost:9201/nku_search/_search [status:200 duration:0.002s]
2024-12-15 00:29:13,930 - INFO - POST http://localhost:9201/nku_search/_search [status:200 duration:0.001s]
2024-12-15 00:29:13,933 - INFO - POST http://localhost:9201/nku_search/_search [status:200 duration:0.002s]
2024-12-15 00:29:13,935 - INFO - POST http://localhost:9201/nku_search/_search [status:200 duration:0.002s]
2024-12-15 00:29:13,936 - INFO - POST http://localhost:9201/nku_search/_search [status:200 duration:0.002s]
2024-12-15 00:29:13,938 - INFO - POST http://localhost:9201/nku_search/_search [status:200 duration:0.002s]
2024-12-15 00:29:13,940 - INFO - POST http://localhost:9201/nku_search/_search [status:200 duration:0.001s]
2024-12-15 00:29:13,942 - INFO - POST http://localhost:9201/nku_search/_search [status:200 duration:0.002s]
2024-12-15 00:29:13,943 - INFO - POST http://localhost:9201/nku_search/_search [status:200 duration:0.002s]
2024-12-15 00:29:13,945 - INFO - POST http://localhost:9201/nku_search/_search [status:200 duration:0.001s]
2024-12-15 00:29:13,947 - INFO - POST http://localhost:9201/nku_search/_search [status:200 duration:0.002s]
2024-12-15 00:29:13,949 - INFO - POST http://localhost:9201/nku_search/_search [status:200 duration:0.002s]
2024-12-15 00:29:13,951 - INFO - POST http://localhost:9201/nku_search/_search [status:200 duration:0.002s]
2024-12-15 00:29:13,953 - INFO - POST http://localhost:9201/nku_search/_search [status:200 duration:0.002s]
2024-12-15 00:29:13,955 - INFO - POST http://localhost:9201/nku_search/_search [status:200 duration:0.002s]
2024-12-15 00:29:13,958 - INFO - POST http://localhost:9201/nku_search/_search [status:200 duration:0.002s]
2024-12-15 00:29:13,959 - INFO - POST http://localhost:9201/nku_search/_search [status:200 duration:0.002s]
2024-12-15 00:29:13,961 - INFO - POST http://localhost:9201/nku_search/_search [status:200 duration:0.002s]
2024-12-15 00:29:13,963 - INFO - POST http://localhost:9201/nku_search/_search [status:200 duration:0.002s]
2024-12-15 00:29:13,965 - INFO - POST http://localhost:9201/nku_search/_search [status:200 duration:0.001s]
2024-12-15 00:29:13,966 - INFO - POST http://localhost:9201/nku_search/_search [status:200 duration:0.002s]
2024-12-15 00:29:13,969 - INFO - POST http://localhost:9201/nku_search/_search [status:200 duration:0.002s]
2024-12-15 00:29:13,971 - INFO - POST http://localhost:9201/nku_search/_search [status:200 duration:0.002s]
2024-12-15 00:29:13,973 - INFO - POST http://localhost:9201/nku_search/_search [status:200 duration:0.002s]
2024-12-15 00:29:13,974 - INFO - POST http://localhost:9201/nku_search/_search [status:200 duration:0.002s]
2024-12-15 00:29:13,976 - INFO - POST http://localhost:9201/nku_search/_search [status:200 duration:0.001s]
2024-12-15 00:29:13,978 - INFO - POST http://localhost:9201/nku_search/_search [status:200 duration:0.002s]
2024-12-15 00:29:13,979 - INFO - POST http://localhost:9201/nku_search/_search [status:200 duration:0.002s]
2024-12-15 00:29:13,982 - INFO - POST http://localhost:9201/nku_search/_search [status:200 duration:0.002s]
2024-12-15 00:29:13,983 - INFO - POST http://localhost:9201/nku_search/_search [status:200 duration:0.002s]
2024-12-15 00:29:13,986 - INFO - POST http://localhost:9201/nku_search/_search [status:200 duration:0.003s]
2024-12-15 00:29:13,989 - INFO - POST http://localhost:9201/nku_search/_search [status:200 duration:0.002s]
2024-12-15 00:29:13,991 - INFO - POST http://localhost:9201/nku_search/_search [status:200 duration:0.002s]
2024-12-15 00:29:13,993 - INFO - POST http://localhost:9201/nku_search/_search [status:200 duration:0.002s]
2024-12-15 00:29:13,995 - INFO - POST http://localhost:9201/nku_search/_search [status:200 duration:0.002s]
2024-12-15 00:29:13,997 - INFO - POST http://localhost:9201/nku_search/_search [status:200 duration:0.002s]
2024-12-15 00:29:13,999 - INFO - POST http://localhost:9201/nku_search/_search [status:200 duration:0.002s]
2024-12-15 00:29:14,002 - INFO - POST http://localhost:9201/nku_search/_search [status:200 duration:0.003s]
2024-12-15 00:29:14,004 - INFO - POST http://localhost:9201/nku_search/_search [status:200 duration:0.001s]
2024-12-15 00:29:14,006 - INFO - POST http://localhost:9201/nku_search/_search [status:200 duration:0.002s]
2024-12-15 00:29:14,007 - INFO - POST http://localhost:9201/nku_search/_search [status:200 duration:0.002s]
2024-12-15 00:29:14,009 - INFO - POST http://localhost:9201/nku_search/_search [status:200 duration:0.001s]
2024-12-15 00:29:14,011 - INFO - POST http://localhost:9201/nku_search/_search [status:200 duration:0.002s]
2024-12-15 00:29:14,013 - INFO - POST http://localhost:9201/nku_search/_search [status:200 duration:0.002s]
2024-12-15 00:29:14,015 - INFO - POST http://localhost:9201/nku_search/_search [status:200 duration:0.002s]
2024-12-15 00:29:14,018 - INFO - POST http://localhost:9201/nku_search/_search [status:200 duration:0.003s]
2024-12-15 00:29:14,020 - INFO - POST http://localhost:9201/nku_search/_search [status:200 duration:0.002s]
2024-12-15 00:29:14,022 - INFO - POST http://localhost:9201/nku_search/_search [status:200 duration:0.002s]
2024-12-15 00:29:14,024 - INFO - POST http://localhost:9201/nku_search/_search [status:200 duration:0.002s]
2024-12-15 00:29:14,026 - INFO - POST http://localhost:9201/nku_search/_search [status:200 duration:0.002s]
2024-12-15 00:29:14,028 - INFO - POST http://localhost:9201/nku_search/_search [status:200 duration:0.002s]
2024-12-15 00:29:14,030 - INFO - POST http://localhost:9201/nku_search/_search [status:200 duration:0.002s]
2024-12-15 00:29:14,032 - INFO - POST http://localhost:9201/nku_search/_search [status:200 duration:0.002s]
2024-12-15 00:29:14,034 - INFO - POST http://localhost:9201/nku_search/_search [status:200 duration:0.002s]
2024-12-15 00:29:14,036 - INFO - POST http://localhost:9201/nku_search/_search [status:200 duration:0.002s]
2024-12-15 00:29:14,037 - INFO - POST http://localhost:9201/nku_search/_search [status:200 duration:0.001s]
2024-12-15 00:29:14,039 - INFO - POST http://localhost:9201/nku_search/_search [status:200 duration:0.001s]
2024-12-15 00:29:14,042 - INFO - POST http://localhost:9201/nku_search/_search [status:200 duration:0.002s]
2024-12-15 00:29:14,043 - INFO - POST http://localhost:9201/nku_search/_search [status:200 duration:0.001s]
2024-12-15 00:29:14,047 - INFO - POST http://localhost:9201/nku_search/_search [status:200 duration:0.004s]
2024-12-15 00:29:14,050 - INFO - POST http://localhost:9201/nku_search/_search [status:200 duration:0.003s]
2024-12-15 00:29:14,052 - INFO - POST http://localhost:9201/nku_search/_search [status:200 duration:0.002s]
2024-12-15 00:29:14,055 - INFO - POST http://localhost:9201/nku_search/_search [status:200 duration:0.002s]
2024-12-15 00:29:14,056 - INFO - POST http://localhost:9201/nku_search/_search [status:200 duration:0.002s]
2024-12-15 00:29:14,058 - INFO - POST http://localhost:9201/nku_search/_search [status:200 duration:0.002s]
2024-12-15 00:29:14,061 - INFO - POST http://localhost:9201/nku_search/_search [status:200 duration:0.002s]
2024-12-15 00:29:14,063 - INFO - POST http://localhost:9201/nku_search/_search [status:200 duration:0.002s]
2024-12-15 00:29:14,065 - INFO - POST http://localhost:9201/nku_search/_search [status:200 duration:0.002s]
2024-12-15 00:29:14,067 - INFO - POST http://localhost:9201/nku_search/_search [status:200 duration:0.002s]
2024-12-15 00:29:14,068 - INFO - POST http://localhost:9201/nku_search/_search [status:200 duration:0.002s]
2024-12-15 00:29:14,070 - INFO - POST http://localhost:9201/nku_search/_search [status:200 duration:0.002s]
2024-12-15 00:29:14,072 - INFO - POST http://localhost:9201/nku_search/_search [status:200 duration:0.002s]
2024-12-15 00:29:14,074 - INFO - POST http://localhost:9201/nku_search/_search [status:200 duration:0.002s]
2024-12-15 00:29:14,076 - INFO - POST http://localhost:9201/nku_search/_search [status:200 duration:0.002s]
2024-12-15 00:29:14,079 - INFO - POST http://localhost:9201/nku_search/_search [status:200 duration:0.002s]
2024-12-15 00:29:14,081 - INFO - POST http://localhost:9201/nku_search/_search [status:200 duration:0.002s]
2024-12-15 00:29:14,083 - INFO - POST http://localhost:9201/nku_search/_search [status:200 duration:0.002s]
2024-12-15 00:29:14,085 - INFO - POST http://localhost:9201/nku_search/_search [status:200 duration:0.002s]
2024-12-15 00:29:14,087 - INFO - POST http://localhost:9201/nku_search/_search [status:200 duration:0.001s]
2024-12-15 00:29:14,089 - INFO - POST http://localhost:9201/nku_search/_search [status:200 duration:0.002s]
2024-12-15 00:29:14,092 - INFO - POST http://localhost:9201/nku_search/_search [status:200 duration:0.003s]
2024-12-15 00:29:14,094 - INFO - POST http://localhost:9201/nku_search/_search [status:200 duration:0.002s]
2024-12-15 00:29:14,096 - INFO - POST http://localhost:9201/nku_search/_search [status:200 duration:0.002s]
2024-12-15 00:29:14,098 - INFO - POST http://localhost:9201/nku_search/_search [status:200 duration:0.002s]
2024-12-15 00:29:14,099 - INFO - POST http://localhost:9201/nku_search/_search [status:200 duration:0.002s]
2024-12-15 00:29:14,101 - INFO - POST http://localhost:9201/nku_search/_search [status:200 duration:0.002s]
2024-12-15 00:29:14,103 - INFO - POST http://localhost:9201/nku_search/_search [status:200 duration:0.002s]
2024-12-15 00:29:14,104 - INFO - POST http://localhost:9201/nku_search/_search [status:200 duration:0.002s]
2024-12-15 00:29:14,106 - INFO - POST http://localhost:9201/nku_search/_search [status:200 duration:0.002s]
2024-12-15 00:29:14,108 - INFO - POST http://localhost:9201/nku_search/_search [status:200 duration:0.002s]
2024-12-15 00:29:14,110 - INFO - POST http://localhost:9201/nku_search/_search [status:200 duration:0.002s]
2024-12-15 00:29:14,112 - INFO - POST http://localhost:9201/nku_search/_search [status:200 duration:0.002s]
2024-12-15 00:29:14,115 - INFO - POST http://localhost:9201/nku_search/_search [status:200 duration:0.003s]
2024-12-15 00:29:14,116 - INFO - POST http://localhost:9201/nku_search/_search [status:200 duration:0.001s]
2024-12-15 00:29:14,118 - INFO - POST http://localhost:9201/nku_search/_search [status:200 duration:0.001s]
2024-12-15 00:29:14,120 - INFO - POST http://localhost:9201/nku_search/_search [status:200 duration:0.002s]
2024-12-15 00:29:14,122 - INFO - POST http://localhost:9201/nku_search/_search [status:200 duration:0.002s]
2024-12-15 00:29:14,124 - INFO - POST http://localhost:9201/nku_search/_search [status:200 duration:0.002s]
2024-12-15 00:29:14,126 - INFO - POST http://localhost:9201/nku_search/_search [status:200 duration:0.002s]
2024-12-15 00:29:14,128 - INFO - POST http://localhost:9201/nku_search/_search [status:200 duration:0.002s]
2024-12-15 00:29:14,130 - INFO - POST http://localhost:9201/nku_search/_search [status:200 duration:0.002s]
2024-12-15 00:29:14,132 - INFO - POST http://localhost:9201/nku_search/_search [status:200 duration:0.002s]
2024-12-15 00:29:14,134 - INFO - POST http://localhost:9201/nku_search/_search [status:200 duration:0.002s]
2024-12-15 00:29:14,135 - INFO - POST http://localhost:9201/nku_search/_search [status:200 duration:0.002s]
2024-12-15 00:29:14,137 - INFO - POST http://localhost:9201/nku_search/_search [status:200 duration:0.002s]
2024-12-15 00:29:14,139 - INFO - POST http://localhost:9201/nku_search/_search [status:200 duration:0.002s]
2024-12-15 00:29:14,140 - INFO - POST http://localhost:9201/nku_search/_search [status:200 duration:0.001s]
2024-12-15 00:29:14,142 - INFO - POST http://localhost:9201/nku_search/_search [status:200 duration:0.001s]
2024-12-15 00:29:14,144 - INFO - POST http://localhost:9201/nku_search/_search [status:200 duration:0.002s]
2024-12-15 00:29:14,145 - INFO - POST http://localhost:9201/nku_search/_search [status:200 duration:0.001s]
2024-12-15 00:29:14,147 - INFO - POST http://localhost:9201/nku_search/_search [status:200 duration:0.002s]
2024-12-15 00:29:14,149 - INFO - POST http://localhost:9201/nku_search/_search [status:200 duration:0.002s]
2024-12-15 00:29:14,150 - INFO - POST http://localhost:9201/nku_search/_search [status:200 duration:0.002s]
2024-12-15 00:29:14,153 - INFO - POST http://localhost:9201/nku_search/_search [status:200 duration:0.002s]
2024-12-15 00:29:14,154 - INFO - POST http://localhost:9201/nku_search/_search [status:200 duration:0.002s]
2024-12-15 00:29:14,156 - INFO - POST http://localhost:9201/nku_search/_search [status:200 duration:0.002s]
2024-12-15 00:29:14,158 - INFO - POST http://localhost:9201/nku_search/_search [status:200 duration:0.002s]
2024-12-15 00:29:14,160 - INFO - POST http://localhost:9201/nku_search/_search [status:200 duration:0.002s]
2024-12-15 00:29:14,162 - INFO - POST http://localhost:9201/nku_search/_search [status:200 duration:0.002s]
2024-12-15 00:29:14,164 - INFO - POST http://localhost:9201/nku_search/_search [status:200 duration:0.002s]
2024-12-15 00:29:14,165 - INFO - POST http://localhost:9201/nku_search/_search [status:200 duration:0.002s]
2024-12-15 00:29:14,167 - INFO - POST http://localhost:9201/nku_search/_search [status:200 duration:0.002s]
2024-12-15 00:29:14,169 - INFO - POST http://localhost:9201/nku_search/_search [status:200 duration:0.002s]
2024-12-15 00:29:14,171 - INFO - POST http://localhost:9201/nku_search/_search [status:200 duration:0.001s]
2024-12-15 00:29:14,173 - INFO - POST http://localhost:9201/nku_search/_search [status:200 duration:0.002s]
2024-12-15 00:29:14,174 - INFO - POST http://localhost:9201/nku_search/_search [status:200 duration:0.001s]
2024-12-15 00:29:14,176 - INFO - POST http://localhost:9201/nku_search/_search [status:200 duration:0.001s]
2024-12-15 00:29:14,178 - INFO - POST http://localhost:9201/nku_search/_search [status:200 duration:0.002s]
2024-12-15 00:29:14,179 - INFO - POST http://localhost:9201/nku_search/_search [status:200 duration:0.001s]
2024-12-15 00:29:14,181 - INFO - POST http://localhost:9201/nku_search/_search [status:200 duration:0.002s]
2024-12-15 00:29:14,183 - INFO - POST http://localhost:9201/nku_search/_search [status:200 duration:0.002s]
2024-12-15 00:29:14,185 - INFO - POST http://localhost:9201/nku_search/_search [status:200 duration:0.002s]
2024-12-15 00:29:14,187 - INFO - POST http://localhost:9201/nku_search/_search [status:200 duration:0.002s]
2024-12-15 00:29:14,189 - INFO - POST http://localhost:9201/nku_search/_search [status:200 duration:0.002s]
2024-12-15 00:29:14,190 - INFO - POST http://localhost:9201/nku_search/_search [status:200 duration:0.001s]
2024-12-15 00:29:14,192 - INFO - POST http://localhost:9201/nku_search/_search [status:200 duration:0.002s]
2024-12-15 00:29:14,194 - INFO - POST http://localhost:9201/nku_search/_search [status:200 duration:0.002s]
2024-12-15 00:29:14,196 - INFO - POST http://localhost:9201/nku_search/_search [status:200 duration:0.002s]
2024-12-15 00:29:14,197 - INFO - POST http://localhost:9201/nku_search/_search [status:200 duration:0.002s]
2024-12-15 00:29:14,199 - INFO - POST http://localhost:9201/nku_search/_search [status:200 duration:0.002s]
2024-12-15 00:29:14,200 - INFO - POST http://localhost:9201/nku_search/_search [status:200 duration:0.001s]
2024-12-15 00:29:14,202 - INFO - POST http://localhost:9201/nku_search/_search [status:200 duration:0.002s]
2024-12-15 00:29:14,204 - INFO - POST http://localhost:9201/nku_search/_search [status:200 duration:0.002s]
2024-12-15 00:29:14,206 - INFO - POST http://localhost:9201/nku_search/_search [status:200 duration:0.002s]
2024-12-15 00:29:14,207 - INFO - POST http://localhost:9201/nku_search/_search [status:200 duration:0.001s]
2024-12-15 00:29:14,208 - INFO - POST http://localhost:9201/nku_search/_search [status:200 duration:0.001s]
2024-12-15 00:29:14,211 - INFO - POST http://localhost:9201/nku_search/_search [status:200 duration:0.002s]
2024-12-15 00:29:14,212 - INFO - POST http://localhost:9201/nku_search/_search [status:200 duration:0.002s]
2024-12-15 00:29:14,214 - INFO - POST http://localhost:9201/nku_search/_search [status:200 duration:0.002s]
2024-12-15 00:29:14,216 - INFO - POST http://localhost:9201/nku_search/_search [status:200 duration:0.002s]
2024-12-15 00:29:14,218 - INFO - POST http://localhost:9201/nku_search/_search [status:200 duration:0.002s]
2024-12-15 00:29:14,219 - INFO - POST http://localhost:9201/nku_search/_search [status:200 duration:0.002s]
2024-12-15 00:29:14,221 - INFO - POST http://localhost:9201/nku_search/_search [status:200 duration:0.002s]
2024-12-15 00:29:14,224 - INFO - POST http://localhost:9201/nku_search/_search [status:200 duration:0.003s]
2024-12-15 00:29:14,225 - INFO - POST http://localhost:9201/nku_search/_search [status:200 duration:0.002s]
2024-12-15 00:29:14,227 - INFO - POST http://localhost:9201/nku_search/_search [status:200 duration:0.002s]
2024-12-15 00:29:14,229 - INFO - POST http://localhost:9201/nku_search/_search [status:200 duration:0.002s]
2024-12-15 00:29:14,232 - INFO - POST http://localhost:9201/nku_search/_search [status:200 duration:0.002s]
2024-12-15 00:29:14,234 - INFO - POST http://localhost:9201/nku_search/_search [status:200 duration:0.002s]
2024-12-15 00:29:14,236 - INFO - POST http://localhost:9201/nku_search/_search [status:200 duration:0.002s]
2024-12-15 00:29:14,238 - INFO - POST http://localhost:9201/nku_search/_search [status:200 duration:0.001s]
2024-12-15 00:29:14,240 - INFO - POST http://localhost:9201/nku_search/_search [status:200 duration:0.002s]
2024-12-15 00:29:14,242 - INFO - POST http://localhost:9201/nku_search/_search [status:200 duration:0.002s]
2024-12-15 00:29:14,244 - INFO - POST http://localhost:9201/nku_search/_search [status:200 duration:0.002s]
2024-12-15 00:29:14,246 - INFO - POST http://localhost:9201/nku_search/_search [status:200 duration:0.002s]
2024-12-15 00:29:14,248 - INFO - POST http://localhost:9201/nku_search/_search [status:200 duration:0.002s]
2024-12-15 00:29:14,249 - INFO - POST http://localhost:9201/nku_search/_search [status:200 duration:0.002s]
2024-12-15 00:29:14,252 - INFO - POST http://localhost:9201/nku_search/_search [status:200 duration:0.002s]
2024-12-15 00:29:14,254 - INFO - POST http://localhost:9201/nku_search/_search [status:200 duration:0.002s]
2024-12-15 00:29:14,256 - INFO - POST http://localhost:9201/nku_search/_search [status:200 duration:0.001s]
2024-12-15 00:29:14,258 - INFO - POST http://localhost:9201/nku_search/_search [status:200 duration:0.001s]
2024-12-15 00:29:14,260 - INFO - POST http://localhost:9201/nku_search/_search [status:200 duration:0.002s]
2024-12-15 00:29:14,262 - INFO - POST http://localhost:9201/nku_search/_search [status:200 duration:0.002s]
2024-12-15 00:29:14,264 - INFO - POST http://localhost:9201/nku_search/_search [status:200 duration:0.002s]
2024-12-15 00:29:14,266 - INFO - POST http://localhost:9201/nku_search/_search [status:200 duration:0.002s]
2024-12-15 00:29:14,268 - INFO - POST http://localhost:9201/nku_search/_search [status:200 duration:0.002s]
2024-12-15 00:29:14,270 - INFO - POST http://localhost:9201/nku_search/_search [status:200 duration:0.002s]
2024-12-15 00:29:14,272 - INFO - POST http://localhost:9201/nku_search/_search [status:200 duration:0.002s]
2024-12-15 00:29:14,274 - INFO - POST http://localhost:9201/nku_search/_search [status:200 duration:0.002s]
2024-12-15 00:29:14,276 - INFO - POST http://localhost:9201/nku_search/_search [status:200 duration:0.002s]
2024-12-15 00:29:14,279 - INFO - POST http://localhost:9201/nku_search/_search [status:200 duration:0.003s]
2024-12-15 00:29:14,280 - INFO - POST http://localhost:9201/nku_search/_search [status:200 duration:0.002s]
2024-12-15 00:29:14,282 - INFO - POST http://localhost:9201/nku_search/_search [status:200 duration:0.002s]
2024-12-15 00:29:14,284 - INFO - POST http://localhost:9201/nku_search/_search [status:200 duration:0.002s]
2024-12-15 00:29:14,286 - INFO - POST http://localhost:9201/nku_search/_search [status:200 duration:0.002s]
2024-12-15 00:29:14,288 - INFO - POST http://localhost:9201/nku_search/_search [status:200 duration:0.002s]
2024-12-15 00:29:14,291 - INFO - POST http://localhost:9201/nku_search/_search [status:200 duration:0.002s]
2024-12-15 00:29:14,293 - INFO - POST http://localhost:9201/nku_search/_search [status:200 duration:0.001s]
2024-12-15 00:29:14,295 - INFO - POST http://localhost:9201/nku_search/_search [status:200 duration:0.002s]
2024-12-15 00:29:14,297 - INFO - POST http://localhost:9201/nku_search/_search [status:200 duration:0.002s]
2024-12-15 00:29:14,299 - INFO - POST http://localhost:9201/nku_search/_search [status:200 duration:0.002s]
2024-12-15 00:29:14,301 - INFO - POST http://localhost:9201/nku_search/_search [status:200 duration:0.002s]
2024-12-15 00:29:14,303 - INFO - POST http://localhost:9201/nku_search/_search [status:200 duration:0.002s]
2024-12-15 00:29:14,305 - INFO - POST http://localhost:9201/nku_search/_search [status:200 duration:0.002s]
2024-12-15 00:29:14,306 - INFO - POST http://localhost:9201/nku_search/_search [status:200 duration:0.002s]
2024-12-15 00:29:14,308 - INFO - POST http://localhost:9201/nku_search/_search [status:200 duration:0.002s]
2024-12-15 00:29:14,310 - INFO - POST http://localhost:9201/nku_search/_search [status:200 duration:0.001s]
2024-12-15 00:29:14,312 - INFO - POST http://localhost:9201/nku_search/_search [status:200 duration:0.001s]
2024-12-15 00:29:14,314 - INFO - POST http://localhost:9201/nku_search/_search [status:200 duration:0.002s]
2024-12-15 00:29:14,316 - INFO - POST http://localhost:9201/nku_search/_search [status:200 duration:0.002s]
2024-12-15 00:29:14,318 - INFO - POST http://localhost:9201/nku_search/_search [status:200 duration:0.001s]
2024-12-15 00:29:14,320 - INFO - POST http://localhost:9201/nku_search/_search [status:200 duration:0.002s]
2024-12-15 00:29:14,322 - INFO - POST http://localhost:9201/nku_search/_search [status:200 duration:0.002s]
2024-12-15 00:29:14,324 - INFO - POST http://localhost:9201/nku_search/_search [status:200 duration:0.002s]
2024-12-15 00:29:14,327 - INFO - POST http://localhost:9201/nku_search/_search [status:200 duration:0.002s]
2024-12-15 00:29:14,329 - INFO - POST http://localhost:9201/nku_search/_search [status:200 duration:0.002s]
2024-12-15 00:29:14,331 - INFO - POST http://localhost:9201/nku_search/_search [status:200 duration:0.001s]
2024-12-15 00:29:14,333 - INFO - POST http://localhost:9201/nku_search/_search [status:200 duration:0.002s]
2024-12-15 00:29:14,335 - INFO - POST http://localhost:9201/nku_search/_search [status:200 duration:0.002s]
2024-12-15 00:29:14,337 - INFO - POST http://localhost:9201/nku_search/_search [status:200 duration:0.002s]
2024-12-15 00:29:14,339 - INFO - POST http://localhost:9201/nku_search/_search [status:200 duration:0.002s]
2024-12-15 00:29:14,341 - INFO - POST http://localhost:9201/nku_search/_search [status:200 duration:0.002s]
2024-12-15 00:29:14,342 - INFO - POST http://localhost:9201/nku_search/_search [status:200 duration:0.002s]
2024-12-15 00:29:14,345 - INFO - POST http://localhost:9201/nku_search/_search [status:200 duration:0.002s]
2024-12-15 00:29:14,347 - INFO - POST http://localhost:9201/nku_search/_search [status:200 duration:0.002s]
2024-12-15 00:29:14,349 - INFO - POST http://localhost:9201/nku_search/_search [status:200 duration:0.002s]
2024-12-15 00:29:14,353 - INFO - POST http://localhost:9201/nku_search/_search [status:200 duration:0.004s]
2024-12-15 00:29:14,357 - INFO - POST http://localhost:9201/nku_search/_search [status:200 duration:0.002s]
2024-12-15 00:29:14,359 - INFO - POST http://localhost:9201/nku_search/_search [status:200 duration:0.002s]
2024-12-15 00:29:14,362 - INFO - POST http://localhost:9201/nku_search/_search [status:200 duration:0.003s]
2024-12-15 00:29:14,365 - INFO - POST http://localhost:9201/nku_search/_search [status:200 duration:0.002s]
2024-12-15 00:29:14,367 - INFO - POST http://localhost:9201/nku_search/_search [status:200 duration:0.002s]
2024-12-15 00:29:14,371 - INFO - POST http://localhost:9201/nku_search/_search [status:200 duration:0.003s]
2024-12-15 00:29:14,374 - INFO - POST http://localhost:9201/nku_search/_search [status:200 duration:0.002s]
2024-12-15 00:29:14,376 - INFO - POST http://localhost:9201/nku_search/_search [status:200 duration:0.002s]
2024-12-15 00:29:14,379 - INFO - POST http://localhost:9201/nku_search/_search [status:200 duration:0.002s]
2024-12-15 00:29:14,381 - INFO - POST http://localhost:9201/nku_search/_search [status:200 duration:0.003s]
2024-12-15 00:29:14,384 - INFO - POST http://localhost:9201/nku_search/_search [status:200 duration:0.002s]
2024-12-15 00:29:14,387 - INFO - POST http://localhost:9201/nku_search/_search [status:200 duration:0.003s]
2024-12-15 00:29:14,390 - INFO - POST http://localhost:9201/nku_search/_search [status:200 duration:0.003s]
2024-12-15 00:29:14,393 - INFO - POST http://localhost:9201/nku_search/_search [status:200 duration:0.002s]
2024-12-15 00:29:14,395 - INFO - POST http://localhost:9201/nku_search/_search [status:200 duration:0.002s]
2024-12-15 00:29:14,397 - INFO - POST http://localhost:9201/nku_search/_search [status:200 duration:0.002s]
2024-12-15 00:29:14,399 - INFO - POST http://localhost:9201/nku_search/_search [status:200 duration:0.002s]
2024-12-15 00:29:14,400 - INFO - POST http://localhost:9201/nku_search/_search [status:200 duration:0.002s]
2024-12-15 00:29:14,402 - INFO - POST http://localhost:9201/nku_search/_search [status:200 duration:0.002s]
2024-12-15 00:29:14,405 - INFO - POST http://localhost:9201/nku_search/_search [status:200 duration:0.002s]
2024-12-15 00:29:14,407 - INFO - POST http://localhost:9201/nku_search/_search [status:200 duration:0.002s]
2024-12-15 00:29:14,408 - INFO - POST http://localhost:9201/nku_search/_search [status:200 duration:0.002s]
2024-12-15 00:29:14,411 - INFO - POST http://localhost:9201/nku_search/_search [status:200 duration:0.002s]
2024-12-15 00:29:14,413 - INFO - POST http://localhost:9201/nku_search/_search [status:200 duration:0.002s]
2024-12-15 00:29:14,414 - INFO - POST http://localhost:9201/nku_search/_search [status:200 duration:0.001s]
2024-12-15 00:29:14,416 - INFO - POST http://localhost:9201/nku_search/_search [status:200 duration:0.001s]
2024-12-15 00:29:14,418 - INFO - POST http://localhost:9201/nku_search/_search [status:200 duration:0.002s]
2024-12-15 00:29:14,419 - INFO - POST http://localhost:9201/nku_search/_search [status:200 duration:0.001s]
2024-12-15 00:29:14,421 - INFO - POST http://localhost:9201/nku_search/_search [status:200 duration:0.003s]
2024-12-15 00:29:14,423 - INFO - POST http://localhost:9201/nku_search/_search [status:200 duration:0.002s]
2024-12-15 00:29:14,426 - INFO - POST http://localhost:9201/nku_search/_search [status:200 duration:0.002s]
2024-12-15 00:29:14,427 - INFO - POST http://localhost:9201/nku_search/_search [status:200 duration:0.002s]
2024-12-15 00:29:14,430 - INFO - POST http://localhost:9201/nku_search/_search [status:200 duration:0.002s]
2024-12-15 00:29:14,431 - INFO - POST http://localhost:9201/nku_search/_search [status:200 duration:0.002s]
2024-12-15 00:29:14,433 - INFO - POST http://localhost:9201/nku_search/_search [status:200 duration:0.002s]
2024-12-15 00:29:14,435 - INFO - POST http://localhost:9201/nku_search/_search [status:200 duration:0.001s]
2024-12-15 00:29:14,438 - INFO - POST http://localhost:9201/nku_search/_search [status:200 duration:0.002s]
2024-12-15 00:29:14,439 - INFO - POST http://localhost:9201/nku_search/_search [status:200 duration:0.002s]
2024-12-15 00:29:14,441 - INFO - POST http://localhost:9201/nku_search/_search [status:200 duration:0.002s]
2024-12-15 00:29:14,444 - INFO - POST http://localhost:9201/nku_search/_search [status:200 duration:0.002s]
2024-12-15 00:29:14,446 - INFO - POST http://localhost:9201/nku_search/_search [status:200 duration:0.002s]
2024-12-15 00:29:14,447 - INFO - POST http://localhost:9201/nku_search/_search [status:200 duration:0.002s]
2024-12-15 00:29:14,450 - INFO - POST http://localhost:9201/nku_search/_search [status:200 duration:0.002s]
2024-12-15 00:29:14,452 - INFO - POST http://localhost:9201/nku_search/_search [status:200 duration:0.002s]
2024-12-15 00:29:14,454 - INFO - POST http://localhost:9201/nku_search/_search [status:200 duration:0.002s]
2024-12-15 00:29:14,456 - INFO - POST http://localhost:9201/nku_search/_search [status:200 duration:0.002s]
2024-12-15 00:29:14,458 - INFO - POST http://localhost:9201/nku_search/_search [status:200 duration:0.002s]
2024-12-15 00:29:14,460 - INFO - POST http://localhost:9201/nku_search/_search [status:200 duration:0.002s]
2024-12-15 00:29:14,461 - INFO - POST http://localhost:9201/nku_search/_search [status:200 duration:0.002s]
2024-12-15 00:29:14,463 - INFO - POST http://localhost:9201/nku_search/_search [status:200 duration:0.002s]
2024-12-15 00:29:14,465 - INFO - POST http://localhost:9201/nku_search/_search [status:200 duration:0.002s]
2024-12-15 00:29:14,467 - INFO - POST http://localhost:9201/nku_search/_search [status:200 duration:0.002s]
2024-12-15 00:29:14,469 - INFO - POST http://localhost:9201/nku_search/_search [status:200 duration:0.002s]
2024-12-15 00:29:14,471 - INFO - POST http://localhost:9201/nku_search/_search [status:200 duration:0.002s]
2024-12-15 00:29:14,473 - INFO - POST http://localhost:9201/nku_search/_search [status:200 duration:0.002s]
2024-12-15 00:29:14,475 - INFO - POST http://localhost:9201/nku_search/_search [status:200 duration:0.002s]
2024-12-15 00:29:14,477 - INFO - POST http://localhost:9201/nku_search/_search [status:200 duration:0.002s]
2024-12-15 00:29:14,479 - INFO - POST http://localhost:9201/nku_search/_search [status:200 duration:0.002s]
2024-12-15 00:29:14,480 - INFO - POST http://localhost:9201/nku_search/_search [status:200 duration:0.002s]
2024-12-15 00:29:14,482 - INFO - POST http://localhost:9201/nku_search/_search [status:200 duration:0.002s]
2024-12-15 00:29:14,484 - INFO - POST http://localhost:9201/nku_search/_search [status:200 duration:0.002s]
2024-12-15 00:29:14,487 - INFO - POST http://localhost:9201/nku_search/_search [status:200 duration:0.002s]
2024-12-15 00:29:14,489 - INFO - POST http://localhost:9201/nku_search/_search [status:200 duration:0.002s]
2024-12-15 00:29:14,491 - INFO - POST http://localhost:9201/nku_search/_search [status:200 duration:0.002s]
2024-12-15 00:29:14,493 - INFO - POST http://localhost:9201/nku_search/_search [status:200 duration:0.002s]
2024-12-15 00:29:14,495 - INFO - POST http://localhost:9201/nku_search/_search [status:200 duration:0.002s]
2024-12-15 00:29:14,497 - INFO - POST http://localhost:9201/nku_search/_search [status:200 duration:0.002s]
2024-12-15 00:29:14,498 - INFO - POST http://localhost:9201/nku_search/_search [status:200 duration:0.002s]
2024-12-15 00:29:14,500 - INFO - POST http://localhost:9201/nku_search/_search [status:200 duration:0.002s]
2024-12-15 00:29:14,507 - INFO - POST http://localhost:9201/nku_search/_search [status:200 duration:0.007s]
2024-12-15 00:29:14,510 - INFO - POST http://localhost:9201/nku_search/_search [status:200 duration:0.002s]
2024-12-15 00:29:14,512 - INFO - POST http://localhost:9201/nku_search/_search [status:200 duration:0.002s]
2024-12-15 00:29:14,514 - INFO - POST http://localhost:9201/nku_search/_search [status:200 duration:0.002s]
2024-12-15 00:29:14,516 - INFO - POST http://localhost:9201/nku_search/_search [status:200 duration:0.002s]
2024-12-15 00:29:14,518 - INFO - POST http://localhost:9201/nku_search/_search [status:200 duration:0.001s]
2024-12-15 00:29:14,521 - INFO - POST http://localhost:9201/nku_search/_search [status:200 duration:0.003s]
2024-12-15 00:29:14,523 - INFO - POST http://localhost:9201/nku_search/_search [status:200 duration:0.002s]
2024-12-15 00:29:14,525 - INFO - POST http://localhost:9201/nku_search/_search [status:200 duration:0.002s]
2024-12-15 00:29:14,527 - INFO - POST http://localhost:9201/nku_search/_search [status:200 duration:0.002s]
2024-12-15 00:29:14,529 - INFO - POST http://localhost:9201/nku_search/_search [status:200 duration:0.001s]
2024-12-15 00:29:14,531 - INFO - POST http://localhost:9201/nku_search/_search [status:200 duration:0.002s]
2024-12-15 00:29:14,534 - INFO - POST http://localhost:9201/nku_search/_search [status:200 duration:0.003s]
2024-12-15 00:29:14,536 - INFO - POST http://localhost:9201/nku_search/_search [status:200 duration:0.001s]
2024-12-15 00:29:14,538 - INFO - POST http://localhost:9201/nku_search/_search [status:200 duration:0.002s]
2024-12-15 00:29:14,540 - INFO - POST http://localhost:9201/nku_search/_search [status:200 duration:0.002s]
2024-12-15 00:29:14,542 - INFO - POST http://localhost:9201/nku_search/_search [status:200 duration:0.002s]
2024-12-15 00:29:14,544 - INFO - POST http://localhost:9201/nku_search/_search [status:200 duration:0.002s]
2024-12-15 00:29:14,546 - INFO - POST http://localhost:9201/nku_search/_search [status:200 duration:0.001s]
2024-12-15 00:29:14,548 - INFO - POST http://localhost:9201/nku_search/_search [status:200 duration:0.002s]
2024-12-15 00:29:14,550 - INFO - POST http://localhost:9201/nku_search/_search [status:200 duration:0.002s]
2024-12-15 00:29:14,552 - INFO - POST http://localhost:9201/nku_search/_search [status:200 duration:0.002s]
2024-12-15 00:29:14,554 - INFO - POST http://localhost:9201/nku_search/_search [status:200 duration:0.002s]
2024-12-15 00:29:14,557 - INFO - POST http://localhost:9201/nku_search/_search [status:200 duration:0.002s]
2024-12-15 00:29:14,559 - INFO - POST http://localhost:9201/nku_search/_search [status:200 duration:0.002s]
2024-12-15 00:29:14,560 - INFO - POST http://localhost:9201/nku_search/_search [status:200 duration:0.002s]
2024-12-15 00:29:14,563 - INFO - POST http://localhost:9201/nku_search/_search [status:200 duration:0.002s]
2024-12-15 00:29:14,564 - INFO - POST http://localhost:9201/nku_search/_search [status:200 duration:0.002s]
2024-12-15 00:29:14,566 - INFO - POST http://localhost:9201/nku_search/_search [status:200 duration:0.001s]
2024-12-15 00:29:14,568 - INFO - POST http://localhost:9201/nku_search/_search [status:200 duration:0.001s]
2024-12-15 00:29:14,569 - INFO - POST http://localhost:9201/nku_search/_search [status:200 duration:0.002s]
2024-12-15 00:29:14,571 - INFO - POST http://localhost:9201/nku_search/_search [status:200 duration:0.002s]
2024-12-15 00:29:14,572 - INFO - POST http://localhost:9201/nku_search/_search [status:200 duration:0.001s]
2024-12-15 00:29:14,574 - INFO - POST http://localhost:9201/nku_search/_search [status:200 duration:0.002s]
2024-12-15 00:29:14,576 - INFO - POST http://localhost:9201/nku_search/_search [status:200 duration:0.002s]
2024-12-15 00:29:14,577 - INFO - POST http://localhost:9201/nku_search/_search [status:200 duration:0.001s]
2024-12-15 00:29:14,579 - INFO - POST http://localhost:9201/nku_search/_search [status:200 duration:0.001s]
2024-12-15 00:29:14,581 - INFO - POST http://localhost:9201/nku_search/_search [status:200 duration:0.002s]
2024-12-15 00:29:14,583 - INFO - POST http://localhost:9201/nku_search/_search [status:200 duration:0.003s]
2024-12-15 00:29:14,585 - INFO - POST http://localhost:9201/nku_search/_search [status:200 duration:0.002s]
2024-12-15 00:29:14,587 - INFO - POST http://localhost:9201/nku_search/_search [status:200 duration:0.002s]
2024-12-15 00:29:14,590 - INFO - POST http://localhost:9201/nku_search/_search [status:200 duration:0.002s]
2024-12-15 00:29:14,591 - INFO - POST http://localhost:9201/nku_search/_search [status:200 duration:0.002s]
2024-12-15 00:29:14,594 - INFO - POST http://localhost:9201/nku_search/_search [status:200 duration:0.003s]
2024-12-15 00:29:14,604 - INFO - POST http://localhost:9201/nku_search/_search [status:200 duration:0.002s]
2024-12-15 00:29:14,606 - INFO - POST http://localhost:9201/nku_search/_search [status:200 duration:0.002s]
2024-12-15 00:29:14,608 - INFO - POST http://localhost:9201/nku_search/_search [status:200 duration:0.001s]
2024-12-15 00:29:14,611 - INFO - POST http://localhost:9201/nku_search/_search [status:200 duration:0.003s]
2024-12-15 00:29:14,614 - INFO - POST http://localhost:9201/nku_search/_search [status:200 duration:0.002s]
2024-12-15 00:29:14,616 - INFO - POST http://localhost:9201/nku_search/_search [status:200 duration:0.002s]
2024-12-15 00:29:14,618 - INFO - POST http://localhost:9201/nku_search/_search [status:200 duration:0.002s]
2024-12-15 00:29:14,621 - INFO - POST http://localhost:9201/nku_search/_search [status:200 duration:0.002s]
2024-12-15 00:29:14,623 - INFO - POST http://localhost:9201/nku_search/_search [status:200 duration:0.002s]
2024-12-15 00:29:14,625 - INFO - POST http://localhost:9201/nku_search/_search [status:200 duration:0.002s]
2024-12-15 00:29:14,627 - INFO - POST http://localhost:9201/nku_search/_search [status:200 duration:0.002s]
2024-12-15 00:29:14,630 - INFO - POST http://localhost:9201/nku_search/_search [status:200 duration:0.002s]
2024-12-15 00:29:14,631 - INFO - POST http://localhost:9201/nku_search/_search [status:200 duration:0.002s]
2024-12-15 00:29:14,633 - INFO - POST http://localhost:9201/nku_search/_search [status:200 duration:0.001s]
2024-12-15 00:29:14,635 - INFO - POST http://localhost:9201/nku_search/_search [status:200 duration:0.002s]
2024-12-15 00:29:14,636 - INFO - POST http://localhost:9201/nku_search/_search [status:200 duration:0.002s]
2024-12-15 00:29:14,638 - INFO - POST http://localhost:9201/nku_search/_search [status:200 duration:0.002s]
2024-12-15 00:29:14,639 - INFO - POST http://localhost:9201/nku_search/_search [status:200 duration:0.001s]
2024-12-15 00:29:14,641 - INFO - POST http://localhost:9201/nku_search/_search [status:200 duration:0.002s]
2024-12-15 00:29:14,643 - INFO - POST http://localhost:9201/nku_search/_search [status:200 duration:0.002s]
2024-12-15 00:29:14,645 - INFO - POST http://localhost:9201/nku_search/_search [status:200 duration:0.001s]
2024-12-15 00:29:14,646 - INFO - POST http://localhost:9201/nku_search/_search [status:200 duration:0.002s]
2024-12-15 00:29:14,649 - INFO - POST http://localhost:9201/nku_search/_search [status:200 duration:0.002s]
2024-12-15 00:29:14,652 - INFO - POST http://localhost:9201/nku_search/_search [status:200 duration:0.003s]
2024-12-15 00:29:14,655 - INFO - POST http://localhost:9201/nku_search/_search [status:200 duration:0.002s]
2024-12-15 00:29:14,657 - INFO - POST http://localhost:9201/nku_search/_search [status:200 duration:0.002s]
2024-12-15 00:29:14,658 - INFO - POST http://localhost:9201/nku_search/_search [status:200 duration:0.001s]
2024-12-15 00:29:14,660 - INFO - POST http://localhost:9201/nku_search/_search [status:200 duration:0.002s]
2024-12-15 00:29:14,662 - INFO - POST http://localhost:9201/nku_search/_search [status:200 duration:0.002s]
2024-12-15 00:29:14,663 - INFO - POST http://localhost:9201/nku_search/_search [status:200 duration:0.002s]
2024-12-15 00:29:14,665 - INFO - POST http://localhost:9201/nku_search/_search [status:200 duration:0.001s]
2024-12-15 00:29:14,667 - INFO - POST http://localhost:9201/nku_search/_search [status:200 duration:0.001s]
2024-12-15 00:29:14,668 - INFO - POST http://localhost:9201/nku_search/_search [status:200 duration:0.002s]
2024-12-15 00:29:14,670 - INFO - POST http://localhost:9201/nku_search/_search [status:200 duration:0.002s]
2024-12-15 00:29:14,673 - INFO - POST http://localhost:9201/nku_search/_search [status:200 duration:0.002s]
2024-12-15 00:29:14,675 - INFO - POST http://localhost:9201/nku_search/_search [status:200 duration:0.002s]
2024-12-15 00:29:14,676 - INFO - POST http://localhost:9201/nku_search/_search [status:200 duration:0.001s]
2024-12-15 00:29:14,678 - INFO - POST http://localhost:9201/nku_search/_search [status:200 duration:0.002s]
2024-12-15 00:29:14,680 - INFO - POST http://localhost:9201/nku_search/_search [status:200 duration:0.002s]
2024-12-15 00:29:14,682 - INFO - POST http://localhost:9201/nku_search/_search [status:200 duration:0.002s]
2024-12-15 00:29:14,683 - INFO - POST http://localhost:9201/nku_search/_search [status:200 duration:0.001s]
2024-12-15 00:29:14,685 - INFO - POST http://localhost:9201/nku_search/_search [status:200 duration:0.001s]
2024-12-15 00:29:14,686 - INFO - POST http://localhost:9201/nku_search/_search [status:200 duration:0.002s]
2024-12-15 00:29:14,688 - INFO - POST http://localhost:9201/nku_search/_search [status:200 duration:0.001s]
2024-12-15 00:29:14,690 - INFO - POST http://localhost:9201/nku_search/_search [status:200 duration:0.002s]
2024-12-15 00:29:14,691 - INFO - POST http://localhost:9201/nku_search/_search [status:200 duration:0.002s]
2024-12-15 00:29:14,693 - INFO - POST http://localhost:9201/nku_search/_search [status:200 duration:0.002s]
2024-12-15 00:29:14,695 - INFO - POST http://localhost:9201/nku_search/_search [status:200 duration:0.002s]
2024-12-15 00:29:14,698 - INFO - POST http://localhost:9201/nku_search/_search [status:200 duration:0.002s]
2024-12-15 00:29:14,699 - INFO - POST http://localhost:9201/nku_search/_search [status:200 duration:0.002s]
2024-12-15 00:29:14,701 - INFO - POST http://localhost:9201/nku_search/_search [status:200 duration:0.002s]
2024-12-15 00:29:14,704 - INFO - POST http://localhost:9201/nku_search/_search [status:200 duration:0.002s]
2024-12-15 00:29:14,705 - INFO - POST http://localhost:9201/nku_search/_search [status:200 duration:0.002s]
2024-12-15 00:29:14,707 - INFO - POST http://localhost:9201/nku_search/_search [status:200 duration:0.002s]
2024-12-15 00:29:14,708 - INFO - POST http://localhost:9201/nku_search/_search [status:200 duration:0.002s]
2024-12-15 00:29:14,710 - INFO - POST http://localhost:9201/nku_search/_search [status:200 duration:0.001s]
2024-12-15 00:29:14,712 - INFO - POST http://localhost:9201/nku_search/_search [status:200 duration:0.001s]
2024-12-15 00:29:14,713 - INFO - POST http://localhost:9201/nku_search/_search [status:200 duration:0.001s]
2024-12-15 00:29:14,715 - INFO - POST http://localhost:9201/nku_search/_search [status:200 duration:0.001s]
2024-12-15 00:29:14,717 - INFO - POST http://localhost:9201/nku_search/_search [status:200 duration:0.002s]
2024-12-15 00:29:14,719 - INFO - POST http://localhost:9201/nku_search/_search [status:200 duration:0.002s]
2024-12-15 00:29:14,721 - INFO - POST http://localhost:9201/nku_search/_search [status:200 duration:0.002s]
2024-12-15 00:29:14,723 - INFO - POST http://localhost:9201/nku_search/_search [status:200 duration:0.002s]
2024-12-15 00:29:14,725 - INFO - POST http://localhost:9201/nku_search/_search [status:200 duration:0.002s]
2024-12-15 00:29:14,727 - INFO - POST http://localhost:9201/nku_search/_search [status:200 duration:0.002s]
2024-12-15 00:29:14,729 - INFO - POST http://localhost:9201/nku_search/_search [status:200 duration:0.002s]
2024-12-15 00:29:14,731 - INFO - POST http://localhost:9201/nku_search/_search [status:200 duration:0.002s]
2024-12-15 00:29:14,733 - INFO - POST http://localhost:9201/nku_search/_search [status:200 duration:0.002s]
2024-12-15 00:29:14,734 - INFO - POST http://localhost:9201/nku_search/_search [status:200 duration:0.002s]
2024-12-15 00:29:14,736 - INFO - POST http://localhost:9201/nku_search/_search [status:200 duration:0.002s]
2024-12-15 00:29:14,738 - INFO - POST http://localhost:9201/nku_search/_search [status:200 duration:0.002s]
2024-12-15 00:29:14,740 - INFO - POST http://localhost:9201/nku_search/_search [status:200 duration:0.002s]
2024-12-15 00:29:14,741 - INFO - POST http://localhost:9201/nku_search/_search [status:200 duration:0.002s]
2024-12-15 00:29:14,743 - INFO - POST http://localhost:9201/nku_search/_search [status:200 duration:0.002s]
2024-12-15 00:29:14,745 - INFO - POST http://localhost:9201/nku_search/_search [status:200 duration:0.002s]
2024-12-15 00:29:14,747 - INFO - POST http://localhost:9201/nku_search/_search [status:200 duration:0.002s]
2024-12-15 00:29:14,750 - INFO - POST http://localhost:9201/nku_search/_search [status:200 duration:0.002s]
2024-12-15 00:29:14,752 - INFO - POST http://localhost:9201/nku_search/_search [status:200 duration:0.002s]
2024-12-15 00:29:14,754 - INFO - POST http://localhost:9201/nku_search/_search [status:200 duration:0.002s]
2024-12-15 00:29:14,757 - INFO - POST http://localhost:9201/nku_search/_search [status:200 duration:0.002s]
2024-12-15 00:29:14,762 - INFO - POST http://localhost:9201/nku_search/_search [status:200 duration:0.005s]
2024-12-15 00:29:14,764 - INFO - POST http://localhost:9201/nku_search/_search [status:200 duration:0.002s]
2024-12-15 00:29:14,768 - INFO - POST http://localhost:9201/nku_search/_search [status:200 duration:0.003s]
2024-12-15 00:29:14,769 - INFO - POST http://localhost:9201/nku_search/_search [status:200 duration:0.001s]
2024-12-15 00:29:14,771 - INFO - POST http://localhost:9201/nku_search/_search [status:200 duration:0.002s]
2024-12-15 00:29:14,774 - INFO - POST http://localhost:9201/nku_search/_search [status:200 duration:0.002s]
2024-12-15 00:29:14,775 - INFO - POST http://localhost:9201/nku_search/_search [status:200 duration:0.001s]
2024-12-15 00:29:14,776 - INFO - POST http://localhost:9201/nku_search/_search [status:200 duration:0.001s]
2024-12-15 00:29:14,779 - INFO - POST http://localhost:9201/nku_search/_search [status:200 duration:0.002s]
2024-12-15 00:29:14,780 - INFO - POST http://localhost:9201/nku_search/_search [status:200 duration:0.002s]
2024-12-15 00:29:14,782 - INFO - POST http://localhost:9201/nku_search/_search [status:200 duration:0.002s]
2024-12-15 00:29:14,784 - INFO - POST http://localhost:9201/nku_search/_search [status:200 duration:0.002s]
2024-12-15 00:29:14,786 - INFO - POST http://localhost:9201/nku_search/_search [status:200 duration:0.002s]
2024-12-15 00:29:14,787 - INFO - POST http://localhost:9201/nku_search/_search [status:200 duration:0.001s]
2024-12-15 00:29:14,790 - INFO - POST http://localhost:9201/nku_search/_search [status:200 duration:0.002s]
2024-12-15 00:29:14,791 - INFO - POST http://localhost:9201/nku_search/_search [status:200 duration:0.001s]
2024-12-15 00:29:14,793 - INFO - POST http://localhost:9201/nku_search/_search [status:200 duration:0.002s]
2024-12-15 00:29:14,795 - INFO - POST http://localhost:9201/nku_search/_search [status:200 duration:0.002s]
2024-12-15 00:29:14,797 - INFO - POST http://localhost:9201/nku_search/_search [status:200 duration:0.002s]
2024-12-15 00:29:14,799 - INFO - POST http://localhost:9201/nku_search/_search [status:200 duration:0.002s]
2024-12-15 00:29:14,801 - INFO - POST http://localhost:9201/nku_search/_search [status:200 duration:0.002s]
2024-12-15 00:29:14,803 - INFO - POST http://localhost:9201/nku_search/_search [status:200 duration:0.002s]
2024-12-15 00:29:14,805 - INFO - POST http://localhost:9201/nku_search/_search [status:200 duration:0.002s]
2024-12-15 00:29:14,807 - INFO - POST http://localhost:9201/nku_search/_search [status:200 duration:0.002s]
2024-12-15 00:29:14,809 - INFO - POST http://localhost:9201/nku_search/_search [status:200 duration:0.002s]
2024-12-15 00:29:14,811 - INFO - POST http://localhost:9201/nku_search/_search [status:200 duration:0.002s]
2024-12-15 00:29:14,813 - INFO - POST http://localhost:9201/nku_search/_search [status:200 duration:0.002s]
2024-12-15 00:29:14,815 - INFO - POST http://localhost:9201/nku_search/_search [status:200 duration:0.001s]
2024-12-15 00:29:14,817 - INFO - POST http://localhost:9201/nku_search/_search [status:200 duration:0.002s]
2024-12-15 00:29:14,819 - INFO - POST http://localhost:9201/nku_search/_search [status:200 duration:0.002s]
2024-12-15 00:29:14,821 - INFO - POST http://localhost:9201/nku_search/_search [status:200 duration:0.002s]
2024-12-15 00:29:14,823 - INFO - POST http://localhost:9201/nku_search/_search [status:200 duration:0.002s]
2024-12-15 00:29:14,825 - INFO - POST http://localhost:9201/nku_search/_search [status:200 duration:0.002s]
2024-12-15 00:29:14,827 - INFO - POST http://localhost:9201/nku_search/_search [status:200 duration:0.002s]
2024-12-15 00:29:14,829 - INFO - POST http://localhost:9201/nku_search/_search [status:200 duration:0.002s]
2024-12-15 00:29:14,831 - INFO - POST http://localhost:9201/nku_search/_search [status:200 duration:0.002s]
2024-12-15 00:29:14,833 - INFO - POST http://localhost:9201/nku_search/_search [status:200 duration:0.002s]
2024-12-15 00:29:14,835 - INFO - POST http://localhost:9201/nku_search/_search [status:200 duration:0.002s]
2024-12-15 00:29:14,836 - INFO - POST http://localhost:9201/nku_search/_search [status:200 duration:0.002s]
2024-12-15 00:29:14,838 - INFO - POST http://localhost:9201/nku_search/_search [status:200 duration:0.002s]
2024-12-15 00:29:14,840 - INFO - POST http://localhost:9201/nku_search/_search [status:200 duration:0.001s]
2024-12-15 00:29:14,842 - INFO - POST http://localhost:9201/nku_search/_search [status:200 duration:0.002s]
2024-12-15 00:29:14,844 - INFO - POST http://localhost:9201/nku_search/_search [status:200 duration:0.002s]
2024-12-15 00:29:14,846 - INFO - POST http://localhost:9201/nku_search/_search [status:200 duration:0.002s]
2024-12-15 00:29:14,848 - INFO - POST http://localhost:9201/nku_search/_search [status:200 duration:0.002s]
2024-12-15 00:29:14,850 - INFO - POST http://localhost:9201/nku_search/_search [status:200 duration:0.002s]
2024-12-15 00:29:14,852 - INFO - POST http://localhost:9201/nku_search/_search [status:200 duration:0.002s]
2024-12-15 00:29:14,854 - INFO - POST http://localhost:9201/nku_search/_search [status:200 duration:0.002s]
2024-12-15 00:29:14,856 - INFO - POST http://localhost:9201/nku_search/_search [status:200 duration:0.002s]
2024-12-15 00:29:14,858 - INFO - POST http://localhost:9201/nku_search/_search [status:200 duration:0.002s]
2024-12-15 00:29:14,860 - INFO - POST http://localhost:9201/nku_search/_search [status:200 duration:0.002s]
2024-12-15 00:29:14,863 - INFO - POST http://localhost:9201/nku_search/_search [status:200 duration:0.002s]
2024-12-15 00:29:14,864 - INFO - POST http://localhost:9201/nku_search/_search [status:200 duration:0.001s]
2024-12-15 00:29:14,866 - INFO - POST http://localhost:9201/nku_search/_search [status:200 duration:0.001s]
2024-12-15 00:29:14,868 - INFO - POST http://localhost:9201/nku_search/_search [status:200 duration:0.001s]
2024-12-15 00:29:14,869 - INFO - POST http://localhost:9201/nku_search/_search [status:200 duration:0.002s]
2024-12-15 00:29:14,871 - INFO - POST http://localhost:9201/nku_search/_search [status:200 duration:0.001s]
2024-12-15 00:29:14,873 - INFO - POST http://localhost:9201/nku_search/_search [status:200 duration:0.002s]
2024-12-15 00:29:14,875 - INFO - POST http://localhost:9201/nku_search/_search [status:200 duration:0.001s]
2024-12-15 00:29:14,876 - INFO - POST http://localhost:9201/nku_search/_search [status:200 duration:0.002s]
2024-12-15 00:29:14,879 - INFO - POST http://localhost:9201/nku_search/_search [status:200 duration:0.002s]
2024-12-15 00:29:14,881 - INFO - POST http://localhost:9201/nku_search/_search [status:200 duration:0.002s]
2024-12-15 00:29:14,882 - INFO - POST http://localhost:9201/nku_search/_search [status:200 duration:0.002s]
2024-12-15 00:29:14,885 - INFO - POST http://localhost:9201/nku_search/_search [status:200 duration:0.002s]
2024-12-15 00:29:14,887 - INFO - POST http://localhost:9201/nku_search/_search [status:200 duration:0.002s]
2024-12-15 00:29:14,889 - INFO - POST http://localhost:9201/nku_search/_search [status:200 duration:0.002s]
2024-12-15 00:29:14,891 - INFO - POST http://localhost:9201/nku_search/_search [status:200 duration:0.003s]
2024-12-15 00:29:14,893 - INFO - POST http://localhost:9201/nku_search/_search [status:200 duration:0.002s]
2024-12-15 00:29:14,895 - INFO - POST http://localhost:9201/nku_search/_search [status:200 duration:0.002s]
2024-12-15 00:29:14,897 - INFO - POST http://localhost:9201/nku_search/_search [status:200 duration:0.001s]
2024-12-15 00:29:14,899 - INFO - POST http://localhost:9201/nku_search/_search [status:200 duration:0.001s]
2024-12-15 00:29:14,901 - INFO - POST http://localhost:9201/nku_search/_search [status:200 duration:0.002s]
2024-12-15 00:29:14,902 - INFO - POST http://localhost:9201/nku_search/_search [status:200 duration:0.002s]
2024-12-15 00:29:14,904 - INFO - POST http://localhost:9201/nku_search/_search [status:200 duration:0.002s]
2024-12-15 00:29:14,906 - INFO - POST http://localhost:9201/nku_search/_search [status:200 duration:0.002s]
2024-12-15 00:29:14,907 - INFO - POST http://localhost:9201/nku_search/_search [status:200 duration:0.002s]
2024-12-15 00:29:14,909 - INFO - POST http://localhost:9201/nku_search/_search [status:200 duration:0.002s]
2024-12-15 00:29:14,911 - INFO - POST http://localhost:9201/nku_search/_search [status:200 duration:0.002s]
2024-12-15 00:29:14,914 - INFO - POST http://localhost:9201/nku_search/_search [status:200 duration:0.003s]
2024-12-15 00:29:14,916 - INFO - POST http://localhost:9201/nku_search/_search [status:200 duration:0.002s]
2024-12-15 00:29:14,918 - INFO - POST http://localhost:9201/nku_search/_search [status:200 duration:0.002s]
2024-12-15 00:29:14,919 - INFO - POST http://localhost:9201/nku_search/_search [status:200 duration:0.002s]
2024-12-15 00:29:14,921 - INFO - POST http://localhost:9201/nku_search/_search [status:200 duration:0.001s]
2024-12-15 00:29:14,923 - INFO - POST http://localhost:9201/nku_search/_search [status:200 duration:0.002s]
2024-12-15 00:29:14,925 - INFO - POST http://localhost:9201/nku_search/_search [status:200 duration:0.002s]
2024-12-15 00:29:14,927 - INFO - POST http://localhost:9201/nku_search/_search [status:200 duration:0.002s]
2024-12-15 00:29:14,929 - INFO - POST http://localhost:9201/nku_search/_search [status:200 duration:0.002s]
2024-12-15 00:29:14,932 - INFO - POST http://localhost:9201/nku_search/_search [status:200 duration:0.002s]
2024-12-15 00:29:14,934 - INFO - POST http://localhost:9201/nku_search/_search [status:200 duration:0.002s]
2024-12-15 00:29:14,936 - INFO - POST http://localhost:9201/nku_search/_search [status:200 duration:0.001s]
2024-12-15 00:29:14,937 - INFO - POST http://localhost:9201/nku_search/_search [status:200 duration:0.001s]
2024-12-15 00:29:14,939 - INFO - POST http://localhost:9201/nku_search/_search [status:200 duration:0.002s]
2024-12-15 00:29:14,941 - INFO - POST http://localhost:9201/nku_search/_search [status:200 duration:0.002s]
2024-12-15 00:29:14,943 - INFO - POST http://localhost:9201/nku_search/_search [status:200 duration:0.002s]
2024-12-15 00:29:14,944 - INFO - POST http://localhost:9201/nku_search/_search [status:200 duration:0.001s]
2024-12-15 00:29:14,946 - INFO - POST http://localhost:9201/nku_search/_search [status:200 duration:0.002s]
2024-12-15 00:29:14,948 - INFO - POST http://localhost:9201/nku_search/_search [status:200 duration:0.002s]
2024-12-15 00:29:14,949 - INFO - POST http://localhost:9201/nku_search/_search [status:200 duration:0.002s]
2024-12-15 00:29:14,950 - INFO - POST http://localhost:9201/nku_search/_search [status:200 duration:0.001s]
2024-12-15 00:29:14,952 - INFO - POST http://localhost:9201/nku_search/_search [status:200 duration:0.002s]
2024-12-15 00:29:14,955 - INFO - POST http://localhost:9201/nku_search/_search [status:200 duration:0.002s]
2024-12-15 00:29:14,956 - INFO - POST http://localhost:9201/nku_search/_search [status:200 duration:0.002s]
2024-12-15 00:29:14,958 - INFO - POST http://localhost:9201/nku_search/_search [status:200 duration:0.001s]
2024-12-15 00:29:14,960 - INFO - POST http://localhost:9201/nku_search/_search [status:200 duration:0.002s]
2024-12-15 00:29:14,961 - INFO - POST http://localhost:9201/nku_search/_search [status:200 duration:0.002s]
2024-12-15 00:29:14,963 - INFO - POST http://localhost:9201/nku_search/_search [status:200 duration:0.002s]
2024-12-15 00:29:14,964 - INFO - POST http://localhost:9201/nku_search/_search [status:200 duration:0.001s]
2024-12-15 00:29:14,966 - INFO - POST http://localhost:9201/nku_search/_search [status:200 duration:0.001s]
2024-12-15 00:29:14,967 - INFO - POST http://localhost:9201/nku_search/_search [status:200 duration:0.002s]
2024-12-15 00:29:14,969 - INFO - POST http://localhost:9201/nku_search/_search [status:200 duration:0.002s]
2024-12-15 00:29:14,970 - INFO - POST http://localhost:9201/nku_search/_search [status:200 duration:0.002s]
2024-12-15 00:29:14,972 - INFO - POST http://localhost:9201/nku_search/_search [status:200 duration:0.002s]
2024-12-15 00:29:14,974 - INFO - POST http://localhost:9201/nku_search/_search [status:200 duration:0.002s]
2024-12-15 00:29:14,975 - INFO - POST http://localhost:9201/nku_search/_search [status:200 duration:0.002s]
2024-12-15 00:29:14,976 - INFO - POST http://localhost:9201/nku_search/_search [status:200 duration:0.001s]
2024-12-15 00:29:14,978 - INFO - POST http://localhost:9201/nku_search/_search [status:200 duration:0.001s]
2024-12-15 00:29:14,980 - INFO - POST http://localhost:9201/nku_search/_search [status:200 duration:0.002s]
2024-12-15 00:29:14,981 - INFO - POST http://localhost:9201/nku_search/_search [status:200 duration:0.002s]
2024-12-15 00:29:14,983 - INFO - POST http://localhost:9201/nku_search/_search [status:200 duration:0.002s]
2024-12-15 00:29:14,985 - INFO - POST http://localhost:9201/nku_search/_search [status:200 duration:0.002s]
2024-12-15 00:29:14,986 - INFO - POST http://localhost:9201/nku_search/_search [status:200 duration:0.002s]
2024-12-15 00:29:14,988 - INFO - POST http://localhost:9201/nku_search/_search [status:200 duration:0.002s]
2024-12-15 00:29:14,990 - INFO - POST http://localhost:9201/nku_search/_search [status:200 duration:0.002s]
2024-12-15 00:29:14,992 - INFO - POST http://localhost:9201/nku_search/_search [status:200 duration:0.001s]
2024-12-15 00:29:14,994 - INFO - POST http://localhost:9201/nku_search/_search [status:200 duration:0.002s]
2024-12-15 00:29:14,995 - INFO - POST http://localhost:9201/nku_search/_search [status:200 duration:0.001s]
2024-12-15 00:29:14,996 - INFO - POST http://localhost:9201/nku_search/_search [status:200 duration:0.001s]
2024-12-15 00:29:14,998 - INFO - POST http://localhost:9201/nku_search/_search [status:200 duration:0.001s]
2024-12-15 00:29:15,000 - INFO - POST http://localhost:9201/nku_search/_search [status:200 duration:0.002s]
2024-12-15 00:29:15,002 - INFO - POST http://localhost:9201/nku_search/_search [status:200 duration:0.002s]
2024-12-15 00:29:15,003 - INFO - POST http://localhost:9201/nku_search/_search [status:200 duration:0.002s]
2024-12-15 00:29:15,005 - INFO - POST http://localhost:9201/nku_search/_search [status:200 duration:0.002s]
2024-12-15 00:29:15,007 - INFO - POST http://localhost:9201/nku_search/_search [status:200 duration:0.002s]
2024-12-15 00:29:15,008 - INFO - POST http://localhost:9201/nku_search/_search [status:200 duration:0.001s]
2024-12-15 00:29:15,011 - INFO - POST http://localhost:9201/nku_search/_search [status:200 duration:0.002s]
2024-12-15 00:29:15,012 - INFO - POST http://localhost:9201/nku_search/_search [status:200 duration:0.001s]
2024-12-15 00:29:15,014 - INFO - POST http://localhost:9201/nku_search/_search [status:200 duration:0.002s]
2024-12-15 00:29:15,015 - INFO - POST http://localhost:9201/nku_search/_search [status:200 duration:0.001s]
2024-12-15 00:29:15,016 - INFO - POST http://localhost:9201/nku_search/_search [status:200 duration:0.001s]
2024-12-15 00:29:15,018 - INFO - POST http://localhost:9201/nku_search/_search [status:200 duration:0.002s]
2024-12-15 00:29:15,021 - INFO - POST http://localhost:9201/nku_search/_search [status:200 duration:0.002s]
2024-12-15 00:29:15,023 - INFO - POST http://localhost:9201/nku_search/_search [status:200 duration:0.002s]
2024-12-15 00:29:15,025 - INFO - POST http://localhost:9201/nku_search/_search [status:200 duration:0.002s]
2024-12-15 00:29:15,026 - INFO - POST http://localhost:9201/nku_search/_search [status:200 duration:0.002s]
2024-12-15 00:29:15,028 - INFO - POST http://localhost:9201/nku_search/_search [status:200 duration:0.002s]
2024-12-15 00:29:15,029 - INFO - POST http://localhost:9201/nku_search/_search [status:200 duration:0.001s]
2024-12-15 00:29:15,031 - INFO - POST http://localhost:9201/nku_search/_search [status:200 duration:0.002s]
2024-12-15 00:29:15,033 - INFO - POST http://localhost:9201/nku_search/_search [status:200 duration:0.002s]
2024-12-15 00:29:15,035 - INFO - POST http://localhost:9201/nku_search/_search [status:200 duration:0.002s]
2024-12-15 00:29:15,037 - INFO - POST http://localhost:9201/nku_search/_search [status:200 duration:0.002s]
2024-12-15 00:29:15,039 - INFO - POST http://localhost:9201/nku_search/_search [status:200 duration:0.002s]
2024-12-15 00:29:15,041 - INFO - POST http://localhost:9201/nku_search/_search [status:200 duration:0.002s]
2024-12-15 00:29:15,042 - INFO - POST http://localhost:9201/nku_search/_search [status:200 duration:0.001s]
2024-12-15 00:29:15,044 - INFO - POST http://localhost:9201/nku_search/_search [status:200 duration:0.002s]
2024-12-15 00:29:15,045 - INFO - POST http://localhost:9201/nku_search/_search [status:200 duration:0.001s]
2024-12-15 00:29:15,047 - INFO - POST http://localhost:9201/nku_search/_search [status:200 duration:0.002s]
2024-12-15 00:29:15,049 - INFO - POST http://localhost:9201/nku_search/_search [status:200 duration:0.002s]
2024-12-15 00:29:15,052 - INFO - POST http://localhost:9201/nku_search/_search [status:200 duration:0.003s]
2024-12-15 00:29:15,055 - INFO - POST http://localhost:9201/nku_search/_search [status:200 duration:0.002s]
2024-12-15 00:29:15,057 - INFO - POST http://localhost:9201/nku_search/_search [status:200 duration:0.002s]
2024-12-15 00:29:15,058 - INFO - POST http://localhost:9201/nku_search/_search [status:200 duration:0.002s]
2024-12-15 00:29:15,060 - INFO - POST http://localhost:9201/nku_search/_search [status:200 duration:0.002s]
2024-12-15 00:29:15,062 - INFO - POST http://localhost:9201/nku_search/_search [status:200 duration:0.002s]
2024-12-15 00:29:15,064 - INFO - POST http://localhost:9201/nku_search/_search [status:200 duration:0.002s]
2024-12-15 00:29:15,066 - INFO - POST http://localhost:9201/nku_search/_search [status:200 duration:0.002s]
2024-12-15 00:29:15,068 - INFO - POST http://localhost:9201/nku_search/_search [status:200 duration:0.002s]
2024-12-15 00:29:15,069 - INFO - POST http://localhost:9201/nku_search/_search [status:200 duration:0.001s]
2024-12-15 00:29:15,072 - INFO - POST http://localhost:9201/nku_search/_search [status:200 duration:0.002s]
2024-12-15 00:29:15,073 - INFO - POST http://localhost:9201/nku_search/_search [status:200 duration:0.002s]
2024-12-15 00:29:15,075 - INFO - POST http://localhost:9201/nku_search/_search [status:200 duration:0.002s]
2024-12-15 00:29:15,077 - INFO - POST http://localhost:9201/nku_search/_search [status:200 duration:0.002s]
2024-12-15 00:29:15,079 - INFO - POST http://localhost:9201/nku_search/_search [status:200 duration:0.002s]
2024-12-15 00:29:15,080 - INFO - POST http://localhost:9201/nku_search/_search [status:200 duration:0.002s]
2024-12-15 00:29:15,082 - INFO - POST http://localhost:9201/nku_search/_search [status:200 duration:0.002s]
2024-12-15 00:29:15,084 - INFO - POST http://localhost:9201/nku_search/_search [status:200 duration:0.002s]
2024-12-15 00:29:15,086 - INFO - POST http://localhost:9201/nku_search/_search [status:200 duration:0.002s]
2024-12-15 00:29:15,088 - INFO - POST http://localhost:9201/nku_search/_search [status:200 duration:0.002s]
2024-12-15 00:29:15,090 - INFO - POST http://localhost:9201/nku_search/_search [status:200 duration:0.002s]
2024-12-15 00:29:15,091 - INFO - POST http://localhost:9201/nku_search/_search [status:200 duration:0.001s]
2024-12-15 00:29:15,093 - INFO - POST http://localhost:9201/nku_search/_search [status:200 duration:0.001s]
2024-12-15 00:29:15,095 - INFO - POST http://localhost:9201/nku_search/_search [status:200 duration:0.001s]
2024-12-15 00:29:15,097 - INFO - POST http://localhost:9201/nku_search/_search [status:200 duration:0.001s]
2024-12-15 00:29:15,099 - INFO - POST http://localhost:9201/nku_search/_search [status:200 duration:0.002s]
2024-12-15 00:29:15,100 - INFO - POST http://localhost:9201/nku_search/_search [status:200 duration:0.001s]
2024-12-15 00:29:15,103 - INFO - POST http://localhost:9201/nku_search/_search [status:200 duration:0.002s]
2024-12-15 00:29:15,104 - INFO - POST http://localhost:9201/nku_search/_search [status:200 duration:0.001s]
2024-12-15 00:29:15,106 - INFO - POST http://localhost:9201/nku_search/_search [status:200 duration:0.002s]
2024-12-15 00:29:15,108 - INFO - POST http://localhost:9201/nku_search/_search [status:200 duration:0.002s]
2024-12-15 00:29:15,109 - INFO - POST http://localhost:9201/nku_search/_search [status:200 duration:0.002s]
2024-12-15 00:29:15,113 - INFO - POST http://localhost:9201/nku_search/_search [status:200 duration:0.004s]
2024-12-15 00:29:15,115 - INFO - POST http://localhost:9201/nku_search/_search [status:200 duration:0.002s]
2024-12-15 00:29:15,117 - INFO - POST http://localhost:9201/nku_search/_search [status:200 duration:0.002s]
2024-12-15 00:29:15,119 - INFO - POST http://localhost:9201/nku_search/_search [status:200 duration:0.002s]
2024-12-15 00:29:15,121 - INFO - POST http://localhost:9201/nku_search/_search [status:200 duration:0.002s]
2024-12-15 00:29:15,123 - INFO - POST http://localhost:9201/nku_search/_search [status:200 duration:0.002s]
2024-12-15 00:29:15,125 - INFO - POST http://localhost:9201/nku_search/_search [status:200 duration:0.002s]
2024-12-15 00:29:15,127 - INFO - POST http://localhost:9201/nku_search/_search [status:200 duration:0.002s]
2024-12-15 00:29:15,129 - INFO - POST http://localhost:9201/nku_search/_search [status:200 duration:0.002s]
2024-12-15 00:29:15,131 - INFO - POST http://localhost:9201/nku_search/_search [status:200 duration:0.002s]
2024-12-15 00:29:15,133 - INFO - POST http://localhost:9201/nku_search/_search [status:200 duration:0.002s]
2024-12-15 00:29:15,135 - INFO - POST http://localhost:9201/nku_search/_search [status:200 duration:0.002s]
2024-12-15 00:29:15,136 - INFO - POST http://localhost:9201/nku_search/_search [status:200 duration:0.001s]
2024-12-15 00:29:15,137 - INFO - POST http://localhost:9201/nku_search/_search [status:200 duration:0.001s]
2024-12-15 00:29:15,139 - INFO - POST http://localhost:9201/nku_search/_search [status:200 duration:0.001s]
2024-12-15 00:29:15,141 - INFO - POST http://localhost:9201/nku_search/_search [status:200 duration:0.002s]
2024-12-15 00:29:15,142 - INFO - POST http://localhost:9201/nku_search/_search [status:200 duration:0.001s]
2024-12-15 00:29:15,151 - INFO - POST http://localhost:9201/nku_search/_search [status:200 duration:0.009s]
2024-12-15 00:29:15,158 - INFO - POST http://localhost:9201/nku_search/_search [status:200 duration:0.006s]
2024-12-15 00:29:15,160 - INFO - POST http://localhost:9201/nku_search/_search [status:200 duration:0.002s]
2024-12-15 00:29:15,163 - INFO - POST http://localhost:9201/nku_search/_search [status:200 duration:0.002s]
2024-12-15 00:29:15,164 - INFO - POST http://localhost:9201/nku_search/_search [status:200 duration:0.002s]
2024-12-15 00:29:15,166 - INFO - POST http://localhost:9201/nku_search/_search [status:200 duration:0.002s]
2024-12-15 00:29:15,168 - INFO - POST http://localhost:9201/nku_search/_search [status:200 duration:0.002s]
2024-12-15 00:29:15,170 - INFO - POST http://localhost:9201/nku_search/_search [status:200 duration:0.002s]
2024-12-15 00:29:15,171 - INFO - POST http://localhost:9201/nku_search/_search [status:200 duration:0.002s]
2024-12-15 00:29:15,173 - INFO - POST http://localhost:9201/nku_search/_search [status:200 duration:0.001s]
2024-12-15 00:29:15,175 - INFO - POST http://localhost:9201/nku_search/_search [status:200 duration:0.002s]
2024-12-15 00:29:15,176 - INFO - POST http://localhost:9201/nku_search/_search [status:200 duration:0.002s]
2024-12-15 00:29:15,179 - INFO - POST http://localhost:9201/nku_search/_search [status:200 duration:0.002s]
2024-12-15 00:29:15,180 - INFO - POST http://localhost:9201/nku_search/_search [status:200 duration:0.002s]
2024-12-15 00:29:15,182 - INFO - POST http://localhost:9201/nku_search/_search [status:200 duration:0.002s]
2024-12-15 00:29:15,184 - INFO - POST http://localhost:9201/nku_search/_search [status:200 duration:0.002s]
2024-12-15 00:29:15,187 - INFO - POST http://localhost:9201/nku_search/_search [status:200 duration:0.002s]
2024-12-15 00:29:15,188 - INFO - POST http://localhost:9201/nku_search/_search [status:200 duration:0.002s]
2024-12-15 00:29:15,190 - INFO - POST http://localhost:9201/nku_search/_search [status:200 duration:0.002s]
2024-12-15 00:29:15,192 - INFO - POST http://localhost:9201/nku_search/_search [status:200 duration:0.002s]
2024-12-15 00:29:15,193 - INFO - POST http://localhost:9201/nku_search/_search [status:200 duration:0.002s]
2024-12-15 00:29:15,194 - INFO - POST http://localhost:9201/nku_search/_search [status:200 duration:0.001s]
2024-12-15 00:29:15,196 - INFO - POST http://localhost:9201/nku_search/_search [status:200 duration:0.001s]
2024-12-15 00:29:15,198 - INFO - POST http://localhost:9201/nku_search/_search [status:200 duration:0.002s]
2024-12-15 00:29:15,199 - INFO - POST http://localhost:9201/nku_search/_search [status:200 duration:0.002s]
2024-12-15 00:29:15,200 - INFO - POST http://localhost:9201/nku_search/_search [status:200 duration:0.001s]
2024-12-15 00:29:15,202 - INFO - POST http://localhost:9201/nku_search/_search [status:200 duration:0.002s]
2024-12-15 00:29:15,203 - INFO - POST http://localhost:9201/nku_search/_search [status:200 duration:0.001s]
2024-12-15 00:29:15,205 - INFO - POST http://localhost:9201/nku_search/_search [status:200 duration:0.002s]
2024-12-15 00:29:15,206 - INFO - POST http://localhost:9201/nku_search/_search [status:200 duration:0.002s]
2024-12-15 00:29:15,208 - INFO - POST http://localhost:9201/nku_search/_search [status:200 duration:0.001s]
2024-12-15 00:29:15,209 - INFO - POST http://localhost:9201/nku_search/_search [status:200 duration:0.001s]
2024-12-15 00:29:15,211 - INFO - POST http://localhost:9201/nku_search/_search [status:200 duration:0.002s]
2024-12-15 00:29:15,212 - INFO - POST http://localhost:9201/nku_search/_search [status:200 duration:0.001s]
2024-12-15 00:29:15,213 - INFO - POST http://localhost:9201/nku_search/_search [status:200 duration:0.002s]
2024-12-15 00:29:15,215 - INFO - POST http://localhost:9201/nku_search/_search [status:200 duration:0.002s]
2024-12-15 00:29:15,216 - INFO - POST http://localhost:9201/nku_search/_search [status:200 duration:0.001s]
2024-12-15 00:29:15,219 - INFO - POST http://localhost:9201/nku_search/_search [status:200 duration:0.002s]
2024-12-15 00:29:15,221 - INFO - POST http://localhost:9201/nku_search/_search [status:200 duration:0.003s]
2024-12-15 00:29:15,223 - INFO - POST http://localhost:9201/nku_search/_search [status:200 duration:0.002s]
2024-12-15 00:29:15,225 - INFO - POST http://localhost:9201/nku_search/_search [status:200 duration:0.001s]
2024-12-15 00:29:15,226 - INFO - POST http://localhost:9201/nku_search/_search [status:200 duration:0.002s]
2024-12-15 00:29:15,228 - INFO - POST http://localhost:9201/nku_search/_search [status:200 duration:0.002s]
2024-12-15 00:29:15,230 - INFO - POST http://localhost:9201/nku_search/_search [status:200 duration:0.002s]
2024-12-15 00:29:15,231 - INFO - POST http://localhost:9201/nku_search/_search [status:200 duration:0.002s]
2024-12-15 00:29:15,233 - INFO - POST http://localhost:9201/nku_search/_search [status:200 duration:0.002s]
2024-12-15 00:29:15,235 - INFO - POST http://localhost:9201/nku_search/_search [status:200 duration:0.001s]
2024-12-15 00:29:15,237 - INFO - POST http://localhost:9201/nku_search/_search [status:200 duration:0.002s]
2024-12-15 00:29:15,238 - INFO - POST http://localhost:9201/nku_search/_search [status:200 duration:0.002s]
2024-12-15 00:29:15,240 - INFO - POST http://localhost:9201/nku_search/_search [status:200 duration:0.002s]
2024-12-15 00:29:15,242 - INFO - POST http://localhost:9201/nku_search/_search [status:200 duration:0.002s]
2024-12-15 00:29:15,244 - INFO - POST http://localhost:9201/nku_search/_search [status:200 duration:0.002s]
2024-12-15 00:29:15,246 - INFO - POST http://localhost:9201/nku_search/_search [status:200 duration:0.002s]
2024-12-15 00:29:15,247 - INFO - POST http://localhost:9201/nku_search/_search [status:200 duration:0.001s]
2024-12-15 00:29:15,248 - INFO - POST http://localhost:9201/nku_search/_search [status:200 duration:0.001s]
2024-12-15 00:29:15,250 - INFO - POST http://localhost:9201/nku_search/_search [status:200 duration:0.001s]
2024-12-15 00:29:15,251 - INFO - POST http://localhost:9201/nku_search/_search [status:200 duration:0.001s]
2024-12-15 00:29:15,253 - INFO - POST http://localhost:9201/nku_search/_search [status:200 duration:0.001s]
2024-12-15 00:29:15,254 - INFO - POST http://localhost:9201/nku_search/_search [status:200 duration:0.001s]
2024-12-15 00:29:15,256 - INFO - POST http://localhost:9201/nku_search/_search [status:200 duration:0.002s]
2024-12-15 00:29:15,258 - INFO - POST http://localhost:9201/nku_search/_search [status:200 duration:0.002s]
2024-12-15 00:29:15,260 - INFO - POST http://localhost:9201/nku_search/_search [status:200 duration:0.002s]
2024-12-15 00:29:15,262 - INFO - POST http://localhost:9201/nku_search/_search [status:200 duration:0.002s]
2024-12-15 00:29:15,263 - INFO - POST http://localhost:9201/nku_search/_search [status:200 duration:0.002s]
2024-12-15 00:29:15,265 - INFO - POST http://localhost:9201/nku_search/_search [status:200 duration:0.002s]
2024-12-15 00:29:15,269 - INFO - POST http://localhost:9201/nku_search/_search [status:200 duration:0.003s]
2024-12-15 00:29:15,271 - INFO - POST http://localhost:9201/nku_search/_search [status:200 duration:0.002s]
2024-12-15 00:29:15,275 - INFO - POST http://localhost:9201/nku_search/_search [status:200 duration:0.004s]
2024-12-15 00:29:15,279 - INFO - POST http://localhost:9201/nku_search/_search [status:200 duration:0.003s]
2024-12-15 00:29:15,280 - INFO - POST http://localhost:9201/nku_search/_search [status:200 duration:0.001s]
2024-12-15 00:29:15,282 - INFO - POST http://localhost:9201/nku_search/_search [status:200 duration:0.001s]
2024-12-15 00:29:15,284 - INFO - POST http://localhost:9201/nku_search/_search [status:200 duration:0.002s]
2024-12-15 00:29:15,286 - INFO - POST http://localhost:9201/nku_search/_search [status:200 duration:0.002s]
2024-12-15 00:29:15,288 - INFO - POST http://localhost:9201/nku_search/_search [status:200 duration:0.002s]
2024-12-15 00:29:15,290 - INFO - POST http://localhost:9201/nku_search/_search [status:200 duration:0.002s]
2024-12-15 00:29:15,292 - INFO - POST http://localhost:9201/nku_search/_search [status:200 duration:0.002s]
2024-12-15 00:29:15,294 - INFO - POST http://localhost:9201/nku_search/_search [status:200 duration:0.002s]
2024-12-15 00:29:15,296 - INFO - POST http://localhost:9201/nku_search/_search [status:200 duration:0.002s]
2024-12-15 00:29:15,298 - INFO - POST http://localhost:9201/nku_search/_search [status:200 duration:0.002s]
2024-12-15 00:29:15,300 - INFO - POST http://localhost:9201/nku_search/_search [status:200 duration:0.002s]
2024-12-15 00:29:15,302 - INFO - POST http://localhost:9201/nku_search/_search [status:200 duration:0.002s]
2024-12-15 00:29:15,303 - INFO - POST http://localhost:9201/nku_search/_search [status:200 duration:0.002s]
2024-12-15 00:29:15,305 - INFO - POST http://localhost:9201/nku_search/_search [status:200 duration:0.002s]
2024-12-15 00:29:15,306 - INFO - POST http://localhost:9201/nku_search/_search [status:200 duration:0.001s]
2024-12-15 00:29:15,316 - INFO - POST http://localhost:9201/nku_search/_search [status:200 duration:0.009s]
2024-12-15 00:29:15,319 - INFO - POST http://localhost:9201/nku_search/_search [status:200 duration:0.002s]
2024-12-15 00:29:15,321 - INFO - POST http://localhost:9201/nku_search/_search [status:200 duration:0.001s]
2024-12-15 00:29:15,323 - INFO - POST http://localhost:9201/nku_search/_search [status:200 duration:0.002s]
2024-12-15 00:29:15,324 - INFO - POST http://localhost:9201/nku_search/_search [status:200 duration:0.002s]
2024-12-15 00:29:15,326 - INFO - POST http://localhost:9201/nku_search/_search [status:200 duration:0.002s]
2024-12-15 00:29:15,329 - INFO - POST http://localhost:9201/nku_search/_search [status:200 duration:0.002s]
2024-12-15 00:29:15,330 - INFO - POST http://localhost:9201/nku_search/_search [status:200 duration:0.001s]
2024-12-15 00:29:15,332 - INFO - POST http://localhost:9201/nku_search/_search [status:200 duration:0.001s]
2024-12-15 00:29:15,334 - INFO - POST http://localhost:9201/nku_search/_search [status:200 duration:0.002s]
2024-12-15 00:29:15,335 - INFO - POST http://localhost:9201/nku_search/_search [status:200 duration:0.001s]
2024-12-15 00:29:15,337 - INFO - POST http://localhost:9201/nku_search/_search [status:200 duration:0.001s]
2024-12-15 00:29:15,339 - INFO - POST http://localhost:9201/nku_search/_search [status:200 duration:0.002s]
2024-12-15 00:29:15,340 - INFO - POST http://localhost:9201/nku_search/_search [status:200 duration:0.001s]
2024-12-15 00:29:15,343 - INFO - POST http://localhost:9201/nku_search/_search [status:200 duration:0.002s]
2024-12-15 00:29:15,345 - INFO - POST http://localhost:9201/nku_search/_search [status:200 duration:0.002s]
2024-12-15 00:29:15,346 - INFO - POST http://localhost:9201/nku_search/_search [status:200 duration:0.002s]
2024-12-15 00:29:15,347 - INFO - POST http://localhost:9201/nku_search/_search [status:200 duration:0.001s]
2024-12-15 00:29:15,349 - INFO - POST http://localhost:9201/nku_search/_search [status:200 duration:0.001s]
2024-12-15 00:29:15,351 - INFO - POST http://localhost:9201/nku_search/_search [status:200 duration:0.002s]
2024-12-15 00:29:15,353 - INFO - POST http://localhost:9201/nku_search/_search [status:200 duration:0.002s]
2024-12-15 00:29:15,355 - INFO - POST http://localhost:9201/nku_search/_search [status:200 duration:0.001s]
2024-12-15 00:29:15,358 - INFO - POST http://localhost:9201/nku_search/_search [status:200 duration:0.002s]
2024-12-15 00:29:15,360 - INFO - POST http://localhost:9201/nku_search/_search [status:200 duration:0.002s]
2024-12-15 00:29:15,361 - INFO - POST http://localhost:9201/nku_search/_search [status:200 duration:0.002s]
2024-12-15 00:29:15,363 - INFO - POST http://localhost:9201/nku_search/_search [status:200 duration:0.001s]
2024-12-15 00:29:15,365 - INFO - POST http://localhost:9201/nku_search/_search [status:200 duration:0.002s]
2024-12-15 00:29:15,366 - INFO - POST http://localhost:9201/nku_search/_search [status:200 duration:0.001s]
2024-12-15 00:29:15,367 - INFO - POST http://localhost:9201/nku_search/_search [status:200 duration:0.001s]
2024-12-15 00:29:15,369 - INFO - POST http://localhost:9201/nku_search/_search [status:200 duration:0.002s]
2024-12-15 00:29:15,371 - INFO - POST http://localhost:9201/nku_search/_search [status:200 duration:0.001s]
2024-12-15 00:29:15,373 - INFO - POST http://localhost:9201/nku_search/_search [status:200 duration:0.002s]
2024-12-15 00:29:15,374 - INFO - POST http://localhost:9201/nku_search/_search [status:200 duration:0.001s]
2024-12-15 00:29:15,376 - INFO - POST http://localhost:9201/nku_search/_search [status:200 duration:0.001s]
2024-12-15 00:29:15,378 - INFO - POST http://localhost:9201/nku_search/_search [status:200 duration:0.002s]
2024-12-15 00:29:15,379 - INFO - POST http://localhost:9201/nku_search/_search [status:200 duration:0.002s]
2024-12-15 00:29:15,381 - INFO - POST http://localhost:9201/nku_search/_search [status:200 duration:0.002s]
2024-12-15 00:29:15,384 - INFO - POST http://localhost:9201/nku_search/_search [status:200 duration:0.002s]
2024-12-15 00:29:15,385 - INFO - POST http://localhost:9201/nku_search/_search [status:200 duration:0.002s]
2024-12-15 00:29:15,387 - INFO - POST http://localhost:9201/nku_search/_search [status:200 duration:0.002s]
2024-12-15 00:29:15,389 - INFO - POST http://localhost:9201/nku_search/_search [status:200 duration:0.002s]
2024-12-15 00:29:15,391 - INFO - POST http://localhost:9201/nku_search/_search [status:200 duration:0.002s]
2024-12-15 00:29:15,393 - INFO - POST http://localhost:9201/nku_search/_search [status:200 duration:0.002s]
2024-12-15 00:29:15,395 - INFO - POST http://localhost:9201/nku_search/_search [status:200 duration:0.002s]
2024-12-15 00:29:15,396 - INFO - POST http://localhost:9201/nku_search/_search [status:200 duration:0.001s]
2024-12-15 00:29:15,397 - INFO - POST http://localhost:9201/nku_search/_search [status:200 duration:0.001s]
2024-12-15 00:29:15,399 - INFO - POST http://localhost:9201/nku_search/_search [status:200 duration:0.002s]
2024-12-15 00:29:15,400 - INFO - POST http://localhost:9201/nku_search/_search [status:200 duration:0.001s]
2024-12-15 00:29:15,402 - INFO - POST http://localhost:9201/nku_search/_search [status:200 duration:0.001s]
2024-12-15 00:29:15,404 - INFO - POST http://localhost:9201/nku_search/_search [status:200 duration:0.002s]
2024-12-15 00:29:15,406 - INFO - POST http://localhost:9201/nku_search/_search [status:200 duration:0.002s]
2024-12-15 00:29:15,408 - INFO - POST http://localhost:9201/nku_search/_search [status:200 duration:0.001s]
2024-12-15 00:29:15,409 - INFO - POST http://localhost:9201/nku_search/_search [status:200 duration:0.002s]
2024-12-15 00:29:15,411 - INFO - POST http://localhost:9201/nku_search/_search [status:200 duration:0.002s]
2024-12-15 00:29:15,413 - INFO - POST http://localhost:9201/nku_search/_search [status:200 duration:0.002s]
2024-12-15 00:29:15,415 - INFO - POST http://localhost:9201/nku_search/_search [status:200 duration:0.002s]
2024-12-15 00:29:15,416 - INFO - POST http://localhost:9201/nku_search/_search [status:200 duration:0.001s]
2024-12-15 00:29:15,419 - INFO - POST http://localhost:9201/nku_search/_search [status:200 duration:0.003s]
2024-12-15 00:29:15,421 - INFO - POST http://localhost:9201/nku_search/_search [status:200 duration:0.002s]
2024-12-15 00:29:15,423 - INFO - POST http://localhost:9201/nku_search/_search [status:200 duration:0.002s]
2024-12-15 00:29:15,425 - INFO - POST http://localhost:9201/nku_search/_search [status:200 duration:0.002s]
2024-12-15 00:29:15,427 - INFO - POST http://localhost:9201/nku_search/_search [status:200 duration:0.002s]
2024-12-15 00:29:15,428 - INFO - POST http://localhost:9201/nku_search/_search [status:200 duration:0.001s]
2024-12-15 00:29:15,430 - INFO - POST http://localhost:9201/nku_search/_search [status:200 duration:0.002s]
2024-12-15 00:29:15,431 - INFO - POST http://localhost:9201/nku_search/_search [status:200 duration:0.002s]
2024-12-15 00:29:15,433 - INFO - POST http://localhost:9201/nku_search/_search [status:200 duration:0.002s]
2024-12-15 00:29:15,434 - INFO - POST http://localhost:9201/nku_search/_search [status:200 duration:0.001s]
2024-12-15 00:29:15,436 - INFO - POST http://localhost:9201/nku_search/_search [status:200 duration:0.001s]
2024-12-15 00:29:15,438 - INFO - POST http://localhost:9201/nku_search/_search [status:200 duration:0.001s]
2024-12-15 00:29:15,439 - INFO - POST http://localhost:9201/nku_search/_search [status:200 duration:0.001s]
2024-12-15 00:29:15,441 - INFO - POST http://localhost:9201/nku_search/_search [status:200 duration:0.002s]
2024-12-15 00:29:15,443 - INFO - POST http://localhost:9201/nku_search/_search [status:200 duration:0.001s]
2024-12-15 00:29:15,444 - INFO - POST http://localhost:9201/nku_search/_search [status:200 duration:0.002s]
2024-12-15 00:29:15,446 - INFO - POST http://localhost:9201/nku_search/_search [status:200 duration:0.002s]
2024-12-15 00:29:15,448 - INFO - POST http://localhost:9201/nku_search/_search [status:200 duration:0.003s]
2024-12-15 00:29:15,450 - INFO - POST http://localhost:9201/nku_search/_search [status:200 duration:0.002s]
2024-12-15 00:29:15,452 - INFO - POST http://localhost:9201/nku_search/_search [status:200 duration:0.001s]
2024-12-15 00:29:15,454 - INFO - POST http://localhost:9201/nku_search/_search [status:200 duration:0.002s]
2024-12-15 00:29:15,456 - INFO - POST http://localhost:9201/nku_search/_search [status:200 duration:0.002s]
2024-12-15 00:29:15,458 - INFO - POST http://localhost:9201/nku_search/_search [status:200 duration:0.001s]
2024-12-15 00:29:15,460 - INFO - POST http://localhost:9201/nku_search/_search [status:200 duration:0.002s]
2024-12-15 00:29:15,463 - INFO - POST http://localhost:9201/nku_search/_search [status:200 duration:0.002s]
2024-12-15 00:29:15,464 - INFO - POST http://localhost:9201/nku_search/_search [status:200 duration:0.001s]
2024-12-15 00:29:15,466 - INFO - POST http://localhost:9201/nku_search/_search [status:200 duration:0.002s]
2024-12-15 00:29:15,467 - INFO - POST http://localhost:9201/nku_search/_search [status:200 duration:0.002s]
2024-12-15 00:29:15,468 - INFO - POST http://localhost:9201/nku_search/_search [status:200 duration:0.001s]
2024-12-15 00:29:15,470 - INFO - POST http://localhost:9201/nku_search/_search [status:200 duration:0.001s]
2024-12-15 00:29:15,472 - INFO - POST http://localhost:9201/nku_search/_search [status:200 duration:0.002s]
2024-12-15 00:29:15,473 - INFO - POST http://localhost:9201/nku_search/_search [status:200 duration:0.002s]
2024-12-15 00:29:15,474 - INFO - POST http://localhost:9201/nku_search/_search [status:200 duration:0.001s]
2024-12-15 00:29:15,476 - INFO - POST http://localhost:9201/nku_search/_search [status:200 duration:0.001s]
2024-12-15 00:29:15,479 - INFO - POST http://localhost:9201/nku_search/_search [status:200 duration:0.003s]
2024-12-15 00:29:15,481 - INFO - POST http://localhost:9201/nku_search/_search [status:200 duration:0.002s]
2024-12-15 00:29:15,483 - INFO - POST http://localhost:9201/nku_search/_search [status:200 duration:0.001s]
2024-12-15 00:29:15,486 - INFO - POST http://localhost:9201/nku_search/_search [status:200 duration:0.002s]
2024-12-15 00:29:15,487 - INFO - POST http://localhost:9201/nku_search/_search [status:200 duration:0.002s]
2024-12-15 00:29:15,489 - INFO - POST http://localhost:9201/nku_search/_search [status:200 duration:0.002s]
2024-12-15 00:29:15,491 - INFO - POST http://localhost:9201/nku_search/_search [status:200 duration:0.002s]
2024-12-15 00:29:15,493 - INFO - POST http://localhost:9201/nku_search/_search [status:200 duration:0.002s]
2024-12-15 00:29:15,495 - INFO - POST http://localhost:9201/nku_search/_search [status:200 duration:0.001s]
2024-12-15 00:29:15,497 - INFO - POST http://localhost:9201/nku_search/_search [status:200 duration:0.002s]
2024-12-15 00:29:15,498 - INFO - POST http://localhost:9201/nku_search/_search [status:200 duration:0.002s]
2024-12-15 00:29:15,499 - INFO - POST http://localhost:9201/nku_search/_search [status:200 duration:0.001s]
2024-12-15 00:29:15,501 - INFO - POST http://localhost:9201/nku_search/_search [status:200 duration:0.002s]
2024-12-15 00:29:15,503 - INFO - POST http://localhost:9201/nku_search/_search [status:200 duration:0.002s]
2024-12-15 00:29:15,505 - INFO - POST http://localhost:9201/nku_search/_search [status:200 duration:0.001s]
2024-12-15 00:29:15,506 - INFO - POST http://localhost:9201/nku_search/_search [status:200 duration:0.001s]
2024-12-15 00:29:15,507 - INFO - POST http://localhost:9201/nku_search/_search [status:200 duration:0.001s]
2024-12-15 00:29:15,510 - INFO - POST http://localhost:9201/nku_search/_search [status:200 duration:0.003s]
2024-12-15 00:29:15,512 - INFO - POST http://localhost:9201/nku_search/_search [status:200 duration:0.002s]
2024-12-15 00:29:15,513 - INFO - POST http://localhost:9201/nku_search/_search [status:200 duration:0.002s]
2024-12-15 00:29:15,515 - INFO - POST http://localhost:9201/nku_search/_search [status:200 duration:0.002s]
2024-12-15 00:29:15,517 - INFO - POST http://localhost:9201/nku_search/_search [status:200 duration:0.002s]
2024-12-15 00:29:15,518 - INFO - POST http://localhost:9201/nku_search/_search [status:200 duration:0.001s]
2024-12-15 00:29:15,519 - INFO - POST http://localhost:9201/nku_search/_search [status:200 duration:0.001s]
2024-12-15 00:29:15,522 - INFO - POST http://localhost:9201/nku_search/_search [status:200 duration:0.003s]
2024-12-15 00:29:15,525 - INFO - POST http://localhost:9201/nku_search/_search [status:200 duration:0.003s]
2024-12-15 00:29:15,527 - INFO - POST http://localhost:9201/nku_search/_search [status:200 duration:0.002s]
2024-12-15 00:29:15,529 - INFO - POST http://localhost:9201/nku_search/_search [status:200 duration:0.002s]
2024-12-15 00:29:15,530 - INFO - POST http://localhost:9201/nku_search/_search [status:200 duration:0.001s]
2024-12-15 00:29:15,532 - INFO - POST http://localhost:9201/nku_search/_search [status:200 duration:0.001s]
2024-12-15 00:29:15,534 - INFO - POST http://localhost:9201/nku_search/_search [status:200 duration:0.001s]
2024-12-15 00:29:15,535 - INFO - POST http://localhost:9201/nku_search/_search [status:200 duration:0.002s]
2024-12-15 00:29:15,537 - INFO - POST http://localhost:9201/nku_search/_search [status:200 duration:0.001s]
2024-12-15 00:29:15,539 - INFO - POST http://localhost:9201/nku_search/_search [status:200 duration:0.002s]
2024-12-15 00:29:15,541 - INFO - POST http://localhost:9201/nku_search/_search [status:200 duration:0.001s]
2024-12-15 00:29:15,542 - INFO - POST http://localhost:9201/nku_search/_search [status:200 duration:0.001s]
2024-12-15 00:29:15,544 - INFO - POST http://localhost:9201/nku_search/_search [status:200 duration:0.002s]
2024-12-15 00:29:15,546 - INFO - POST http://localhost:9201/nku_search/_search [status:200 duration:0.002s]
2024-12-15 00:29:15,547 - INFO - POST http://localhost:9201/nku_search/_search [status:200 duration:0.002s]
2024-12-15 00:29:15,549 - INFO - POST http://localhost:9201/nku_search/_search [status:200 duration:0.001s]
2024-12-15 00:29:15,550 - INFO - POST http://localhost:9201/nku_search/_search [status:200 duration:0.002s]
2024-12-15 00:29:15,552 - INFO - POST http://localhost:9201/nku_search/_search [status:200 duration:0.001s]
2024-12-15 00:29:15,556 - INFO - POST http://localhost:9201/nku_search/_search [status:200 duration:0.004s]
2024-12-15 00:29:15,558 - INFO - POST http://localhost:9201/nku_search/_search [status:200 duration:0.002s]
2024-12-15 00:29:15,561 - INFO - POST http://localhost:9201/nku_search/_search [status:200 duration:0.002s]
2024-12-15 00:29:15,587 - INFO - POST http://localhost:9201/nku_search/_search [status:200 duration:0.026s]
2024-12-15 00:29:15,590 - INFO - POST http://localhost:9201/nku_search/_search [status:200 duration:0.003s]
2024-12-15 00:29:15,592 - INFO - POST http://localhost:9201/nku_search/_search [status:200 duration:0.002s]
2024-12-15 00:29:15,595 - INFO - POST http://localhost:9201/nku_search/_search [status:200 duration:0.002s]
2024-12-15 00:29:15,597 - INFO - POST http://localhost:9201/nku_search/_search [status:200 duration:0.002s]
2024-12-15 00:29:15,598 - INFO - POST http://localhost:9201/nku_search/_search [status:200 duration:0.002s]
2024-12-15 00:29:15,600 - INFO - POST http://localhost:9201/nku_search/_search [status:200 duration:0.001s]
2024-12-15 00:29:15,602 - INFO - POST http://localhost:9201/nku_search/_search [status:200 duration:0.001s]
2024-12-15 00:29:15,604 - INFO - POST http://localhost:9201/nku_search/_search [status:200 duration:0.001s]
2024-12-15 00:29:15,606 - INFO - POST http://localhost:9201/nku_search/_search [status:200 duration:0.002s]
2024-12-15 00:29:15,608 - INFO - POST http://localhost:9201/nku_search/_search [status:200 duration:0.002s]
2024-12-15 00:29:15,610 - INFO - POST http://localhost:9201/nku_search/_search [status:200 duration:0.002s]
2024-12-15 00:29:15,613 - INFO - POST http://localhost:9201/nku_search/_search [status:200 duration:0.002s]
2024-12-15 00:29:15,615 - INFO - POST http://localhost:9201/nku_search/_search [status:200 duration:0.002s]
2024-12-15 00:29:15,617 - INFO - POST http://localhost:9201/nku_search/_search [status:200 duration:0.002s]
2024-12-15 00:29:15,620 - INFO - POST http://localhost:9201/nku_search/_search [status:200 duration:0.002s]
2024-12-15 00:29:15,622 - INFO - POST http://localhost:9201/nku_search/_search [status:200 duration:0.002s]
2024-12-15 00:29:15,625 - INFO - POST http://localhost:9201/nku_search/_search [status:200 duration:0.003s]
2024-12-15 00:29:15,627 - INFO - POST http://localhost:9201/nku_search/_search [status:200 duration:0.002s]
2024-12-15 00:29:15,629 - INFO - POST http://localhost:9201/nku_search/_search [status:200 duration:0.002s]
2024-12-15 00:29:15,632 - INFO - POST http://localhost:9201/nku_search/_search [status:200 duration:0.002s]
2024-12-15 00:29:15,634 - INFO - POST http://localhost:9201/nku_search/_search [status:200 duration:0.002s]
2024-12-15 00:29:15,636 - INFO - POST http://localhost:9201/nku_search/_search [status:200 duration:0.002s]
2024-12-15 00:29:15,638 - INFO - POST http://localhost:9201/nku_search/_search [status:200 duration:0.002s]
2024-12-15 00:29:15,640 - INFO - POST http://localhost:9201/nku_search/_search [status:200 duration:0.002s]
2024-12-15 00:29:15,642 - INFO - POST http://localhost:9201/nku_search/_search [status:200 duration:0.002s]
2024-12-15 00:29:15,643 - INFO - POST http://localhost:9201/nku_search/_search [status:200 duration:0.002s]
2024-12-15 00:29:15,646 - INFO - POST http://localhost:9201/nku_search/_search [status:200 duration:0.002s]
2024-12-15 00:29:15,648 - INFO - POST http://localhost:9201/nku_search/_search [status:200 duration:0.002s]
2024-12-15 00:29:15,650 - INFO - POST http://localhost:9201/nku_search/_search [status:200 duration:0.002s]
2024-12-15 00:29:15,651 - INFO - POST http://localhost:9201/nku_search/_search [status:200 duration:0.002s]
2024-12-15 00:29:15,653 - INFO - POST http://localhost:9201/nku_search/_search [status:200 duration:0.001s]
2024-12-15 00:29:15,655 - INFO - POST http://localhost:9201/nku_search/_search [status:200 duration:0.002s]
2024-12-15 00:29:15,657 - INFO - POST http://localhost:9201/nku_search/_search [status:200 duration:0.001s]
2024-12-15 00:29:15,659 - INFO - POST http://localhost:9201/nku_search/_search [status:200 duration:0.002s]
2024-12-15 00:29:15,662 - INFO - POST http://localhost:9201/nku_search/_search [status:200 duration:0.003s]
2024-12-15 00:29:15,664 - INFO - POST http://localhost:9201/nku_search/_search [status:200 duration:0.002s]
2024-12-15 00:29:15,666 - INFO - POST http://localhost:9201/nku_search/_search [status:200 duration:0.002s]
2024-12-15 00:29:15,669 - INFO - POST http://localhost:9201/nku_search/_search [status:200 duration:0.002s]
2024-12-15 00:29:15,671 - INFO - POST http://localhost:9201/nku_search/_search [status:200 duration:0.002s]
2024-12-15 00:29:15,673 - INFO - POST http://localhost:9201/nku_search/_search [status:200 duration:0.003s]
2024-12-15 00:29:15,675 - INFO - POST http://localhost:9201/nku_search/_search [status:200 duration:0.002s]
2024-12-15 00:29:15,678 - INFO - POST http://localhost:9201/nku_search/_search [status:200 duration:0.003s]
2024-12-15 00:29:15,681 - INFO - POST http://localhost:9201/nku_search/_search [status:200 duration:0.003s]
2024-12-15 00:29:15,683 - INFO - POST http://localhost:9201/nku_search/_search [status:200 duration:0.002s]
2024-12-15 00:29:15,685 - INFO - POST http://localhost:9201/nku_search/_search [status:200 duration:0.002s]
2024-12-15 00:29:15,687 - INFO - POST http://localhost:9201/nku_search/_search [status:200 duration:0.002s]
2024-12-15 00:29:15,690 - INFO - POST http://localhost:9201/nku_search/_search [status:200 duration:0.002s]
2024-12-15 00:29:15,692 - INFO - POST http://localhost:9201/nku_search/_search [status:200 duration:0.002s]
2024-12-15 00:29:15,695 - INFO - POST http://localhost:9201/nku_search/_search [status:200 duration:0.002s]
2024-12-15 00:29:15,696 - INFO - POST http://localhost:9201/nku_search/_search [status:200 duration:0.002s]
2024-12-15 00:29:15,699 - INFO - POST http://localhost:9201/nku_search/_search [status:200 duration:0.002s]
2024-12-15 00:29:15,701 - INFO - POST http://localhost:9201/nku_search/_search [status:200 duration:0.001s]
2024-12-15 00:29:15,703 - INFO - POST http://localhost:9201/nku_search/_search [status:200 duration:0.002s]
2024-12-15 00:29:15,705 - INFO - POST http://localhost:9201/nku_search/_search [status:200 duration:0.002s]
2024-12-15 00:29:15,707 - INFO - POST http://localhost:9201/nku_search/_search [status:200 duration:0.002s]
2024-12-15 00:29:15,709 - INFO - POST http://localhost:9201/nku_search/_search [status:200 duration:0.002s]
2024-12-15 00:29:15,711 - INFO - POST http://localhost:9201/nku_search/_search [status:200 duration:0.002s]
2024-12-15 00:29:15,712 - INFO - POST http://localhost:9201/nku_search/_search [status:200 duration:0.001s]
2024-12-15 00:29:15,715 - INFO - POST http://localhost:9201/nku_search/_search [status:200 duration:0.002s]
2024-12-15 00:29:15,717 - INFO - POST http://localhost:9201/nku_search/_search [status:200 duration:0.002s]
2024-12-15 00:29:15,719 - INFO - POST http://localhost:9201/nku_search/_search [status:200 duration:0.002s]
2024-12-15 00:29:15,722 - INFO - POST http://localhost:9201/nku_search/_search [status:200 duration:0.003s]
2024-12-15 00:29:15,725 - INFO - POST http://localhost:9201/nku_search/_search [status:200 duration:0.003s]
2024-12-15 00:29:15,726 - INFO - POST http://localhost:9201/nku_search/_search [status:200 duration:0.002s]
2024-12-15 00:29:15,729 - INFO - POST http://localhost:9201/nku_search/_search [status:200 duration:0.002s]
2024-12-15 00:29:15,731 - INFO - POST http://localhost:9201/nku_search/_search [status:200 duration:0.002s]
2024-12-15 00:29:15,733 - INFO - POST http://localhost:9201/nku_search/_search [status:200 duration:0.002s]
2024-12-15 00:29:15,735 - INFO - POST http://localhost:9201/nku_search/_search [status:200 duration:0.002s]
2024-12-15 00:29:15,737 - INFO - POST http://localhost:9201/nku_search/_search [status:200 duration:0.002s]
2024-12-15 00:29:15,739 - INFO - POST http://localhost:9201/nku_search/_search [status:200 duration:0.002s]
2024-12-15 00:29:15,741 - INFO - POST http://localhost:9201/nku_search/_search [status:200 duration:0.002s]
2024-12-15 00:29:15,743 - INFO - POST http://localhost:9201/nku_search/_search [status:200 duration:0.002s]
2024-12-15 00:29:15,745 - INFO - POST http://localhost:9201/nku_search/_search [status:200 duration:0.002s]
2024-12-15 00:29:15,747 - INFO - POST http://localhost:9201/nku_search/_search [status:200 duration:0.002s]
2024-12-15 00:29:15,750 - INFO - POST http://localhost:9201/nku_search/_search [status:200 duration:0.002s]
2024-12-15 00:29:15,752 - INFO - POST http://localhost:9201/nku_search/_search [status:200 duration:0.003s]
2024-12-15 00:29:15,754 - INFO - POST http://localhost:9201/nku_search/_search [status:200 duration:0.002s]
2024-12-15 00:29:15,757 - INFO - POST http://localhost:9201/nku_search/_search [status:200 duration:0.002s]
2024-12-15 00:29:15,761 - INFO - POST http://localhost:9201/nku_search/_search [status:200 duration:0.003s]
2024-12-15 00:29:15,762 - INFO - POST http://localhost:9201/nku_search/_search [status:200 duration:0.002s]
2024-12-15 00:29:15,764 - INFO - POST http://localhost:9201/nku_search/_search [status:200 duration:0.002s]
2024-12-15 00:29:15,766 - INFO - POST http://localhost:9201/nku_search/_search [status:200 duration:0.002s]
2024-12-15 00:29:15,768 - INFO - POST http://localhost:9201/nku_search/_search [status:200 duration:0.001s]
2024-12-15 00:29:15,770 - INFO - POST http://localhost:9201/nku_search/_search [status:200 duration:0.002s]
2024-12-15 00:29:15,772 - INFO - POST http://localhost:9201/nku_search/_search [status:200 duration:0.002s]
2024-12-15 00:29:15,776 - INFO - POST http://localhost:9201/nku_search/_search [status:200 duration:0.002s]
2024-12-15 00:29:15,778 - INFO - POST http://localhost:9201/nku_search/_search [status:200 duration:0.003s]
2024-12-15 00:29:15,782 - INFO - POST http://localhost:9201/nku_search/_search [status:200 duration:0.003s]
2024-12-15 00:29:15,784 - INFO - POST http://localhost:9201/nku_search/_search [status:200 duration:0.003s]
2024-12-15 00:29:15,787 - INFO - POST http://localhost:9201/nku_search/_search [status:200 duration:0.002s]
2024-12-15 00:29:15,790 - INFO - POST http://localhost:9201/nku_search/_search [status:200 duration:0.002s]
2024-12-15 00:29:15,793 - INFO - POST http://localhost:9201/nku_search/_search [status:200 duration:0.003s]
2024-12-15 00:29:15,795 - INFO - POST http://localhost:9201/nku_search/_search [status:200 duration:0.002s]
2024-12-15 00:29:15,798 - INFO - POST http://localhost:9201/nku_search/_search [status:200 duration:0.002s]
2024-12-15 00:29:15,800 - INFO - POST http://localhost:9201/nku_search/_search [status:200 duration:0.002s]
2024-12-15 00:29:15,802 - INFO - POST http://localhost:9201/nku_search/_search [status:200 duration:0.002s]
2024-12-15 00:29:15,805 - INFO - POST http://localhost:9201/nku_search/_search [status:200 duration:0.002s]
2024-12-15 00:29:15,807 - INFO - POST http://localhost:9201/nku_search/_search [status:200 duration:0.003s]
2024-12-15 00:29:15,809 - INFO - POST http://localhost:9201/nku_search/_search [status:200 duration:0.002s]
2024-12-15 00:29:15,813 - INFO - POST http://localhost:9201/nku_search/_search [status:200 duration:0.003s]
2024-12-15 00:29:15,815 - INFO - POST http://localhost:9201/nku_search/_search [status:200 duration:0.002s]
2024-12-15 00:29:15,818 - INFO - POST http://localhost:9201/nku_search/_search [status:200 duration:0.003s]
2024-12-15 00:29:15,820 - INFO - POST http://localhost:9201/nku_search/_search [status:200 duration:0.003s]
2024-12-15 00:29:15,823 - INFO - POST http://localhost:9201/nku_search/_search [status:200 duration:0.002s]
2024-12-15 00:29:15,825 - INFO - POST http://localhost:9201/nku_search/_search [status:200 duration:0.003s]
2024-12-15 00:29:15,827 - INFO - POST http://localhost:9201/nku_search/_search [status:200 duration:0.002s]
2024-12-15 00:29:15,830 - INFO - POST http://localhost:9201/nku_search/_search [status:200 duration:0.002s]
2024-12-15 00:29:15,834 - INFO - POST http://localhost:9201/nku_search/_search [status:200 duration:0.003s]
2024-12-15 00:29:15,836 - INFO - POST http://localhost:9201/nku_search/_search [status:200 duration:0.002s]
2024-12-15 00:29:15,840 - INFO - POST http://localhost:9201/nku_search/_search [status:200 duration:0.003s]
2024-12-15 00:29:15,846 - INFO - POST http://localhost:9201/nku_search/_search [status:200 duration:0.006s]
2024-12-15 00:29:15,848 - INFO - POST http://localhost:9201/nku_search/_search [status:200 duration:0.002s]
2024-12-15 00:29:15,850 - INFO - POST http://localhost:9201/nku_search/_search [status:200 duration:0.002s]
2024-12-15 00:29:15,852 - INFO - POST http://localhost:9201/nku_search/_search [status:200 duration:0.002s]
2024-12-15 00:29:15,856 - INFO - POST http://localhost:9201/nku_search/_search [status:200 duration:0.003s]
2024-12-15 00:29:15,858 - INFO - POST http://localhost:9201/nku_search/_search [status:200 duration:0.002s]
2024-12-15 00:29:15,865 - INFO - POST http://localhost:9201/nku_search/_search [status:200 duration:0.007s]
2024-12-15 00:29:15,867 - INFO - POST http://localhost:9201/nku_search/_search [status:200 duration:0.002s]
2024-12-15 00:29:15,870 - INFO - POST http://localhost:9201/nku_search/_search [status:200 duration:0.002s]
2024-12-15 00:29:15,873 - INFO - POST http://localhost:9201/nku_search/_search [status:200 duration:0.003s]
2024-12-15 00:29:15,875 - INFO - POST http://localhost:9201/nku_search/_search [status:200 duration:0.002s]
2024-12-15 00:29:15,878 - INFO - POST http://localhost:9201/nku_search/_search [status:200 duration:0.002s]
2024-12-15 00:29:15,880 - INFO - POST http://localhost:9201/nku_search/_search [status:200 duration:0.003s]
2024-12-15 00:29:15,882 - INFO - POST http://localhost:9201/nku_search/_search [status:200 duration:0.002s]
2024-12-15 00:29:15,884 - INFO - POST http://localhost:9201/nku_search/_search [status:200 duration:0.002s]
2024-12-15 00:29:15,886 - INFO - POST http://localhost:9201/nku_search/_search [status:200 duration:0.002s]
2024-12-15 00:29:15,889 - INFO - POST http://localhost:9201/nku_search/_search [status:200 duration:0.002s]
2024-12-15 00:29:15,892 - INFO - POST http://localhost:9201/nku_search/_search [status:200 duration:0.002s]
2024-12-15 00:29:15,894 - INFO - POST http://localhost:9201/nku_search/_search [status:200 duration:0.002s]
2024-12-15 00:29:15,896 - INFO - POST http://localhost:9201/nku_search/_search [status:200 duration:0.002s]
2024-12-15 00:29:15,899 - INFO - POST http://localhost:9201/nku_search/_search [status:200 duration:0.002s]
2024-12-15 00:29:15,900 - INFO - POST http://localhost:9201/nku_search/_search [status:200 duration:0.002s]
2024-12-15 00:29:15,903 - INFO - POST http://localhost:9201/nku_search/_search [status:200 duration:0.002s]
2024-12-15 00:29:15,905 - INFO - POST http://localhost:9201/nku_search/_search [status:200 duration:0.002s]
2024-12-15 00:29:15,906 - INFO - POST http://localhost:9201/nku_search/_search [status:200 duration:0.001s]
2024-12-15 00:29:15,909 - INFO - POST http://localhost:9201/nku_search/_search [status:200 duration:0.002s]
2024-12-15 00:29:15,910 - INFO - POST http://localhost:9201/nku_search/_search [status:200 duration:0.002s]
2024-12-15 00:29:15,912 - INFO - POST http://localhost:9201/nku_search/_search [status:200 duration:0.002s]
2024-12-15 00:29:15,914 - INFO - POST http://localhost:9201/nku_search/_search [status:200 duration:0.002s]
2024-12-15 00:29:15,916 - INFO - POST http://localhost:9201/nku_search/_search [status:200 duration:0.002s]
2024-12-15 00:29:15,917 - INFO - POST http://localhost:9201/nku_search/_search [status:200 duration:0.001s]
2024-12-15 00:29:15,919 - INFO - POST http://localhost:9201/nku_search/_search [status:200 duration:0.001s]
2024-12-15 00:29:15,920 - INFO - POST http://localhost:9201/nku_search/_search [status:200 duration:0.002s]
2024-12-15 00:29:15,924 - INFO - POST http://localhost:9201/nku_search/_search [status:200 duration:0.003s]
2024-12-15 00:29:15,926 - INFO - POST http://localhost:9201/nku_search/_search [status:200 duration:0.002s]
2024-12-15 00:29:15,928 - INFO - POST http://localhost:9201/nku_search/_search [status:200 duration:0.003s]
2024-12-15 00:29:15,930 - INFO - POST http://localhost:9201/nku_search/_search [status:200 duration:0.002s]
2024-12-15 00:29:15,932 - INFO - POST http://localhost:9201/nku_search/_search [status:200 duration:0.002s]
2024-12-15 00:29:15,934 - INFO - POST http://localhost:9201/nku_search/_search [status:200 duration:0.002s]
2024-12-15 00:29:15,936 - INFO - POST http://localhost:9201/nku_search/_search [status:200 duration:0.001s]
2024-12-15 00:29:15,938 - INFO - POST http://localhost:9201/nku_search/_search [status:200 duration:0.002s]
2024-12-15 00:29:15,940 - INFO - POST http://localhost:9201/nku_search/_search [status:200 duration:0.002s]
2024-12-15 00:29:15,942 - INFO - POST http://localhost:9201/nku_search/_search [status:200 duration:0.002s]
2024-12-15 00:29:15,944 - INFO - POST http://localhost:9201/nku_search/_search [status:200 duration:0.002s]
2024-12-15 00:29:15,946 - INFO - POST http://localhost:9201/nku_search/_search [status:200 duration:0.002s]
2024-12-15 00:29:15,948 - INFO - POST http://localhost:9201/nku_search/_search [status:200 duration:0.001s]
2024-12-15 00:29:15,950 - INFO - POST http://localhost:9201/nku_search/_search [status:200 duration:0.001s]
2024-12-15 00:29:15,953 - INFO - POST http://localhost:9201/nku_search/_search [status:200 duration:0.003s]
2024-12-15 00:29:15,954 - INFO - POST http://localhost:9201/nku_search/_search [status:200 duration:0.002s]
2024-12-15 00:29:15,956 - INFO - POST http://localhost:9201/nku_search/_search [status:200 duration:0.002s]
2024-12-15 00:29:15,958 - INFO - POST http://localhost:9201/nku_search/_search [status:200 duration:0.002s]
2024-12-15 00:29:15,961 - INFO - POST http://localhost:9201/nku_search/_search [status:200 duration:0.002s]
2024-12-15 00:29:15,967 - INFO - POST http://localhost:9201/nku_search/_search [status:200 duration:0.006s]
2024-12-15 00:29:15,969 - INFO - POST http://localhost:9201/nku_search/_search [status:200 duration:0.002s]
2024-12-15 00:29:15,972 - INFO - POST http://localhost:9201/nku_search/_search [status:200 duration:0.001s]
2024-12-15 00:29:15,973 - INFO - POST http://localhost:9201/nku_search/_search [status:200 duration:0.001s]
2024-12-15 00:29:15,976 - INFO - POST http://localhost:9201/nku_search/_search [status:200 duration:0.002s]
2024-12-15 00:29:15,977 - INFO - POST http://localhost:9201/nku_search/_search [status:200 duration:0.002s]
2024-12-15 00:29:15,979 - INFO - POST http://localhost:9201/nku_search/_search [status:200 duration:0.002s]
2024-12-15 00:29:15,981 - INFO - POST http://localhost:9201/nku_search/_search [status:200 duration:0.002s]
2024-12-15 00:29:15,984 - INFO - POST http://localhost:9201/nku_search/_search [status:200 duration:0.002s]
2024-12-15 00:29:15,985 - INFO - POST http://localhost:9201/nku_search/_search [status:200 duration:0.002s]
2024-12-15 00:29:15,988 - INFO - POST http://localhost:9201/nku_search/_search [status:200 duration:0.002s]
2024-12-15 00:29:15,990 - INFO - POST http://localhost:9201/nku_search/_search [status:200 duration:0.002s]
2024-12-15 00:29:15,992 - INFO - POST http://localhost:9201/nku_search/_search [status:200 duration:0.002s]
2024-12-15 00:29:15,994 - INFO - POST http://localhost:9201/nku_search/_search [status:200 duration:0.002s]
2024-12-15 00:29:15,996 - INFO - POST http://localhost:9201/nku_search/_search [status:200 duration:0.002s]
2024-12-15 00:29:15,998 - INFO - POST http://localhost:9201/nku_search/_search [status:200 duration:0.002s]
2024-12-15 00:29:16,000 - INFO - POST http://localhost:9201/nku_search/_search [status:200 duration:0.002s]
2024-12-15 00:29:16,002 - INFO - POST http://localhost:9201/nku_search/_search [status:200 duration:0.002s]
2024-12-15 00:29:16,004 - INFO - POST http://localhost:9201/nku_search/_search [status:200 duration:0.002s]
2024-12-15 00:29:16,005 - INFO - POST http://localhost:9201/nku_search/_search [status:200 duration:0.002s]
2024-12-15 00:29:16,008 - INFO - POST http://localhost:9201/nku_search/_search [status:200 duration:0.002s]
2024-12-15 00:29:16,009 - INFO - POST http://localhost:9201/nku_search/_search [status:200 duration:0.001s]
2024-12-15 00:29:16,011 - INFO - POST http://localhost:9201/nku_search/_search [status:200 duration:0.001s]
2024-12-15 00:29:16,013 - INFO - POST http://localhost:9201/nku_search/_search [status:200 duration:0.002s]
2024-12-15 00:29:16,015 - INFO - POST http://localhost:9201/nku_search/_search [status:200 duration:0.002s]
2024-12-15 00:29:16,016 - INFO - POST http://localhost:9201/nku_search/_search [status:200 duration:0.002s]
2024-12-15 00:29:16,018 - INFO - POST http://localhost:9201/nku_search/_search [status:200 duration:0.002s]
2024-12-15 00:29:16,021 - INFO - POST http://localhost:9201/nku_search/_search [status:200 duration:0.002s]
2024-12-15 00:29:16,022 - INFO - POST http://localhost:9201/nku_search/_search [status:200 duration:0.002s]
2024-12-15 00:29:16,024 - INFO - POST http://localhost:9201/nku_search/_search [status:200 duration:0.002s]
2024-12-15 00:29:16,026 - INFO - POST http://localhost:9201/nku_search/_search [status:200 duration:0.002s]
2024-12-15 00:29:16,027 - INFO - POST http://localhost:9201/nku_search/_search [status:200 duration:0.001s]
2024-12-15 00:29:16,029 - INFO - POST http://localhost:9201/nku_search/_search [status:200 duration:0.001s]
2024-12-15 00:29:16,031 - INFO - POST http://localhost:9201/nku_search/_search [status:200 duration:0.002s]
2024-12-15 00:29:16,033 - INFO - POST http://localhost:9201/nku_search/_search [status:200 duration:0.002s]
2024-12-15 00:29:16,035 - INFO - POST http://localhost:9201/nku_search/_search [status:200 duration:0.002s]
2024-12-15 00:29:16,038 - INFO - POST http://localhost:9201/nku_search/_search [status:200 duration:0.002s]
2024-12-15 00:29:16,039 - INFO - POST http://localhost:9201/nku_search/_search [status:200 duration:0.002s]
2024-12-15 00:29:16,041 - INFO - POST http://localhost:9201/nku_search/_search [status:200 duration:0.001s]
2024-12-15 00:29:16,043 - INFO - POST http://localhost:9201/nku_search/_search [status:200 duration:0.002s]
2024-12-15 00:29:16,045 - INFO - POST http://localhost:9201/nku_search/_search [status:200 duration:0.002s]
2024-12-15 00:29:16,047 - INFO - POST http://localhost:9201/nku_search/_search [status:200 duration:0.002s]
2024-12-15 00:29:16,049 - INFO - POST http://localhost:9201/nku_search/_search [status:200 duration:0.002s]
2024-12-15 00:29:16,051 - INFO - POST http://localhost:9201/nku_search/_search [status:200 duration:0.002s]
2024-12-15 00:29:16,054 - INFO - POST http://localhost:9201/nku_search/_search [status:200 duration:0.002s]
2024-12-15 00:29:16,056 - INFO - POST http://localhost:9201/nku_search/_search [status:200 duration:0.002s]
2024-12-15 00:29:16,059 - INFO - POST http://localhost:9201/nku_search/_search [status:200 duration:0.002s]
2024-12-15 00:29:16,060 - INFO - POST http://localhost:9201/nku_search/_search [status:200 duration:0.002s]
2024-12-15 00:29:16,063 - INFO - POST http://localhost:9201/nku_search/_search [status:200 duration:0.002s]
2024-12-15 00:29:16,064 - INFO - POST http://localhost:9201/nku_search/_search [status:200 duration:0.002s]
2024-12-15 00:29:16,066 - INFO - POST http://localhost:9201/nku_search/_search [status:200 duration:0.002s]
2024-12-15 00:29:16,069 - INFO - POST http://localhost:9201/nku_search/_search [status:200 duration:0.001s]
2024-12-15 00:29:16,070 - INFO - POST http://localhost:9201/nku_search/_search [status:200 duration:0.002s]
2024-12-15 00:29:16,073 - INFO - POST http://localhost:9201/nku_search/_search [status:200 duration:0.002s]
2024-12-15 00:29:16,074 - INFO - POST http://localhost:9201/nku_search/_search [status:200 duration:0.001s]
2024-12-15 00:29:16,076 - INFO - POST http://localhost:9201/nku_search/_search [status:200 duration:0.001s]
2024-12-15 00:29:16,077 - INFO - POST http://localhost:9201/nku_search/_search [status:200 duration:0.002s]
2024-12-15 00:29:16,079 - INFO - POST http://localhost:9201/nku_search/_search [status:200 duration:0.002s]
2024-12-15 00:29:16,081 - INFO - POST http://localhost:9201/nku_search/_search [status:200 duration:0.002s]
2024-12-15 00:29:16,082 - INFO - POST http://localhost:9201/nku_search/_search [status:200 duration:0.001s]
2024-12-15 00:29:16,089 - INFO - POST http://localhost:9201/nku_search/_search [status:200 duration:0.006s]
2024-12-15 00:29:16,091 - INFO - POST http://localhost:9201/nku_search/_search [status:200 duration:0.002s]
2024-12-15 00:29:16,094 - INFO - POST http://localhost:9201/nku_search/_search [status:200 duration:0.003s]
2024-12-15 00:29:16,096 - INFO - POST http://localhost:9201/nku_search/_search [status:200 duration:0.002s]
2024-12-15 00:29:16,098 - INFO - POST http://localhost:9201/nku_search/_search [status:200 duration:0.002s]
2024-12-15 00:29:16,099 - INFO - POST http://localhost:9201/nku_search/_search [status:200 duration:0.001s]
2024-12-15 00:29:16,101 - INFO - POST http://localhost:9201/nku_search/_search [status:200 duration:0.001s]
2024-12-15 00:29:16,103 - INFO - POST http://localhost:9201/nku_search/_search [status:200 duration:0.002s]
2024-12-15 00:29:16,104 - INFO - POST http://localhost:9201/nku_search/_search [status:200 duration:0.002s]
2024-12-15 00:29:16,106 - INFO - POST http://localhost:9201/nku_search/_search [status:200 duration:0.002s]
2024-12-15 00:29:16,107 - INFO - POST http://localhost:9201/nku_search/_search [status:200 duration:0.001s]
2024-12-15 00:29:16,108 - INFO - POST http://localhost:9201/nku_search/_search [status:200 duration:0.002s]
2024-12-15 00:29:16,110 - INFO - POST http://localhost:9201/nku_search/_search [status:200 duration:0.002s]
2024-12-15 00:29:16,111 - INFO - POST http://localhost:9201/nku_search/_search [status:200 duration:0.001s]
2024-12-15 00:29:16,113 - INFO - POST http://localhost:9201/nku_search/_search [status:200 duration:0.001s]
2024-12-15 00:29:16,115 - INFO - POST http://localhost:9201/nku_search/_search [status:200 duration:0.002s]
2024-12-15 00:29:16,117 - INFO - POST http://localhost:9201/nku_search/_search [status:200 duration:0.002s]
2024-12-15 00:29:16,118 - INFO - POST http://localhost:9201/nku_search/_search [status:200 duration:0.001s]
2024-12-15 00:29:16,120 - INFO - POST http://localhost:9201/nku_search/_search [status:200 duration:0.002s]
2024-12-15 00:29:16,121 - INFO - POST http://localhost:9201/nku_search/_search [status:200 duration:0.002s]
2024-12-15 00:29:16,124 - INFO - POST http://localhost:9201/nku_search/_search [status:200 duration:0.002s]
2024-12-15 00:29:16,125 - INFO - POST http://localhost:9201/nku_search/_search [status:200 duration:0.001s]
2024-12-15 00:29:16,127 - INFO - POST http://localhost:9201/nku_search/_search [status:200 duration:0.002s]
2024-12-15 00:29:16,129 - INFO - POST http://localhost:9201/nku_search/_search [status:200 duration:0.002s]
2024-12-15 00:29:16,130 - INFO - POST http://localhost:9201/nku_search/_search [status:200 duration:0.001s]
2024-12-15 00:29:16,132 - INFO - POST http://localhost:9201/nku_search/_search [status:200 duration:0.002s]
2024-12-15 00:29:16,134 - INFO - POST http://localhost:9201/nku_search/_search [status:200 duration:0.002s]
2024-12-15 00:29:16,136 - INFO - POST http://localhost:9201/nku_search/_search [status:200 duration:0.001s]
2024-12-15 00:29:16,137 - INFO - POST http://localhost:9201/nku_search/_search [status:200 duration:0.001s]
2024-12-15 00:29:16,139 - INFO - POST http://localhost:9201/nku_search/_search [status:200 duration:0.001s]
2024-12-15 00:29:16,140 - INFO - POST http://localhost:9201/nku_search/_search [status:200 duration:0.001s]
2024-12-15 00:29:16,142 - INFO - POST http://localhost:9201/nku_search/_search [status:200 duration:0.001s]
2024-12-15 00:29:16,144 - INFO - POST http://localhost:9201/nku_search/_search [status:200 duration:0.002s]
2024-12-15 00:29:16,145 - INFO - POST http://localhost:9201/nku_search/_search [status:200 duration:0.002s]
2024-12-15 00:29:16,147 - INFO - POST http://localhost:9201/nku_search/_search [status:200 duration:0.001s]
2024-12-15 00:29:16,149 - INFO - POST http://localhost:9201/nku_search/_search [status:200 duration:0.002s]
2024-12-15 00:29:16,150 - INFO - POST http://localhost:9201/nku_search/_search [status:200 duration:0.001s]
2024-12-15 00:29:16,152 - INFO - POST http://localhost:9201/nku_search/_search [status:200 duration:0.002s]
2024-12-15 00:29:16,154 - INFO - POST http://localhost:9201/nku_search/_search [status:200 duration:0.002s]
2024-12-15 00:29:16,156 - INFO - POST http://localhost:9201/nku_search/_search [status:200 duration:0.001s]
2024-12-15 00:29:16,159 - INFO - POST http://localhost:9201/nku_search/_search [status:200 duration:0.002s]
2024-12-15 00:29:16,160 - INFO - POST http://localhost:9201/nku_search/_search [status:200 duration:0.002s]
2024-12-15 00:29:16,162 - INFO - POST http://localhost:9201/nku_search/_search [status:200 duration:0.002s]
2024-12-15 00:29:16,163 - INFO - POST http://localhost:9201/nku_search/_search [status:200 duration:0.002s]
2024-12-15 00:29:16,165 - INFO - POST http://localhost:9201/nku_search/_search [status:200 duration:0.002s]
2024-12-15 00:29:16,166 - INFO - POST http://localhost:9201/nku_search/_search [status:200 duration:0.001s]
2024-12-15 00:29:16,168 - INFO - POST http://localhost:9201/nku_search/_search [status:200 duration:0.002s]
2024-12-15 00:29:16,170 - INFO - POST http://localhost:9201/nku_search/_search [status:200 duration:0.002s]
2024-12-15 00:29:16,171 - INFO - POST http://localhost:9201/nku_search/_search [status:200 duration:0.002s]
2024-12-15 00:29:16,173 - INFO - POST http://localhost:9201/nku_search/_search [status:200 duration:0.002s]
2024-12-15 00:29:16,174 - INFO - POST http://localhost:9201/nku_search/_search [status:200 duration:0.002s]
2024-12-15 00:29:16,176 - INFO - POST http://localhost:9201/nku_search/_search [status:200 duration:0.002s]
2024-12-15 00:29:16,178 - INFO - POST http://localhost:9201/nku_search/_search [status:200 duration:0.002s]
2024-12-15 00:29:16,180 - INFO - POST http://localhost:9201/nku_search/_search [status:200 duration:0.002s]
2024-12-15 00:29:16,181 - INFO - POST http://localhost:9201/nku_search/_search [status:200 duration:0.001s]
2024-12-15 00:29:16,183 - INFO - POST http://localhost:9201/nku_search/_search [status:200 duration:0.002s]
2024-12-15 00:29:16,186 - INFO - POST http://localhost:9201/nku_search/_search [status:200 duration:0.002s]
2024-12-15 00:29:16,187 - INFO - POST http://localhost:9201/nku_search/_search [status:200 duration:0.002s]
2024-12-15 00:29:16,189 - INFO - POST http://localhost:9201/nku_search/_search [status:200 duration:0.002s]
2024-12-15 00:29:16,191 - INFO - POST http://localhost:9201/nku_search/_search [status:200 duration:0.002s]
2024-12-15 00:29:16,193 - INFO - POST http://localhost:9201/nku_search/_search [status:200 duration:0.002s]
2024-12-15 00:29:16,195 - INFO - POST http://localhost:9201/nku_search/_search [status:200 duration:0.001s]
2024-12-15 00:29:16,197 - INFO - POST http://localhost:9201/nku_search/_search [status:200 duration:0.001s]
2024-12-15 00:29:16,199 - INFO - POST http://localhost:9201/nku_search/_search [status:200 duration:0.002s]
2024-12-15 00:29:16,201 - INFO - POST http://localhost:9201/nku_search/_search [status:200 duration:0.002s]
2024-12-15 00:29:16,202 - INFO - POST http://localhost:9201/nku_search/_search [status:200 duration:0.001s]
2024-12-15 00:29:16,204 - INFO - POST http://localhost:9201/nku_search/_search [status:200 duration:0.001s]
2024-12-15 00:29:16,206 - INFO - POST http://localhost:9201/nku_search/_search [status:200 duration:0.003s]
2024-12-15 00:29:16,208 - INFO - POST http://localhost:9201/nku_search/_search [status:200 duration:0.002s]
2024-12-15 00:29:16,209 - INFO - POST http://localhost:9201/nku_search/_search [status:200 duration:0.001s]
2024-12-15 00:29:16,211 - INFO - POST http://localhost:9201/nku_search/_search [status:200 duration:0.002s]
2024-12-15 00:29:16,214 - INFO - POST http://localhost:9201/nku_search/_search [status:200 duration:0.002s]
2024-12-15 00:29:16,215 - INFO - POST http://localhost:9201/nku_search/_search [status:200 duration:0.002s]
2024-12-15 00:29:16,217 - INFO - POST http://localhost:9201/nku_search/_search [status:200 duration:0.002s]
2024-12-15 00:29:16,219 - INFO - POST http://localhost:9201/nku_search/_search [status:200 duration:0.002s]
2024-12-15 00:29:16,221 - INFO - POST http://localhost:9201/nku_search/_search [status:200 duration:0.001s]
2024-12-15 00:29:16,222 - INFO - POST http://localhost:9201/nku_search/_search [status:200 duration:0.001s]
2024-12-15 00:29:16,225 - INFO - POST http://localhost:9201/nku_search/_search [status:200 duration:0.002s]
2024-12-15 00:29:16,227 - INFO - POST http://localhost:9201/nku_search/_search [status:200 duration:0.002s]
2024-12-15 00:29:16,228 - INFO - POST http://localhost:9201/nku_search/_search [status:200 duration:0.001s]
2024-12-15 00:29:16,230 - INFO - POST http://localhost:9201/nku_search/_search [status:200 duration:0.001s]
2024-12-15 00:29:16,232 - INFO - POST http://localhost:9201/nku_search/_search [status:200 duration:0.001s]
2024-12-15 00:29:16,233 - INFO - POST http://localhost:9201/nku_search/_search [status:200 duration:0.002s]
2024-12-15 00:29:16,235 - INFO - POST http://localhost:9201/nku_search/_search [status:200 duration:0.002s]
2024-12-15 00:29:16,237 - INFO - POST http://localhost:9201/nku_search/_search [status:200 duration:0.002s]
2024-12-15 00:29:16,238 - INFO - POST http://localhost:9201/nku_search/_search [status:200 duration:0.001s]
2024-12-15 00:29:16,240 - INFO - POST http://localhost:9201/nku_search/_search [status:200 duration:0.001s]
2024-12-15 00:29:16,242 - INFO - POST http://localhost:9201/nku_search/_search [status:200 duration:0.002s]
2024-12-15 00:29:16,244 - INFO - POST http://localhost:9201/nku_search/_search [status:200 duration:0.002s]
2024-12-15 00:29:16,245 - INFO - POST http://localhost:9201/nku_search/_search [status:200 duration:0.002s]
2024-12-15 00:29:16,247 - INFO - POST http://localhost:9201/nku_search/_search [status:200 duration:0.001s]
2024-12-15 00:29:16,249 - INFO - POST http://localhost:9201/nku_search/_search [status:200 duration:0.002s]
2024-12-15 00:29:16,251 - INFO - POST http://localhost:9201/nku_search/_search [status:200 duration:0.002s]
2024-12-15 00:29:16,253 - INFO - POST http://localhost:9201/nku_search/_search [status:200 duration:0.001s]
2024-12-15 00:29:16,255 - INFO - POST http://localhost:9201/nku_search/_search [status:200 duration:0.002s]
2024-12-15 00:29:16,257 - INFO - POST http://localhost:9201/nku_search/_search [status:200 duration:0.002s]
2024-12-15 00:29:16,259 - INFO - POST http://localhost:9201/nku_search/_search [status:200 duration:0.002s]
2024-12-15 00:29:16,261 - INFO - POST http://localhost:9201/nku_search/_search [status:200 duration:0.002s]
2024-12-15 00:29:16,262 - INFO - POST http://localhost:9201/nku_search/_search [status:200 duration:0.002s]
2024-12-15 00:29:16,264 - INFO - POST http://localhost:9201/nku_search/_search [status:200 duration:0.002s]
2024-12-15 00:29:16,266 - INFO - POST http://localhost:9201/nku_search/_search [status:200 duration:0.002s]
2024-12-15 00:29:16,268 - INFO - POST http://localhost:9201/nku_search/_search [status:200 duration:0.002s]
2024-12-15 00:29:16,270 - INFO - POST http://localhost:9201/nku_search/_search [status:200 duration:0.001s]
2024-12-15 00:29:16,272 - INFO - POST http://localhost:9201/nku_search/_search [status:200 duration:0.002s]
2024-12-15 00:29:16,274 - INFO - POST http://localhost:9201/nku_search/_search [status:200 duration:0.002s]
2024-12-15 00:29:16,276 - INFO - POST http://localhost:9201/nku_search/_search [status:200 duration:0.002s]
2024-12-15 00:29:16,277 - INFO - POST http://localhost:9201/nku_search/_search [status:200 duration:0.001s]
2024-12-15 00:29:16,279 - INFO - POST http://localhost:9201/nku_search/_search [status:200 duration:0.002s]
2024-12-15 00:29:16,281 - INFO - POST http://localhost:9201/nku_search/_search [status:200 duration:0.002s]
2024-12-15 00:29:16,283 - INFO - POST http://localhost:9201/nku_search/_search [status:200 duration:0.002s]
2024-12-15 00:29:16,285 - INFO - POST http://localhost:9201/nku_search/_search [status:200 duration:0.002s]
2024-12-15 00:29:16,286 - INFO - POST http://localhost:9201/nku_search/_search [status:200 duration:0.002s]
2024-12-15 00:29:16,288 - INFO - POST http://localhost:9201/nku_search/_search [status:200 duration:0.002s]
2024-12-15 00:29:16,290 - INFO - POST http://localhost:9201/nku_search/_search [status:200 duration:0.002s]
2024-12-15 00:29:16,292 - INFO - POST http://localhost:9201/nku_search/_search [status:200 duration:0.002s]
2024-12-15 00:29:16,294 - INFO - POST http://localhost:9201/nku_search/_search [status:200 duration:0.001s]
2024-12-15 00:29:16,295 - INFO - POST http://localhost:9201/nku_search/_search [status:200 duration:0.002s]
2024-12-15 00:29:16,297 - INFO - POST http://localhost:9201/nku_search/_search [status:200 duration:0.002s]
2024-12-15 00:29:16,299 - INFO - POST http://localhost:9201/nku_search/_search [status:200 duration:0.002s]
2024-12-15 00:29:16,300 - INFO - POST http://localhost:9201/nku_search/_search [status:200 duration:0.002s]
2024-12-15 00:29:16,302 - INFO - POST http://localhost:9201/nku_search/_search [status:200 duration:0.002s]
2024-12-15 00:29:16,314 - INFO - POST http://localhost:9201/nku_search/_search [status:200 duration:0.012s]
2024-12-15 00:29:16,318 - INFO - POST http://localhost:9201/nku_search/_search [status:200 duration:0.003s]
2024-12-15 00:29:16,319 - INFO - POST http://localhost:9201/nku_search/_search [status:200 duration:0.002s]
2024-12-15 00:29:16,321 - INFO - POST http://localhost:9201/nku_search/_search [status:200 duration:0.002s]
2024-12-15 00:29:16,324 - INFO - POST http://localhost:9201/nku_search/_search [status:200 duration:0.002s]
2024-12-15 00:29:16,326 - INFO - POST http://localhost:9201/nku_search/_search [status:200 duration:0.002s]
2024-12-15 00:29:16,328 - INFO - POST http://localhost:9201/nku_search/_search [status:200 duration:0.002s]
2024-12-15 00:29:16,330 - INFO - POST http://localhost:9201/nku_search/_search [status:200 duration:0.002s]
2024-12-15 00:29:16,331 - INFO - POST http://localhost:9201/nku_search/_search [status:200 duration:0.001s]
2024-12-15 00:29:16,333 - INFO - POST http://localhost:9201/nku_search/_search [status:200 duration:0.001s]
2024-12-15 00:29:16,334 - INFO - POST http://localhost:9201/nku_search/_search [status:200 duration:0.001s]
2024-12-15 00:29:16,335 - INFO - POST http://localhost:9201/nku_search/_search [status:200 duration:0.001s]
2024-12-15 00:29:16,337 - INFO - POST http://localhost:9201/nku_search/_search [status:200 duration:0.001s]
2024-12-15 00:29:16,339 - INFO - POST http://localhost:9201/nku_search/_search [status:200 duration:0.002s]
2024-12-15 00:29:16,341 - INFO - POST http://localhost:9201/nku_search/_search [status:200 duration:0.002s]
2024-12-15 00:29:16,342 - INFO - POST http://localhost:9201/nku_search/_search [status:200 duration:0.001s]
2024-12-15 00:29:16,344 - INFO - POST http://localhost:9201/nku_search/_search [status:200 duration:0.001s]
2024-12-15 00:29:16,345 - INFO - POST http://localhost:9201/nku_search/_search [status:200 duration:0.002s]
2024-12-15 00:29:16,347 - INFO - POST http://localhost:9201/nku_search/_search [status:200 duration:0.001s]
2024-12-15 00:29:16,348 - INFO - POST http://localhost:9201/nku_search/_search [status:200 duration:0.001s]
2024-12-15 00:29:16,351 - INFO - POST http://localhost:9201/nku_search/_search [status:200 duration:0.002s]
2024-12-15 00:29:16,353 - INFO - POST http://localhost:9201/nku_search/_search [status:200 duration:0.002s]
2024-12-15 00:29:16,355 - INFO - POST http://localhost:9201/nku_search/_search [status:200 duration:0.002s]
2024-12-15 00:29:16,356 - INFO - POST http://localhost:9201/nku_search/_search [status:200 duration:0.002s]
2024-12-15 00:29:16,358 - INFO - POST http://localhost:9201/nku_search/_search [status:200 duration:0.002s]
2024-12-15 00:29:16,360 - INFO - POST http://localhost:9201/nku_search/_search [status:200 duration:0.001s]
2024-12-15 00:29:16,362 - INFO - POST http://localhost:9201/nku_search/_search [status:200 duration:0.002s]
2024-12-15 00:29:16,364 - INFO - POST http://localhost:9201/nku_search/_search [status:200 duration:0.002s]
2024-12-15 00:29:16,366 - INFO - POST http://localhost:9201/nku_search/_search [status:200 duration:0.001s]
2024-12-15 00:29:16,367 - INFO - POST http://localhost:9201/nku_search/_search [status:200 duration:0.001s]
2024-12-15 00:29:16,369 - INFO - POST http://localhost:9201/nku_search/_search [status:200 duration:0.002s]
2024-12-15 00:29:16,371 - INFO - POST http://localhost:9201/nku_search/_search [status:200 duration:0.001s]
2024-12-15 00:29:16,372 - INFO - POST http://localhost:9201/nku_search/_search [status:200 duration:0.001s]
2024-12-15 00:29:16,374 - INFO - POST http://localhost:9201/nku_search/_search [status:200 duration:0.001s]
2024-12-15 00:29:16,375 - INFO - POST http://localhost:9201/nku_search/_search [status:200 duration:0.002s]
2024-12-15 00:29:16,377 - INFO - POST http://localhost:9201/nku_search/_search [status:200 duration:0.002s]
2024-12-15 00:29:16,378 - INFO - POST http://localhost:9201/nku_search/_search [status:200 duration:0.001s]
2024-12-15 00:29:16,379 - INFO - POST http://localhost:9201/nku_search/_search [status:200 duration:0.001s]
2024-12-15 00:29:16,382 - INFO - POST http://localhost:9201/nku_search/_search [status:200 duration:0.002s]
2024-12-15 00:29:16,384 - INFO - POST http://localhost:9201/nku_search/_search [status:200 duration:0.002s]
2024-12-15 00:29:16,386 - INFO - POST http://localhost:9201/nku_search/_search [status:200 duration:0.002s]
2024-12-15 00:29:16,387 - INFO - POST http://localhost:9201/nku_search/_search [status:200 duration:0.002s]
2024-12-15 00:29:16,389 - INFO - POST http://localhost:9201/nku_search/_search [status:200 duration:0.002s]
2024-12-15 00:29:16,391 - INFO - POST http://localhost:9201/nku_search/_search [status:200 duration:0.002s]
2024-12-15 00:29:16,392 - INFO - POST http://localhost:9201/nku_search/_search [status:200 duration:0.001s]
2024-12-15 00:29:16,394 - INFO - POST http://localhost:9201/nku_search/_search [status:200 duration:0.002s]
2024-12-15 00:29:16,395 - INFO - POST http://localhost:9201/nku_search/_search [status:200 duration:0.001s]
2024-12-15 00:29:16,397 - INFO - POST http://localhost:9201/nku_search/_search [status:200 duration:0.001s]
2024-12-15 00:29:16,398 - INFO - POST http://localhost:9201/nku_search/_search [status:200 duration:0.001s]
2024-12-15 00:29:16,400 - INFO - POST http://localhost:9201/nku_search/_search [status:200 duration:0.002s]
2024-12-15 00:29:16,402 - INFO - POST http://localhost:9201/nku_search/_search [status:200 duration:0.001s]
2024-12-15 00:29:16,403 - INFO - POST http://localhost:9201/nku_search/_search [status:200 duration:0.001s]
2024-12-15 00:29:16,405 - INFO - POST http://localhost:9201/nku_search/_search [status:200 duration:0.001s]
2024-12-15 00:29:16,406 - INFO - POST http://localhost:9201/nku_search/_search [status:200 duration:0.002s]
2024-12-15 00:29:16,408 - INFO - POST http://localhost:9201/nku_search/_search [status:200 duration:0.001s]
2024-12-15 00:29:16,409 - INFO - POST http://localhost:9201/nku_search/_search [status:200 duration:0.001s]
2024-12-15 00:29:16,411 - INFO - POST http://localhost:9201/nku_search/_search [status:200 duration:0.002s]
2024-12-15 00:29:16,412 - INFO - POST http://localhost:9201/nku_search/_search [status:200 duration:0.001s]
2024-12-15 00:29:16,414 - INFO - POST http://localhost:9201/nku_search/_search [status:200 duration:0.001s]
2024-12-15 00:29:16,415 - INFO - POST http://localhost:9201/nku_search/_search [status:200 duration:0.002s]
2024-12-15 00:29:16,417 - INFO - POST http://localhost:9201/nku_search/_search [status:200 duration:0.001s]
2024-12-15 00:29:16,419 - INFO - POST http://localhost:9201/nku_search/_search [status:200 duration:0.002s]
2024-12-15 00:29:16,420 - INFO - POST http://localhost:9201/nku_search/_search [status:200 duration:0.002s]
2024-12-15 00:29:16,422 - INFO - POST http://localhost:9201/nku_search/_search [status:200 duration:0.002s]
2024-12-15 00:29:16,424 - INFO - POST http://localhost:9201/nku_search/_search [status:200 duration:0.002s]
2024-12-15 00:29:16,425 - INFO - POST http://localhost:9201/nku_search/_search [status:200 duration:0.002s]
2024-12-15 00:29:16,427 - INFO - POST http://localhost:9201/nku_search/_search [status:200 duration:0.002s]
2024-12-15 00:29:16,428 - INFO - POST http://localhost:9201/nku_search/_search [status:200 duration:0.001s]
2024-12-15 00:29:16,430 - INFO - POST http://localhost:9201/nku_search/_search [status:200 duration:0.001s]
2024-12-15 00:29:16,431 - INFO - POST http://localhost:9201/nku_search/_search [status:200 duration:0.002s]
2024-12-15 00:29:16,433 - INFO - POST http://localhost:9201/nku_search/_search [status:200 duration:0.001s]
2024-12-15 00:29:16,434 - INFO - POST http://localhost:9201/nku_search/_search [status:200 duration:0.001s]
2024-12-15 00:29:16,435 - INFO - POST http://localhost:9201/nku_search/_search [status:200 duration:0.001s]
2024-12-15 00:29:16,437 - INFO - POST http://localhost:9201/nku_search/_search [status:200 duration:0.002s]
2024-12-15 00:29:16,439 - INFO - POST http://localhost:9201/nku_search/_search [status:200 duration:0.002s]
2024-12-15 00:29:16,440 - INFO - POST http://localhost:9201/nku_search/_search [status:200 duration:0.001s]
2024-12-15 00:29:16,442 - INFO - POST http://localhost:9201/nku_search/_search [status:200 duration:0.002s]
2024-12-15 00:29:16,443 - INFO - POST http://localhost:9201/nku_search/_search [status:200 duration:0.002s]
2024-12-15 00:29:16,445 - INFO - POST http://localhost:9201/nku_search/_search [status:200 duration:0.002s]
2024-12-15 00:29:16,447 - INFO - POST http://localhost:9201/nku_search/_search [status:200 duration:0.002s]
2024-12-15 00:29:16,448 - INFO - POST http://localhost:9201/nku_search/_search [status:200 duration:0.001s]
2024-12-15 00:29:16,450 - INFO - POST http://localhost:9201/nku_search/_search [status:200 duration:0.002s]
2024-12-15 00:29:16,451 - INFO - POST http://localhost:9201/nku_search/_search [status:200 duration:0.002s]
2024-12-15 00:29:16,453 - INFO - POST http://localhost:9201/nku_search/_search [status:200 duration:0.001s]
2024-12-15 00:29:16,455 - INFO - POST http://localhost:9201/nku_search/_search [status:200 duration:0.002s]
2024-12-15 00:29:16,457 - INFO - POST http://localhost:9201/nku_search/_search [status:200 duration:0.001s]
2024-12-15 00:29:16,458 - INFO - POST http://localhost:9201/nku_search/_search [status:200 duration:0.002s]
2024-12-15 00:29:16,460 - INFO - POST http://localhost:9201/nku_search/_search [status:200 duration:0.002s]
2024-12-15 00:29:16,462 - INFO - POST http://localhost:9201/nku_search/_search [status:200 duration:0.002s]
2024-12-15 00:29:16,463 - INFO - POST http://localhost:9201/nku_search/_search [status:200 duration:0.001s]
2024-12-15 00:29:16,465 - INFO - POST http://localhost:9201/nku_search/_search [status:200 duration:0.001s]
2024-12-15 00:29:16,466 - INFO - POST http://localhost:9201/nku_search/_search [status:200 duration:0.001s]
2024-12-15 00:29:16,467 - INFO - POST http://localhost:9201/nku_search/_search [status:200 duration:0.001s]
2024-12-15 00:29:16,469 - INFO - POST http://localhost:9201/nku_search/_search [status:200 duration:0.002s]
2024-12-15 00:29:16,471 - INFO - POST http://localhost:9201/nku_search/_search [status:200 duration:0.002s]
2024-12-15 00:29:16,473 - INFO - POST http://localhost:9201/nku_search/_search [status:200 duration:0.002s]
2024-12-15 00:29:16,474 - INFO - POST http://localhost:9201/nku_search/_search [status:200 duration:0.001s]
2024-12-15 00:29:16,476 - INFO - POST http://localhost:9201/nku_search/_search [status:200 duration:0.001s]
2024-12-15 00:29:16,478 - INFO - POST http://localhost:9201/nku_search/_search [status:200 duration:0.002s]
2024-12-15 00:29:16,479 - INFO - POST http://localhost:9201/nku_search/_search [status:200 duration:0.002s]
2024-12-15 00:29:16,481 - INFO - POST http://localhost:9201/nku_search/_search [status:200 duration:0.002s]
2024-12-15 00:29:16,482 - INFO - POST http://localhost:9201/nku_search/_search [status:200 duration:0.001s]
2024-12-15 00:29:16,484 - INFO - POST http://localhost:9201/nku_search/_search [status:200 duration:0.002s]
2024-12-15 00:29:16,486 - INFO - POST http://localhost:9201/nku_search/_search [status:200 duration:0.002s]
2024-12-15 00:29:16,488 - INFO - POST http://localhost:9201/nku_search/_search [status:200 duration:0.002s]
2024-12-15 00:29:16,489 - INFO - POST http://localhost:9201/nku_search/_search [status:200 duration:0.001s]
2024-12-15 00:29:16,491 - INFO - POST http://localhost:9201/nku_search/_search [status:200 duration:0.001s]
2024-12-15 00:29:16,492 - INFO - POST http://localhost:9201/nku_search/_search [status:200 duration:0.001s]
2024-12-15 00:29:16,494 - INFO - POST http://localhost:9201/nku_search/_search [status:200 duration:0.001s]
2024-12-15 00:29:16,496 - INFO - POST http://localhost:9201/nku_search/_search [status:200 duration:0.002s]
2024-12-15 00:29:16,497 - INFO - POST http://localhost:9201/nku_search/_search [status:200 duration:0.001s]
2024-12-15 00:29:16,498 - INFO - POST http://localhost:9201/nku_search/_search [status:200 duration:0.002s]
2024-12-15 00:29:16,499 - INFO - POST http://localhost:9201/nku_search/_search [status:200 duration:0.001s]
2024-12-15 00:29:16,501 - INFO - POST http://localhost:9201/nku_search/_search [status:200 duration:0.001s]
2024-12-15 00:29:16,503 - INFO - POST http://localhost:9201/nku_search/_search [status:200 duration:0.002s]
2024-12-15 00:29:16,504 - INFO - POST http://localhost:9201/nku_search/_search [status:200 duration:0.001s]
2024-12-15 00:29:16,505 - INFO - POST http://localhost:9201/nku_search/_search [status:200 duration:0.001s]
2024-12-15 00:29:16,507 - INFO - POST http://localhost:9201/nku_search/_search [status:200 duration:0.001s]
2024-12-15 00:29:16,508 - INFO - POST http://localhost:9201/nku_search/_search [status:200 duration:0.002s]
2024-12-15 00:29:16,509 - INFO - POST http://localhost:9201/nku_search/_search [status:200 duration:0.001s]
2024-12-15 00:29:16,511 - INFO - POST http://localhost:9201/nku_search/_search [status:200 duration:0.002s]
2024-12-15 00:29:16,512 - INFO - POST http://localhost:9201/nku_search/_search [status:200 duration:0.001s]
2024-12-15 00:29:16,513 - INFO - POST http://localhost:9201/nku_search/_search [status:200 duration:0.001s]
2024-12-15 00:29:16,515 - INFO - POST http://localhost:9201/nku_search/_search [status:200 duration:0.001s]
2024-12-15 00:29:16,516 - INFO - POST http://localhost:9201/nku_search/_search [status:200 duration:0.001s]
2024-12-15 00:29:16,517 - INFO - POST http://localhost:9201/nku_search/_search [status:200 duration:0.001s]
2024-12-15 00:29:16,519 - INFO - POST http://localhost:9201/nku_search/_search [status:200 duration:0.001s]
2024-12-15 00:29:16,520 - INFO - POST http://localhost:9201/nku_search/_search [status:200 duration:0.002s]
2024-12-15 00:29:16,522 - INFO - POST http://localhost:9201/nku_search/_search [status:200 duration:0.002s]
2024-12-15 00:29:16,529 - INFO - POST http://localhost:9201/nku_search/_search [status:200 duration:0.007s]
2024-12-15 00:29:16,533 - INFO - POST http://localhost:9201/nku_search/_search [status:200 duration:0.003s]
2024-12-15 00:29:16,535 - INFO - POST http://localhost:9201/nku_search/_search [status:200 duration:0.002s]
2024-12-15 00:29:16,540 - INFO - POST http://localhost:9201/nku_search/_search [status:200 duration:0.004s]
2024-12-15 00:29:16,543 - INFO - POST http://localhost:9201/nku_search/_search [status:200 duration:0.003s]
2024-12-15 00:29:16,546 - INFO - POST http://localhost:9201/nku_search/_search [status:200 duration:0.002s]
2024-12-15 00:29:16,548 - INFO - POST http://localhost:9201/nku_search/_search [status:200 duration:0.002s]
2024-12-15 00:29:16,550 - INFO - POST http://localhost:9201/nku_search/_search [status:200 duration:0.002s]
2024-12-15 00:29:16,553 - INFO - POST http://localhost:9201/nku_search/_search [status:200 duration:0.002s]
2024-12-15 00:29:16,555 - INFO - POST http://localhost:9201/nku_search/_search [status:200 duration:0.001s]
2024-12-15 00:29:16,558 - INFO - POST http://localhost:9201/nku_search/_search [status:200 duration:0.002s]
2024-12-15 00:29:16,560 - INFO - POST http://localhost:9201/nku_search/_search [status:200 duration:0.002s]
2024-12-15 00:29:16,563 - INFO - POST http://localhost:9201/nku_search/_search [status:200 duration:0.002s]
2024-12-15 00:29:16,564 - INFO - POST http://localhost:9201/nku_search/_search [status:200 duration:0.002s]
2024-12-15 00:29:16,566 - INFO - POST http://localhost:9201/nku_search/_search [status:200 duration:0.001s]
2024-12-15 00:29:16,568 - INFO - POST http://localhost:9201/nku_search/_search [status:200 duration:0.002s]
2024-12-15 00:29:16,569 - INFO - POST http://localhost:9201/nku_search/_search [status:200 duration:0.001s]
2024-12-15 00:29:16,571 - INFO - POST http://localhost:9201/nku_search/_search [status:200 duration:0.001s]
2024-12-15 00:29:16,572 - INFO - POST http://localhost:9201/nku_search/_search [status:200 duration:0.001s]
2024-12-15 00:29:16,573 - INFO - POST http://localhost:9201/nku_search/_search [status:200 duration:0.001s]
2024-12-15 00:29:16,575 - INFO - POST http://localhost:9201/nku_search/_search [status:200 duration:0.002s]
2024-12-15 00:29:16,577 - INFO - POST http://localhost:9201/nku_search/_search [status:200 duration:0.001s]
2024-12-15 00:29:16,579 - INFO - POST http://localhost:9201/nku_search/_search [status:200 duration:0.002s]
2024-12-15 00:29:16,580 - INFO - POST http://localhost:9201/nku_search/_search [status:200 duration:0.002s]
2024-12-15 00:29:16,582 - INFO - POST http://localhost:9201/nku_search/_search [status:200 duration:0.002s]
2024-12-15 00:29:16,584 - INFO - POST http://localhost:9201/nku_search/_search [status:200 duration:0.002s]
2024-12-15 00:29:16,585 - INFO - POST http://localhost:9201/nku_search/_search [status:200 duration:0.002s]
2024-12-15 00:29:16,587 - INFO - POST http://localhost:9201/nku_search/_search [status:200 duration:0.002s]
2024-12-15 00:29:16,589 - INFO - POST http://localhost:9201/nku_search/_search [status:200 duration:0.002s]
2024-12-15 00:29:16,591 - INFO - POST http://localhost:9201/nku_search/_search [status:200 duration:0.002s]
2024-12-15 00:29:16,593 - INFO - POST http://localhost:9201/nku_search/_search [status:200 duration:0.002s]
2024-12-15 00:29:16,594 - INFO - POST http://localhost:9201/nku_search/_search [status:200 duration:0.002s]
2024-12-15 00:29:16,596 - INFO - POST http://localhost:9201/nku_search/_search [status:200 duration:0.002s]
2024-12-15 00:29:16,597 - INFO - POST http://localhost:9201/nku_search/_search [status:200 duration:0.001s]
2024-12-15 00:29:16,599 - INFO - POST http://localhost:9201/nku_search/_search [status:200 duration:0.001s]
2024-12-15 00:29:16,600 - INFO - POST http://localhost:9201/nku_search/_search [status:200 duration:0.001s]
2024-12-15 00:29:16,602 - INFO - POST http://localhost:9201/nku_search/_search [status:200 duration:0.002s]
2024-12-15 00:29:16,604 - INFO - POST http://localhost:9201/nku_search/_search [status:200 duration:0.002s]
2024-12-15 00:29:16,605 - INFO - POST http://localhost:9201/nku_search/_search [status:200 duration:0.001s]
2024-12-15 00:29:16,606 - INFO - POST http://localhost:9201/nku_search/_search [status:200 duration:0.001s]
2024-12-15 00:29:16,608 - INFO - POST http://localhost:9201/nku_search/_search [status:200 duration:0.002s]
2024-12-15 00:29:16,610 - INFO - POST http://localhost:9201/nku_search/_search [status:200 duration:0.002s]
2024-12-15 00:29:16,612 - INFO - POST http://localhost:9201/nku_search/_search [status:200 duration:0.002s]
2024-12-15 00:29:16,614 - INFO - POST http://localhost:9201/nku_search/_search [status:200 duration:0.002s]
2024-12-15 00:29:16,615 - INFO - POST http://localhost:9201/nku_search/_search [status:200 duration:0.002s]
2024-12-15 00:29:16,617 - INFO - POST http://localhost:9201/nku_search/_search [status:200 duration:0.002s]
2024-12-15 00:29:16,619 - INFO - POST http://localhost:9201/nku_search/_search [status:200 duration:0.002s]
2024-12-15 00:29:16,620 - INFO - POST http://localhost:9201/nku_search/_search [status:200 duration:0.001s]
2024-12-15 00:29:16,623 - INFO - POST http://localhost:9201/nku_search/_search [status:200 duration:0.003s]
2024-12-15 00:29:16,625 - INFO - POST http://localhost:9201/nku_search/_search [status:200 duration:0.002s]
2024-12-15 00:29:16,627 - INFO - POST http://localhost:9201/nku_search/_search [status:200 duration:0.002s]
2024-12-15 00:29:16,630 - INFO - POST http://localhost:9201/nku_search/_search [status:200 duration:0.002s]
2024-12-15 00:29:16,631 - INFO - POST http://localhost:9201/nku_search/_search [status:200 duration:0.002s]
2024-12-15 00:29:16,633 - INFO - POST http://localhost:9201/nku_search/_search [status:200 duration:0.001s]
2024-12-15 00:29:16,635 - INFO - POST http://localhost:9201/nku_search/_search [status:200 duration:0.001s]
2024-12-15 00:29:16,636 - INFO - POST http://localhost:9201/nku_search/_search [status:200 duration:0.002s]
2024-12-15 00:29:16,638 - INFO - POST http://localhost:9201/nku_search/_search [status:200 duration:0.001s]
2024-12-15 00:29:16,639 - INFO - POST http://localhost:9201/nku_search/_search [status:200 duration:0.001s]
2024-12-15 00:29:16,642 - INFO - POST http://localhost:9201/nku_search/_search [status:200 duration:0.002s]
2024-12-15 00:29:16,643 - INFO - POST http://localhost:9201/nku_search/_search [status:200 duration:0.002s]
2024-12-15 00:29:16,645 - INFO - POST http://localhost:9201/nku_search/_search [status:200 duration:0.001s]
2024-12-15 00:29:16,647 - INFO - POST http://localhost:9201/nku_search/_search [status:200 duration:0.002s]
2024-12-15 00:29:16,648 - INFO - POST http://localhost:9201/nku_search/_search [status:200 duration:0.002s]
2024-12-15 00:29:16,650 - INFO - POST http://localhost:9201/nku_search/_search [status:200 duration:0.002s]
2024-12-15 00:29:16,652 - INFO - POST http://localhost:9201/nku_search/_search [status:200 duration:0.002s]
2024-12-15 00:29:16,654 - INFO - POST http://localhost:9201/nku_search/_search [status:200 duration:0.002s]
2024-12-15 00:29:16,656 - INFO - POST http://localhost:9201/nku_search/_search [status:200 duration:0.002s]
2024-12-15 00:29:16,657 - INFO - POST http://localhost:9201/nku_search/_search [status:200 duration:0.002s]
2024-12-15 00:29:16,659 - INFO - POST http://localhost:9201/nku_search/_search [status:200 duration:0.001s]
2024-12-15 00:29:16,660 - INFO - POST http://localhost:9201/nku_search/_search [status:200 duration:0.001s]
2024-12-15 00:29:16,662 - INFO - POST http://localhost:9201/nku_search/_search [status:200 duration:0.002s]
2024-12-15 00:29:16,663 - INFO - POST http://localhost:9201/nku_search/_search [status:200 duration:0.001s]
2024-12-15 00:29:16,665 - INFO - POST http://localhost:9201/nku_search/_search [status:200 duration:0.001s]
2024-12-15 00:29:16,666 - INFO - POST http://localhost:9201/nku_search/_search [status:200 duration:0.002s]
2024-12-15 00:29:16,668 - INFO - POST http://localhost:9201/nku_search/_search [status:200 duration:0.002s]
2024-12-15 00:29:16,669 - INFO - POST http://localhost:9201/nku_search/_search [status:200 duration:0.001s]
2024-12-15 00:29:16,671 - INFO - POST http://localhost:9201/nku_search/_search [status:200 duration:0.001s]
2024-12-15 00:29:16,672 - INFO - POST http://localhost:9201/nku_search/_search [status:200 duration:0.001s]
2024-12-15 00:29:16,674 - INFO - POST http://localhost:9201/nku_search/_search [status:200 duration:0.002s]
2024-12-15 00:29:16,675 - INFO - POST http://localhost:9201/nku_search/_search [status:200 duration:0.001s]
2024-12-15 00:29:16,677 - INFO - POST http://localhost:9201/nku_search/_search [status:200 duration:0.001s]
2024-12-15 00:29:16,678 - INFO - POST http://localhost:9201/nku_search/_search [status:200 duration:0.001s]
2024-12-15 00:29:16,680 - INFO - POST http://localhost:9201/nku_search/_search [status:200 duration:0.001s]
2024-12-15 00:29:16,681 - INFO - POST http://localhost:9201/nku_search/_search [status:200 duration:0.001s]
2024-12-15 00:29:16,683 - INFO - POST http://localhost:9201/nku_search/_search [status:200 duration:0.001s]
2024-12-15 00:29:16,685 - INFO - POST http://localhost:9201/nku_search/_search [status:200 duration:0.002s]
2024-12-15 00:29:16,687 - INFO - POST http://localhost:9201/nku_search/_search [status:200 duration:0.002s]
2024-12-15 00:29:16,688 - INFO - POST http://localhost:9201/nku_search/_search [status:200 duration:0.002s]
2024-12-15 00:29:16,690 - INFO - POST http://localhost:9201/nku_search/_search [status:200 duration:0.001s]
2024-12-15 00:29:16,691 - INFO - POST http://localhost:9201/nku_search/_search [status:200 duration:0.001s]
2024-12-15 00:29:16,693 - INFO - POST http://localhost:9201/nku_search/_search [status:200 duration:0.001s]
2024-12-15 00:29:16,694 - INFO - POST http://localhost:9201/nku_search/_search [status:200 duration:0.002s]
2024-12-15 00:29:16,696 - INFO - POST http://localhost:9201/nku_search/_search [status:200 duration:0.001s]
2024-12-15 00:29:16,697 - INFO - POST http://localhost:9201/nku_search/_search [status:200 duration:0.001s]
2024-12-15 00:29:16,699 - INFO - POST http://localhost:9201/nku_search/_search [status:200 duration:0.002s]
2024-12-15 00:29:16,700 - INFO - POST http://localhost:9201/nku_search/_search [status:200 duration:0.001s]
2024-12-15 00:29:16,702 - INFO - POST http://localhost:9201/nku_search/_search [status:200 duration:0.002s]
2024-12-15 00:29:16,703 - INFO - POST http://localhost:9201/nku_search/_search [status:200 duration:0.002s]
2024-12-15 00:29:16,705 - INFO - POST http://localhost:9201/nku_search/_search [status:200 duration:0.002s]
2024-12-15 00:29:16,706 - INFO - POST http://localhost:9201/nku_search/_search [status:200 duration:0.001s]
2024-12-15 00:29:16,708 - INFO - POST http://localhost:9201/nku_search/_search [status:200 duration:0.001s]
2024-12-15 00:29:16,709 - INFO - POST http://localhost:9201/nku_search/_search [status:200 duration:0.001s]
2024-12-15 00:29:16,711 - INFO - POST http://localhost:9201/nku_search/_search [status:200 duration:0.001s]
2024-12-15 00:29:16,712 - INFO - POST http://localhost:9201/nku_search/_search [status:200 duration:0.002s]
2024-12-15 00:29:16,713 - INFO - POST http://localhost:9201/nku_search/_search [status:200 duration:0.001s]
2024-12-15 00:29:16,715 - INFO - POST http://localhost:9201/nku_search/_search [status:200 duration:0.001s]
2024-12-15 00:29:16,717 - INFO - POST http://localhost:9201/nku_search/_search [status:200 duration:0.001s]
2024-12-15 00:29:16,718 - INFO - POST http://localhost:9201/nku_search/_search [status:200 duration:0.001s]
2024-12-15 00:29:16,720 - INFO - POST http://localhost:9201/nku_search/_search [status:200 duration:0.001s]
2024-12-15 00:29:16,722 - INFO - POST http://localhost:9201/nku_search/_search [status:200 duration:0.001s]
2024-12-15 00:29:16,724 - INFO - POST http://localhost:9201/nku_search/_search [status:200 duration:0.002s]
2024-12-15 00:29:16,725 - INFO - POST http://localhost:9201/nku_search/_search [status:200 duration:0.002s]
2024-12-15 00:29:16,726 - INFO - POST http://localhost:9201/nku_search/_search [status:200 duration:0.001s]
2024-12-15 00:29:16,729 - INFO - POST http://localhost:9201/nku_search/_search [status:200 duration:0.002s]
2024-12-15 00:29:16,730 - INFO - POST http://localhost:9201/nku_search/_search [status:200 duration:0.001s]
2024-12-15 00:29:16,732 - INFO - POST http://localhost:9201/nku_search/_search [status:200 duration:0.002s]
2024-12-15 00:29:16,733 - INFO - POST http://localhost:9201/nku_search/_search [status:200 duration:0.001s]
2024-12-15 00:29:16,734 - INFO - POST http://localhost:9201/nku_search/_search [status:200 duration:0.001s]
2024-12-15 00:29:16,735 - INFO - POST http://localhost:9201/nku_search/_search [status:200 duration:0.001s]
2024-12-15 00:29:16,737 - INFO - POST http://localhost:9201/nku_search/_search [status:200 duration:0.001s]
2024-12-15 00:29:16,738 - INFO - POST http://localhost:9201/nku_search/_search [status:200 duration:0.001s]
2024-12-15 00:29:16,740 - INFO - POST http://localhost:9201/nku_search/_search [status:200 duration:0.002s]
2024-12-15 00:29:16,741 - INFO - POST http://localhost:9201/nku_search/_search [status:200 duration:0.001s]
2024-12-15 00:29:16,742 - INFO - POST http://localhost:9201/nku_search/_search [status:200 duration:0.001s]
2024-12-15 00:29:16,744 - INFO - POST http://localhost:9201/nku_search/_search [status:200 duration:0.002s]
2024-12-15 00:29:16,746 - INFO - POST http://localhost:9201/nku_search/_search [status:200 duration:0.002s]
2024-12-15 00:29:16,747 - INFO - POST http://localhost:9201/nku_search/_search [status:200 duration:0.001s]
2024-12-15 00:29:16,749 - INFO - POST http://localhost:9201/nku_search/_search [status:200 duration:0.001s]
2024-12-15 00:29:16,750 - INFO - POST http://localhost:9201/nku_search/_search [status:200 duration:0.002s]
2024-12-15 00:29:16,752 - INFO - POST http://localhost:9201/nku_search/_search [status:200 duration:0.002s]
2024-12-15 00:29:16,754 - INFO - POST http://localhost:9201/nku_search/_search [status:200 duration:0.002s]
2024-12-15 00:29:16,755 - INFO - POST http://localhost:9201/nku_search/_search [status:200 duration:0.001s]
2024-12-15 00:29:16,762 - INFO - POST http://localhost:9201/nku_search/_search [status:200 duration:0.006s]
2024-12-15 00:29:16,764 - INFO - POST http://localhost:9201/nku_search/_search [status:200 duration:0.002s]
2024-12-15 00:29:16,769 - INFO - POST http://localhost:9201/nku_search/_search [status:200 duration:0.005s]
2024-12-15 00:29:16,772 - INFO - POST http://localhost:9201/nku_search/_search [status:200 duration:0.001s]
2024-12-15 00:29:16,773 - INFO - POST http://localhost:9201/nku_search/_search [status:200 duration:0.001s]
2024-12-15 00:29:16,774 - INFO - POST http://localhost:9201/nku_search/_search [status:200 duration:0.001s]
2024-12-15 00:29:16,777 - INFO - POST http://localhost:9201/nku_search/_search [status:200 duration:0.002s]
2024-12-15 00:29:16,778 - INFO - POST http://localhost:9201/nku_search/_search [status:200 duration:0.002s]
2024-12-15 00:29:16,779 - INFO - POST http://localhost:9201/nku_search/_search [status:200 duration:0.001s]
2024-12-15 00:29:16,781 - INFO - POST http://localhost:9201/nku_search/_search [status:200 duration:0.001s]
2024-12-15 00:29:16,783 - INFO - POST http://localhost:9201/nku_search/_search [status:200 duration:0.002s]
2024-12-15 00:29:16,784 - INFO - POST http://localhost:9201/nku_search/_search [status:200 duration:0.001s]
2024-12-15 00:29:16,786 - INFO - POST http://localhost:9201/nku_search/_search [status:200 duration:0.002s]
2024-12-15 00:29:16,788 - INFO - POST http://localhost:9201/nku_search/_search [status:200 duration:0.002s]
2024-12-15 00:29:16,789 - INFO - POST http://localhost:9201/nku_search/_search [status:200 duration:0.001s]
2024-12-15 00:29:16,791 - INFO - POST http://localhost:9201/nku_search/_search [status:200 duration:0.002s]
2024-12-15 00:29:16,793 - INFO - POST http://localhost:9201/nku_search/_search [status:200 duration:0.002s]
2024-12-15 00:29:16,794 - INFO - POST http://localhost:9201/nku_search/_search [status:200 duration:0.001s]
2024-12-15 00:29:16,800 - INFO - POST http://localhost:9201/nku_search/_search [status:200 duration:0.006s]
2024-12-15 00:29:16,802 - INFO - POST http://localhost:9201/nku_search/_search [status:200 duration:0.002s]
2024-12-15 00:29:16,804 - INFO - POST http://localhost:9201/nku_search/_search [status:200 duration:0.002s]
2024-12-15 00:29:16,805 - INFO - POST http://localhost:9201/nku_search/_search [status:200 duration:0.001s]
2024-12-15 00:29:16,807 - INFO - POST http://localhost:9201/nku_search/_search [status:200 duration:0.002s]
2024-12-15 00:29:16,808 - INFO - POST http://localhost:9201/nku_search/_search [status:200 duration:0.002s]
2024-12-15 00:29:16,809 - INFO - POST http://localhost:9201/nku_search/_search [status:200 duration:0.001s]
2024-12-15 00:29:16,811 - INFO - POST http://localhost:9201/nku_search/_search [status:200 duration:0.002s]
2024-12-15 00:29:16,812 - INFO - POST http://localhost:9201/nku_search/_search [status:200 duration:0.001s]
2024-12-15 00:29:16,814 - INFO - POST http://localhost:9201/nku_search/_search [status:200 duration:0.002s]
2024-12-15 00:29:16,815 - INFO - POST http://localhost:9201/nku_search/_search [status:200 duration:0.001s]
2024-12-15 00:29:16,817 - INFO - POST http://localhost:9201/nku_search/_search [status:200 duration:0.002s]
2024-12-15 00:29:16,819 - INFO - POST http://localhost:9201/nku_search/_search [status:200 duration:0.002s]
2024-12-15 00:29:16,820 - INFO - POST http://localhost:9201/nku_search/_search [status:200 duration:0.001s]
2024-12-15 00:29:16,823 - INFO - POST http://localhost:9201/nku_search/_search [status:200 duration:0.003s]
2024-12-15 00:29:16,829 - INFO - POST http://localhost:9201/nku_search/_search [status:200 duration:0.005s]
2024-12-15 00:29:16,835 - INFO - POST http://localhost:9201/nku_search/_search [status:200 duration:0.005s]
2024-12-15 00:29:16,838 - INFO - POST http://localhost:9201/nku_search/_search [status:200 duration:0.003s]
2024-12-15 00:29:16,839 - INFO - POST http://localhost:9201/nku_search/_search [status:200 duration:0.001s]
2024-12-15 00:29:16,841 - INFO - POST http://localhost:9201/nku_search/_search [status:200 duration:0.001s]
2024-12-15 00:29:16,842 - INFO - POST http://localhost:9201/nku_search/_search [status:200 duration:0.001s]
2024-12-15 00:29:16,844 - INFO - POST http://localhost:9201/nku_search/_search [status:200 duration:0.002s]
2024-12-15 00:29:16,846 - INFO - POST http://localhost:9201/nku_search/_search [status:200 duration:0.002s]
2024-12-15 00:29:16,848 - INFO - POST http://localhost:9201/nku_search/_search [status:200 duration:0.002s]
2024-12-15 00:29:16,849 - INFO - POST http://localhost:9201/nku_search/_search [status:200 duration:0.001s]
2024-12-15 00:29:16,850 - INFO - POST http://localhost:9201/nku_search/_search [status:200 duration:0.002s]
2024-12-15 00:29:16,852 - INFO - POST http://localhost:9201/nku_search/_search [status:200 duration:0.001s]
2024-12-15 00:29:16,853 - INFO - POST http://localhost:9201/nku_search/_search [status:200 duration:0.002s]
2024-12-15 00:29:16,855 - INFO - POST http://localhost:9201/nku_search/_search [status:200 duration:0.002s]
2024-12-15 00:29:16,857 - INFO - POST http://localhost:9201/nku_search/_search [status:200 duration:0.002s]
2024-12-15 00:29:16,858 - INFO - POST http://localhost:9201/nku_search/_search [status:200 duration:0.001s]
2024-12-15 00:29:16,859 - INFO - POST http://localhost:9201/nku_search/_search [status:200 duration:0.001s]
2024-12-15 00:29:16,860 - INFO - POST http://localhost:9201/nku_search/_search [status:200 duration:0.001s]
2024-12-15 00:29:16,862 - INFO - POST http://localhost:9201/nku_search/_search [status:200 duration:0.001s]
2024-12-15 00:29:16,863 - INFO - POST http://localhost:9201/nku_search/_search [status:200 duration:0.001s]
2024-12-15 00:29:16,864 - INFO - POST http://localhost:9201/nku_search/_search [status:200 duration:0.001s]
2024-12-15 00:29:16,866 - INFO - POST http://localhost:9201/nku_search/_search [status:200 duration:0.001s]
2024-12-15 00:29:16,868 - INFO - POST http://localhost:9201/nku_search/_search [status:200 duration:0.002s]
2024-12-15 00:29:16,870 - INFO - POST http://localhost:9201/nku_search/_search [status:200 duration:0.002s]
2024-12-15 00:29:16,871 - INFO - POST http://localhost:9201/nku_search/_search [status:200 duration:0.001s]
2024-12-15 00:29:16,873 - INFO - POST http://localhost:9201/nku_search/_search [status:200 duration:0.001s]
2024-12-15 00:29:16,874 - INFO - POST http://localhost:9201/nku_search/_search [status:200 duration:0.001s]
2024-12-15 00:29:16,875 - INFO - POST http://localhost:9201/nku_search/_search [status:200 duration:0.001s]
2024-12-15 00:29:16,876 - INFO - POST http://localhost:9201/nku_search/_search [status:200 duration:0.001s]
2024-12-15 00:29:16,878 - INFO - POST http://localhost:9201/nku_search/_search [status:200 duration:0.001s]
2024-12-15 00:29:16,880 - INFO - POST http://localhost:9201/nku_search/_search [status:200 duration:0.002s]
2024-12-15 00:29:16,881 - INFO - POST http://localhost:9201/nku_search/_search [status:200 duration:0.002s]
2024-12-15 00:29:16,883 - INFO - POST http://localhost:9201/nku_search/_search [status:200 duration:0.001s]
2024-12-15 00:29:16,884 - INFO - POST http://localhost:9201/nku_search/_search [status:200 duration:0.001s]
2024-12-15 00:29:16,886 - INFO - POST http://localhost:9201/nku_search/_search [status:200 duration:0.001s]
2024-12-15 00:29:16,887 - INFO - POST http://localhost:9201/nku_search/_search [status:200 duration:0.002s]
2024-12-15 00:29:16,889 - INFO - POST http://localhost:9201/nku_search/_search [status:200 duration:0.001s]
2024-12-15 00:29:16,890 - INFO - POST http://localhost:9201/nku_search/_search [status:200 duration:0.001s]
2024-12-15 00:29:16,892 - INFO - POST http://localhost:9201/nku_search/_search [status:200 duration:0.002s]
2024-12-15 00:29:16,893 - INFO - POST http://localhost:9201/nku_search/_search [status:200 duration:0.001s]
2024-12-15 00:29:16,895 - INFO - POST http://localhost:9201/nku_search/_search [status:200 duration:0.002s]
2024-12-15 00:29:16,896 - INFO - POST http://localhost:9201/nku_search/_search [status:200 duration:0.001s]
2024-12-15 00:29:16,898 - INFO - POST http://localhost:9201/nku_search/_search [status:200 duration:0.001s]
2024-12-15 00:29:16,904 - INFO - POST http://localhost:9201/nku_search/_search [status:200 duration:0.006s]
2024-12-15 00:29:16,913 - INFO - POST http://localhost:9201/nku_search/_search [status:200 duration:0.009s]
2024-12-15 00:29:16,922 - INFO - POST http://localhost:9201/nku_search/_search [status:200 duration:0.009s]
2024-12-15 00:29:16,925 - INFO - POST http://localhost:9201/nku_search/_search [status:200 duration:0.003s]
2024-12-15 00:29:16,929 - INFO - POST http://localhost:9201/nku_search/_search [status:200 duration:0.004s]
2024-12-15 00:29:16,935 - INFO - POST http://localhost:9201/nku_search/_search [status:200 duration:0.005s]
2024-12-15 00:29:16,937 - INFO - POST http://localhost:9201/nku_search/_search [status:200 duration:0.001s]
2024-12-15 00:29:16,938 - INFO - POST http://localhost:9201/nku_search/_search [status:200 duration:0.002s]
2024-12-15 00:29:16,940 - INFO - POST http://localhost:9201/nku_search/_search [status:200 duration:0.002s]
2024-12-15 00:29:16,941 - INFO - POST http://localhost:9201/nku_search/_search [status:200 duration:0.001s]
2024-12-15 00:29:16,943 - INFO - POST http://localhost:9201/nku_search/_search [status:200 duration:0.002s]
2024-12-15 00:29:16,944 - INFO - POST http://localhost:9201/nku_search/_search [status:200 duration:0.002s]
2024-12-15 00:29:16,946 - INFO - POST http://localhost:9201/nku_search/_search [status:200 duration:0.002s]
2024-12-15 00:29:16,947 - INFO - POST http://localhost:9201/nku_search/_search [status:200 duration:0.001s]
2024-12-15 00:29:16,949 - INFO - POST http://localhost:9201/nku_search/_search [status:200 duration:0.001s]
2024-12-15 00:29:16,950 - INFO - POST http://localhost:9201/nku_search/_search [status:200 duration:0.002s]
2024-12-15 00:29:16,952 - INFO - POST http://localhost:9201/nku_search/_search [status:200 duration:0.002s]
2024-12-15 00:29:16,953 - INFO - POST http://localhost:9201/nku_search/_search [status:200 duration:0.002s]
2024-12-15 00:29:16,955 - INFO - POST http://localhost:9201/nku_search/_search [status:200 duration:0.002s]
2024-12-15 00:29:16,957 - INFO - POST http://localhost:9201/nku_search/_search [status:200 duration:0.002s]
2024-12-15 00:29:16,958 - INFO - POST http://localhost:9201/nku_search/_search [status:200 duration:0.001s]
2024-12-15 00:29:16,960 - INFO - POST http://localhost:9201/nku_search/_search [status:200 duration:0.001s]
2024-12-15 00:29:16,961 - INFO - POST http://localhost:9201/nku_search/_search [status:200 duration:0.001s]
2024-12-15 00:29:16,963 - INFO - POST http://localhost:9201/nku_search/_search [status:200 duration:0.002s]
2024-12-15 00:29:16,965 - INFO - POST http://localhost:9201/nku_search/_search [status:200 duration:0.002s]
2024-12-15 00:29:16,966 - INFO - POST http://localhost:9201/nku_search/_search [status:200 duration:0.002s]
2024-12-15 00:29:16,968 - INFO - POST http://localhost:9201/nku_search/_search [status:200 duration:0.002s]
2024-12-15 00:29:16,969 - INFO - POST http://localhost:9201/nku_search/_search [status:200 duration:0.001s]
2024-12-15 00:29:16,971 - INFO - POST http://localhost:9201/nku_search/_search [status:200 duration:0.001s]
2024-12-15 00:29:16,973 - INFO - POST http://localhost:9201/nku_search/_search [status:200 duration:0.002s]
2024-12-15 00:29:16,974 - INFO - POST http://localhost:9201/nku_search/_search [status:200 duration:0.001s]
2024-12-15 00:29:16,975 - INFO - POST http://localhost:9201/nku_search/_search [status:200 duration:0.001s]
2024-12-15 00:29:16,976 - INFO - POST http://localhost:9201/nku_search/_search [status:200 duration:0.001s]
2024-12-15 00:29:16,978 - INFO - POST http://localhost:9201/nku_search/_search [status:200 duration:0.001s]
2024-12-15 00:29:16,979 - INFO - POST http://localhost:9201/nku_search/_search [status:200 duration:0.001s]
2024-12-15 00:29:16,981 - INFO - POST http://localhost:9201/nku_search/_search [status:200 duration:0.002s]
2024-12-15 00:29:16,983 - INFO - POST http://localhost:9201/nku_search/_search [status:200 duration:0.002s]
2024-12-15 00:29:16,985 - INFO - POST http://localhost:9201/nku_search/_search [status:200 duration:0.002s]
2024-12-15 00:29:16,986 - INFO - POST http://localhost:9201/nku_search/_search [status:200 duration:0.001s]
2024-12-15 00:29:16,987 - INFO - POST http://localhost:9201/nku_search/_search [status:200 duration:0.002s]
2024-12-15 00:29:16,990 - INFO - POST http://localhost:9201/nku_search/_search [status:200 duration:0.003s]
2024-12-15 00:29:16,992 - INFO - POST http://localhost:9201/nku_search/_search [status:200 duration:0.002s]
2024-12-15 00:29:16,993 - INFO - POST http://localhost:9201/nku_search/_search [status:200 duration:0.001s]
2024-12-15 00:29:16,995 - INFO - POST http://localhost:9201/nku_search/_search [status:200 duration:0.002s]
2024-12-15 00:29:16,996 - INFO - POST http://localhost:9201/nku_search/_search [status:200 duration:0.002s]
2024-12-15 00:29:16,998 - INFO - POST http://localhost:9201/nku_search/_search [status:200 duration:0.002s]
2024-12-15 00:29:17,000 - INFO - POST http://localhost:9201/nku_search/_search [status:200 duration:0.002s]
2024-12-15 00:29:17,002 - INFO - POST http://localhost:9201/nku_search/_search [status:200 duration:0.002s]
2024-12-15 00:29:17,004 - INFO - POST http://localhost:9201/nku_search/_search [status:200 duration:0.002s]
2024-12-15 00:29:17,006 - INFO - POST http://localhost:9201/nku_search/_search [status:200 duration:0.002s]
2024-12-15 00:29:17,008 - INFO - POST http://localhost:9201/nku_search/_search [status:200 duration:0.002s]
2024-12-15 00:29:17,010 - INFO - POST http://localhost:9201/nku_search/_search [status:200 duration:0.001s]
2024-12-15 00:29:17,012 - INFO - POST http://localhost:9201/nku_search/_search [status:200 duration:0.002s]
2024-12-15 00:29:17,013 - INFO - POST http://localhost:9201/nku_search/_search [status:200 duration:0.001s]
2024-12-15 00:29:17,015 - INFO - POST http://localhost:9201/nku_search/_search [status:200 duration:0.002s]
2024-12-15 00:29:17,017 - INFO - POST http://localhost:9201/nku_search/_search [status:200 duration:0.002s]
2024-12-15 00:29:17,020 - INFO - POST http://localhost:9201/nku_search/_search [status:200 duration:0.002s]
2024-12-15 00:29:17,022 - INFO - POST http://localhost:9201/nku_search/_search [status:200 duration:0.002s]
2024-12-15 00:29:17,024 - INFO - POST http://localhost:9201/nku_search/_search [status:200 duration:0.002s]
2024-12-15 00:29:17,027 - INFO - POST http://localhost:9201/nku_search/_search [status:200 duration:0.002s]
2024-12-15 00:29:17,029 - INFO - POST http://localhost:9201/nku_search/_search [status:200 duration:0.002s]
2024-12-15 00:29:17,030 - INFO - POST http://localhost:9201/nku_search/_search [status:200 duration:0.002s]
2024-12-15 00:29:17,032 - INFO - POST http://localhost:9201/nku_search/_search [status:200 duration:0.001s]
2024-12-15 00:29:17,034 - INFO - POST http://localhost:9201/nku_search/_search [status:200 duration:0.002s]
2024-12-15 00:29:17,037 - INFO - POST http://localhost:9201/nku_search/_search [status:200 duration:0.002s]
2024-12-15 00:29:17,039 - INFO - POST http://localhost:9201/nku_search/_search [status:200 duration:0.001s]
2024-12-15 00:29:17,041 - INFO - POST http://localhost:9201/nku_search/_search [status:200 duration:0.002s]
2024-12-15 00:29:17,043 - INFO - POST http://localhost:9201/nku_search/_search [status:200 duration:0.002s]
2024-12-15 00:29:17,044 - INFO - POST http://localhost:9201/nku_search/_search [status:200 duration:0.002s]
2024-12-15 00:29:17,046 - INFO - POST http://localhost:9201/nku_search/_search [status:200 duration:0.002s]
2024-12-15 00:29:17,048 - INFO - POST http://localhost:9201/nku_search/_search [status:200 duration:0.002s]
2024-12-15 00:29:17,050 - INFO - POST http://localhost:9201/nku_search/_search [status:200 duration:0.002s]
2024-12-15 00:29:17,052 - INFO - POST http://localhost:9201/nku_search/_search [status:200 duration:0.002s]
2024-12-15 00:29:17,055 - INFO - POST http://localhost:9201/nku_search/_search [status:200 duration:0.002s]
2024-12-15 00:29:17,057 - INFO - POST http://localhost:9201/nku_search/_search [status:200 duration:0.002s]
2024-12-15 00:29:17,059 - INFO - POST http://localhost:9201/nku_search/_search [status:200 duration:0.002s]
2024-12-15 00:29:17,061 - INFO - POST http://localhost:9201/nku_search/_search [status:200 duration:0.002s]
2024-12-15 00:29:17,063 - INFO - POST http://localhost:9201/nku_search/_search [status:200 duration:0.002s]
2024-12-15 00:29:17,065 - INFO - POST http://localhost:9201/nku_search/_search [status:200 duration:0.002s]
2024-12-15 00:29:17,067 - INFO - POST http://localhost:9201/nku_search/_search [status:200 duration:0.002s]
2024-12-15 00:29:17,068 - INFO - POST http://localhost:9201/nku_search/_search [status:200 duration:0.001s]
2024-12-15 00:29:17,070 - INFO - POST http://localhost:9201/nku_search/_search [status:200 duration:0.002s]
2024-12-15 00:29:17,071 - INFO - POST http://localhost:9201/nku_search/_search [status:200 duration:0.002s]
2024-12-15 00:29:17,074 - INFO - POST http://localhost:9201/nku_search/_search [status:200 duration:0.002s]
2024-12-15 00:29:17,076 - INFO - POST http://localhost:9201/nku_search/_search [status:200 duration:0.002s]
2024-12-15 00:29:17,077 - INFO - POST http://localhost:9201/nku_search/_search [status:200 duration:0.001s]
2024-12-15 00:29:17,079 - INFO - POST http://localhost:9201/nku_search/_search [status:200 duration:0.002s]
2024-12-15 00:29:17,081 - INFO - POST http://localhost:9201/nku_search/_search [status:200 duration:0.002s]
2024-12-15 00:29:17,083 - INFO - POST http://localhost:9201/nku_search/_search [status:200 duration:0.002s]
2024-12-15 00:29:17,084 - INFO - POST http://localhost:9201/nku_search/_search [status:200 duration:0.001s]
2024-12-15 00:29:17,085 - INFO - POST http://localhost:9201/nku_search/_search [status:200 duration:0.001s]
2024-12-15 00:29:17,087 - INFO - POST http://localhost:9201/nku_search/_search [status:200 duration:0.002s]
2024-12-15 00:29:17,088 - INFO - POST http://localhost:9201/nku_search/_search [status:200 duration:0.002s]
2024-12-15 00:29:17,089 - INFO - POST http://localhost:9201/nku_search/_search [status:200 duration:0.001s]
2024-12-15 00:29:17,091 - INFO - POST http://localhost:9201/nku_search/_search [status:200 duration:0.002s]
2024-12-15 00:29:17,092 - INFO - POST http://localhost:9201/nku_search/_search [status:200 duration:0.001s]
2024-12-15 00:29:17,094 - INFO - POST http://localhost:9201/nku_search/_search [status:200 duration:0.001s]
2024-12-15 00:29:17,096 - INFO - POST http://localhost:9201/nku_search/_search [status:200 duration:0.001s]
2024-12-15 00:29:17,097 - INFO - POST http://localhost:9201/nku_search/_search [status:200 duration:0.001s]
2024-12-15 00:29:17,098 - INFO - POST http://localhost:9201/nku_search/_search [status:200 duration:0.001s]
2024-12-15 00:29:17,099 - INFO - POST http://localhost:9201/nku_search/_search [status:200 duration:0.001s]
2024-12-15 00:29:17,101 - INFO - POST http://localhost:9201/nku_search/_search [status:200 duration:0.001s]
2024-12-15 00:29:17,102 - INFO - POST http://localhost:9201/nku_search/_search [status:200 duration:0.002s]
2024-12-15 00:29:17,104 - INFO - POST http://localhost:9201/nku_search/_search [status:200 duration:0.001s]
2024-12-15 00:29:17,105 - INFO - POST http://localhost:9201/nku_search/_search [status:200 duration:0.001s]
2024-12-15 00:29:17,107 - INFO - POST http://localhost:9201/nku_search/_search [status:200 duration:0.001s]
2024-12-15 00:29:17,108 - INFO - POST http://localhost:9201/nku_search/_search [status:200 duration:0.002s]
2024-12-15 00:29:17,109 - INFO - POST http://localhost:9201/nku_search/_search [status:200 duration:0.001s]
2024-12-15 00:29:17,111 - INFO - POST http://localhost:9201/nku_search/_search [status:200 duration:0.002s]
2024-12-15 00:29:17,113 - INFO - POST http://localhost:9201/nku_search/_search [status:200 duration:0.002s]
2024-12-15 00:29:17,115 - INFO - POST http://localhost:9201/nku_search/_search [status:200 duration:0.002s]
2024-12-15 00:29:17,116 - INFO - POST http://localhost:9201/nku_search/_search [status:200 duration:0.001s]
2024-12-15 00:29:17,117 - INFO - POST http://localhost:9201/nku_search/_search [status:200 duration:0.001s]
2024-12-15 00:29:17,123 - INFO - POST http://localhost:9201/nku_search/_search [status:200 duration:0.006s]
2024-12-15 00:29:17,126 - INFO - POST http://localhost:9201/nku_search/_search [status:200 duration:0.002s]
2024-12-15 00:29:17,128 - INFO - POST http://localhost:9201/nku_search/_search [status:200 duration:0.002s]
2024-12-15 00:29:17,130 - INFO - POST http://localhost:9201/nku_search/_search [status:200 duration:0.002s]
2024-12-15 00:29:17,132 - INFO - POST http://localhost:9201/nku_search/_search [status:200 duration:0.002s]
2024-12-15 00:29:17,134 - INFO - POST http://localhost:9201/nku_search/_search [status:200 duration:0.002s]
2024-12-15 00:29:17,135 - INFO - POST http://localhost:9201/nku_search/_search [status:200 duration:0.002s]
2024-12-15 00:29:17,137 - INFO - POST http://localhost:9201/nku_search/_search [status:200 duration:0.002s]
2024-12-15 00:29:17,139 - INFO - POST http://localhost:9201/nku_search/_search [status:200 duration:0.002s]
2024-12-15 00:29:17,140 - INFO - POST http://localhost:9201/nku_search/_search [status:200 duration:0.002s]
2024-12-15 00:29:17,143 - INFO - POST http://localhost:9201/nku_search/_search [status:200 duration:0.003s]
2024-12-15 00:29:17,144 - INFO - POST http://localhost:9201/nku_search/_search [status:200 duration:0.002s]
2024-12-15 00:29:17,148 - INFO - POST http://localhost:9201/nku_search/_search [status:200 duration:0.004s]
2024-12-15 00:29:17,150 - INFO - POST http://localhost:9201/nku_search/_search [status:200 duration:0.001s]
2024-12-15 00:29:17,152 - INFO - POST http://localhost:9201/nku_search/_search [status:200 duration:0.002s]
2024-12-15 00:29:17,154 - INFO - POST http://localhost:9201/nku_search/_search [status:200 duration:0.002s]
2024-12-15 00:29:17,155 - INFO - POST http://localhost:9201/nku_search/_search [status:200 duration:0.001s]
2024-12-15 00:29:17,157 - INFO - POST http://localhost:9201/nku_search/_search [status:200 duration:0.001s]
2024-12-15 00:29:17,159 - INFO - POST http://localhost:9201/nku_search/_search [status:200 duration:0.002s]
2024-12-15 00:29:17,161 - INFO - POST http://localhost:9201/nku_search/_search [status:200 duration:0.002s]
2024-12-15 00:29:17,163 - INFO - POST http://localhost:9201/nku_search/_search [status:200 duration:0.001s]
2024-12-15 00:29:17,164 - INFO - POST http://localhost:9201/nku_search/_search [status:200 duration:0.001s]
2024-12-15 00:29:17,166 - INFO - POST http://localhost:9201/nku_search/_search [status:200 duration:0.001s]
2024-12-15 00:29:17,167 - INFO - POST http://localhost:9201/nku_search/_search [status:200 duration:0.001s]
2024-12-15 00:29:17,169 - INFO - POST http://localhost:9201/nku_search/_search [status:200 duration:0.001s]
2024-12-15 00:29:17,170 - INFO - POST http://localhost:9201/nku_search/_search [status:200 duration:0.002s]
2024-12-15 00:29:17,174 - INFO - POST http://localhost:9201/nku_search/_search [status:200 duration:0.004s]
2024-12-15 00:29:17,177 - INFO - POST http://localhost:9201/nku_search/_search [status:200 duration:0.002s]
2024-12-15 00:29:17,178 - INFO - POST http://localhost:9201/nku_search/_search [status:200 duration:0.001s]
2024-12-15 00:29:17,179 - INFO - POST http://localhost:9201/nku_search/_search [status:200 duration:0.002s]
2024-12-15 00:29:17,181 - INFO - POST http://localhost:9201/nku_search/_search [status:200 duration:0.002s]
2024-12-15 00:29:17,182 - INFO - POST http://localhost:9201/nku_search/_search [status:200 duration:0.002s]
2024-12-15 00:29:17,184 - INFO - POST http://localhost:9201/nku_search/_search [status:200 duration:0.002s]
2024-12-15 00:29:17,185 - INFO - POST http://localhost:9201/nku_search/_search [status:200 duration:0.001s]
2024-12-15 00:29:17,188 - INFO - POST http://localhost:9201/nku_search/_search [status:200 duration:0.002s]
2024-12-15 00:29:17,189 - INFO - POST http://localhost:9201/nku_search/_search [status:200 duration:0.002s]
2024-12-15 00:29:17,191 - INFO - POST http://localhost:9201/nku_search/_search [status:200 duration:0.002s]
2024-12-15 00:29:17,193 - INFO - POST http://localhost:9201/nku_search/_search [status:200 duration:0.001s]
2024-12-15 00:29:17,194 - INFO - POST http://localhost:9201/nku_search/_search [status:200 duration:0.001s]
2024-12-15 00:29:17,196 - INFO - POST http://localhost:9201/nku_search/_search [status:200 duration:0.001s]
2024-12-15 00:29:17,197 - INFO - POST http://localhost:9201/nku_search/_search [status:200 duration:0.001s]
2024-12-15 00:29:17,198 - INFO - POST http://localhost:9201/nku_search/_search [status:200 duration:0.001s]
2024-12-15 00:29:17,199 - INFO - POST http://localhost:9201/nku_search/_search [status:200 duration:0.001s]
2024-12-15 00:29:17,201 - INFO - POST http://localhost:9201/nku_search/_search [status:200 duration:0.001s]
2024-12-15 00:29:17,204 - INFO - POST http://localhost:9201/nku_search/_search [status:200 duration:0.002s]
2024-12-15 00:29:17,205 - INFO - POST http://localhost:9201/nku_search/_search [status:200 duration:0.001s]
2024-12-15 00:29:17,207 - INFO - POST http://localhost:9201/nku_search/_search [status:200 duration:0.001s]
2024-12-15 00:29:17,208 - INFO - POST http://localhost:9201/nku_search/_search [status:200 duration:0.002s]
2024-12-15 00:29:17,210 - INFO - POST http://localhost:9201/nku_search/_search [status:200 duration:0.002s]
2024-12-15 00:29:17,211 - INFO - POST http://localhost:9201/nku_search/_search [status:200 duration:0.001s]
2024-12-15 00:29:17,213 - INFO - POST http://localhost:9201/nku_search/_search [status:200 duration:0.001s]
2024-12-15 00:29:17,215 - INFO - POST http://localhost:9201/nku_search/_search [status:200 duration:0.002s]
2024-12-15 00:29:17,216 - INFO - POST http://localhost:9201/nku_search/_search [status:200 duration:0.001s]
2024-12-15 00:29:17,218 - INFO - POST http://localhost:9201/nku_search/_search [status:200 duration:0.002s]
2024-12-15 00:29:17,220 - INFO - POST http://localhost:9201/nku_search/_search [status:200 duration:0.002s]
2024-12-15 00:29:17,222 - INFO - POST http://localhost:9201/nku_search/_search [status:200 duration:0.002s]
2024-12-15 00:29:17,223 - INFO - POST http://localhost:9201/nku_search/_search [status:200 duration:0.002s]
2024-12-15 00:29:17,225 - INFO - POST http://localhost:9201/nku_search/_search [status:200 duration:0.001s]
2024-12-15 00:29:17,227 - INFO - POST http://localhost:9201/nku_search/_search [status:200 duration:0.001s]
2024-12-15 00:29:17,228 - INFO - POST http://localhost:9201/nku_search/_search [status:200 duration:0.002s]
2024-12-15 00:29:17,230 - INFO - POST http://localhost:9201/nku_search/_search [status:200 duration:0.001s]
2024-12-15 00:29:17,231 - INFO - POST http://localhost:9201/nku_search/_search [status:200 duration:0.001s]
2024-12-15 00:29:17,234 - INFO - POST http://localhost:9201/nku_search/_search [status:200 duration:0.002s]
2024-12-15 00:29:17,236 - INFO - POST http://localhost:9201/nku_search/_search [status:200 duration:0.002s]
2024-12-15 00:29:17,237 - INFO - POST http://localhost:9201/nku_search/_search [status:200 duration:0.001s]
2024-12-15 00:29:17,238 - INFO - POST http://localhost:9201/nku_search/_search [status:200 duration:0.001s]
2024-12-15 00:29:17,239 - INFO - POST http://localhost:9201/nku_search/_search [status:200 duration:0.001s]
2024-12-15 00:29:17,241 - INFO - POST http://localhost:9201/nku_search/_search [status:200 duration:0.002s]
2024-12-15 00:29:17,242 - INFO - POST http://localhost:9201/nku_search/_search [status:200 duration:0.001s]
2024-12-15 00:29:17,244 - INFO - POST http://localhost:9201/nku_search/_search [status:200 duration:0.002s]
2024-12-15 00:29:17,245 - INFO - POST http://localhost:9201/nku_search/_search [status:200 duration:0.001s]
2024-12-15 00:29:17,246 - INFO - POST http://localhost:9201/nku_search/_search [status:200 duration:0.001s]
2024-12-15 00:29:17,248 - INFO - POST http://localhost:9201/nku_search/_search [status:200 duration:0.002s]
2024-12-15 00:29:17,251 - INFO - POST http://localhost:9201/nku_search/_search [status:200 duration:0.002s]
2024-12-15 00:29:17,252 - INFO - POST http://localhost:9201/nku_search/_search [status:200 duration:0.002s]
2024-12-15 00:29:17,254 - INFO - POST http://localhost:9201/nku_search/_search [status:200 duration:0.002s]
2024-12-15 00:29:17,256 - INFO - POST http://localhost:9201/nku_search/_search [status:200 duration:0.002s]
2024-12-15 00:29:17,258 - INFO - POST http://localhost:9201/nku_search/_search [status:200 duration:0.002s]
2024-12-15 00:29:17,259 - INFO - POST http://localhost:9201/nku_search/_search [status:200 duration:0.002s]
2024-12-15 00:29:17,260 - INFO - POST http://localhost:9201/nku_search/_search [status:200 duration:0.001s]
2024-12-15 00:29:17,263 - INFO - POST http://localhost:9201/nku_search/_search [status:200 duration:0.002s]
2024-12-15 00:29:17,264 - INFO - POST http://localhost:9201/nku_search/_search [status:200 duration:0.001s]
2024-12-15 00:29:17,266 - INFO - POST http://localhost:9201/nku_search/_search [status:200 duration:0.001s]
2024-12-15 00:29:17,267 - INFO - POST http://localhost:9201/nku_search/_search [status:200 duration:0.002s]
2024-12-15 00:29:17,269 - INFO - POST http://localhost:9201/nku_search/_search [status:200 duration:0.001s]
2024-12-15 00:29:17,270 - INFO - POST http://localhost:9201/nku_search/_search [status:200 duration:0.002s]
2024-12-15 00:29:17,271 - INFO - POST http://localhost:9201/nku_search/_search [status:200 duration:0.001s]
2024-12-15 00:29:17,272 - INFO - POST http://localhost:9201/nku_search/_search [status:200 duration:0.001s]
2024-12-15 00:29:17,274 - INFO - POST http://localhost:9201/nku_search/_search [status:200 duration:0.002s]
2024-12-15 00:29:17,276 - INFO - POST http://localhost:9201/nku_search/_search [status:200 duration:0.001s]
2024-12-15 00:29:17,279 - INFO - POST http://localhost:9201/nku_search/_search [status:200 duration:0.003s]
2024-12-15 00:29:17,281 - INFO - POST http://localhost:9201/nku_search/_search [status:200 duration:0.002s]
2024-12-15 00:29:17,283 - INFO - POST http://localhost:9201/nku_search/_search [status:200 duration:0.001s]
2024-12-15 00:29:17,285 - INFO - POST http://localhost:9201/nku_search/_search [status:200 duration:0.002s]
2024-12-15 00:29:17,290 - INFO - POST http://localhost:9201/nku_search/_search [status:200 duration:0.005s]
2024-12-15 00:29:17,294 - INFO - POST http://localhost:9201/nku_search/_search [status:200 duration:0.003s]
2024-12-15 00:29:17,296 - INFO - POST http://localhost:9201/nku_search/_search [status:200 duration:0.001s]
2024-12-15 00:29:17,298 - INFO - POST http://localhost:9201/nku_search/_search [status:200 duration:0.002s]
2024-12-15 00:29:17,300 - INFO - POST http://localhost:9201/nku_search/_search [status:200 duration:0.001s]
2024-12-15 00:29:17,302 - INFO - POST http://localhost:9201/nku_search/_search [status:200 duration:0.002s]
2024-12-15 00:29:17,304 - INFO - POST http://localhost:9201/nku_search/_search [status:200 duration:0.002s]
2024-12-15 00:29:17,305 - INFO - POST http://localhost:9201/nku_search/_search [status:200 duration:0.002s]
2024-12-15 00:29:17,307 - INFO - POST http://localhost:9201/nku_search/_search [status:200 duration:0.001s]
2024-12-15 00:29:17,311 - INFO - POST http://localhost:9201/nku_search/_search [status:200 duration:0.004s]
2024-12-15 00:29:17,313 - INFO - POST http://localhost:9201/nku_search/_search [status:200 duration:0.002s]
2024-12-15 00:29:17,316 - INFO - POST http://localhost:9201/nku_search/_search [status:200 duration:0.002s]
2024-12-15 00:29:17,318 - INFO - POST http://localhost:9201/nku_search/_search [status:200 duration:0.002s]
2024-12-15 00:29:17,319 - INFO - POST http://localhost:9201/nku_search/_search [status:200 duration:0.002s]
2024-12-15 00:29:17,321 - INFO - POST http://localhost:9201/nku_search/_search [status:200 duration:0.002s]
2024-12-15 00:29:17,324 - INFO - POST http://localhost:9201/nku_search/_search [status:200 duration:0.002s]
2024-12-15 00:29:17,325 - INFO - POST http://localhost:9201/nku_search/_search [status:200 duration:0.002s]
2024-12-15 00:29:17,327 - INFO - POST http://localhost:9201/nku_search/_search [status:200 duration:0.002s]
2024-12-15 00:29:17,329 - INFO - POST http://localhost:9201/nku_search/_search [status:200 duration:0.002s]
2024-12-15 00:29:17,331 - INFO - POST http://localhost:9201/nku_search/_search [status:200 duration:0.002s]
2024-12-15 00:29:17,332 - INFO - POST http://localhost:9201/nku_search/_search [status:200 duration:0.001s]
2024-12-15 00:29:17,334 - INFO - POST http://localhost:9201/nku_search/_search [status:200 duration:0.002s]
2024-12-15 00:29:17,335 - INFO - POST http://localhost:9201/nku_search/_search [status:200 duration:0.001s]
2024-12-15 00:29:17,336 - INFO - POST http://localhost:9201/nku_search/_search [status:200 duration:0.001s]
2024-12-15 00:29:17,339 - INFO - POST http://localhost:9201/nku_search/_search [status:200 duration:0.002s]
2024-12-15 00:29:17,340 - INFO - POST http://localhost:9201/nku_search/_search [status:200 duration:0.002s]
2024-12-15 00:29:17,343 - INFO - POST http://localhost:9201/nku_search/_search [status:200 duration:0.002s]
2024-12-15 00:29:17,344 - INFO - POST http://localhost:9201/nku_search/_search [status:200 duration:0.002s]
2024-12-15 00:29:17,346 - INFO - POST http://localhost:9201/nku_search/_search [status:200 duration:0.002s]
2024-12-15 00:29:17,348 - INFO - POST http://localhost:9201/nku_search/_search [status:200 duration:0.001s]
2024-12-15 00:29:17,349 - INFO - POST http://localhost:9201/nku_search/_search [status:200 duration:0.001s]
2024-12-15 00:29:17,351 - INFO - POST http://localhost:9201/nku_search/_search [status:200 duration:0.002s]
2024-12-15 00:29:17,353 - INFO - POST http://localhost:9201/nku_search/_search [status:200 duration:0.002s]
2024-12-15 00:29:17,355 - INFO - POST http://localhost:9201/nku_search/_search [status:200 duration:0.002s]
2024-12-15 00:29:17,356 - INFO - POST http://localhost:9201/nku_search/_search [status:200 duration:0.001s]
2024-12-15 00:29:17,358 - INFO - POST http://localhost:9201/nku_search/_search [status:200 duration:0.002s]
2024-12-15 00:29:17,360 - INFO - POST http://localhost:9201/nku_search/_search [status:200 duration:0.001s]
2024-12-15 00:29:17,362 - INFO - POST http://localhost:9201/nku_search/_search [status:200 duration:0.001s]
2024-12-15 00:29:17,364 - INFO - POST http://localhost:9201/nku_search/_search [status:200 duration:0.002s]
2024-12-15 00:29:17,365 - INFO - POST http://localhost:9201/nku_search/_search [status:200 duration:0.002s]
2024-12-15 00:29:17,367 - INFO - POST http://localhost:9201/nku_search/_search [status:200 duration:0.002s]
2024-12-15 00:29:17,368 - INFO - POST http://localhost:9201/nku_search/_search [status:200 duration:0.001s]
2024-12-15 00:29:17,371 - INFO - POST http://localhost:9201/nku_search/_search [status:200 duration:0.002s]
2024-12-15 00:29:17,372 - INFO - POST http://localhost:9201/nku_search/_search [status:200 duration:0.002s]
2024-12-15 00:29:17,374 - INFO - POST http://localhost:9201/nku_search/_search [status:200 duration:0.001s]
2024-12-15 00:29:17,376 - INFO - POST http://localhost:9201/nku_search/_search [status:200 duration:0.002s]
2024-12-15 00:29:17,378 - INFO - POST http://localhost:9201/nku_search/_search [status:200 duration:0.002s]
2024-12-15 00:29:17,379 - INFO - POST http://localhost:9201/nku_search/_search [status:200 duration:0.001s]
2024-12-15 00:29:17,381 - INFO - POST http://localhost:9201/nku_search/_search [status:200 duration:0.002s]
2024-12-15 00:29:17,384 - INFO - POST http://localhost:9201/nku_search/_search [status:200 duration:0.003s]
2024-12-15 00:29:17,386 - INFO - POST http://localhost:9201/nku_search/_search [status:200 duration:0.002s]
2024-12-15 00:29:17,387 - INFO - POST http://localhost:9201/nku_search/_search [status:200 duration:0.002s]
2024-12-15 00:29:17,390 - INFO - POST http://localhost:9201/nku_search/_search [status:200 duration:0.002s]
2024-12-15 00:29:17,391 - INFO - POST http://localhost:9201/nku_search/_search [status:200 duration:0.002s]
2024-12-15 00:29:17,393 - INFO - POST http://localhost:9201/nku_search/_search [status:200 duration:0.001s]
2024-12-15 00:29:17,395 - INFO - POST http://localhost:9201/nku_search/_search [status:200 duration:0.002s]
2024-12-15 00:29:17,397 - INFO - POST http://localhost:9201/nku_search/_search [status:200 duration:0.001s]
2024-12-15 00:29:17,399 - INFO - POST http://localhost:9201/nku_search/_search [status:200 duration:0.001s]
2024-12-15 00:29:17,401 - INFO - POST http://localhost:9201/nku_search/_search [status:200 duration:0.002s]
2024-12-15 00:29:17,403 - INFO - POST http://localhost:9201/nku_search/_search [status:200 duration:0.002s]
2024-12-15 00:29:17,405 - INFO - POST http://localhost:9201/nku_search/_search [status:200 duration:0.001s]
2024-12-15 00:29:17,407 - INFO - POST http://localhost:9201/nku_search/_search [status:200 duration:0.002s]
2024-12-15 00:29:17,409 - INFO - POST http://localhost:9201/nku_search/_search [status:200 duration:0.001s]
2024-12-15 00:29:17,410 - INFO - POST http://localhost:9201/nku_search/_search [status:200 duration:0.001s]
2024-12-15 00:29:17,412 - INFO - POST http://localhost:9201/nku_search/_search [status:200 duration:0.002s]
2024-12-15 00:29:17,414 - INFO - POST http://localhost:9201/nku_search/_search [status:200 duration:0.002s]
2024-12-15 00:29:17,416 - INFO - POST http://localhost:9201/nku_search/_search [status:200 duration:0.002s]
2024-12-15 00:29:17,417 - INFO - POST http://localhost:9201/nku_search/_search [status:200 duration:0.002s]
2024-12-15 00:29:17,419 - INFO - POST http://localhost:9201/nku_search/_search [status:200 duration:0.002s]
2024-12-15 00:29:17,421 - INFO - POST http://localhost:9201/nku_search/_search [status:200 duration:0.002s]
2024-12-15 00:29:17,423 - INFO - POST http://localhost:9201/nku_search/_search [status:200 duration:0.002s]
2024-12-15 00:29:17,424 - INFO - POST http://localhost:9201/nku_search/_search [status:200 duration:0.002s]
2024-12-15 00:29:17,426 - INFO - POST http://localhost:9201/nku_search/_search [status:200 duration:0.002s]
2024-12-15 00:29:17,428 - INFO - POST http://localhost:9201/nku_search/_search [status:200 duration:0.002s]
2024-12-15 00:29:17,430 - INFO - POST http://localhost:9201/nku_search/_search [status:200 duration:0.002s]
2024-12-15 00:29:17,432 - INFO - POST http://localhost:9201/nku_search/_search [status:200 duration:0.002s]
2024-12-15 00:29:17,433 - INFO - POST http://localhost:9201/nku_search/_search [status:200 duration:0.002s]
2024-12-15 00:29:17,435 - INFO - POST http://localhost:9201/nku_search/_search [status:200 duration:0.001s]
2024-12-15 00:29:17,436 - INFO - POST http://localhost:9201/nku_search/_search [status:200 duration:0.001s]
2024-12-15 00:29:17,437 - INFO - POST http://localhost:9201/nku_search/_search [status:200 duration:0.001s]
2024-12-15 00:29:17,439 - INFO - POST http://localhost:9201/nku_search/_search [status:200 duration:0.002s]
2024-12-15 00:29:17,441 - INFO - POST http://localhost:9201/nku_search/_search [status:200 duration:0.003s]
2024-12-15 00:29:17,443 - INFO - POST http://localhost:9201/nku_search/_search [status:200 duration:0.002s]
2024-12-15 00:29:17,445 - INFO - POST http://localhost:9201/nku_search/_search [status:200 duration:0.002s]
2024-12-15 00:29:17,446 - INFO - POST http://localhost:9201/nku_search/_search [status:200 duration:0.001s]
2024-12-15 00:29:17,448 - INFO - POST http://localhost:9201/nku_search/_search [status:200 duration:0.002s]
2024-12-15 00:29:17,451 - INFO - POST http://localhost:9201/nku_search/_search [status:200 duration:0.002s]
2024-12-15 00:29:17,452 - INFO - POST http://localhost:9201/nku_search/_search [status:200 duration:0.002s]
2024-12-15 00:29:17,454 - INFO - POST http://localhost:9201/nku_search/_search [status:200 duration:0.002s]
2024-12-15 00:29:17,456 - INFO - POST http://localhost:9201/nku_search/_search [status:200 duration:0.002s]
2024-12-15 00:29:17,458 - INFO - POST http://localhost:9201/nku_search/_search [status:200 duration:0.002s]
2024-12-15 00:29:17,459 - INFO - POST http://localhost:9201/nku_search/_search [status:200 duration:0.001s]
2024-12-15 00:29:17,461 - INFO - POST http://localhost:9201/nku_search/_search [status:200 duration:0.002s]
2024-12-15 00:29:17,463 - INFO - POST http://localhost:9201/nku_search/_search [status:200 duration:0.001s]
2024-12-15 00:29:17,464 - INFO - POST http://localhost:9201/nku_search/_search [status:200 duration:0.001s]
2024-12-15 00:29:17,466 - INFO - POST http://localhost:9201/nku_search/_search [status:200 duration:0.002s]
2024-12-15 00:29:17,468 - INFO - POST http://localhost:9201/nku_search/_search [status:200 duration:0.002s]
2024-12-15 00:29:17,469 - INFO - POST http://localhost:9201/nku_search/_search [status:200 duration:0.001s]
2024-12-15 00:29:17,471 - INFO - POST http://localhost:9201/nku_search/_search [status:200 duration:0.001s]
2024-12-15 00:29:17,472 - INFO - POST http://localhost:9201/nku_search/_search [status:200 duration:0.001s]
2024-12-15 00:29:17,474 - INFO - POST http://localhost:9201/nku_search/_search [status:200 duration:0.002s]
2024-12-15 00:29:17,476 - INFO - POST http://localhost:9201/nku_search/_search [status:200 duration:0.001s]
2024-12-15 00:29:17,478 - INFO - POST http://localhost:9201/nku_search/_search [status:200 duration:0.001s]
2024-12-15 00:29:17,480 - INFO - POST http://localhost:9201/nku_search/_search [status:200 duration:0.002s]
2024-12-15 00:29:17,481 - INFO - POST http://localhost:9201/nku_search/_search [status:200 duration:0.001s]
2024-12-15 00:29:17,483 - INFO - POST http://localhost:9201/nku_search/_search [status:200 duration:0.001s]
2024-12-15 00:29:17,484 - INFO - POST http://localhost:9201/nku_search/_search [status:200 duration:0.002s]
2024-12-15 00:29:17,486 - INFO - POST http://localhost:9201/nku_search/_search [status:200 duration:0.002s]
2024-12-15 00:29:17,487 - INFO - POST http://localhost:9201/nku_search/_search [status:200 duration:0.001s]
2024-12-15 00:29:17,489 - INFO - POST http://localhost:9201/nku_search/_search [status:200 duration:0.001s]
2024-12-15 00:29:17,491 - INFO - POST http://localhost:9201/nku_search/_search [status:200 duration:0.002s]
2024-12-15 00:29:17,493 - INFO - POST http://localhost:9201/nku_search/_search [status:200 duration:0.002s]
2024-12-15 00:29:17,495 - INFO - POST http://localhost:9201/nku_search/_search [status:200 duration:0.002s]
2024-12-15 00:29:17,496 - INFO - POST http://localhost:9201/nku_search/_search [status:200 duration:0.002s]
2024-12-15 00:29:17,498 - INFO - POST http://localhost:9201/nku_search/_search [status:200 duration:0.001s]
2024-12-15 00:29:17,499 - INFO - POST http://localhost:9201/nku_search/_search [status:200 duration:0.001s]
2024-12-15 00:29:17,500 - INFO - POST http://localhost:9201/nku_search/_search [status:200 duration:0.001s]
2024-12-15 00:29:17,502 - INFO - POST http://localhost:9201/nku_search/_search [status:200 duration:0.002s]
2024-12-15 00:29:17,504 - INFO - POST http://localhost:9201/nku_search/_search [status:200 duration:0.002s]
2024-12-15 00:29:17,505 - INFO - POST http://localhost:9201/nku_search/_search [status:200 duration:0.001s]
2024-12-15 00:29:17,507 - INFO - POST http://localhost:9201/nku_search/_search [status:200 duration:0.001s]
2024-12-15 00:29:17,508 - INFO - POST http://localhost:9201/nku_search/_search [status:200 duration:0.001s]
2024-12-15 00:29:17,510 - INFO - POST http://localhost:9201/nku_search/_search [status:200 duration:0.002s]
2024-12-15 00:29:17,511 - INFO - POST http://localhost:9201/nku_search/_search [status:200 duration:0.002s]
2024-12-15 00:29:17,512 - INFO - POST http://localhost:9201/nku_search/_search [status:200 duration:0.001s]
2024-12-15 00:29:17,514 - INFO - POST http://localhost:9201/nku_search/_search [status:200 duration:0.001s]
2024-12-15 00:29:17,516 - INFO - POST http://localhost:9201/nku_search/_search [status:200 duration:0.002s]
2024-12-15 00:29:17,517 - INFO - POST http://localhost:9201/nku_search/_search [status:200 duration:0.001s]
2024-12-15 00:29:17,518 - INFO - POST http://localhost:9201/nku_search/_search [status:200 duration:0.001s]
2024-12-15 00:29:17,520 - INFO - POST http://localhost:9201/nku_search/_search [status:200 duration:0.002s]
2024-12-15 00:29:17,521 - INFO - POST http://localhost:9201/nku_search/_search [status:200 duration:0.002s]
2024-12-15 00:29:17,523 - INFO - POST http://localhost:9201/nku_search/_search [status:200 duration:0.002s]
2024-12-15 00:29:17,525 - INFO - POST http://localhost:9201/nku_search/_search [status:200 duration:0.002s]
2024-12-15 00:29:17,527 - INFO - POST http://localhost:9201/nku_search/_search [status:200 duration:0.002s]
2024-12-15 00:29:17,529 - INFO - POST http://localhost:9201/nku_search/_search [status:200 duration:0.002s]
2024-12-15 00:29:17,530 - INFO - POST http://localhost:9201/nku_search/_search [status:200 duration:0.001s]
2024-12-15 00:29:17,532 - INFO - POST http://localhost:9201/nku_search/_search [status:200 duration:0.001s]
2024-12-15 00:29:17,533 - INFO - POST http://localhost:9201/nku_search/_search [status:200 duration:0.001s]
2024-12-15 00:29:17,535 - INFO - POST http://localhost:9201/nku_search/_search [status:200 duration:0.002s]
2024-12-15 00:29:17,537 - INFO - POST http://localhost:9201/nku_search/_search [status:200 duration:0.002s]
2024-12-15 00:29:17,539 - INFO - POST http://localhost:9201/nku_search/_search [status:200 duration:0.002s]
2024-12-15 00:29:17,540 - INFO - POST http://localhost:9201/nku_search/_search [status:200 duration:0.001s]
2024-12-15 00:29:17,542 - INFO - POST http://localhost:9201/nku_search/_search [status:200 duration:0.001s]
2024-12-15 00:29:17,543 - INFO - POST http://localhost:9201/nku_search/_search [status:200 duration:0.001s]
2024-12-15 00:29:17,545 - INFO - POST http://localhost:9201/nku_search/_search [status:200 duration:0.002s]
2024-12-15 00:29:17,546 - INFO - POST http://localhost:9201/nku_search/_search [status:200 duration:0.001s]
2024-12-15 00:29:17,548 - INFO - POST http://localhost:9201/nku_search/_search [status:200 duration:0.002s]
2024-12-15 00:29:17,549 - INFO - POST http://localhost:9201/nku_search/_search [status:200 duration:0.001s]
2024-12-15 00:29:17,551 - INFO - POST http://localhost:9201/nku_search/_search [status:200 duration:0.001s]
2024-12-15 00:29:17,553 - INFO - POST http://localhost:9201/nku_search/_search [status:200 duration:0.002s]
2024-12-15 00:29:17,555 - INFO - POST http://localhost:9201/nku_search/_search [status:200 duration:0.002s]
2024-12-15 00:29:17,556 - INFO - POST http://localhost:9201/nku_search/_search [status:200 duration:0.002s]
2024-12-15 00:29:17,558 - INFO - POST http://localhost:9201/nku_search/_search [status:200 duration:0.002s]
2024-12-15 00:29:17,560 - INFO - POST http://localhost:9201/nku_search/_search [status:200 duration:0.002s]
2024-12-15 00:29:17,562 - INFO - POST http://localhost:9201/nku_search/_search [status:200 duration:0.002s]
2024-12-15 00:29:17,564 - INFO - POST http://localhost:9201/nku_search/_search [status:200 duration:0.002s]
2024-12-15 00:29:17,566 - INFO - POST http://localhost:9201/nku_search/_search [status:200 duration:0.002s]
2024-12-15 00:29:17,568 - INFO - POST http://localhost:9201/nku_search/_search [status:200 duration:0.002s]
2024-12-15 00:29:17,569 - INFO - POST http://localhost:9201/nku_search/_search [status:200 duration:0.001s]
2024-12-15 00:29:17,572 - INFO - POST http://localhost:9201/nku_search/_search [status:200 duration:0.003s]
2024-12-15 00:29:17,573 - INFO - POST http://localhost:9201/nku_search/_search [status:200 duration:0.001s]
2024-12-15 00:29:17,575 - INFO - POST http://localhost:9201/nku_search/_search [status:200 duration:0.002s]
2024-12-15 00:29:17,578 - INFO - POST http://localhost:9201/nku_search/_search [status:200 duration:0.002s]
2024-12-15 00:29:17,579 - INFO - POST http://localhost:9201/nku_search/_search [status:200 duration:0.001s]
2024-12-15 00:29:17,580 - INFO - POST http://localhost:9201/nku_search/_search [status:200 duration:0.002s]
2024-12-15 00:29:17,582 - INFO - POST http://localhost:9201/nku_search/_search [status:200 duration:0.002s]
2024-12-15 00:29:17,585 - INFO - POST http://localhost:9201/nku_search/_search [status:200 duration:0.002s]
2024-12-15 00:29:17,587 - INFO - POST http://localhost:9201/nku_search/_search [status:200 duration:0.002s]
2024-12-15 00:29:17,589 - INFO - POST http://localhost:9201/nku_search/_search [status:200 duration:0.002s]
2024-12-15 00:29:17,591 - INFO - POST http://localhost:9201/nku_search/_search [status:200 duration:0.002s]
2024-12-15 00:29:17,593 - INFO - POST http://localhost:9201/nku_search/_search [status:200 duration:0.002s]
2024-12-15 00:29:17,594 - INFO - POST http://localhost:9201/nku_search/_search [status:200 duration:0.002s]
2024-12-15 00:29:17,597 - INFO - POST http://localhost:9201/nku_search/_search [status:200 duration:0.001s]
2024-12-15 00:29:17,599 - INFO - POST http://localhost:9201/nku_search/_search [status:200 duration:0.002s]
2024-12-15 00:29:17,601 - INFO - POST http://localhost:9201/nku_search/_search [status:200 duration:0.002s]
2024-12-15 00:29:17,603 - INFO - POST http://localhost:9201/nku_search/_search [status:200 duration:0.002s]
2024-12-15 00:29:17,605 - INFO - POST http://localhost:9201/nku_search/_search [status:200 duration:0.002s]
2024-12-15 00:29:17,606 - INFO - POST http://localhost:9201/nku_search/_search [status:200 duration:0.002s]
2024-12-15 00:29:17,619 - INFO - POST http://localhost:9201/nku_search/_search [status:200 duration:0.013s]
2024-12-15 00:29:17,622 - INFO - POST http://localhost:9201/nku_search/_search [status:200 duration:0.002s]
2024-12-15 00:29:17,624 - INFO - POST http://localhost:9201/nku_search/_search [status:200 duration:0.002s]
2024-12-15 00:29:17,626 - INFO - POST http://localhost:9201/nku_search/_search [status:200 duration:0.002s]
2024-12-15 00:29:17,628 - INFO - POST http://localhost:9201/nku_search/_search [status:200 duration:0.002s]
2024-12-15 00:29:17,630 - INFO - POST http://localhost:9201/nku_search/_search [status:200 duration:0.002s]
2024-12-15 00:29:17,632 - INFO - POST http://localhost:9201/nku_search/_search [status:200 duration:0.002s]
2024-12-15 00:29:17,634 - INFO - POST http://localhost:9201/nku_search/_search [status:200 duration:0.002s]
2024-12-15 00:29:17,635 - INFO - POST http://localhost:9201/nku_search/_search [status:200 duration:0.001s]
2024-12-15 00:29:17,636 - INFO - POST http://localhost:9201/nku_search/_search [status:200 duration:0.001s]
2024-12-15 00:29:17,638 - INFO - POST http://localhost:9201/nku_search/_search [status:200 duration:0.001s]
2024-12-15 00:29:17,639 - INFO - POST http://localhost:9201/nku_search/_search [status:200 duration:0.001s]
2024-12-15 00:29:17,641 - INFO - POST http://localhost:9201/nku_search/_search [status:200 duration:0.002s]
2024-12-15 00:29:17,643 - INFO - POST http://localhost:9201/nku_search/_search [status:200 duration:0.002s]
2024-12-15 00:29:17,645 - INFO - POST http://localhost:9201/nku_search/_search [status:200 duration:0.002s]
2024-12-15 00:29:17,646 - INFO - POST http://localhost:9201/nku_search/_search [status:200 duration:0.002s]
2024-12-15 00:29:17,648 - INFO - POST http://localhost:9201/nku_search/_search [status:200 duration:0.002s]
2024-12-15 00:29:17,650 - INFO - POST http://localhost:9201/nku_search/_search [status:200 duration:0.002s]
2024-12-15 00:29:17,652 - INFO - POST http://localhost:9201/nku_search/_search [status:200 duration:0.002s]
2024-12-15 00:29:17,654 - INFO - POST http://localhost:9201/nku_search/_search [status:200 duration:0.002s]
2024-12-15 00:29:17,656 - INFO - POST http://localhost:9201/nku_search/_search [status:200 duration:0.002s]
2024-12-15 00:29:17,658 - INFO - POST http://localhost:9201/nku_search/_search [status:200 duration:0.001s]
2024-12-15 00:29:17,660 - INFO - POST http://localhost:9201/nku_search/_search [status:200 duration:0.002s]
2024-12-15 00:29:17,662 - INFO - POST http://localhost:9201/nku_search/_search [status:200 duration:0.002s]
2024-12-15 00:29:17,664 - INFO - POST http://localhost:9201/nku_search/_search [status:200 duration:0.002s]
2024-12-15 00:29:17,665 - INFO - POST http://localhost:9201/nku_search/_search [status:200 duration:0.002s]
2024-12-15 00:29:17,668 - INFO - POST http://localhost:9201/nku_search/_search [status:200 duration:0.002s]
2024-12-15 00:29:17,669 - INFO - POST http://localhost:9201/nku_search/_search [status:200 duration:0.002s]
2024-12-15 00:29:17,670 - INFO - POST http://localhost:9201/nku_search/_search [status:200 duration:0.001s]
2024-12-15 00:29:17,672 - INFO - POST http://localhost:9201/nku_search/_search [status:200 duration:0.001s]
2024-12-15 00:29:17,674 - INFO - POST http://localhost:9201/nku_search/_search [status:200 duration:0.002s]
2024-12-15 00:29:17,676 - INFO - POST http://localhost:9201/nku_search/_search [status:200 duration:0.001s]
2024-12-15 00:29:17,677 - INFO - POST http://localhost:9201/nku_search/_search [status:200 duration:0.001s]
2024-12-15 00:29:17,679 - INFO - POST http://localhost:9201/nku_search/_search [status:200 duration:0.002s]
2024-12-15 00:29:17,681 - INFO - POST http://localhost:9201/nku_search/_search [status:200 duration:0.002s]
2024-12-15 00:29:17,682 - INFO - POST http://localhost:9201/nku_search/_search [status:200 duration:0.001s]
2024-12-15 00:29:17,684 - INFO - POST http://localhost:9201/nku_search/_search [status:200 duration:0.001s]
2024-12-15 00:29:17,686 - INFO - POST http://localhost:9201/nku_search/_search [status:200 duration:0.002s]
2024-12-15 00:29:17,688 - INFO - POST http://localhost:9201/nku_search/_search [status:200 duration:0.002s]
2024-12-15 00:29:17,689 - INFO - POST http://localhost:9201/nku_search/_search [status:200 duration:0.002s]
2024-12-15 00:29:17,691 - INFO - POST http://localhost:9201/nku_search/_search [status:200 duration:0.002s]
2024-12-15 00:29:17,693 - INFO - POST http://localhost:9201/nku_search/_search [status:200 duration:0.002s]
2024-12-15 00:29:17,695 - INFO - POST http://localhost:9201/nku_search/_search [status:200 duration:0.001s]
2024-12-15 00:29:17,696 - INFO - POST http://localhost:9201/nku_search/_search [status:200 duration:0.001s]
2024-12-15 00:29:17,698 - INFO - POST http://localhost:9201/nku_search/_search [status:200 duration:0.002s]
2024-12-15 00:29:17,699 - INFO - POST http://localhost:9201/nku_search/_search [status:200 duration:0.001s]
2024-12-15 00:29:17,701 - INFO - POST http://localhost:9201/nku_search/_search [status:200 duration:0.002s]
2024-12-15 00:29:17,702 - INFO - POST http://localhost:9201/nku_search/_search [status:200 duration:0.001s]
2024-12-15 00:29:17,703 - INFO - POST http://localhost:9201/nku_search/_search [status:200 duration:0.001s]
2024-12-15 00:29:17,705 - INFO - POST http://localhost:9201/nku_search/_search [status:200 duration:0.001s]
2024-12-15 00:29:17,707 - INFO - POST http://localhost:9201/nku_search/_search [status:200 duration:0.002s]
2024-12-15 00:29:17,708 - INFO - POST http://localhost:9201/nku_search/_search [status:200 duration:0.002s]
2024-12-15 00:29:17,709 - INFO - POST http://localhost:9201/nku_search/_search [status:200 duration:0.001s]
2024-12-15 00:29:17,711 - INFO - POST http://localhost:9201/nku_search/_search [status:200 duration:0.001s]
2024-12-15 00:29:17,713 - INFO - POST http://localhost:9201/nku_search/_search [status:200 duration:0.002s]
2024-12-15 00:29:17,714 - INFO - POST http://localhost:9201/nku_search/_search [status:200 duration:0.001s]
2024-12-15 00:29:17,715 - INFO - POST http://localhost:9201/nku_search/_search [status:200 duration:0.001s]
2024-12-15 00:29:17,717 - INFO - POST http://localhost:9201/nku_search/_search [status:200 duration:0.001s]
2024-12-15 00:29:17,719 - INFO - POST http://localhost:9201/nku_search/_search [status:200 duration:0.001s]
2024-12-15 00:29:17,720 - INFO - POST http://localhost:9201/nku_search/_search [status:200 duration:0.002s]
2024-12-15 00:29:17,722 - INFO - POST http://localhost:9201/nku_search/_search [status:200 duration:0.002s]
2024-12-15 00:29:17,724 - INFO - POST http://localhost:9201/nku_search/_search [status:200 duration:0.002s]
2024-12-15 00:29:17,726 - INFO - POST http://localhost:9201/nku_search/_search [status:200 duration:0.002s]
2024-12-15 00:29:17,727 - INFO - POST http://localhost:9201/nku_search/_search [status:200 duration:0.002s]
2024-12-15 00:29:17,730 - INFO - POST http://localhost:9201/nku_search/_search [status:200 duration:0.002s]
2024-12-15 00:29:17,731 - INFO - POST http://localhost:9201/nku_search/_search [status:200 duration:0.002s]
2024-12-15 00:29:17,733 - INFO - POST http://localhost:9201/nku_search/_search [status:200 duration:0.002s]
2024-12-15 00:29:17,734 - INFO - POST http://localhost:9201/nku_search/_search [status:200 duration:0.002s]
2024-12-15 00:29:17,736 - INFO - POST http://localhost:9201/nku_search/_search [status:200 duration:0.002s]
2024-12-15 00:29:17,737 - INFO - POST http://localhost:9201/nku_search/_search [status:200 duration:0.001s]
2024-12-15 00:29:17,739 - INFO - POST http://localhost:9201/nku_search/_search [status:200 duration:0.002s]
2024-12-15 00:29:17,740 - INFO - POST http://localhost:9201/nku_search/_search [status:200 duration:0.001s]
2024-12-15 00:29:17,742 - INFO - POST http://localhost:9201/nku_search/_search [status:200 duration:0.001s]
2024-12-15 00:29:17,743 - INFO - POST http://localhost:9201/nku_search/_search [status:200 duration:0.001s]
2024-12-15 00:29:17,744 - INFO - POST http://localhost:9201/nku_search/_search [status:200 duration:0.001s]
2024-12-15 00:29:17,749 - INFO - POST http://localhost:9201/nku_search/_search [status:200 duration:0.005s]
2024-12-15 00:29:17,753 - INFO - POST http://localhost:9201/nku_search/_search [status:200 duration:0.004s]
2024-12-15 00:29:17,755 - INFO - POST http://localhost:9201/nku_search/_search [status:200 duration:0.001s]
2024-12-15 00:29:17,757 - INFO - POST http://localhost:9201/nku_search/_search [status:200 duration:0.002s]
2024-12-15 00:29:17,758 - INFO - POST http://localhost:9201/nku_search/_search [status:200 duration:0.001s]
2024-12-15 00:29:17,760 - INFO - POST http://localhost:9201/nku_search/_search [status:200 duration:0.002s]
2024-12-15 00:29:17,761 - INFO - POST http://localhost:9201/nku_search/_search [status:200 duration:0.001s]
2024-12-15 00:29:17,763 - INFO - POST http://localhost:9201/nku_search/_search [status:200 duration:0.002s]
2024-12-15 00:29:17,765 - INFO - POST http://localhost:9201/nku_search/_search [status:200 duration:0.001s]
2024-12-15 00:29:17,766 - INFO - POST http://localhost:9201/nku_search/_search [status:200 duration:0.002s]
2024-12-15 00:29:17,768 - INFO - POST http://localhost:9201/nku_search/_search [status:200 duration:0.002s]
2024-12-15 00:29:17,769 - INFO - POST http://localhost:9201/nku_search/_search [status:200 duration:0.001s]
2024-12-15 00:29:17,771 - INFO - POST http://localhost:9201/nku_search/_search [status:200 duration:0.002s]
2024-12-15 00:29:17,773 - INFO - POST http://localhost:9201/nku_search/_search [status:200 duration:0.002s]
2024-12-15 00:29:17,774 - INFO - POST http://localhost:9201/nku_search/_search [status:200 duration:0.001s]
2024-12-15 00:29:17,776 - INFO - POST http://localhost:9201/nku_search/_search [status:200 duration:0.002s]
2024-12-15 00:29:17,777 - INFO - POST http://localhost:9201/nku_search/_search [status:200 duration:0.001s]
2024-12-15 00:29:17,778 - INFO - POST http://localhost:9201/nku_search/_search [status:200 duration:0.001s]
2024-12-15 00:29:17,780 - INFO - POST http://localhost:9201/nku_search/_search [status:200 duration:0.002s]
2024-12-15 00:29:17,782 - INFO - POST http://localhost:9201/nku_search/_search [status:200 duration:0.002s]
2024-12-15 00:29:17,785 - INFO - POST http://localhost:9201/nku_search/_search [status:200 duration:0.002s]
2024-12-15 00:29:17,786 - INFO - POST http://localhost:9201/nku_search/_search [status:200 duration:0.002s]
2024-12-15 00:29:17,789 - INFO - POST http://localhost:9201/nku_search/_search [status:200 duration:0.002s]
2024-12-15 00:29:17,790 - INFO - POST http://localhost:9201/nku_search/_search [status:200 duration:0.001s]
2024-12-15 00:29:17,792 - INFO - POST http://localhost:9201/nku_search/_search [status:200 duration:0.001s]
2024-12-15 00:29:17,795 - INFO - POST http://localhost:9201/nku_search/_search [status:200 duration:0.002s]
2024-12-15 00:29:17,797 - INFO - POST http://localhost:9201/nku_search/_search [status:200 duration:0.002s]
2024-12-15 00:29:17,799 - INFO - POST http://localhost:9201/nku_search/_search [status:200 duration:0.002s]
2024-12-15 00:29:17,800 - INFO - POST http://localhost:9201/nku_search/_search [status:200 duration:0.002s]
2024-12-15 00:29:17,802 - INFO - POST http://localhost:9201/nku_search/_search [status:200 duration:0.002s]
2024-12-15 00:29:17,803 - INFO - POST http://localhost:9201/nku_search/_search [status:200 duration:0.001s]
2024-12-15 00:29:17,805 - INFO - POST http://localhost:9201/nku_search/_search [status:200 duration:0.002s]
2024-12-15 00:29:17,807 - INFO - POST http://localhost:9201/nku_search/_search [status:200 duration:0.002s]
2024-12-15 00:29:17,808 - INFO - POST http://localhost:9201/nku_search/_search [status:200 duration:0.002s]
2024-12-15 00:29:17,810 - INFO - POST http://localhost:9201/nku_search/_search [status:200 duration:0.001s]
2024-12-15 00:29:17,811 - INFO - POST http://localhost:9201/nku_search/_search [status:200 duration:0.001s]
2024-12-15 00:29:17,813 - INFO - POST http://localhost:9201/nku_search/_search [status:200 duration:0.002s]
2024-12-15 00:29:17,815 - INFO - POST http://localhost:9201/nku_search/_search [status:200 duration:0.002s]
2024-12-15 00:29:17,816 - INFO - POST http://localhost:9201/nku_search/_search [status:200 duration:0.001s]
2024-12-15 00:29:17,817 - INFO - POST http://localhost:9201/nku_search/_search [status:200 duration:0.001s]
2024-12-15 00:29:17,819 - INFO - POST http://localhost:9201/nku_search/_search [status:200 duration:0.002s]
2024-12-15 00:29:17,821 - INFO - POST http://localhost:9201/nku_search/_search [status:200 duration:0.001s]
2024-12-15 00:29:17,822 - INFO - POST http://localhost:9201/nku_search/_search [status:200 duration:0.001s]
2024-12-15 00:29:17,824 - INFO - POST http://localhost:9201/nku_search/_search [status:200 duration:0.002s]
2024-12-15 00:29:17,825 - INFO - POST http://localhost:9201/nku_search/_search [status:200 duration:0.002s]
2024-12-15 00:29:17,827 - INFO - POST http://localhost:9201/nku_search/_search [status:200 duration:0.002s]
2024-12-15 00:29:17,828 - INFO - POST http://localhost:9201/nku_search/_search [status:200 duration:0.001s]
2024-12-15 00:29:17,830 - INFO - POST http://localhost:9201/nku_search/_search [status:200 duration:0.002s]
2024-12-15 00:29:17,832 - INFO - POST http://localhost:9201/nku_search/_search [status:200 duration:0.002s]
2024-12-15 00:29:17,834 - INFO - POST http://localhost:9201/nku_search/_search [status:200 duration:0.001s]
2024-12-15 00:29:17,835 - INFO - POST http://localhost:9201/nku_search/_search [status:200 duration:0.001s]
2024-12-15 00:29:17,836 - INFO - POST http://localhost:9201/nku_search/_search [status:200 duration:0.001s]
2024-12-15 00:29:17,838 - INFO - POST http://localhost:9201/nku_search/_search [status:200 duration:0.001s]
2024-12-15 00:29:17,839 - INFO - POST http://localhost:9201/nku_search/_search [status:200 duration:0.002s]
2024-12-15 00:29:17,841 - INFO - POST http://localhost:9201/nku_search/_search [status:200 duration:0.001s]
2024-12-15 00:29:17,842 - INFO - POST http://localhost:9201/nku_search/_search [status:200 duration:0.002s]
2024-12-15 00:29:17,844 - INFO - POST http://localhost:9201/nku_search/_search [status:200 duration:0.002s]
2024-12-15 00:29:17,846 - INFO - POST http://localhost:9201/nku_search/_search [status:200 duration:0.002s]
2024-12-15 00:29:17,848 - INFO - POST http://localhost:9201/nku_search/_search [status:200 duration:0.001s]
2024-12-15 00:29:17,850 - INFO - POST http://localhost:9201/nku_search/_search [status:200 duration:0.002s]
2024-12-15 00:29:17,852 - INFO - POST http://localhost:9201/nku_search/_search [status:200 duration:0.002s]
2024-12-15 00:29:17,854 - INFO - POST http://localhost:9201/nku_search/_search [status:200 duration:0.002s]
2024-12-15 00:29:17,857 - INFO - POST http://localhost:9201/nku_search/_search [status:200 duration:0.003s]
2024-12-15 00:29:17,860 - INFO - POST http://localhost:9201/nku_search/_search [status:200 duration:0.002s]
2024-12-15 00:29:17,863 - INFO - POST http://localhost:9201/nku_search/_search [status:200 duration:0.003s]
2024-12-15 00:29:17,866 - INFO - POST http://localhost:9201/nku_search/_search [status:200 duration:0.003s]
2024-12-15 00:29:17,868 - INFO - POST http://localhost:9201/nku_search/_search [status:200 duration:0.002s]
2024-12-15 00:29:17,871 - INFO - POST http://localhost:9201/nku_search/_search [status:200 duration:0.002s]
2024-12-15 00:29:17,873 - INFO - POST http://localhost:9201/nku_search/_search [status:200 duration:0.002s]
2024-12-15 00:29:17,875 - INFO - POST http://localhost:9201/nku_search/_search [status:200 duration:0.002s]
2024-12-15 00:29:17,877 - INFO - POST http://localhost:9201/nku_search/_search [status:200 duration:0.001s]
2024-12-15 00:29:17,879 - INFO - POST http://localhost:9201/nku_search/_search [status:200 duration:0.002s]
2024-12-15 00:29:17,881 - INFO - POST http://localhost:9201/nku_search/_search [status:200 duration:0.002s]
2024-12-15 00:29:17,882 - INFO - POST http://localhost:9201/nku_search/_search [status:200 duration:0.002s]
2024-12-15 00:29:17,884 - INFO - POST http://localhost:9201/nku_search/_search [status:200 duration:0.002s]
2024-12-15 00:29:17,886 - INFO - POST http://localhost:9201/nku_search/_search [status:200 duration:0.002s]
2024-12-15 00:29:17,889 - INFO - POST http://localhost:9201/nku_search/_search [status:200 duration:0.002s]
2024-12-15 00:29:17,891 - INFO - POST http://localhost:9201/nku_search/_search [status:200 duration:0.002s]
2024-12-15 00:29:17,893 - INFO - POST http://localhost:9201/nku_search/_search [status:200 duration:0.002s]
2024-12-15 00:29:17,895 - INFO - POST http://localhost:9201/nku_search/_search [status:200 duration:0.002s]
2024-12-15 00:29:17,897 - INFO - POST http://localhost:9201/nku_search/_search [status:200 duration:0.002s]
2024-12-15 00:29:17,900 - INFO - POST http://localhost:9201/nku_search/_search [status:200 duration:0.002s]
2024-12-15 00:29:17,901 - INFO - POST http://localhost:9201/nku_search/_search [status:200 duration:0.002s]
2024-12-15 00:29:17,903 - INFO - POST http://localhost:9201/nku_search/_search [status:200 duration:0.002s]
2024-12-15 00:29:17,906 - INFO - POST http://localhost:9201/nku_search/_search [status:200 duration:0.002s]
2024-12-15 00:29:17,908 - INFO - POST http://localhost:9201/nku_search/_search [status:200 duration:0.002s]
2024-12-15 00:29:17,910 - INFO - POST http://localhost:9201/nku_search/_search [status:200 duration:0.002s]
2024-12-15 00:29:17,912 - INFO - POST http://localhost:9201/nku_search/_search [status:200 duration:0.002s]
2024-12-15 00:29:17,914 - INFO - POST http://localhost:9201/nku_search/_search [status:200 duration:0.002s]
2024-12-15 00:29:17,916 - INFO - POST http://localhost:9201/nku_search/_search [status:200 duration:0.002s]
2024-12-15 00:29:17,919 - INFO - POST http://localhost:9201/nku_search/_search [status:200 duration:0.002s]
2024-12-15 00:29:17,922 - INFO - POST http://localhost:9201/nku_search/_search [status:200 duration:0.003s]
2024-12-15 00:29:17,924 - INFO - POST http://localhost:9201/nku_search/_search [status:200 duration:0.002s]
2024-12-15 00:29:17,927 - INFO - POST http://localhost:9201/nku_search/_search [status:200 duration:0.002s]
2024-12-15 00:29:17,930 - INFO - POST http://localhost:9201/nku_search/_search [status:200 duration:0.004s]
2024-12-15 00:29:17,932 - INFO - POST http://localhost:9201/nku_search/_search [status:200 duration:0.002s]
2024-12-15 00:29:17,935 - INFO - POST http://localhost:9201/nku_search/_search [status:200 duration:0.002s]
2024-12-15 00:29:17,937 - INFO - POST http://localhost:9201/nku_search/_search [status:200 duration:0.002s]
2024-12-15 00:29:17,938 - INFO - POST http://localhost:9201/nku_search/_search [status:200 duration:0.001s]
2024-12-15 00:29:17,941 - INFO - POST http://localhost:9201/nku_search/_search [status:200 duration:0.002s]
2024-12-15 00:29:17,942 - INFO - POST http://localhost:9201/nku_search/_search [status:200 duration:0.002s]
2024-12-15 00:29:17,944 - INFO - POST http://localhost:9201/nku_search/_search [status:200 duration:0.002s]
2024-12-15 00:29:17,946 - INFO - POST http://localhost:9201/nku_search/_search [status:200 duration:0.002s]
2024-12-15 00:29:17,949 - INFO - POST http://localhost:9201/nku_search/_search [status:200 duration:0.003s]
2024-12-15 00:29:17,951 - INFO - POST http://localhost:9201/nku_search/_search [status:200 duration:0.002s]
2024-12-15 00:29:17,953 - INFO - POST http://localhost:9201/nku_search/_search [status:200 duration:0.002s]
2024-12-15 00:29:17,955 - INFO - POST http://localhost:9201/nku_search/_search [status:200 duration:0.002s]
2024-12-15 00:29:17,957 - INFO - POST http://localhost:9201/nku_search/_search [status:200 duration:0.002s]
2024-12-15 00:29:17,959 - INFO - POST http://localhost:9201/nku_search/_search [status:200 duration:0.002s]
2024-12-15 00:29:17,960 - INFO - POST http://localhost:9201/nku_search/_search [status:200 duration:0.001s]
2024-12-15 00:29:17,963 - INFO - POST http://localhost:9201/nku_search/_search [status:200 duration:0.002s]
2024-12-15 00:29:17,965 - INFO - POST http://localhost:9201/nku_search/_search [status:200 duration:0.002s]
2024-12-15 00:29:17,966 - INFO - POST http://localhost:9201/nku_search/_search [status:200 duration:0.002s]
2024-12-15 00:29:17,968 - INFO - POST http://localhost:9201/nku_search/_search [status:200 duration:0.001s]
2024-12-15 00:29:17,970 - INFO - POST http://localhost:9201/nku_search/_search [status:200 duration:0.002s]
2024-12-15 00:29:17,972 - INFO - POST http://localhost:9201/nku_search/_search [status:200 duration:0.002s]
2024-12-15 00:29:17,974 - INFO - POST http://localhost:9201/nku_search/_search [status:200 duration:0.002s]
2024-12-15 00:29:17,976 - INFO - POST http://localhost:9201/nku_search/_search [status:200 duration:0.002s]
2024-12-15 00:29:17,978 - INFO - POST http://localhost:9201/nku_search/_search [status:200 duration:0.002s]
2024-12-15 00:29:17,980 - INFO - POST http://localhost:9201/nku_search/_search [status:200 duration:0.002s]
2024-12-15 00:29:17,983 - INFO - POST http://localhost:9201/nku_search/_search [status:200 duration:0.003s]
2024-12-15 00:29:17,985 - INFO - POST http://localhost:9201/nku_search/_search [status:200 duration:0.002s]
2024-12-15 00:29:17,987 - INFO - POST http://localhost:9201/nku_search/_search [status:200 duration:0.001s]
2024-12-15 00:29:17,989 - INFO - POST http://localhost:9201/nku_search/_search [status:200 duration:0.002s]
2024-12-15 00:29:17,991 - INFO - POST http://localhost:9201/nku_search/_search [status:200 duration:0.002s]
2024-12-15 00:29:17,993 - INFO - POST http://localhost:9201/nku_search/_search [status:200 duration:0.002s]
2024-12-15 00:29:17,995 - INFO - POST http://localhost:9201/nku_search/_search [status:200 duration:0.002s]
2024-12-15 00:29:17,997 - INFO - POST http://localhost:9201/nku_search/_search [status:200 duration:0.002s]
2024-12-15 00:29:17,999 - INFO - POST http://localhost:9201/nku_search/_search [status:200 duration:0.002s]
2024-12-15 00:29:18,002 - INFO - POST http://localhost:9201/nku_search/_search [status:200 duration:0.003s]
2024-12-15 00:29:18,004 - INFO - POST http://localhost:9201/nku_search/_search [status:200 duration:0.002s]
2024-12-15 00:29:18,005 - INFO - POST http://localhost:9201/nku_search/_search [status:200 duration:0.001s]
2024-12-15 00:29:18,007 - INFO - POST http://localhost:9201/nku_search/_search [status:200 duration:0.002s]
2024-12-15 00:29:18,009 - INFO - POST http://localhost:9201/nku_search/_search [status:200 duration:0.002s]
2024-12-15 00:29:18,011 - INFO - POST http://localhost:9201/nku_search/_search [status:200 duration:0.002s]
2024-12-15 00:29:18,014 - INFO - POST http://localhost:9201/nku_search/_search [status:200 duration:0.002s]
2024-12-15 00:29:18,015 - INFO - POST http://localhost:9201/nku_search/_search [status:200 duration:0.001s]
2024-12-15 00:29:18,017 - INFO - POST http://localhost:9201/nku_search/_search [status:200 duration:0.001s]
2024-12-15 00:29:18,019 - INFO - POST http://localhost:9201/nku_search/_search [status:200 duration:0.002s]
2024-12-15 00:29:18,021 - INFO - POST http://localhost:9201/nku_search/_search [status:200 duration:0.002s]
2024-12-15 00:29:18,023 - INFO - POST http://localhost:9201/nku_search/_search [status:200 duration:0.002s]
2024-12-15 00:29:18,024 - INFO - POST http://localhost:9201/nku_search/_search [status:200 duration:0.001s]
2024-12-15 00:29:18,026 - INFO - POST http://localhost:9201/nku_search/_search [status:200 duration:0.002s]
2024-12-15 00:29:18,028 - INFO - POST http://localhost:9201/nku_search/_search [status:200 duration:0.002s]
2024-12-15 00:29:18,030 - INFO - POST http://localhost:9201/nku_search/_search [status:200 duration:0.002s]
2024-12-15 00:29:18,032 - INFO - POST http://localhost:9201/nku_search/_search [status:200 duration:0.002s]
2024-12-15 00:29:18,034 - INFO - POST http://localhost:9201/nku_search/_search [status:200 duration:0.002s]
2024-12-15 00:29:18,035 - INFO - POST http://localhost:9201/nku_search/_search [status:200 duration:0.002s]
2024-12-15 00:29:18,037 - INFO - POST http://localhost:9201/nku_search/_search [status:200 duration:0.002s]
2024-12-15 00:29:18,040 - INFO - POST http://localhost:9201/nku_search/_search [status:200 duration:0.002s]
2024-12-15 00:29:18,042 - INFO - POST http://localhost:9201/nku_search/_search [status:200 duration:0.002s]
2024-12-15 00:29:18,044 - INFO - POST http://localhost:9201/nku_search/_search [status:200 duration:0.002s]
2024-12-15 00:29:18,046 - INFO - POST http://localhost:9201/nku_search/_search [status:200 duration:0.002s]
2024-12-15 00:29:18,048 - INFO - POST http://localhost:9201/nku_search/_search [status:200 duration:0.002s]
2024-12-15 00:29:18,051 - INFO - POST http://localhost:9201/nku_search/_search [status:200 duration:0.002s]
2024-12-15 00:29:18,053 - INFO - POST http://localhost:9201/nku_search/_search [status:200 duration:0.002s]
2024-12-15 00:29:18,055 - INFO - POST http://localhost:9201/nku_search/_search [status:200 duration:0.002s]
2024-12-15 00:29:18,057 - INFO - POST http://localhost:9201/nku_search/_search [status:200 duration:0.002s]
2024-12-15 00:29:18,059 - INFO - POST http://localhost:9201/nku_search/_search [status:200 duration:0.001s]
2024-12-15 00:29:18,061 - INFO - POST http://localhost:9201/nku_search/_search [status:200 duration:0.002s]
2024-12-15 00:29:18,063 - INFO - POST http://localhost:9201/nku_search/_search [status:200 duration:0.002s]
2024-12-15 00:29:18,065 - INFO - POST http://localhost:9201/nku_search/_search [status:200 duration:0.002s]
2024-12-15 00:29:18,066 - INFO - POST http://localhost:9201/nku_search/_search [status:200 duration:0.002s]
2024-12-15 00:29:18,068 - INFO - POST http://localhost:9201/nku_search/_search [status:200 duration:0.002s]
2024-12-15 00:29:18,069 - INFO - POST http://localhost:9201/nku_search/_search [status:200 duration:0.001s]
2024-12-15 00:29:18,071 - INFO - POST http://localhost:9201/nku_search/_search [status:200 duration:0.002s]
2024-12-15 00:29:18,072 - INFO - POST http://localhost:9201/nku_search/_search [status:200 duration:0.001s]
2024-12-15 00:29:18,075 - INFO - POST http://localhost:9201/nku_search/_search [status:200 duration:0.002s]
2024-12-15 00:29:18,076 - INFO - POST http://localhost:9201/nku_search/_search [status:200 duration:0.001s]
2024-12-15 00:29:18,077 - INFO - POST http://localhost:9201/nku_search/_search [status:200 duration:0.001s]
2024-12-15 00:29:18,079 - INFO - POST http://localhost:9201/nku_search/_search [status:200 duration:0.001s]
2024-12-15 00:29:18,081 - INFO - POST http://localhost:9201/nku_search/_search [status:200 duration:0.002s]
2024-12-15 00:29:18,083 - INFO - POST http://localhost:9201/nku_search/_search [status:200 duration:0.002s]
2024-12-15 00:29:18,085 - INFO - POST http://localhost:9201/nku_search/_search [status:200 duration:0.002s]
2024-12-15 00:29:18,086 - INFO - POST http://localhost:9201/nku_search/_search [status:200 duration:0.002s]
2024-12-15 00:29:18,088 - INFO - POST http://localhost:9201/nku_search/_search [status:200 duration:0.002s]
2024-12-15 00:29:18,089 - INFO - POST http://localhost:9201/nku_search/_search [status:200 duration:0.001s]
2024-12-15 00:29:18,091 - INFO - POST http://localhost:9201/nku_search/_search [status:200 duration:0.002s]
2024-12-15 00:29:18,093 - INFO - POST http://localhost:9201/nku_search/_search [status:200 duration:0.002s]
2024-12-15 00:29:18,094 - INFO - POST http://localhost:9201/nku_search/_search [status:200 duration:0.001s]
2024-12-15 00:29:18,096 - INFO - POST http://localhost:9201/nku_search/_search [status:200 duration:0.002s]
2024-12-15 00:29:18,098 - INFO - POST http://localhost:9201/nku_search/_search [status:200 duration:0.002s]
2024-12-15 00:29:18,099 - INFO - POST http://localhost:9201/nku_search/_search [status:200 duration:0.002s]
2024-12-15 00:29:18,101 - INFO - POST http://localhost:9201/nku_search/_search [status:200 duration:0.001s]
2024-12-15 00:29:18,102 - INFO - POST http://localhost:9201/nku_search/_search [status:200 duration:0.002s]
2024-12-15 00:29:18,104 - INFO - POST http://localhost:9201/nku_search/_search [status:200 duration:0.002s]
2024-12-15 00:29:18,105 - INFO - POST http://localhost:9201/nku_search/_search [status:200 duration:0.002s]
2024-12-15 00:29:18,107 - INFO - POST http://localhost:9201/nku_search/_search [status:200 duration:0.001s]
2024-12-15 00:29:18,108 - INFO - POST http://localhost:9201/nku_search/_search [status:200 duration:0.002s]
2024-12-15 00:29:18,110 - INFO - POST http://localhost:9201/nku_search/_search [status:200 duration:0.002s]
2024-12-15 00:29:18,111 - INFO - POST http://localhost:9201/nku_search/_search [status:200 duration:0.001s]
2024-12-15 00:29:18,113 - INFO - POST http://localhost:9201/nku_search/_search [status:200 duration:0.001s]
2024-12-15 00:29:18,115 - INFO - POST http://localhost:9201/nku_search/_search [status:200 duration:0.002s]
2024-12-15 00:29:18,117 - INFO - POST http://localhost:9201/nku_search/_search [status:200 duration:0.002s]
2024-12-15 00:29:18,118 - INFO - POST http://localhost:9201/nku_search/_search [status:200 duration:0.002s]
2024-12-15 00:29:18,120 - INFO - POST http://localhost:9201/nku_search/_search [status:200 duration:0.002s]
2024-12-15 00:29:18,122 - INFO - POST http://localhost:9201/nku_search/_search [status:200 duration:0.002s]
2024-12-15 00:29:18,124 - INFO - POST http://localhost:9201/nku_search/_search [status:200 duration:0.001s]
2024-12-15 00:29:18,126 - INFO - POST http://localhost:9201/nku_search/_search [status:200 duration:0.002s]
2024-12-15 00:29:18,127 - INFO - POST http://localhost:9201/nku_search/_search [status:200 duration:0.002s]
2024-12-15 00:29:18,129 - INFO - POST http://localhost:9201/nku_search/_search [status:200 duration:0.002s]
2024-12-15 00:29:18,131 - INFO - POST http://localhost:9201/nku_search/_search [status:200 duration:0.002s]
2024-12-15 00:29:18,133 - INFO - POST http://localhost:9201/nku_search/_search [status:200 duration:0.002s]
2024-12-15 00:29:18,135 - INFO - POST http://localhost:9201/nku_search/_search [status:200 duration:0.002s]
2024-12-15 00:29:18,137 - INFO - POST http://localhost:9201/nku_search/_search [status:200 duration:0.002s]
2024-12-15 00:29:18,138 - INFO - POST http://localhost:9201/nku_search/_search [status:200 duration:0.002s]
2024-12-15 00:29:18,140 - INFO - POST http://localhost:9201/nku_search/_search [status:200 duration:0.002s]
2024-12-15 00:29:18,142 - INFO - POST http://localhost:9201/nku_search/_search [status:200 duration:0.001s]
2024-12-15 00:29:18,144 - INFO - POST http://localhost:9201/nku_search/_search [status:200 duration:0.002s]
2024-12-15 00:29:18,146 - INFO - POST http://localhost:9201/nku_search/_search [status:200 duration:0.002s]
2024-12-15 00:29:18,148 - INFO - POST http://localhost:9201/nku_search/_search [status:200 duration:0.002s]
2024-12-15 00:29:18,150 - INFO - POST http://localhost:9201/nku_search/_search [status:200 duration:0.002s]
2024-12-15 00:29:18,151 - INFO - POST http://localhost:9201/nku_search/_search [status:200 duration:0.002s]
2024-12-15 00:29:18,153 - INFO - POST http://localhost:9201/nku_search/_search [status:200 duration:0.002s]
2024-12-15 00:29:18,156 - INFO - POST http://localhost:9201/nku_search/_search [status:200 duration:0.002s]
2024-12-15 00:29:18,157 - INFO - POST http://localhost:9201/nku_search/_search [status:200 duration:0.002s]
2024-12-15 00:29:18,159 - INFO - POST http://localhost:9201/nku_search/_search [status:200 duration:0.002s]
2024-12-15 00:29:18,161 - INFO - POST http://localhost:9201/nku_search/_search [status:200 duration:0.002s]
2024-12-15 00:29:18,163 - INFO - POST http://localhost:9201/nku_search/_search [status:200 duration:0.002s]
2024-12-15 00:29:18,165 - INFO - POST http://localhost:9201/nku_search/_search [status:200 duration:0.002s]
2024-12-15 00:29:18,166 - INFO - POST http://localhost:9201/nku_search/_search [status:200 duration:0.002s]
2024-12-15 00:29:18,168 - INFO - POST http://localhost:9201/nku_search/_search [status:200 duration:0.002s]
2024-12-15 00:29:18,170 - INFO - POST http://localhost:9201/nku_search/_search [status:200 duration:0.002s]
2024-12-15 00:29:18,171 - INFO - POST http://localhost:9201/nku_search/_search [status:200 duration:0.002s]
2024-12-15 00:29:18,173 - INFO - POST http://localhost:9201/nku_search/_search [status:200 duration:0.002s]
2024-12-15 00:29:18,175 - INFO - POST http://localhost:9201/nku_search/_search [status:200 duration:0.002s]
2024-12-15 00:29:18,177 - INFO - POST http://localhost:9201/nku_search/_search [status:200 duration:0.002s]
2024-12-15 00:29:18,178 - INFO - POST http://localhost:9201/nku_search/_search [status:200 duration:0.001s]
2024-12-15 00:29:18,180 - INFO - POST http://localhost:9201/nku_search/_search [status:200 duration:0.001s]
2024-12-15 00:29:18,182 - INFO - POST http://localhost:9201/nku_search/_search [status:200 duration:0.002s]
2024-12-15 00:29:18,184 - INFO - POST http://localhost:9201/nku_search/_search [status:200 duration:0.002s]
2024-12-15 00:29:18,186 - INFO - POST http://localhost:9201/nku_search/_search [status:200 duration:0.002s]
2024-12-15 00:29:18,188 - INFO - POST http://localhost:9201/nku_search/_search [status:200 duration:0.002s]
2024-12-15 00:29:18,195 - INFO - POST http://localhost:9201/nku_search/_search [status:200 duration:0.006s]
2024-12-15 00:29:18,197 - INFO - POST http://localhost:9201/nku_search/_search [status:200 duration:0.001s]
2024-12-15 00:29:18,199 - INFO - POST http://localhost:9201/nku_search/_search [status:200 duration:0.002s]
2024-12-15 00:29:18,200 - INFO - POST http://localhost:9201/nku_search/_search [status:200 duration:0.001s]
2024-12-15 00:29:18,202 - INFO - POST http://localhost:9201/nku_search/_search [status:200 duration:0.002s]
2024-12-15 00:29:18,203 - INFO - POST http://localhost:9201/nku_search/_search [status:200 duration:0.001s]
2024-12-15 00:29:18,205 - INFO - POST http://localhost:9201/nku_search/_search [status:200 duration:0.001s]
2024-12-15 00:29:18,207 - INFO - POST http://localhost:9201/nku_search/_search [status:200 duration:0.001s]
2024-12-15 00:29:18,209 - INFO - POST http://localhost:9201/nku_search/_search [status:200 duration:0.002s]
2024-12-15 00:29:18,210 - INFO - POST http://localhost:9201/nku_search/_search [status:200 duration:0.001s]
2024-12-15 00:29:18,212 - INFO - POST http://localhost:9201/nku_search/_search [status:200 duration:0.001s]
2024-12-15 00:29:18,214 - INFO - POST http://localhost:9201/nku_search/_search [status:200 duration:0.001s]
2024-12-15 00:29:18,215 - INFO - POST http://localhost:9201/nku_search/_search [status:200 duration:0.001s]
2024-12-15 00:29:18,217 - INFO - POST http://localhost:9201/nku_search/_search [status:200 duration:0.001s]
2024-12-15 00:29:18,219 - INFO - POST http://localhost:9201/nku_search/_search [status:200 duration:0.002s]
2024-12-15 00:29:18,220 - INFO - POST http://localhost:9201/nku_search/_search [status:200 duration:0.001s]
2024-12-15 00:29:18,223 - INFO - POST http://localhost:9201/nku_search/_search [status:200 duration:0.002s]
2024-12-15 00:29:18,225 - INFO - POST http://localhost:9201/nku_search/_search [status:200 duration:0.002s]
2024-12-15 00:29:18,227 - INFO - POST http://localhost:9201/nku_search/_search [status:200 duration:0.002s]
2024-12-15 00:29:18,229 - INFO - POST http://localhost:9201/nku_search/_search [status:200 duration:0.002s]
2024-12-15 00:29:18,232 - INFO - POST http://localhost:9201/nku_search/_search [status:200 duration:0.002s]
2024-12-15 00:29:18,234 - INFO - POST http://localhost:9201/nku_search/_search [status:200 duration:0.001s]
2024-12-15 00:29:18,236 - INFO - POST http://localhost:9201/nku_search/_search [status:200 duration:0.002s]
2024-12-15 00:29:18,238 - INFO - POST http://localhost:9201/nku_search/_search [status:200 duration:0.002s]
2024-12-15 00:29:18,240 - INFO - POST http://localhost:9201/nku_search/_search [status:200 duration:0.002s]
2024-12-15 00:29:18,241 - INFO - POST http://localhost:9201/nku_search/_search [status:200 duration:0.002s]
2024-12-15 00:29:18,243 - INFO - POST http://localhost:9201/nku_search/_search [status:200 duration:0.002s]
2024-12-15 00:29:18,245 - INFO - POST http://localhost:9201/nku_search/_search [status:200 duration:0.002s]
2024-12-15 00:29:18,247 - INFO - POST http://localhost:9201/nku_search/_search [status:200 duration:0.002s]
2024-12-15 00:29:18,249 - INFO - POST http://localhost:9201/nku_search/_search [status:200 duration:0.002s]
2024-12-15 00:29:18,251 - INFO - POST http://localhost:9201/nku_search/_search [status:200 duration:0.002s]
2024-12-15 00:29:18,254 - INFO - POST http://localhost:9201/nku_search/_search [status:200 duration:0.002s]
2024-12-15 00:29:18,256 - INFO - POST http://localhost:9201/nku_search/_search [status:200 duration:0.002s]
2024-12-15 00:29:18,259 - INFO - POST http://localhost:9201/nku_search/_search [status:200 duration:0.002s]
2024-12-15 00:29:18,261 - INFO - POST http://localhost:9201/nku_search/_search [status:200 duration:0.002s]
2024-12-15 00:29:18,263 - INFO - POST http://localhost:9201/nku_search/_search [status:200 duration:0.002s]
2024-12-15 00:29:18,265 - INFO - POST http://localhost:9201/nku_search/_search [status:200 duration:0.002s]
2024-12-15 00:29:18,267 - INFO - POST http://localhost:9201/nku_search/_search [status:200 duration:0.002s]
2024-12-15 00:29:18,269 - INFO - POST http://localhost:9201/nku_search/_search [status:200 duration:0.002s]
2024-12-15 00:29:18,270 - INFO - POST http://localhost:9201/nku_search/_search [status:200 duration:0.001s]
2024-12-15 00:29:18,273 - INFO - POST http://localhost:9201/nku_search/_search [status:200 duration:0.003s]
2024-12-15 00:29:18,275 - INFO - POST http://localhost:9201/nku_search/_search [status:200 duration:0.002s]
2024-12-15 00:29:18,277 - INFO - POST http://localhost:9201/nku_search/_search [status:200 duration:0.002s]
2024-12-15 00:29:18,279 - INFO - POST http://localhost:9201/nku_search/_search [status:200 duration:0.002s]
2024-12-15 00:29:18,282 - INFO - POST http://localhost:9201/nku_search/_search [status:200 duration:0.002s]
2024-12-15 00:29:18,284 - INFO - POST http://localhost:9201/nku_search/_search [status:200 duration:0.002s]
2024-12-15 00:29:18,287 - INFO - POST http://localhost:9201/nku_search/_search [status:200 duration:0.002s]
2024-12-15 00:29:18,289 - INFO - POST http://localhost:9201/nku_search/_search [status:200 duration:0.002s]
2024-12-15 00:29:18,291 - INFO - POST http://localhost:9201/nku_search/_search [status:200 duration:0.002s]
2024-12-15 00:29:18,293 - INFO - POST http://localhost:9201/nku_search/_search [status:200 duration:0.002s]
2024-12-15 00:29:18,297 - INFO - POST http://localhost:9201/nku_search/_search [status:200 duration:0.004s]
2024-12-15 00:29:18,299 - INFO - POST http://localhost:9201/nku_search/_search [status:200 duration:0.002s]
2024-12-15 00:29:18,302 - INFO - POST http://localhost:9201/nku_search/_search [status:200 duration:0.003s]
2024-12-15 00:29:18,305 - INFO - POST http://localhost:9201/nku_search/_search [status:200 duration:0.002s]
2024-12-15 00:29:18,307 - INFO - POST http://localhost:9201/nku_search/_search [status:200 duration:0.002s]
2024-12-15 00:29:18,310 - INFO - POST http://localhost:9201/nku_search/_search [status:200 duration:0.003s]
2024-12-15 00:29:18,313 - INFO - POST http://localhost:9201/nku_search/_search [status:200 duration:0.003s]
2024-12-15 00:29:18,316 - INFO - POST http://localhost:9201/nku_search/_search [status:200 duration:0.003s]
2024-12-15 00:29:18,319 - INFO - POST http://localhost:9201/nku_search/_search [status:200 duration:0.002s]
2024-12-15 00:29:18,321 - INFO - POST http://localhost:9201/nku_search/_search [status:200 duration:0.002s]
2024-12-15 00:29:18,324 - INFO - POST http://localhost:9201/nku_search/_search [status:200 duration:0.002s]
2024-12-15 00:29:18,327 - INFO - POST http://localhost:9201/nku_search/_search [status:200 duration:0.003s]
2024-12-15 00:29:18,331 - INFO - POST http://localhost:9201/nku_search/_search [status:200 duration:0.003s]
2024-12-15 00:29:18,334 - INFO - POST http://localhost:9201/nku_search/_search [status:200 duration:0.002s]
2024-12-15 00:29:18,336 - INFO - POST http://localhost:9201/nku_search/_search [status:200 duration:0.002s]
2024-12-15 00:29:18,338 - INFO - POST http://localhost:9201/nku_search/_search [status:200 duration:0.002s]
2024-12-15 00:29:18,340 - INFO - POST http://localhost:9201/nku_search/_search [status:200 duration:0.002s]
2024-12-15 00:29:18,342 - INFO - POST http://localhost:9201/nku_search/_search [status:200 duration:0.002s]
2024-12-15 00:29:18,344 - INFO - POST http://localhost:9201/nku_search/_search [status:200 duration:0.002s]
2024-12-15 00:29:18,346 - INFO - POST http://localhost:9201/nku_search/_search [status:200 duration:0.002s]
2024-12-15 00:29:18,348 - INFO - POST http://localhost:9201/nku_search/_search [status:200 duration:0.002s]
2024-12-15 00:29:18,349 - INFO - POST http://localhost:9201/nku_search/_search [status:200 duration:0.001s]
2024-12-15 00:29:18,351 - INFO - POST http://localhost:9201/nku_search/_search [status:200 duration:0.001s]
2024-12-15 00:29:18,354 - INFO - POST http://localhost:9201/nku_search/_search [status:200 duration:0.002s]
2024-12-15 00:29:18,356 - INFO - POST http://localhost:9201/nku_search/_search [status:200 duration:0.002s]
2024-12-15 00:29:18,357 - INFO - POST http://localhost:9201/nku_search/_search [status:200 duration:0.001s]
2024-12-15 00:29:18,359 - INFO - POST http://localhost:9201/nku_search/_search [status:200 duration:0.002s]
2024-12-15 00:29:18,361 - INFO - POST http://localhost:9201/nku_search/_search [status:200 duration:0.002s]
2024-12-15 00:29:18,363 - INFO - POST http://localhost:9201/nku_search/_search [status:200 duration:0.002s]
2024-12-15 00:29:18,365 - INFO - POST http://localhost:9201/nku_search/_search [status:200 duration:0.002s]
2024-12-15 00:29:18,367 - INFO - POST http://localhost:9201/nku_search/_search [status:200 duration:0.002s]
2024-12-15 00:29:18,368 - INFO - POST http://localhost:9201/nku_search/_search [status:200 duration:0.002s]
2024-12-15 00:29:18,370 - INFO - POST http://localhost:9201/nku_search/_search [status:200 duration:0.002s]
2024-12-15 00:29:18,373 - INFO - POST http://localhost:9201/nku_search/_search [status:200 duration:0.002s]
2024-12-15 00:29:18,375 - INFO - POST http://localhost:9201/nku_search/_search [status:200 duration:0.002s]
2024-12-15 00:29:18,377 - INFO - POST http://localhost:9201/nku_search/_search [status:200 duration:0.002s]
2024-12-15 00:29:18,380 - INFO - POST http://localhost:9201/nku_search/_search [status:200 duration:0.002s]
2024-12-15 00:29:18,381 - INFO - POST http://localhost:9201/nku_search/_search [status:200 duration:0.002s]
2024-12-15 00:29:18,384 - INFO - POST http://localhost:9201/nku_search/_search [status:200 duration:0.002s]
2024-12-15 00:29:18,386 - INFO - POST http://localhost:9201/nku_search/_search [status:200 duration:0.002s]
2024-12-15 00:29:18,388 - INFO - POST http://localhost:9201/nku_search/_search [status:200 duration:0.002s]
2024-12-15 00:29:18,391 - INFO - POST http://localhost:9201/nku_search/_search [status:200 duration:0.002s]
2024-12-15 00:29:18,392 - INFO - POST http://localhost:9201/nku_search/_search [status:200 duration:0.002s]
2024-12-15 00:29:18,395 - INFO - POST http://localhost:9201/nku_search/_search [status:200 duration:0.002s]
2024-12-15 00:29:18,397 - INFO - POST http://localhost:9201/nku_search/_search [status:200 duration:0.002s]
2024-12-15 00:29:18,398 - INFO - POST http://localhost:9201/nku_search/_search [status:200 duration:0.001s]
2024-12-15 00:29:18,400 - INFO - POST http://localhost:9201/nku_search/_search [status:200 duration:0.001s]
2024-12-15 00:29:18,402 - INFO - POST http://localhost:9201/nku_search/_search [status:200 duration:0.002s]
2024-12-15 00:29:18,403 - INFO - POST http://localhost:9201/nku_search/_search [status:200 duration:0.001s]
2024-12-15 00:29:18,405 - INFO - POST http://localhost:9201/nku_search/_search [status:200 duration:0.002s]
2024-12-15 00:29:18,407 - INFO - POST http://localhost:9201/nku_search/_search [status:200 duration:0.002s]
2024-12-15 00:29:18,409 - INFO - POST http://localhost:9201/nku_search/_search [status:200 duration:0.002s]
2024-12-15 00:29:18,411 - INFO - POST http://localhost:9201/nku_search/_search [status:200 duration:0.002s]
2024-12-15 00:29:18,413 - INFO - POST http://localhost:9201/nku_search/_search [status:200 duration:0.002s]
2024-12-15 00:29:18,415 - INFO - POST http://localhost:9201/nku_search/_search [status:200 duration:0.002s]
2024-12-15 00:29:18,418 - INFO - POST http://localhost:9201/nku_search/_search [status:200 duration:0.002s]
2024-12-15 00:29:18,420 - INFO - POST http://localhost:9201/nku_search/_search [status:200 duration:0.002s]
2024-12-15 00:29:18,421 - INFO - POST http://localhost:9201/nku_search/_search [status:200 duration:0.002s]
2024-12-15 00:29:18,424 - INFO - POST http://localhost:9201/nku_search/_search [status:200 duration:0.002s]
2024-12-15 00:29:18,426 - INFO - POST http://localhost:9201/nku_search/_search [status:200 duration:0.002s]
2024-12-15 00:29:18,428 - INFO - POST http://localhost:9201/nku_search/_search [status:200 duration:0.002s]
2024-12-15 00:29:18,430 - INFO - POST http://localhost:9201/nku_search/_search [status:200 duration:0.002s]
2024-12-15 00:29:18,432 - INFO - POST http://localhost:9201/nku_search/_search [status:200 duration:0.002s]
2024-12-15 00:29:18,433 - INFO - POST http://localhost:9201/nku_search/_search [status:200 duration:0.001s]
2024-12-15 00:29:18,435 - INFO - POST http://localhost:9201/nku_search/_search [status:200 duration:0.002s]
2024-12-15 00:29:18,436 - INFO - POST http://localhost:9201/nku_search/_search [status:200 duration:0.002s]
2024-12-15 00:29:18,438 - INFO - POST http://localhost:9201/nku_search/_search [status:200 duration:0.002s]
2024-12-15 00:29:18,440 - INFO - POST http://localhost:9201/nku_search/_search [status:200 duration:0.002s]
2024-12-15 00:29:18,441 - INFO - POST http://localhost:9201/nku_search/_search [status:200 duration:0.001s]
2024-12-15 00:29:18,443 - INFO - POST http://localhost:9201/nku_search/_search [status:200 duration:0.002s]
2024-12-15 00:29:18,444 - INFO - POST http://localhost:9201/nku_search/_search [status:200 duration:0.001s]
2024-12-15 00:29:18,445 - INFO - POST http://localhost:9201/nku_search/_search [status:200 duration:0.001s]
2024-12-15 00:29:18,447 - INFO - POST http://localhost:9201/nku_search/_search [status:200 duration:0.001s]
2024-12-15 00:29:18,449 - INFO - POST http://localhost:9201/nku_search/_search [status:200 duration:0.002s]
2024-12-15 00:29:18,452 - INFO - POST http://localhost:9201/nku_search/_search [status:200 duration:0.002s]
2024-12-15 00:29:18,453 - INFO - POST http://localhost:9201/nku_search/_search [status:200 duration:0.002s]
2024-12-15 00:29:18,455 - INFO - POST http://localhost:9201/nku_search/_search [status:200 duration:0.002s]
2024-12-15 00:29:18,457 - INFO - POST http://localhost:9201/nku_search/_search [status:200 duration:0.002s]
2024-12-15 00:29:18,459 - INFO - POST http://localhost:9201/nku_search/_search [status:200 duration:0.002s]
2024-12-15 00:29:18,461 - INFO - POST http://localhost:9201/nku_search/_search [status:200 duration:0.002s]
2024-12-15 00:29:18,462 - INFO - POST http://localhost:9201/nku_search/_search [status:200 duration:0.001s]
2024-12-15 00:29:18,464 - INFO - POST http://localhost:9201/nku_search/_search [status:200 duration:0.002s]
2024-12-15 00:29:18,465 - INFO - POST http://localhost:9201/nku_search/_search [status:200 duration:0.001s]
2024-12-15 00:29:18,468 - INFO - POST http://localhost:9201/nku_search/_search [status:200 duration:0.002s]
2024-12-15 00:29:18,469 - INFO - POST http://localhost:9201/nku_search/_search [status:200 duration:0.001s]
2024-12-15 00:29:18,470 - INFO - POST http://localhost:9201/nku_search/_search [status:200 duration:0.001s]
2024-12-15 00:29:18,473 - INFO - POST http://localhost:9201/nku_search/_search [status:200 duration:0.003s]
2024-12-15 00:29:18,475 - INFO - POST http://localhost:9201/nku_search/_search [status:200 duration:0.001s]
2024-12-15 00:29:18,477 - INFO - POST http://localhost:9201/nku_search/_search [status:200 duration:0.001s]
2024-12-15 00:29:18,479 - INFO - POST http://localhost:9201/nku_search/_search [status:200 duration:0.002s]
2024-12-15 00:29:18,482 - INFO - POST http://localhost:9201/nku_search/_search [status:200 duration:0.002s]
2024-12-15 00:29:18,484 - INFO - POST http://localhost:9201/nku_search/_search [status:200 duration:0.002s]
2024-12-15 00:29:18,487 - INFO - POST http://localhost:9201/nku_search/_search [status:200 duration:0.002s]
2024-12-15 00:29:18,489 - INFO - POST http://localhost:9201/nku_search/_search [status:200 duration:0.002s]
2024-12-15 00:29:18,492 - INFO - POST http://localhost:9201/nku_search/_search [status:200 duration:0.002s]
2024-12-15 00:29:18,494 - INFO - POST http://localhost:9201/nku_search/_search [status:200 duration:0.002s]
2024-12-15 00:29:18,496 - INFO - POST http://localhost:9201/nku_search/_search [status:200 duration:0.001s]
2024-12-15 00:29:18,498 - INFO - POST http://localhost:9201/nku_search/_search [status:200 duration:0.002s]
2024-12-15 00:29:18,500 - INFO - POST http://localhost:9201/nku_search/_search [status:200 duration:0.002s]
2024-12-15 00:29:18,502 - INFO - POST http://localhost:9201/nku_search/_search [status:200 duration:0.002s]
2024-12-15 00:29:18,504 - INFO - POST http://localhost:9201/nku_search/_search [status:200 duration:0.002s]
2024-12-15 00:29:18,505 - INFO - POST http://localhost:9201/nku_search/_search [status:200 duration:0.002s]
2024-12-15 00:29:18,507 - INFO - POST http://localhost:9201/nku_search/_search [status:200 duration:0.002s]
2024-12-15 00:29:18,509 - INFO - POST http://localhost:9201/nku_search/_search [status:200 duration:0.002s]
2024-12-15 00:29:18,512 - INFO - POST http://localhost:9201/nku_search/_search [status:200 duration:0.002s]
2024-12-15 00:29:18,514 - INFO - POST http://localhost:9201/nku_search/_search [status:200 duration:0.002s]
2024-12-15 00:29:18,516 - INFO - POST http://localhost:9201/nku_search/_search [status:200 duration:0.002s]
2024-12-15 00:29:18,519 - INFO - POST http://localhost:9201/nku_search/_search [status:200 duration:0.002s]
2024-12-15 00:29:18,521 - INFO - POST http://localhost:9201/nku_search/_search [status:200 duration:0.002s]
2024-12-15 00:29:18,524 - INFO - POST http://localhost:9201/nku_search/_search [status:200 duration:0.002s]
2024-12-15 00:29:18,526 - INFO - POST http://localhost:9201/nku_search/_search [status:200 duration:0.002s]
2024-12-15 00:29:18,528 - INFO - POST http://localhost:9201/nku_search/_search [status:200 duration:0.002s]
2024-12-15 00:29:18,531 - INFO - POST http://localhost:9201/nku_search/_search [status:200 duration:0.002s]
2024-12-15 00:29:18,533 - INFO - POST http://localhost:9201/nku_search/_search [status:200 duration:0.002s]
2024-12-15 00:29:18,535 - INFO - POST http://localhost:9201/nku_search/_search [status:200 duration:0.002s]
2024-12-15 00:29:18,536 - INFO - POST http://localhost:9201/nku_search/_search [status:200 duration:0.002s]
2024-12-15 00:29:18,538 - INFO - POST http://localhost:9201/nku_search/_search [status:200 duration:0.002s]
2024-12-15 00:29:18,539 - INFO - POST http://localhost:9201/nku_search/_search [status:200 duration:0.001s]
2024-12-15 00:29:18,542 - INFO - POST http://localhost:9201/nku_search/_search [status:200 duration:0.002s]
2024-12-15 00:29:18,544 - INFO - POST http://localhost:9201/nku_search/_search [status:200 duration:0.002s]
2024-12-15 00:29:18,547 - INFO - POST http://localhost:9201/nku_search/_search [status:200 duration:0.003s]
2024-12-15 00:29:18,549 - INFO - POST http://localhost:9201/nku_search/_search [status:200 duration:0.002s]
2024-12-15 00:29:18,552 - INFO - POST http://localhost:9201/nku_search/_search [status:200 duration:0.002s]
2024-12-15 00:29:18,555 - INFO - POST http://localhost:9201/nku_search/_search [status:200 duration:0.002s]
2024-12-15 00:29:18,557 - INFO - POST http://localhost:9201/nku_search/_search [status:200 duration:0.002s]
2024-12-15 00:29:18,559 - INFO - POST http://localhost:9201/nku_search/_search [status:200 duration:0.002s]
2024-12-15 00:29:18,562 - INFO - POST http://localhost:9201/nku_search/_search [status:200 duration:0.002s]
2024-12-15 00:29:18,565 - INFO - POST http://localhost:9201/nku_search/_search [status:200 duration:0.002s]
2024-12-15 00:29:18,566 - INFO - POST http://localhost:9201/nku_search/_search [status:200 duration:0.002s]
2024-12-15 00:29:18,568 - INFO - POST http://localhost:9201/nku_search/_search [status:200 duration:0.001s]
2024-12-15 00:29:18,570 - INFO - POST http://localhost:9201/nku_search/_search [status:200 duration:0.002s]
2024-12-15 00:29:18,573 - INFO - POST http://localhost:9201/nku_search/_search [status:200 duration:0.002s]
2024-12-15 00:29:18,574 - INFO - POST http://localhost:9201/nku_search/_search [status:200 duration:0.002s]
2024-12-15 00:29:18,576 - INFO - POST http://localhost:9201/nku_search/_search [status:200 duration:0.001s]
2024-12-15 00:29:18,579 - INFO - POST http://localhost:9201/nku_search/_search [status:200 duration:0.002s]
2024-12-15 00:29:18,581 - INFO - POST http://localhost:9201/nku_search/_search [status:200 duration:0.002s]
2024-12-15 00:29:18,583 - INFO - POST http://localhost:9201/nku_search/_search [status:200 duration:0.002s]
2024-12-15 00:29:18,586 - INFO - POST http://localhost:9201/nku_search/_search [status:200 duration:0.002s]
2024-12-15 00:29:18,588 - INFO - POST http://localhost:9201/nku_search/_search [status:200 duration:0.002s]
2024-12-15 00:29:18,591 - INFO - POST http://localhost:9201/nku_search/_search [status:200 duration:0.002s]
2024-12-15 00:29:18,592 - INFO - POST http://localhost:9201/nku_search/_search [status:200 duration:0.002s]
2024-12-15 00:29:18,594 - INFO - POST http://localhost:9201/nku_search/_search [status:200 duration:0.002s]
2024-12-15 00:29:18,596 - INFO - POST http://localhost:9201/nku_search/_search [status:200 duration:0.002s]
2024-12-15 00:29:18,599 - INFO - POST http://localhost:9201/nku_search/_search [status:200 duration:0.002s]
2024-12-15 00:29:18,601 - INFO - POST http://localhost:9201/nku_search/_search [status:200 duration:0.002s]
2024-12-15 00:29:18,602 - INFO - POST http://localhost:9201/nku_search/_search [status:200 duration:0.002s]
2024-12-15 00:29:18,604 - INFO - POST http://localhost:9201/nku_search/_search [status:200 duration:0.001s]
2024-12-15 00:29:18,607 - INFO - POST http://localhost:9201/nku_search/_search [status:200 duration:0.001s]
2024-12-15 00:29:18,608 - INFO - POST http://localhost:9201/nku_search/_search [status:200 duration:0.002s]
2024-12-15 00:29:18,610 - INFO - POST http://localhost:9201/nku_search/_search [status:200 duration:0.001s]
2024-12-15 00:29:18,612 - INFO - POST http://localhost:9201/nku_search/_search [status:200 duration:0.002s]
2024-12-15 00:29:18,614 - INFO - POST http://localhost:9201/nku_search/_search [status:200 duration:0.002s]
2024-12-15 00:29:18,616 - INFO - POST http://localhost:9201/nku_search/_search [status:200 duration:0.002s]
2024-12-15 00:29:18,618 - INFO - POST http://localhost:9201/nku_search/_search [status:200 duration:0.002s]
2024-12-15 00:29:18,620 - INFO - POST http://localhost:9201/nku_search/_search [status:200 duration:0.002s]
2024-12-15 00:29:18,622 - INFO - POST http://localhost:9201/nku_search/_search [status:200 duration:0.002s]
2024-12-15 00:29:18,624 - INFO - POST http://localhost:9201/nku_search/_search [status:200 duration:0.002s]
2024-12-15 00:29:18,626 - INFO - POST http://localhost:9201/nku_search/_search [status:200 duration:0.002s]
2024-12-15 00:29:18,628 - INFO - POST http://localhost:9201/nku_search/_search [status:200 duration:0.002s]
2024-12-15 00:29:18,629 - INFO - POST http://localhost:9201/nku_search/_search [status:200 duration:0.002s]
2024-12-15 00:29:18,631 - INFO - POST http://localhost:9201/nku_search/_search [status:200 duration:0.002s]
2024-12-15 00:29:18,633 - INFO - POST http://localhost:9201/nku_search/_search [status:200 duration:0.002s]
2024-12-15 00:29:18,635 - INFO - POST http://localhost:9201/nku_search/_search [status:200 duration:0.001s]
2024-12-15 00:29:18,638 - INFO - POST http://localhost:9201/nku_search/_search [status:200 duration:0.002s]
2024-12-15 00:29:18,640 - INFO - POST http://localhost:9201/nku_search/_search [status:200 duration:0.002s]
2024-12-15 00:29:18,641 - INFO - POST http://localhost:9201/nku_search/_search [status:200 duration:0.002s]
2024-12-15 00:29:18,643 - INFO - POST http://localhost:9201/nku_search/_search [status:200 duration:0.002s]
2024-12-15 00:29:18,646 - INFO - POST http://localhost:9201/nku_search/_search [status:200 duration:0.002s]
2024-12-15 00:29:18,648 - INFO - POST http://localhost:9201/nku_search/_search [status:200 duration:0.002s]
2024-12-15 00:29:18,650 - INFO - POST http://localhost:9201/nku_search/_search [status:200 duration:0.002s]
2024-12-15 00:29:18,652 - INFO - POST http://localhost:9201/nku_search/_search [status:200 duration:0.002s]
2024-12-15 00:29:18,654 - INFO - POST http://localhost:9201/nku_search/_search [status:200 duration:0.002s]
2024-12-15 00:29:18,656 - INFO - POST http://localhost:9201/nku_search/_search [status:200 duration:0.002s]
2024-12-15 00:29:18,658 - INFO - POST http://localhost:9201/nku_search/_search [status:200 duration:0.002s]
2024-12-15 00:29:18,661 - INFO - POST http://localhost:9201/nku_search/_search [status:200 duration:0.002s]
2024-12-15 00:29:18,664 - INFO - POST http://localhost:9201/nku_search/_search [status:200 duration:0.002s]
2024-12-15 00:29:18,665 - INFO - POST http://localhost:9201/nku_search/_search [status:200 duration:0.002s]
2024-12-15 00:29:18,667 - INFO - POST http://localhost:9201/nku_search/_search [status:200 duration:0.002s]
2024-12-15 00:29:18,669 - INFO - POST http://localhost:9201/nku_search/_search [status:200 duration:0.002s]
2024-12-15 00:29:18,672 - INFO - POST http://localhost:9201/nku_search/_search [status:200 duration:0.002s]
2024-12-15 00:29:18,674 - INFO - POST http://localhost:9201/nku_search/_search [status:200 duration:0.002s]
2024-12-15 00:29:18,676 - INFO - POST http://localhost:9201/nku_search/_search [status:200 duration:0.002s]
2024-12-15 00:29:18,678 - INFO - POST http://localhost:9201/nku_search/_search [status:200 duration:0.002s]
2024-12-15 00:29:18,680 - INFO - POST http://localhost:9201/nku_search/_search [status:200 duration:0.002s]
2024-12-15 00:29:18,683 - INFO - POST http://localhost:9201/nku_search/_search [status:200 duration:0.002s]
2024-12-15 00:29:18,685 - INFO - POST http://localhost:9201/nku_search/_search [status:200 duration:0.002s]
2024-12-15 00:29:18,687 - INFO - POST http://localhost:9201/nku_search/_search [status:200 duration:0.002s]
2024-12-15 00:29:18,689 - INFO - POST http://localhost:9201/nku_search/_search [status:200 duration:0.002s]
2024-12-15 00:29:18,690 - INFO - POST http://localhost:9201/nku_search/_search [status:200 duration:0.002s]
2024-12-15 00:29:18,693 - INFO - POST http://localhost:9201/nku_search/_search [status:200 duration:0.002s]
2024-12-15 00:29:18,694 - INFO - POST http://localhost:9201/nku_search/_search [status:200 duration:0.002s]
2024-12-15 00:29:18,696 - INFO - POST http://localhost:9201/nku_search/_search [status:200 duration:0.002s]
2024-12-15 00:29:18,699 - INFO - POST http://localhost:9201/nku_search/_search [status:200 duration:0.002s]
2024-12-15 00:29:18,700 - INFO - POST http://localhost:9201/nku_search/_search [status:200 duration:0.002s]
2024-12-15 00:29:18,702 - INFO - POST http://localhost:9201/nku_search/_search [status:200 duration:0.002s]
2024-12-15 00:29:18,703 - INFO - POST http://localhost:9201/nku_search/_search [status:200 duration:0.001s]
2024-12-15 00:29:18,705 - INFO - POST http://localhost:9201/nku_search/_search [status:200 duration:0.002s]
2024-12-15 00:29:18,707 - INFO - POST http://localhost:9201/nku_search/_search [status:200 duration:0.001s]
2024-12-15 00:29:18,710 - INFO - POST http://localhost:9201/nku_search/_search [status:200 duration:0.002s]
2024-12-15 00:29:18,712 - INFO - POST http://localhost:9201/nku_search/_search [status:200 duration:0.002s]
2024-12-15 00:29:18,714 - INFO - POST http://localhost:9201/nku_search/_search [status:200 duration:0.002s]
2024-12-15 00:29:18,716 - INFO - POST http://localhost:9201/nku_search/_search [status:200 duration:0.002s]
2024-12-15 00:29:18,718 - INFO - POST http://localhost:9201/nku_search/_search [status:200 duration:0.002s]
2024-12-15 00:29:18,720 - INFO - POST http://localhost:9201/nku_search/_search [status:200 duration:0.002s]
2024-12-15 00:29:18,722 - INFO - POST http://localhost:9201/nku_search/_search [status:200 duration:0.002s]
2024-12-15 00:29:18,724 - INFO - POST http://localhost:9201/nku_search/_search [status:200 duration:0.002s]
2024-12-15 00:29:18,727 - INFO - POST http://localhost:9201/nku_search/_search [status:200 duration:0.002s]
2024-12-15 00:29:18,729 - INFO - POST http://localhost:9201/nku_search/_search [status:200 duration:0.002s]
2024-12-15 00:29:18,730 - INFO - POST http://localhost:9201/nku_search/_search [status:200 duration:0.002s]
2024-12-15 00:29:18,733 - INFO - POST http://localhost:9201/nku_search/_search [status:200 duration:0.002s]
2024-12-15 00:29:18,735 - INFO - POST http://localhost:9201/nku_search/_search [status:200 duration:0.002s]
2024-12-15 00:29:18,737 - INFO - POST http://localhost:9201/nku_search/_search [status:200 duration:0.002s]
2024-12-15 00:29:18,739 - INFO - POST http://localhost:9201/nku_search/_search [status:200 duration:0.002s]
2024-12-15 00:29:18,742 - INFO - POST http://localhost:9201/nku_search/_search [status:200 duration:0.003s]
2024-12-15 00:29:18,743 - INFO - POST http://localhost:9201/nku_search/_search [status:200 duration:0.002s]
2024-12-15 00:29:18,746 - INFO - POST http://localhost:9201/nku_search/_search [status:200 duration:0.002s]
2024-12-15 00:29:18,748 - INFO - POST http://localhost:9201/nku_search/_search [status:200 duration:0.002s]
2024-12-15 00:29:18,749 - INFO - POST http://localhost:9201/nku_search/_search [status:200 duration:0.002s]
2024-12-15 00:29:18,751 - INFO - POST http://localhost:9201/nku_search/_search [status:200 duration:0.001s]
2024-12-15 00:29:18,754 - INFO - POST http://localhost:9201/nku_search/_search [status:200 duration:0.003s]
2024-12-15 00:29:18,756 - INFO - POST http://localhost:9201/nku_search/_search [status:200 duration:0.002s]
2024-12-15 00:29:18,759 - INFO - POST http://localhost:9201/nku_search/_search [status:200 duration:0.003s]
2024-12-15 00:29:18,761 - INFO - POST http://localhost:9201/nku_search/_search [status:200 duration:0.002s]
2024-12-15 00:29:18,763 - INFO - POST http://localhost:9201/nku_search/_search [status:200 duration:0.002s]
2024-12-15 00:29:18,765 - INFO - POST http://localhost:9201/nku_search/_search [status:200 duration:0.002s]
2024-12-15 00:29:18,767 - INFO - POST http://localhost:9201/nku_search/_search [status:200 duration:0.001s]
2024-12-15 00:29:18,770 - INFO - POST http://localhost:9201/nku_search/_search [status:200 duration:0.002s]
2024-12-15 00:29:18,772 - INFO - POST http://localhost:9201/nku_search/_search [status:200 duration:0.002s]
2024-12-15 00:29:18,774 - INFO - POST http://localhost:9201/nku_search/_search [status:200 duration:0.002s]
2024-12-15 00:29:18,776 - INFO - POST http://localhost:9201/nku_search/_search [status:200 duration:0.002s]
2024-12-15 00:29:18,778 - INFO - POST http://localhost:9201/nku_search/_search [status:200 duration:0.002s]
2024-12-15 00:29:18,780 - INFO - POST http://localhost:9201/nku_search/_search [status:200 duration:0.002s]
2024-12-15 00:29:18,782 - INFO - POST http://localhost:9201/nku_search/_search [status:200 duration:0.002s]
2024-12-15 00:29:18,785 - INFO - POST http://localhost:9201/nku_search/_search [status:200 duration:0.002s]
2024-12-15 00:29:18,787 - INFO - POST http://localhost:9201/nku_search/_search [status:200 duration:0.002s]
2024-12-15 00:29:18,789 - INFO - POST http://localhost:9201/nku_search/_search [status:200 duration:0.002s]
2024-12-15 00:29:18,792 - INFO - POST http://localhost:9201/nku_search/_search [status:200 duration:0.002s]
2024-12-15 00:29:18,794 - INFO - POST http://localhost:9201/nku_search/_search [status:200 duration:0.002s]
2024-12-15 00:29:18,796 - INFO - POST http://localhost:9201/nku_search/_search [status:200 duration:0.002s]
2024-12-15 00:29:18,798 - INFO - POST http://localhost:9201/nku_search/_search [status:200 duration:0.002s]
2024-12-15 00:29:18,800 - INFO - POST http://localhost:9201/nku_search/_search [status:200 duration:0.002s]
2024-12-15 00:29:18,802 - INFO - POST http://localhost:9201/nku_search/_search [status:200 duration:0.002s]
2024-12-15 00:29:18,804 - INFO - POST http://localhost:9201/nku_search/_search [status:200 duration:0.001s]
2024-12-15 00:29:18,806 - INFO - POST http://localhost:9201/nku_search/_search [status:200 duration:0.002s]
2024-12-15 00:29:18,808 - INFO - POST http://localhost:9201/nku_search/_search [status:200 duration:0.002s]
2024-12-15 00:29:18,810 - INFO - POST http://localhost:9201/nku_search/_search [status:200 duration:0.002s]
2024-12-15 00:29:18,812 - INFO - POST http://localhost:9201/nku_search/_search [status:200 duration:0.002s]
2024-12-15 00:29:18,815 - INFO - POST http://localhost:9201/nku_search/_search [status:200 duration:0.002s]
2024-12-15 00:29:18,817 - INFO - POST http://localhost:9201/nku_search/_search [status:200 duration:0.002s]
2024-12-15 00:29:18,820 - INFO - POST http://localhost:9201/nku_search/_search [status:200 duration:0.002s]
2024-12-15 00:29:18,822 - INFO - POST http://localhost:9201/nku_search/_search [status:200 duration:0.002s]
2024-12-15 00:29:18,825 - INFO - POST http://localhost:9201/nku_search/_search [status:200 duration:0.003s]
2024-12-15 00:29:18,827 - INFO - POST http://localhost:9201/nku_search/_search [status:200 duration:0.002s]
2024-12-15 00:29:18,829 - INFO - POST http://localhost:9201/nku_search/_search [status:200 duration:0.002s]
2024-12-15 00:29:18,833 - INFO - POST http://localhost:9201/nku_search/_search [status:200 duration:0.003s]
2024-12-15 00:29:18,835 - INFO - POST http://localhost:9201/nku_search/_search [status:200 duration:0.002s]
2024-12-15 00:29:18,839 - INFO - POST http://localhost:9201/nku_search/_search [status:200 duration:0.003s]
2024-12-15 00:29:18,842 - INFO - POST http://localhost:9201/nku_search/_search [status:200 duration:0.003s]
2024-12-15 00:29:18,845 - INFO - POST http://localhost:9201/nku_search/_search [status:200 duration:0.003s]
2024-12-15 00:29:18,846 - INFO - POST http://localhost:9201/nku_search/_search [status:200 duration:0.002s]
2024-12-15 00:29:18,848 - INFO - POST http://localhost:9201/nku_search/_search [status:200 duration:0.002s]
2024-12-15 00:29:18,850 - INFO - POST http://localhost:9201/nku_search/_search [status:200 duration:0.002s]
2024-12-15 00:29:18,852 - INFO - POST http://localhost:9201/nku_search/_search [status:200 duration:0.002s]
2024-12-15 00:29:18,854 - INFO - POST http://localhost:9201/nku_search/_search [status:200 duration:0.001s]
2024-12-15 00:29:18,856 - INFO - POST http://localhost:9201/nku_search/_search [status:200 duration:0.002s]
2024-12-15 00:29:18,858 - INFO - POST http://localhost:9201/nku_search/_search [status:200 duration:0.002s]
2024-12-15 00:29:18,860 - INFO - POST http://localhost:9201/nku_search/_search [status:200 duration:0.002s]
2024-12-15 00:29:18,862 - INFO - POST http://localhost:9201/nku_search/_search [status:200 duration:0.002s]
2024-12-15 00:29:18,864 - INFO - POST http://localhost:9201/nku_search/_search [status:200 duration:0.002s]
2024-12-15 00:29:18,866 - INFO - POST http://localhost:9201/nku_search/_search [status:200 duration:0.002s]
2024-12-15 00:29:18,868 - INFO - POST http://localhost:9201/nku_search/_search [status:200 duration:0.002s]
2024-12-15 00:29:18,870 - INFO - POST http://localhost:9201/nku_search/_search [status:200 duration:0.002s]
2024-12-15 00:29:18,871 - INFO - POST http://localhost:9201/nku_search/_search [status:200 duration:0.001s]
2024-12-15 00:29:18,873 - INFO - POST http://localhost:9201/nku_search/_search [status:200 duration:0.002s]
2024-12-15 00:29:18,876 - INFO - POST http://localhost:9201/nku_search/_search [status:200 duration:0.002s]
2024-12-15 00:29:18,877 - INFO - POST http://localhost:9201/nku_search/_search [status:200 duration:0.002s]
2024-12-15 00:29:18,880 - INFO - POST http://localhost:9201/nku_search/_search [status:200 duration:0.002s]
2024-12-15 00:29:18,882 - INFO - POST http://localhost:9201/nku_search/_search [status:200 duration:0.002s]
2024-12-15 00:29:18,883 - INFO - POST http://localhost:9201/nku_search/_search [status:200 duration:0.001s]
2024-12-15 00:29:18,886 - INFO - POST http://localhost:9201/nku_search/_search [status:200 duration:0.002s]
2024-12-15 00:29:18,888 - INFO - POST http://localhost:9201/nku_search/_search [status:200 duration:0.002s]
2024-12-15 00:29:18,890 - INFO - POST http://localhost:9201/nku_search/_search [status:200 duration:0.002s]
2024-12-15 00:29:18,892 - INFO - POST http://localhost:9201/nku_search/_search [status:200 duration:0.002s]
2024-12-15 00:29:18,895 - INFO - POST http://localhost:9201/nku_search/_search [status:200 duration:0.002s]
2024-12-15 00:29:18,897 - INFO - POST http://localhost:9201/nku_search/_search [status:200 duration:0.002s]
2024-12-15 00:29:18,899 - INFO - POST http://localhost:9201/nku_search/_search [status:200 duration:0.002s]
2024-12-15 00:29:18,901 - INFO - POST http://localhost:9201/nku_search/_search [status:200 duration:0.002s]
2024-12-15 00:29:18,903 - INFO - POST http://localhost:9201/nku_search/_search [status:200 duration:0.002s]
2024-12-15 00:29:18,905 - INFO - POST http://localhost:9201/nku_search/_search [status:200 duration:0.002s]
2024-12-15 00:29:18,907 - INFO - POST http://localhost:9201/nku_search/_search [status:200 duration:0.002s]
2024-12-15 00:29:18,909 - INFO - POST http://localhost:9201/nku_search/_search [status:200 duration:0.002s]
2024-12-15 00:29:18,912 - INFO - POST http://localhost:9201/nku_search/_search [status:200 duration:0.002s]
2024-12-15 00:29:18,913 - INFO - POST http://localhost:9201/nku_search/_search [status:200 duration:0.002s]
2024-12-15 00:29:18,915 - INFO - POST http://localhost:9201/nku_search/_search [status:200 duration:0.002s]
2024-12-15 00:29:18,917 - INFO - POST http://localhost:9201/nku_search/_search [status:200 duration:0.002s]
2024-12-15 00:29:18,919 - INFO - POST http://localhost:9201/nku_search/_search [status:200 duration:0.002s]
2024-12-15 00:29:18,920 - INFO - POST http://localhost:9201/nku_search/_search [status:200 duration:0.001s]
2024-12-15 00:29:18,923 - INFO - POST http://localhost:9201/nku_search/_search [status:200 duration:0.002s]
2024-12-15 00:29:18,925 - INFO - POST http://localhost:9201/nku_search/_search [status:200 duration:0.001s]
2024-12-15 00:29:18,927 - INFO - POST http://localhost:9201/nku_search/_search [status:200 duration:0.001s]
2024-12-15 00:29:18,929 - INFO - POST http://localhost:9201/nku_search/_search [status:200 duration:0.002s]
2024-12-15 00:29:18,931 - INFO - POST http://localhost:9201/nku_search/_search [status:200 duration:0.002s]
2024-12-15 00:29:18,934 - INFO - POST http://localhost:9201/nku_search/_search [status:200 duration:0.002s]
2024-12-15 00:29:18,936 - INFO - POST http://localhost:9201/nku_search/_search [status:200 duration:0.002s]
2024-12-15 00:29:18,938 - INFO - POST http://localhost:9201/nku_search/_search [status:200 duration:0.002s]
2024-12-15 00:29:18,939 - INFO - POST http://localhost:9201/nku_search/_search [status:200 duration:0.002s]
2024-12-15 00:29:18,942 - INFO - POST http://localhost:9201/nku_search/_search [status:200 duration:0.002s]
2024-12-15 00:29:18,943 - INFO - POST http://localhost:9201/nku_search/_search [status:200 duration:0.001s]
2024-12-15 00:29:18,945 - INFO - POST http://localhost:9201/nku_search/_search [status:200 duration:0.002s]
2024-12-15 00:29:18,946 - INFO - POST http://localhost:9201/nku_search/_search [status:200 duration:0.002s]
2024-12-15 00:29:18,948 - INFO - POST http://localhost:9201/nku_search/_search [status:200 duration:0.002s]
2024-12-15 00:29:18,949 - INFO - POST http://localhost:9201/nku_search/_search [status:200 duration:0.001s]
2024-12-15 00:29:18,951 - INFO - POST http://localhost:9201/nku_search/_search [status:200 duration:0.001s]
2024-12-15 00:29:18,952 - INFO - POST http://localhost:9201/nku_search/_search [status:200 duration:0.002s]
2024-12-15 00:29:18,955 - INFO - POST http://localhost:9201/nku_search/_search [status:200 duration:0.002s]
2024-12-15 00:29:18,956 - INFO - POST http://localhost:9201/nku_search/_search [status:200 duration:0.002s]
2024-12-15 00:29:18,958 - INFO - POST http://localhost:9201/nku_search/_search [status:200 duration:0.002s]
2024-12-15 00:29:18,960 - INFO - POST http://localhost:9201/nku_search/_search [status:200 duration:0.002s]
2024-12-15 00:29:18,962 - INFO - POST http://localhost:9201/nku_search/_search [status:200 duration:0.001s]
2024-12-15 00:29:18,963 - INFO - POST http://localhost:9201/nku_search/_search [status:200 duration:0.001s]
2024-12-15 00:29:18,965 - INFO - POST http://localhost:9201/nku_search/_search [status:200 duration:0.002s]
2024-12-15 00:29:18,967 - INFO - POST http://localhost:9201/nku_search/_search [status:200 duration:0.001s]
2024-12-15 00:29:18,968 - INFO - POST http://localhost:9201/nku_search/_search [status:200 duration:0.001s]
2024-12-15 00:29:18,970 - INFO - POST http://localhost:9201/nku_search/_search [status:200 duration:0.002s]
2024-12-15 00:29:18,972 - INFO - POST http://localhost:9201/nku_search/_search [status:200 duration:0.002s]
2024-12-15 00:29:18,974 - INFO - POST http://localhost:9201/nku_search/_search [status:200 duration:0.002s]
2024-12-15 00:29:18,976 - INFO - POST http://localhost:9201/nku_search/_search [status:200 duration:0.002s]
2024-12-15 00:29:18,978 - INFO - POST http://localhost:9201/nku_search/_search [status:200 duration:0.002s]
2024-12-15 00:29:18,980 - INFO - POST http://localhost:9201/nku_search/_search [status:200 duration:0.001s]
2024-12-15 00:29:18,981 - INFO - POST http://localhost:9201/nku_search/_search [status:200 duration:0.001s]
2024-12-15 00:29:18,984 - INFO - POST http://localhost:9201/nku_search/_search [status:200 duration:0.002s]
2024-12-15 00:29:18,986 - INFO - POST http://localhost:9201/nku_search/_search [status:200 duration:0.002s]
2024-12-15 00:29:18,988 - INFO - POST http://localhost:9201/nku_search/_search [status:200 duration:0.002s]
2024-12-15 00:29:18,990 - INFO - POST http://localhost:9201/nku_search/_search [status:200 duration:0.002s]
2024-12-15 00:29:18,993 - INFO - POST http://localhost:9201/nku_search/_search [status:200 duration:0.002s]
2024-12-15 00:29:18,994 - INFO - POST http://localhost:9201/nku_search/_search [status:200 duration:0.002s]
2024-12-15 00:29:18,996 - INFO - POST http://localhost:9201/nku_search/_search [status:200 duration:0.002s]
2024-12-15 00:29:18,998 - INFO - POST http://localhost:9201/nku_search/_search [status:200 duration:0.002s]
2024-12-15 00:29:19,000 - INFO - POST http://localhost:9201/nku_search/_search [status:200 duration:0.002s]
2024-12-15 00:29:19,002 - INFO - POST http://localhost:9201/nku_search/_search [status:200 duration:0.002s]
2024-12-15 00:29:19,004 - INFO - POST http://localhost:9201/nku_search/_search [status:200 duration:0.002s]
2024-12-15 00:29:19,006 - INFO - POST http://localhost:9201/nku_search/_search [status:200 duration:0.002s]
2024-12-15 00:29:19,008 - INFO - POST http://localhost:9201/nku_search/_search [status:200 duration:0.002s]
2024-12-15 00:29:19,010 - INFO - POST http://localhost:9201/nku_search/_search [status:200 duration:0.002s]
2024-12-15 00:29:19,012 - INFO - POST http://localhost:9201/nku_search/_search [status:200 duration:0.002s]
2024-12-15 00:29:19,014 - INFO - POST http://localhost:9201/nku_search/_search [status:200 duration:0.002s]
2024-12-15 00:29:19,016 - INFO - POST http://localhost:9201/nku_search/_search [status:200 duration:0.002s]
2024-12-15 00:29:19,018 - INFO - POST http://localhost:9201/nku_search/_search [status:200 duration:0.002s]
2024-12-15 00:29:19,021 - INFO - POST http://localhost:9201/nku_search/_search [status:200 duration:0.003s]
2024-12-15 00:29:19,023 - INFO - POST http://localhost:9201/nku_search/_search [status:200 duration:0.002s]
2024-12-15 00:29:19,024 - INFO - POST http://localhost:9201/nku_search/_search [status:200 duration:0.002s]
2024-12-15 00:29:19,027 - INFO - POST http://localhost:9201/nku_search/_search [status:200 duration:0.002s]
2024-12-15 00:29:19,028 - INFO - POST http://localhost:9201/nku_search/_search [status:200 duration:0.002s]
2024-12-15 00:29:19,030 - INFO - POST http://localhost:9201/nku_search/_search [status:200 duration:0.002s]
2024-12-15 00:29:19,032 - INFO - POST http://localhost:9201/nku_search/_search [status:200 duration:0.002s]
2024-12-15 00:29:19,034 - INFO - POST http://localhost:9201/nku_search/_search [status:200 duration:0.001s]
2024-12-15 00:29:19,035 - INFO - POST http://localhost:9201/nku_search/_search [status:200 duration:0.001s]
2024-12-15 00:29:19,038 - INFO - POST http://localhost:9201/nku_search/_search [status:200 duration:0.002s]
2024-12-15 00:29:19,040 - INFO - POST http://localhost:9201/nku_search/_search [status:200 duration:0.002s]
2024-12-15 00:29:19,042 - INFO - POST http://localhost:9201/nku_search/_search [status:200 duration:0.002s]
2024-12-15 00:29:19,044 - INFO - POST http://localhost:9201/nku_search/_search [status:200 duration:0.002s]
2024-12-15 00:29:19,046 - INFO - POST http://localhost:9201/nku_search/_search [status:200 duration:0.002s]
2024-12-15 00:29:19,048 - INFO - POST http://localhost:9201/nku_search/_search [status:200 duration:0.002s]
2024-12-15 00:29:19,051 - INFO - POST http://localhost:9201/nku_search/_search [status:200 duration:0.002s]
2024-12-15 00:29:19,053 - INFO - POST http://localhost:9201/nku_search/_search [status:200 duration:0.002s]
2024-12-15 00:29:19,055 - INFO - POST http://localhost:9201/nku_search/_search [status:200 duration:0.002s]
2024-12-15 00:29:19,058 - INFO - POST http://localhost:9201/nku_search/_search [status:200 duration:0.002s]
2024-12-15 00:29:19,060 - INFO - POST http://localhost:9201/nku_search/_search [status:200 duration:0.002s]
2024-12-15 00:29:19,062 - INFO - POST http://localhost:9201/nku_search/_search [status:200 duration:0.003s]
2024-12-15 00:29:19,065 - INFO - POST http://localhost:9201/nku_search/_search [status:200 duration:0.002s]
2024-12-15 00:29:19,067 - INFO - POST http://localhost:9201/nku_search/_search [status:200 duration:0.002s]
2024-12-15 00:29:19,069 - INFO - POST http://localhost:9201/nku_search/_search [status:200 duration:0.002s]
2024-12-15 00:29:19,071 - INFO - POST http://localhost:9201/nku_search/_search [status:200 duration:0.002s]
2024-12-15 00:29:19,074 - INFO - POST http://localhost:9201/nku_search/_search [status:200 duration:0.002s]
2024-12-15 00:29:19,076 - INFO - POST http://localhost:9201/nku_search/_search [status:200 duration:0.002s]
2024-12-15 00:29:19,077 - INFO - POST http://localhost:9201/nku_search/_search [status:200 duration:0.001s]
2024-12-15 00:29:19,080 - INFO - POST http://localhost:9201/nku_search/_search [status:200 duration:0.002s]
2024-12-15 00:29:19,082 - INFO - POST http://localhost:9201/nku_search/_search [status:200 duration:0.002s]
2024-12-15 00:29:19,083 - INFO - POST http://localhost:9201/nku_search/_search [status:200 duration:0.002s]
2024-12-15 00:29:19,085 - INFO - POST http://localhost:9201/nku_search/_search [status:200 duration:0.002s]
2024-12-15 00:29:19,088 - INFO - POST http://localhost:9201/nku_search/_search [status:200 duration:0.002s]
2024-12-15 00:29:19,089 - INFO - POST http://localhost:9201/nku_search/_search [status:200 duration:0.002s]
2024-12-15 00:29:19,092 - INFO - POST http://localhost:9201/nku_search/_search [status:200 duration:0.002s]
2024-12-15 00:29:19,094 - INFO - POST http://localhost:9201/nku_search/_search [status:200 duration:0.002s]
2024-12-15 00:29:19,095 - INFO - POST http://localhost:9201/nku_search/_search [status:200 duration:0.002s]
2024-12-15 00:29:19,097 - INFO - POST http://localhost:9201/nku_search/_search [status:200 duration:0.002s]
2024-12-15 00:29:19,099 - INFO - POST http://localhost:9201/nku_search/_search [status:200 duration:0.002s]
2024-12-15 00:29:19,101 - INFO - POST http://localhost:9201/nku_search/_search [status:200 duration:0.002s]
2024-12-15 00:29:19,103 - INFO - POST http://localhost:9201/nku_search/_search [status:200 duration:0.002s]
2024-12-15 00:29:19,104 - INFO - POST http://localhost:9201/nku_search/_search [status:200 duration:0.002s]
2024-12-15 00:29:19,106 - INFO - POST http://localhost:9201/nku_search/_search [status:200 duration:0.001s]
2024-12-15 00:29:19,108 - INFO - POST http://localhost:9201/nku_search/_search [status:200 duration:0.001s]
2024-12-15 00:29:19,109 - INFO - POST http://localhost:9201/nku_search/_search [status:200 duration:0.002s]
2024-12-15 00:29:19,112 - INFO - POST http://localhost:9201/nku_search/_search [status:200 duration:0.002s]
2024-12-15 00:29:19,114 - INFO - POST http://localhost:9201/nku_search/_search [status:200 duration:0.002s]
2024-12-15 00:29:19,115 - INFO - POST http://localhost:9201/nku_search/_search [status:200 duration:0.002s]
2024-12-15 00:29:19,118 - INFO - POST http://localhost:9201/nku_search/_search [status:200 duration:0.002s]
2024-12-15 00:29:19,119 - INFO - POST http://localhost:9201/nku_search/_search [status:200 duration:0.001s]
2024-12-15 00:29:19,122 - INFO - POST http://localhost:9201/nku_search/_search [status:200 duration:0.003s]
2024-12-15 00:29:19,124 - INFO - POST http://localhost:9201/nku_search/_search [status:200 duration:0.002s]
2024-12-15 00:29:19,126 - INFO - POST http://localhost:9201/nku_search/_search [status:200 duration:0.001s]
2024-12-15 00:29:19,128 - INFO - POST http://localhost:9201/nku_search/_search [status:200 duration:0.002s]
2024-12-15 00:29:19,130 - INFO - POST http://localhost:9201/nku_search/_search [status:200 duration:0.002s]
2024-12-15 00:29:19,131 - INFO - POST http://localhost:9201/nku_search/_search [status:200 duration:0.001s]
2024-12-15 00:29:19,133 - INFO - POST http://localhost:9201/nku_search/_search [status:200 duration:0.001s]
2024-12-15 00:29:19,135 - INFO - POST http://localhost:9201/nku_search/_search [status:200 duration:0.002s]
2024-12-15 00:29:19,137 - INFO - POST http://localhost:9201/nku_search/_search [status:200 duration:0.002s]
2024-12-15 00:29:19,139 - INFO - POST http://localhost:9201/nku_search/_search [status:200 duration:0.002s]
2024-12-15 00:29:19,141 - INFO - POST http://localhost:9201/nku_search/_search [status:200 duration:0.002s]
2024-12-15 00:29:19,143 - INFO - POST http://localhost:9201/nku_search/_search [status:200 duration:0.002s]
2024-12-15 00:29:19,144 - INFO - POST http://localhost:9201/nku_search/_search [status:200 duration:0.001s]
2024-12-15 00:29:19,147 - INFO - POST http://localhost:9201/nku_search/_search [status:200 duration:0.002s]
2024-12-15 00:29:19,148 - INFO - POST http://localhost:9201/nku_search/_search [status:200 duration:0.001s]
2024-12-15 00:29:19,150 - INFO - POST http://localhost:9201/nku_search/_search [status:200 duration:0.001s]
2024-12-15 00:29:19,152 - INFO - POST http://localhost:9201/nku_search/_search [status:200 duration:0.002s]
2024-12-15 00:29:19,154 - INFO - POST http://localhost:9201/nku_search/_search [status:200 duration:0.002s]
2024-12-15 00:29:19,155 - INFO - POST http://localhost:9201/nku_search/_search [status:200 duration:0.000s]
2024-12-15 00:29:19,158 - INFO - POST http://localhost:9201/nku_search/_search [status:200 duration:0.003s]
2024-12-15 00:29:19,160 - INFO - POST http://localhost:9201/nku_search/_search [status:200 duration:0.002s]
2024-12-15 00:29:19,162 - INFO - POST http://localhost:9201/nku_search/_search [status:200 duration:0.002s]
2024-12-15 00:29:19,164 - INFO - POST http://localhost:9201/nku_search/_search [status:200 duration:0.001s]
2024-12-15 00:29:19,166 - INFO - POST http://localhost:9201/nku_search/_search [status:200 duration:0.002s]
2024-12-15 00:29:19,168 - INFO - POST http://localhost:9201/nku_search/_search [status:200 duration:0.002s]
2024-12-15 00:29:19,171 - INFO - POST http://localhost:9201/nku_search/_search [status:200 duration:0.002s]
2024-12-15 00:29:19,172 - INFO - POST http://localhost:9201/nku_search/_search [status:200 duration:0.002s]
2024-12-15 00:29:19,174 - INFO - POST http://localhost:9201/nku_search/_search [status:200 duration:0.002s]
2024-12-15 00:29:19,176 - INFO - POST http://localhost:9201/nku_search/_search [status:200 duration:0.002s]
2024-12-15 00:29:19,178 - INFO - POST http://localhost:9201/nku_search/_search [status:200 duration:0.002s]
2024-12-15 00:29:19,180 - INFO - POST http://localhost:9201/nku_search/_search [status:200 duration:0.002s]
2024-12-15 00:29:19,181 - INFO - POST http://localhost:9201/nku_search/_search [status:200 duration:0.001s]
2024-12-15 00:29:19,183 - INFO - POST http://localhost:9201/nku_search/_search [status:200 duration:0.003s]
2024-12-15 00:29:19,185 - INFO - POST http://localhost:9201/nku_search/_search [status:200 duration:0.002s]
2024-12-15 00:29:19,188 - INFO - POST http://localhost:9201/nku_search/_search [status:200 duration:0.002s]
2024-12-15 00:29:19,190 - INFO - POST http://localhost:9201/nku_search/_search [status:200 duration:0.002s]
2024-12-15 00:29:19,192 - INFO - POST http://localhost:9201/nku_search/_search [status:200 duration:0.002s]
2024-12-15 00:29:19,193 - INFO - POST http://localhost:9201/nku_search/_search [status:200 duration:0.002s]
2024-12-15 00:29:19,196 - INFO - POST http://localhost:9201/nku_search/_search [status:200 duration:0.002s]
2024-12-15 00:29:19,198 - INFO - POST http://localhost:9201/nku_search/_search [status:200 duration:0.002s]
2024-12-15 00:29:19,199 - INFO - POST http://localhost:9201/nku_search/_search [status:200 duration:0.002s]
2024-12-15 00:29:19,202 - INFO - POST http://localhost:9201/nku_search/_search [status:200 duration:0.002s]
2024-12-15 00:29:19,204 - INFO - POST http://localhost:9201/nku_search/_search [status:200 duration:0.002s]
2024-12-15 00:29:19,206 - INFO - POST http://localhost:9201/nku_search/_search [status:200 duration:0.002s]
2024-12-15 00:29:19,207 - INFO - POST http://localhost:9201/nku_search/_search [status:200 duration:0.002s]
2024-12-15 00:29:19,209 - INFO - POST http://localhost:9201/nku_search/_search [status:200 duration:0.002s]
2024-12-15 00:29:19,211 - INFO - POST http://localhost:9201/nku_search/_search [status:200 duration:0.001s]
2024-12-15 00:29:19,213 - INFO - POST http://localhost:9201/nku_search/_search [status:200 duration:0.002s]
2024-12-15 00:29:19,223 - INFO - POST http://localhost:9201/nku_search/_search [status:200 duration:0.010s]
2024-12-15 00:29:19,229 - INFO - POST http://localhost:9201/nku_search/_search [status:200 duration:0.006s]
2024-12-15 00:29:19,244 - INFO - POST http://localhost:9201/nku_search/_search [status:200 duration:0.014s]
2024-12-15 00:29:19,262 - INFO - POST http://localhost:9201/nku_search/_search [status:200 duration:0.017s]
2024-12-15 00:29:19,273 - INFO - POST http://localhost:9201/nku_search/_search [status:200 duration:0.011s]
2024-12-15 00:29:19,287 - INFO - POST http://localhost:9201/nku_search/_search [status:200 duration:0.013s]
2024-12-15 00:29:19,315 - INFO - POST http://localhost:9201/nku_search/_search [status:200 duration:0.027s]
2024-12-15 00:29:19,333 - INFO - POST http://localhost:9201/nku_search/_search [status:200 duration:0.018s]
2024-12-15 00:29:19,355 - INFO - POST http://localhost:9201/nku_search/_search [status:200 duration:0.021s]
2024-12-15 00:29:19,378 - INFO - POST http://localhost:9201/nku_search/_search [status:200 duration:0.023s]
2024-12-15 00:29:19,394 - INFO - POST http://localhost:9201/nku_search/_search [status:200 duration:0.016s]
2024-12-15 00:29:19,406 - INFO - POST http://localhost:9201/nku_search/_search [status:200 duration:0.011s]
2024-12-15 00:29:19,415 - INFO - POST http://localhost:9201/nku_search/_search [status:200 duration:0.008s]
2024-12-15 00:29:19,440 - INFO - POST http://localhost:9201/nku_search/_search [status:200 duration:0.025s]
2024-12-15 00:29:19,456 - INFO - POST http://localhost:9201/nku_search/_search [status:200 duration:0.016s]
2024-12-15 00:29:19,490 - INFO - POST http://localhost:9201/nku_search/_search [status:200 duration:0.033s]
2024-12-15 00:29:19,505 - INFO - POST http://localhost:9201/nku_search/_search [status:200 duration:0.015s]
2024-12-15 00:29:19,515 - INFO - POST http://localhost:9201/nku_search/_search [status:200 duration:0.010s]
2024-12-15 00:29:19,518 - INFO - POST http://localhost:9201/nku_search/_search [status:200 duration:0.002s]
2024-12-15 00:29:19,521 - INFO - POST http://localhost:9201/nku_search/_search [status:200 duration:0.003s]
2024-12-15 00:29:19,523 - INFO - POST http://localhost:9201/nku_search/_search [status:200 duration:0.002s]
2024-12-15 00:29:19,525 - INFO - POST http://localhost:9201/nku_search/_search [status:200 duration:0.002s]
2024-12-15 00:29:19,527 - INFO - POST http://localhost:9201/nku_search/_search [status:200 duration:0.002s]
2024-12-15 00:29:19,529 - INFO - POST http://localhost:9201/nku_search/_search [status:200 duration:0.002s]
2024-12-15 00:29:19,531 - INFO - POST http://localhost:9201/nku_search/_search [status:200 duration:0.002s]
2024-12-15 00:29:19,533 - INFO - POST http://localhost:9201/nku_search/_search [status:200 duration:0.002s]
2024-12-15 00:29:19,535 - INFO - POST http://localhost:9201/nku_search/_search [status:200 duration:0.002s]
2024-12-15 00:29:19,537 - INFO - POST http://localhost:9201/nku_search/_search [status:200 duration:0.002s]
2024-12-15 00:29:19,539 - INFO - POST http://localhost:9201/nku_search/_search [status:200 duration:0.001s]
2024-12-15 00:29:19,541 - INFO - POST http://localhost:9201/nku_search/_search [status:200 duration:0.002s]
2024-12-15 00:29:19,543 - INFO - POST http://localhost:9201/nku_search/_search [status:200 duration:0.001s]
2024-12-15 00:29:19,545 - INFO - POST http://localhost:9201/nku_search/_search [status:200 duration:0.002s]
2024-12-15 00:29:19,547 - INFO - POST http://localhost:9201/nku_search/_search [status:200 duration:0.002s]
2024-12-15 00:29:19,549 - INFO - POST http://localhost:9201/nku_search/_search [status:200 duration:0.002s]
2024-12-15 00:29:19,551 - INFO - POST http://localhost:9201/nku_search/_search [status:200 duration:0.002s]
2024-12-15 00:29:19,553 - INFO - POST http://localhost:9201/nku_search/_search [status:200 duration:0.002s]
2024-12-15 00:29:19,555 - INFO - POST http://localhost:9201/nku_search/_search [status:200 duration:0.002s]
2024-12-15 00:29:19,557 - INFO - POST http://localhost:9201/nku_search/_search [status:200 duration:0.002s]
2024-12-15 00:29:19,559 - INFO - POST http://localhost:9201/nku_search/_search [status:200 duration:0.002s]
2024-12-15 00:29:19,561 - INFO - POST http://localhost:9201/nku_search/_search [status:200 duration:0.002s]
2024-12-15 00:29:19,563 - INFO - POST http://localhost:9201/nku_search/_search [status:200 duration:0.002s]
2024-12-15 00:29:19,565 - INFO - POST http://localhost:9201/nku_search/_search [status:200 duration:0.002s]
2024-12-15 00:29:19,567 - INFO - POST http://localhost:9201/nku_search/_search [status:200 duration:0.002s]
2024-12-15 00:29:19,568 - INFO - POST http://localhost:9201/nku_search/_search [status:200 duration:0.001s]
2024-12-15 00:29:19,571 - INFO - POST http://localhost:9201/nku_search/_search [status:200 duration:0.002s]
2024-12-15 00:29:19,573 - INFO - POST http://localhost:9201/nku_search/_search [status:200 duration:0.002s]
2024-12-15 00:29:19,574 - INFO - POST http://localhost:9201/nku_search/_search [status:200 duration:0.002s]
2024-12-15 00:29:19,577 - INFO - POST http://localhost:9201/nku_search/_search [status:200 duration:0.002s]
2024-12-15 00:29:19,579 - INFO - POST http://localhost:9201/nku_search/_search [status:200 duration:0.002s]
2024-12-15 00:29:19,581 - INFO - POST http://localhost:9201/nku_search/_search [status:200 duration:0.002s]
2024-12-15 00:29:19,584 - INFO - POST http://localhost:9201/nku_search/_search [status:200 duration:0.002s]
2024-12-15 00:29:19,586 - INFO - POST http://localhost:9201/nku_search/_search [status:200 duration:0.002s]
2024-12-15 00:29:19,588 - INFO - POST http://localhost:9201/nku_search/_search [status:200 duration:0.001s]
2024-12-15 00:29:19,590 - INFO - POST http://localhost:9201/nku_search/_search [status:200 duration:0.002s]
2024-12-15 00:29:19,592 - INFO - POST http://localhost:9201/nku_search/_search [status:200 duration:0.002s]
2024-12-15 00:29:19,594 - INFO - POST http://localhost:9201/nku_search/_search [status:200 duration:0.002s]
2024-12-15 00:29:19,596 - INFO - POST http://localhost:9201/nku_search/_search [status:200 duration:0.002s]
2024-12-15 00:29:19,598 - INFO - POST http://localhost:9201/nku_search/_search [status:200 duration:0.002s]
2024-12-15 00:29:19,600 - INFO - POST http://localhost:9201/nku_search/_search [status:200 duration:0.002s]
2024-12-15 00:29:19,602 - INFO - POST http://localhost:9201/nku_search/_search [status:200 duration:0.002s]
2024-12-15 00:29:19,604 - INFO - POST http://localhost:9201/nku_search/_search [status:200 duration:0.002s]
2024-12-15 00:29:19,605 - INFO - POST http://localhost:9201/nku_search/_search [status:200 duration:0.002s]
2024-12-15 00:29:19,607 - INFO - POST http://localhost:9201/nku_search/_search [status:200 duration:0.002s]
2024-12-15 00:29:19,609 - INFO - POST http://localhost:9201/nku_search/_search [status:200 duration:0.002s]
2024-12-15 00:29:19,611 - INFO - POST http://localhost:9201/nku_search/_search [status:200 duration:0.002s]
2024-12-15 00:29:19,614 - INFO - POST http://localhost:9201/nku_search/_search [status:200 duration:0.002s]
2024-12-15 00:29:19,616 - INFO - POST http://localhost:9201/nku_search/_search [status:200 duration:0.002s]
2024-12-15 00:29:19,617 - INFO - POST http://localhost:9201/nku_search/_search [status:200 duration:0.002s]
2024-12-15 00:29:19,619 - INFO - POST http://localhost:9201/nku_search/_search [status:200 duration:0.002s]
2024-12-15 00:29:19,621 - INFO - POST http://localhost:9201/nku_search/_search [status:200 duration:0.002s]
2024-12-15 00:29:19,623 - INFO - POST http://localhost:9201/nku_search/_search [status:200 duration:0.002s]
2024-12-15 00:29:19,626 - INFO - POST http://localhost:9201/nku_search/_search [status:200 duration:0.003s]
2024-12-15 00:29:19,628 - INFO - POST http://localhost:9201/nku_search/_search [status:200 duration:0.002s]
2024-12-15 00:29:19,630 - INFO - POST http://localhost:9201/nku_search/_search [status:200 duration:0.002s]
2024-12-15 00:29:19,633 - INFO - POST http://localhost:9201/nku_search/_search [status:200 duration:0.002s]
2024-12-15 00:29:19,635 - INFO - POST http://localhost:9201/nku_search/_search [status:200 duration:0.002s]
2024-12-15 00:29:19,636 - INFO - POST http://localhost:9201/nku_search/_search [status:200 duration:0.002s]
2024-12-15 00:29:19,639 - INFO - POST http://localhost:9201/nku_search/_search [status:200 duration:0.002s]
2024-12-15 00:29:19,641 - INFO - POST http://localhost:9201/nku_search/_search [status:200 duration:0.002s]
2024-12-15 00:29:19,643 - INFO - POST http://localhost:9201/nku_search/_search [status:200 duration:0.002s]
2024-12-15 00:29:19,645 - INFO - POST http://localhost:9201/nku_search/_search [status:200 duration:0.002s]
2024-12-15 00:29:19,647 - INFO - POST http://localhost:9201/nku_search/_search [status:200 duration:0.002s]
2024-12-15 00:29:19,649 - INFO - POST http://localhost:9201/nku_search/_search [status:200 duration:0.001s]
2024-12-15 00:29:19,651 - INFO - POST http://localhost:9201/nku_search/_search [status:200 duration:0.002s]
2024-12-15 00:29:19,653 - INFO - POST http://localhost:9201/nku_search/_search [status:200 duration:0.002s]
2024-12-15 00:29:19,655 - INFO - POST http://localhost:9201/nku_search/_search [status:200 duration:0.002s]
2024-12-15 00:29:19,657 - INFO - POST http://localhost:9201/nku_search/_search [status:200 duration:0.002s]
2024-12-15 00:29:19,659 - INFO - POST http://localhost:9201/nku_search/_search [status:200 duration:0.002s]
2024-12-15 00:29:19,662 - INFO - POST http://localhost:9201/nku_search/_search [status:200 duration:0.002s]
2024-12-15 00:29:19,664 - INFO - POST http://localhost:9201/nku_search/_search [status:200 duration:0.002s]
2024-12-15 00:29:19,666 - INFO - POST http://localhost:9201/nku_search/_search [status:200 duration:0.002s]
2024-12-15 00:29:19,669 - INFO - POST http://localhost:9201/nku_search/_search [status:200 duration:0.003s]
2024-12-15 00:29:19,671 - INFO - POST http://localhost:9201/nku_search/_search [status:200 duration:0.002s]
2024-12-15 00:29:19,673 - INFO - POST http://localhost:9201/nku_search/_search [status:200 duration:0.002s]
2024-12-15 00:29:19,675 - INFO - POST http://localhost:9201/nku_search/_search [status:200 duration:0.002s]
2024-12-15 00:29:19,677 - INFO - POST http://localhost:9201/nku_search/_search [status:200 duration:0.002s]
2024-12-15 00:29:19,678 - INFO - POST http://localhost:9201/nku_search/_search [status:200 duration:0.002s]
2024-12-15 00:29:19,681 - INFO - POST http://localhost:9201/nku_search/_search [status:200 duration:0.002s]
2024-12-15 00:29:19,683 - INFO - POST http://localhost:9201/nku_search/_search [status:200 duration:0.002s]
2024-12-15 00:29:19,685 - INFO - POST http://localhost:9201/nku_search/_search [status:200 duration:0.002s]
2024-12-15 00:29:19,687 - INFO - POST http://localhost:9201/nku_search/_search [status:200 duration:0.002s]
2024-12-15 00:29:19,689 - INFO - POST http://localhost:9201/nku_search/_search [status:200 duration:0.002s]
2024-12-15 00:29:19,691 - INFO - POST http://localhost:9201/nku_search/_search [status:200 duration:0.002s]
2024-12-15 00:29:19,694 - INFO - POST http://localhost:9201/nku_search/_search [status:200 duration:0.003s]
2024-12-15 00:29:19,695 - INFO - POST http://localhost:9201/nku_search/_search [status:200 duration:0.002s]
2024-12-15 00:29:19,698 - INFO - POST http://localhost:9201/nku_search/_search [status:200 duration:0.002s]
2024-12-15 00:29:19,700 - INFO - POST http://localhost:9201/nku_search/_search [status:200 duration:0.001s]
2024-12-15 00:29:19,702 - INFO - POST http://localhost:9201/nku_search/_search [status:200 duration:0.002s]
2024-12-15 00:29:19,703 - INFO - POST http://localhost:9201/nku_search/_search [status:200 duration:0.002s]
2024-12-15 00:29:19,706 - INFO - POST http://localhost:9201/nku_search/_search [status:200 duration:0.003s]
2024-12-15 00:29:19,709 - INFO - POST http://localhost:9201/nku_search/_search [status:200 duration:0.002s]
2024-12-15 00:29:19,711 - INFO - POST http://localhost:9201/nku_search/_search [status:200 duration:0.002s]
2024-12-15 00:29:19,713 - INFO - POST http://localhost:9201/nku_search/_search [status:200 duration:0.002s]
2024-12-15 00:29:19,714 - INFO - POST http://localhost:9201/nku_search/_search [status:200 duration:0.001s]
2024-12-15 00:29:19,716 - INFO - POST http://localhost:9201/nku_search/_search [status:200 duration:0.002s]
2024-12-15 00:29:19,719 - INFO - POST http://localhost:9201/nku_search/_search [status:200 duration:0.002s]
2024-12-15 00:29:19,720 - INFO - POST http://localhost:9201/nku_search/_search [status:200 duration:0.002s]
2024-12-15 00:29:19,722 - INFO - POST http://localhost:9201/nku_search/_search [status:200 duration:0.002s]
2024-12-15 00:29:19,724 - INFO - POST http://localhost:9201/nku_search/_search [status:200 duration:0.002s]
2024-12-15 00:29:19,725 - INFO - POST http://localhost:9201/nku_search/_search [status:200 duration:0.001s]
2024-12-15 00:29:19,727 - INFO - POST http://localhost:9201/nku_search/_search [status:200 duration:0.001s]
2024-12-15 00:29:19,728 - INFO - POST http://localhost:9201/nku_search/_search [status:200 duration:0.002s]
2024-12-15 00:29:19,731 - INFO - POST http://localhost:9201/nku_search/_search [status:200 duration:0.002s]
2024-12-15 00:29:19,732 - INFO - POST http://localhost:9201/nku_search/_search [status:200 duration:0.002s]
2024-12-15 00:29:19,733 - INFO - POST http://localhost:9201/nku_search/_search [status:200 duration:0.001s]
2024-12-15 00:29:19,735 - INFO - POST http://localhost:9201/nku_search/_search [status:200 duration:0.002s]
2024-12-15 00:29:19,737 - INFO - POST http://localhost:9201/nku_search/_search [status:200 duration:0.001s]
2024-12-15 00:29:19,739 - INFO - POST http://localhost:9201/nku_search/_search [status:200 duration:0.002s]
2024-12-15 00:29:19,741 - INFO - POST http://localhost:9201/nku_search/_search [status:200 duration:0.002s]
2024-12-15 00:29:19,742 - INFO - POST http://localhost:9201/nku_search/_search [status:200 duration:0.001s]
2024-12-15 00:29:19,744 - INFO - POST http://localhost:9201/nku_search/_search [status:200 duration:0.001s]
2024-12-15 00:29:19,746 - INFO - POST http://localhost:9201/nku_search/_search [status:200 duration:0.002s]
2024-12-15 00:29:19,748 - INFO - POST http://localhost:9201/nku_search/_search [status:200 duration:0.002s]
2024-12-15 00:29:19,750 - INFO - POST http://localhost:9201/nku_search/_search [status:200 duration:0.002s]
2024-12-15 00:29:19,752 - INFO - POST http://localhost:9201/nku_search/_search [status:200 duration:0.002s]
2024-12-15 00:29:19,754 - INFO - POST http://localhost:9201/nku_search/_search [status:200 duration:0.002s]
2024-12-15 00:29:19,756 - INFO - POST http://localhost:9201/nku_search/_search [status:200 duration:0.002s]
2024-12-15 00:29:19,757 - INFO - POST http://localhost:9201/nku_search/_search [status:200 duration:0.002s]
2024-12-15 00:29:19,759 - INFO - POST http://localhost:9201/nku_search/_search [status:200 duration:0.002s]
2024-12-15 00:29:19,761 - INFO - POST http://localhost:9201/nku_search/_search [status:200 duration:0.002s]
2024-12-15 00:29:19,763 - INFO - POST http://localhost:9201/nku_search/_search [status:200 duration:0.002s]
2024-12-15 00:29:19,765 - INFO - POST http://localhost:9201/nku_search/_search [status:200 duration:0.002s]
2024-12-15 00:29:19,767 - INFO - POST http://localhost:9201/nku_search/_search [status:200 duration:0.002s]
2024-12-15 00:29:19,768 - INFO - POST http://localhost:9201/nku_search/_search [status:200 duration:0.002s]
2024-12-15 00:29:19,770 - INFO - POST http://localhost:9201/nku_search/_search [status:200 duration:0.002s]
2024-12-15 00:29:19,772 - INFO - POST http://localhost:9201/nku_search/_search [status:200 duration:0.002s]
2024-12-15 00:29:19,774 - INFO - POST http://localhost:9201/nku_search/_search [status:200 duration:0.002s]
2024-12-15 00:29:19,776 - INFO - POST http://localhost:9201/nku_search/_search [status:200 duration:0.002s]
2024-12-15 00:29:19,779 - INFO - POST http://localhost:9201/nku_search/_search [status:200 duration:0.003s]
2024-12-15 00:29:19,781 - INFO - POST http://localhost:9201/nku_search/_search [status:200 duration:0.002s]
2024-12-15 00:29:19,783 - INFO - POST http://localhost:9201/nku_search/_search [status:200 duration:0.002s]
2024-12-15 00:29:19,786 - INFO - POST http://localhost:9201/nku_search/_search [status:200 duration:0.002s]
2024-12-15 00:29:19,788 - INFO - POST http://localhost:9201/nku_search/_search [status:200 duration:0.002s]
2024-12-15 00:29:19,790 - INFO - POST http://localhost:9201/nku_search/_search [status:200 duration:0.002s]
2024-12-15 00:29:19,792 - INFO - POST http://localhost:9201/nku_search/_search [status:200 duration:0.002s]
2024-12-15 00:29:19,794 - INFO - POST http://localhost:9201/nku_search/_search [status:200 duration:0.002s]
2024-12-15 00:29:19,796 - INFO - POST http://localhost:9201/nku_search/_search [status:200 duration:0.002s]
2024-12-15 00:29:19,798 - INFO - POST http://localhost:9201/nku_search/_search [status:200 duration:0.002s]
2024-12-15 00:29:19,801 - INFO - POST http://localhost:9201/nku_search/_search [status:200 duration:0.002s]
2024-12-15 00:29:19,803 - INFO - POST http://localhost:9201/nku_search/_search [status:200 duration:0.002s]
2024-12-15 00:29:19,805 - INFO - POST http://localhost:9201/nku_search/_search [status:200 duration:0.002s]
2024-12-15 00:29:19,807 - INFO - POST http://localhost:9201/nku_search/_search [status:200 duration:0.002s]
2024-12-15 00:29:19,809 - INFO - POST http://localhost:9201/nku_search/_search [status:200 duration:0.002s]
2024-12-15 00:29:19,811 - INFO - POST http://localhost:9201/nku_search/_search [status:200 duration:0.002s]
2024-12-15 00:29:19,813 - INFO - POST http://localhost:9201/nku_search/_search [status:200 duration:0.002s]
2024-12-15 00:29:19,815 - INFO - POST http://localhost:9201/nku_search/_search [status:200 duration:0.002s]
2024-12-15 00:29:19,817 - INFO - POST http://localhost:9201/nku_search/_search [status:200 duration:0.002s]
2024-12-15 00:29:19,819 - INFO - POST http://localhost:9201/nku_search/_search [status:200 duration:0.002s]
2024-12-15 00:29:19,821 - INFO - POST http://localhost:9201/nku_search/_search [status:200 duration:0.002s]
2024-12-15 00:29:19,823 - INFO - POST http://localhost:9201/nku_search/_search [status:200 duration:0.002s]
2024-12-15 00:29:19,826 - INFO - POST http://localhost:9201/nku_search/_search [status:200 duration:0.003s]
2024-12-15 00:29:19,830 - INFO - POST http://localhost:9201/nku_search/_search [status:200 duration:0.002s]
2024-12-15 00:29:19,832 - INFO - POST http://localhost:9201/nku_search/_search [status:200 duration:0.002s]
2024-12-15 00:29:19,835 - INFO - POST http://localhost:9201/nku_search/_search [status:200 duration:0.002s]
2024-12-15 00:29:19,837 - INFO - POST http://localhost:9201/nku_search/_search [status:200 duration:0.002s]
2024-12-15 00:29:19,840 - INFO - POST http://localhost:9201/nku_search/_search [status:200 duration:0.002s]
2024-12-15 00:29:19,842 - INFO - POST http://localhost:9201/nku_search/_search [status:200 duration:0.002s]
2024-12-15 00:29:19,844 - INFO - POST http://localhost:9201/nku_search/_search [status:200 duration:0.002s]
2024-12-15 00:29:19,846 - INFO - POST http://localhost:9201/nku_search/_search [status:200 duration:0.002s]
2024-12-15 00:29:19,848 - INFO - POST http://localhost:9201/nku_search/_search [status:200 duration:0.002s]
2024-12-15 00:29:19,851 - INFO - POST http://localhost:9201/nku_search/_search [status:200 duration:0.002s]
2024-12-15 00:29:19,853 - INFO - POST http://localhost:9201/nku_search/_search [status:200 duration:0.002s]
2024-12-15 00:29:19,855 - INFO - POST http://localhost:9201/nku_search/_search [status:200 duration:0.002s]
2024-12-15 00:29:19,858 - INFO - POST http://localhost:9201/nku_search/_search [status:200 duration:0.003s]
2024-12-15 00:29:19,860 - INFO - POST http://localhost:9201/nku_search/_search [status:200 duration:0.002s]
2024-12-15 00:29:19,863 - INFO - POST http://localhost:9201/nku_search/_search [status:200 duration:0.002s]
2024-12-15 00:29:19,865 - INFO - POST http://localhost:9201/nku_search/_search [status:200 duration:0.002s]
2024-12-15 00:29:19,867 - INFO - POST http://localhost:9201/nku_search/_search [status:200 duration:0.002s]
2024-12-15 00:29:19,869 - INFO - POST http://localhost:9201/nku_search/_search [status:200 duration:0.002s]
2024-12-15 00:29:19,871 - INFO - POST http://localhost:9201/nku_search/_search [status:200 duration:0.002s]
2024-12-15 00:29:19,873 - INFO - POST http://localhost:9201/nku_search/_search [status:200 duration:0.002s]
2024-12-15 00:29:19,875 - INFO - POST http://localhost:9201/nku_search/_search [status:200 duration:0.002s]
2024-12-15 00:29:19,878 - INFO - POST http://localhost:9201/nku_search/_search [status:200 duration:0.002s]
2024-12-15 00:29:19,882 - INFO - POST http://localhost:9201/nku_search/_search [status:200 duration:0.003s]
2024-12-15 00:29:19,884 - INFO - POST http://localhost:9201/nku_search/_search [status:200 duration:0.002s]
2024-12-15 00:29:19,887 - INFO - POST http://localhost:9201/nku_search/_search [status:200 duration:0.002s]
2024-12-15 00:29:19,889 - INFO - POST http://localhost:9201/nku_search/_search [status:200 duration:0.002s]
2024-12-15 00:29:19,892 - INFO - POST http://localhost:9201/nku_search/_search [status:200 duration:0.002s]
2024-12-15 00:29:19,894 - INFO - POST http://localhost:9201/nku_search/_search [status:200 duration:0.002s]
2024-12-15 00:29:19,897 - INFO - POST http://localhost:9201/nku_search/_search [status:200 duration:0.002s]
2024-12-15 00:29:19,900 - INFO - POST http://localhost:9201/nku_search/_search [status:200 duration:0.002s]
2024-12-15 00:29:19,902 - INFO - POST http://localhost:9201/nku_search/_search [status:200 duration:0.002s]
2024-12-15 00:29:19,905 - INFO - POST http://localhost:9201/nku_search/_search [status:200 duration:0.002s]
2024-12-15 00:29:19,908 - INFO - POST http://localhost:9201/nku_search/_search [status:200 duration:0.002s]
2024-12-15 00:29:19,910 - INFO - POST http://localhost:9201/nku_search/_search [status:200 duration:0.002s]
2024-12-15 00:29:19,913 - INFO - POST http://localhost:9201/nku_search/_search [status:200 duration:0.003s]
2024-12-15 00:29:19,915 - INFO - POST http://localhost:9201/nku_search/_search [status:200 duration:0.002s]
2024-12-15 00:29:19,918 - INFO - POST http://localhost:9201/nku_search/_search [status:200 duration:0.002s]
2024-12-15 00:29:19,920 - INFO - POST http://localhost:9201/nku_search/_search [status:200 duration:0.002s]
2024-12-15 00:29:19,922 - INFO - POST http://localhost:9201/nku_search/_search [status:200 duration:0.002s]
2024-12-15 00:29:19,925 - INFO - POST http://localhost:9201/nku_search/_search [status:200 duration:0.003s]
2024-12-15 00:29:19,929 - INFO - POST http://localhost:9201/nku_search/_search [status:200 duration:0.004s]
2024-12-15 00:29:19,932 - INFO - POST http://localhost:9201/nku_search/_search [status:200 duration:0.003s]
2024-12-15 00:29:19,936 - INFO - POST http://localhost:9201/nku_search/_search [status:200 duration:0.003s]
2024-12-15 00:29:19,939 - INFO - POST http://localhost:9201/nku_search/_search [status:200 duration:0.004s]
2024-12-15 00:29:19,942 - INFO - POST http://localhost:9201/nku_search/_search [status:200 duration:0.003s]
2024-12-15 00:29:19,945 - INFO - POST http://localhost:9201/nku_search/_search [status:200 duration:0.003s]
2024-12-15 00:29:19,949 - INFO - POST http://localhost:9201/nku_search/_search [status:200 duration:0.003s]
2024-12-15 00:29:19,952 - INFO - POST http://localhost:9201/nku_search/_search [status:200 duration:0.002s]
2024-12-15 00:29:19,954 - INFO - POST http://localhost:9201/nku_search/_search [status:200 duration:0.003s]
2024-12-15 00:29:19,958 - INFO - POST http://localhost:9201/nku_search/_search [status:200 duration:0.004s]
2024-12-15 00:29:19,961 - INFO - POST http://localhost:9201/nku_search/_search [status:200 duration:0.003s]
2024-12-15 00:29:19,964 - INFO - POST http://localhost:9201/nku_search/_search [status:200 duration:0.003s]
2024-12-15 00:29:19,966 - INFO - POST http://localhost:9201/nku_search/_search [status:200 duration:0.002s]
2024-12-15 00:29:19,968 - INFO - POST http://localhost:9201/nku_search/_search [status:200 duration:0.002s]
2024-12-15 00:29:19,970 - INFO - POST http://localhost:9201/nku_search/_search [status:200 duration:0.002s]
2024-12-15 00:29:19,973 - INFO - POST http://localhost:9201/nku_search/_search [status:200 duration:0.002s]
2024-12-15 00:29:19,975 - INFO - POST http://localhost:9201/nku_search/_search [status:200 duration:0.002s]
2024-12-15 00:29:19,978 - INFO - POST http://localhost:9201/nku_search/_search [status:200 duration:0.003s]
2024-12-15 00:29:19,979 - INFO - POST http://localhost:9201/nku_search/_search [status:200 duration:0.002s]
2024-12-15 00:29:19,981 - INFO - POST http://localhost:9201/nku_search/_search [status:200 duration:0.002s]
2024-12-15 00:29:19,983 - INFO - POST http://localhost:9201/nku_search/_search [status:200 duration:0.002s]
2024-12-15 00:29:19,985 - INFO - POST http://localhost:9201/nku_search/_search [status:200 duration:0.002s]
2024-12-15 00:29:19,987 - INFO - POST http://localhost:9201/nku_search/_search [status:200 duration:0.002s]
2024-12-15 00:29:19,989 - INFO - POST http://localhost:9201/nku_search/_search [status:200 duration:0.002s]
2024-12-15 00:29:19,991 - INFO - POST http://localhost:9201/nku_search/_search [status:200 duration:0.002s]
2024-12-15 00:29:19,993 - INFO - POST http://localhost:9201/nku_search/_search [status:200 duration:0.002s]
2024-12-15 00:29:19,996 - INFO - POST http://localhost:9201/nku_search/_search [status:200 duration:0.002s]
2024-12-15 00:29:19,998 - INFO - POST http://localhost:9201/nku_search/_search [status:200 duration:0.002s]
2024-12-15 00:29:19,999 - INFO - POST http://localhost:9201/nku_search/_search [status:200 duration:0.002s]
2024-12-15 00:29:20,001 - INFO - POST http://localhost:9201/nku_search/_search [status:200 duration:0.002s]
2024-12-15 00:29:20,003 - INFO - POST http://localhost:9201/nku_search/_search [status:200 duration:0.001s]
2024-12-15 00:29:20,005 - INFO - POST http://localhost:9201/nku_search/_search [status:200 duration:0.001s]
2024-12-15 00:29:20,007 - INFO - POST http://localhost:9201/nku_search/_search [status:200 duration:0.002s]
2024-12-15 00:29:20,008 - INFO - POST http://localhost:9201/nku_search/_search [status:200 duration:0.002s]
2024-12-15 00:29:20,010 - INFO - POST http://localhost:9201/nku_search/_search [status:200 duration:0.002s]
2024-12-15 00:29:20,012 - INFO - POST http://localhost:9201/nku_search/_search [status:200 duration:0.002s]
2024-12-15 00:29:20,014 - INFO - POST http://localhost:9201/nku_search/_search [status:200 duration:0.002s]
2024-12-15 00:29:20,016 - INFO - POST http://localhost:9201/nku_search/_search [status:200 duration:0.002s]
2024-12-15 00:29:20,018 - INFO - POST http://localhost:9201/nku_search/_search [status:200 duration:0.002s]
2024-12-15 00:29:20,020 - INFO - POST http://localhost:9201/nku_search/_search [status:200 duration:0.003s]
2024-12-15 00:29:20,023 - INFO - POST http://localhost:9201/nku_search/_search [status:200 duration:0.002s]
2024-12-15 00:29:20,024 - INFO - POST http://localhost:9201/nku_search/_search [status:200 duration:0.002s]
2024-12-15 00:29:20,026 - INFO - POST http://localhost:9201/nku_search/_search [status:200 duration:0.002s]
2024-12-15 00:29:20,029 - INFO - POST http://localhost:9201/nku_search/_search [status:200 duration:0.002s]
2024-12-15 00:29:20,031 - INFO - POST http://localhost:9201/nku_search/_search [status:200 duration:0.002s]
2024-12-15 00:29:20,033 - INFO - POST http://localhost:9201/nku_search/_search [status:200 duration:0.002s]
2024-12-15 00:29:20,035 - INFO - POST http://localhost:9201/nku_search/_search [status:200 duration:0.002s]
2024-12-15 00:29:20,038 - INFO - POST http://localhost:9201/nku_search/_search [status:200 duration:0.002s]
2024-12-15 00:29:20,040 - INFO - POST http://localhost:9201/nku_search/_search [status:200 duration:0.002s]
2024-12-15 00:29:20,042 - INFO - POST http://localhost:9201/nku_search/_search [status:200 duration:0.002s]
2024-12-15 00:29:20,045 - INFO - POST http://localhost:9201/nku_search/_search [status:200 duration:0.003s]
2024-12-15 00:29:20,047 - INFO - POST http://localhost:9201/nku_search/_search [status:200 duration:0.002s]
2024-12-15 00:29:20,049 - INFO - POST http://localhost:9201/nku_search/_search [status:200 duration:0.002s]
2024-12-15 00:29:20,052 - INFO - POST http://localhost:9201/nku_search/_search [status:200 duration:0.002s]
2024-12-15 00:29:20,054 - INFO - POST http://localhost:9201/nku_search/_search [status:200 duration:0.002s]
2024-12-15 00:29:20,056 - INFO - POST http://localhost:9201/nku_search/_search [status:200 duration:0.002s]
2024-12-15 00:29:20,059 - INFO - POST http://localhost:9201/nku_search/_search [status:200 duration:0.002s]
2024-12-15 00:29:20,061 - INFO - POST http://localhost:9201/nku_search/_search [status:200 duration:0.002s]
2024-12-15 00:29:20,063 - INFO - POST http://localhost:9201/nku_search/_search [status:200 duration:0.002s]
2024-12-15 00:29:20,066 - INFO - POST http://localhost:9201/nku_search/_search [status:200 duration:0.002s]
2024-12-15 00:29:20,068 - INFO - POST http://localhost:9201/nku_search/_search [status:200 duration:0.002s]
2024-12-15 00:29:20,072 - INFO - POST http://localhost:9201/nku_search/_search [status:200 duration:0.003s]
2024-12-15 00:29:20,075 - INFO - POST http://localhost:9201/nku_search/_search [status:200 duration:0.003s]
2024-12-15 00:29:20,078 - INFO - POST http://localhost:9201/nku_search/_search [status:200 duration:0.003s]
2024-12-15 00:29:20,081 - INFO - POST http://localhost:9201/nku_search/_search [status:200 duration:0.003s]
2024-12-15 00:29:20,084 - INFO - POST http://localhost:9201/nku_search/_search [status:200 duration:0.002s]
2024-12-15 00:29:20,086 - INFO - POST http://localhost:9201/nku_search/_search [status:200 duration:0.002s]
2024-12-15 00:29:20,089 - INFO - POST http://localhost:9201/nku_search/_search [status:200 duration:0.002s]
2024-12-15 00:29:20,093 - INFO - POST http://localhost:9201/nku_search/_search [status:200 duration:0.004s]
2024-12-15 00:29:20,095 - INFO - POST http://localhost:9201/nku_search/_search [status:200 duration:0.002s]
2024-12-15 00:29:20,099 - INFO - POST http://localhost:9201/nku_search/_search [status:200 duration:0.003s]
2024-12-15 00:29:20,101 - INFO - POST http://localhost:9201/nku_search/_search [status:200 duration:0.002s]
2024-12-15 00:29:20,104 - INFO - POST http://localhost:9201/nku_search/_search [status:200 duration:0.002s]
2024-12-15 00:29:20,106 - INFO - POST http://localhost:9201/nku_search/_search [status:200 duration:0.002s]
2024-12-15 00:29:20,108 - INFO - POST http://localhost:9201/nku_search/_search [status:200 duration:0.002s]
2024-12-15 00:29:20,111 - INFO - POST http://localhost:9201/nku_search/_search [status:200 duration:0.002s]
2024-12-15 00:29:20,113 - INFO - POST http://localhost:9201/nku_search/_search [status:200 duration:0.002s]
2024-12-15 00:29:20,115 - INFO - POST http://localhost:9201/nku_search/_search [status:200 duration:0.002s]
2024-12-15 00:29:20,117 - INFO - POST http://localhost:9201/nku_search/_search [status:200 duration:0.002s]
2024-12-15 00:29:20,120 - INFO - POST http://localhost:9201/nku_search/_search [status:200 duration:0.002s]
2024-12-15 00:29:20,122 - INFO - POST http://localhost:9201/nku_search/_search [status:200 duration:0.002s]
2024-12-15 00:29:20,124 - INFO - POST http://localhost:9201/nku_search/_search [status:200 duration:0.002s]
2024-12-15 00:29:20,127 - INFO - POST http://localhost:9201/nku_search/_search [status:200 duration:0.002s]
2024-12-15 00:29:20,129 - INFO - POST http://localhost:9201/nku_search/_search [status:200 duration:0.002s]
2024-12-15 00:29:20,131 - INFO - POST http://localhost:9201/nku_search/_search [status:200 duration:0.002s]
2024-12-15 00:29:20,133 - INFO - POST http://localhost:9201/nku_search/_search [status:200 duration:0.002s]
2024-12-15 00:29:20,136 - INFO - POST http://localhost:9201/nku_search/_search [status:200 duration:0.002s]
2024-12-15 00:29:20,138 - INFO - POST http://localhost:9201/nku_search/_search [status:200 duration:0.002s]
2024-12-15 00:29:20,139 - INFO - POST http://localhost:9201/nku_search/_search [status:200 duration:0.002s]
2024-12-15 00:29:20,142 - INFO - POST http://localhost:9201/nku_search/_search [status:200 duration:0.002s]
2024-12-15 00:29:20,144 - INFO - POST http://localhost:9201/nku_search/_search [status:200 duration:0.002s]
2024-12-15 00:29:20,146 - INFO - POST http://localhost:9201/nku_search/_search [status:200 duration:0.002s]
2024-12-15 00:29:20,149 - INFO - POST http://localhost:9201/nku_search/_search [status:200 duration:0.002s]
2024-12-15 00:29:20,151 - INFO - POST http://localhost:9201/nku_search/_search [status:200 duration:0.003s]
2024-12-15 00:29:20,154 - INFO - POST http://localhost:9201/nku_search/_search [status:200 duration:0.003s]
2024-12-15 00:29:20,157 - INFO - POST http://localhost:9201/nku_search/_search [status:200 duration:0.002s]
2024-12-15 00:29:20,159 - INFO - POST http://localhost:9201/nku_search/_search [status:200 duration:0.003s]
2024-12-15 00:29:20,162 - INFO - POST http://localhost:9201/nku_search/_search [status:200 duration:0.003s]
2024-12-15 00:29:20,165 - INFO - POST http://localhost:9201/nku_search/_search [status:200 duration:0.002s]
2024-12-15 00:29:20,168 - INFO - POST http://localhost:9201/nku_search/_search [status:200 duration:0.003s]
2024-12-15 00:29:20,171 - INFO - POST http://localhost:9201/nku_search/_search [status:200 duration:0.003s]
2024-12-15 00:29:20,174 - INFO - POST http://localhost:9201/nku_search/_search [status:200 duration:0.003s]
2024-12-15 00:29:20,177 - INFO - POST http://localhost:9201/nku_search/_search [status:200 duration:0.002s]
2024-12-15 00:29:20,180 - INFO - POST http://localhost:9201/nku_search/_search [status:200 duration:0.003s]
2024-12-15 00:29:20,183 - INFO - POST http://localhost:9201/nku_search/_search [status:200 duration:0.003s]
2024-12-15 00:29:20,187 - INFO - POST http://localhost:9201/nku_search/_search [status:200 duration:0.003s]
2024-12-15 00:29:20,190 - INFO - POST http://localhost:9201/nku_search/_search [status:200 duration:0.003s]
2024-12-15 00:29:20,192 - INFO - POST http://localhost:9201/nku_search/_search [status:200 duration:0.002s]
2024-12-15 00:29:20,196 - INFO - POST http://localhost:9201/nku_search/_search [status:200 duration:0.003s]
2024-12-15 00:29:20,198 - INFO - POST http://localhost:9201/nku_search/_search [status:200 duration:0.003s]
2024-12-15 00:29:20,201 - INFO - POST http://localhost:9201/nku_search/_search [status:200 duration:0.003s]
2024-12-15 00:29:20,203 - INFO - POST http://localhost:9201/nku_search/_search [status:200 duration:0.002s]
2024-12-15 00:29:20,206 - INFO - POST http://localhost:9201/nku_search/_search [status:200 duration:0.002s]
2024-12-15 00:29:20,209 - INFO - POST http://localhost:9201/nku_search/_search [status:200 duration:0.003s]
2024-12-15 00:29:20,211 - INFO - POST http://localhost:9201/nku_search/_search [status:200 duration:0.002s]
2024-12-15 00:29:20,214 - INFO - POST http://localhost:9201/nku_search/_search [status:200 duration:0.002s]
2024-12-15 00:29:20,216 - INFO - POST http://localhost:9201/nku_search/_search [status:200 duration:0.003s]
2024-12-15 00:29:20,219 - INFO - POST http://localhost:9201/nku_search/_search [status:200 duration:0.002s]
2024-12-15 00:29:20,222 - INFO - POST http://localhost:9201/nku_search/_search [status:200 duration:0.003s]
2024-12-15 00:29:20,225 - INFO - POST http://localhost:9201/nku_search/_search [status:200 duration:0.002s]
2024-12-15 00:29:20,228 - INFO - POST http://localhost:9201/nku_search/_search [status:200 duration:0.003s]
2024-12-15 00:29:20,230 - INFO - POST http://localhost:9201/nku_search/_search [status:200 duration:0.002s]
2024-12-15 00:29:20,233 - INFO - POST http://localhost:9201/nku_search/_search [status:200 duration:0.002s]
2024-12-15 00:29:20,235 - INFO - POST http://localhost:9201/nku_search/_search [status:200 duration:0.002s]
2024-12-15 00:29:20,237 - INFO - POST http://localhost:9201/nku_search/_search [status:200 duration:0.002s]
2024-12-15 00:29:20,240 - INFO - POST http://localhost:9201/nku_search/_search [status:200 duration:0.003s]
2024-12-15 00:29:20,242 - INFO - POST http://localhost:9201/nku_search/_search [status:200 duration:0.002s]
2024-12-15 00:29:20,244 - INFO - POST http://localhost:9201/nku_search/_search [status:200 duration:0.002s]
2024-12-15 00:29:20,246 - INFO - POST http://localhost:9201/nku_search/_search [status:200 duration:0.002s]
2024-12-15 00:29:20,248 - INFO - POST http://localhost:9201/nku_search/_search [status:200 duration:0.001s]
2024-12-15 00:29:20,251 - INFO - POST http://localhost:9201/nku_search/_search [status:200 duration:0.002s]
2024-12-15 00:29:20,253 - INFO - POST http://localhost:9201/nku_search/_search [status:200 duration:0.002s]
2024-12-15 00:29:20,255 - INFO - POST http://localhost:9201/nku_search/_search [status:200 duration:0.002s]
2024-12-15 00:29:20,258 - INFO - POST http://localhost:9201/nku_search/_search [status:200 duration:0.002s]
2024-12-15 00:29:20,260 - INFO - POST http://localhost:9201/nku_search/_search [status:200 duration:0.002s]
2024-12-15 00:29:20,263 - INFO - POST http://localhost:9201/nku_search/_search [status:200 duration:0.003s]
2024-12-15 00:29:20,266 - INFO - POST http://localhost:9201/nku_search/_search [status:200 duration:0.002s]
2024-12-15 00:29:20,268 - INFO - POST http://localhost:9201/nku_search/_search [status:200 duration:0.002s]
2024-12-15 00:29:20,270 - INFO - POST http://localhost:9201/nku_search/_search [status:200 duration:0.002s]
2024-12-15 00:29:20,272 - INFO - POST http://localhost:9201/nku_search/_search [status:200 duration:0.002s]
2024-12-15 00:29:20,274 - INFO - POST http://localhost:9201/nku_search/_search [status:200 duration:0.002s]
2024-12-15 00:29:20,277 - INFO - POST http://localhost:9201/nku_search/_search [status:200 duration:0.002s]
2024-12-15 00:29:20,279 - INFO - POST http://localhost:9201/nku_search/_search [status:200 duration:0.002s]
2024-12-15 00:29:20,282 - INFO - POST http://localhost:9201/nku_search/_search [status:200 duration:0.002s]
2024-12-15 00:29:20,284 - INFO - POST http://localhost:9201/nku_search/_search [status:200 duration:0.002s]
2024-12-15 00:29:20,286 - INFO - POST http://localhost:9201/nku_search/_search [status:200 duration:0.002s]
2024-12-15 00:29:20,289 - INFO - POST http://localhost:9201/nku_search/_search [status:200 duration:0.002s]
2024-12-15 00:29:20,291 - INFO - POST http://localhost:9201/nku_search/_search [status:200 duration:0.002s]
2024-12-15 00:29:20,294 - INFO - POST http://localhost:9201/nku_search/_search [status:200 duration:0.003s]
2024-12-15 00:29:20,295 - INFO - POST http://localhost:9201/nku_search/_search [status:200 duration:0.002s]
2024-12-15 00:29:20,297 - INFO - POST http://localhost:9201/nku_search/_search [status:200 duration:0.001s]
2024-12-15 00:29:20,299 - INFO - POST http://localhost:9201/nku_search/_search [status:200 duration:0.002s]
2024-12-15 00:29:20,301 - INFO - POST http://localhost:9201/nku_search/_search [status:200 duration:0.002s]
2024-12-15 00:29:20,304 - INFO - POST http://localhost:9201/nku_search/_search [status:200 duration:0.002s]
2024-12-15 00:29:20,306 - INFO - POST http://localhost:9201/nku_search/_search [status:200 duration:0.002s]
2024-12-15 00:29:20,307 - INFO - POST http://localhost:9201/nku_search/_search [status:200 duration:0.002s]
2024-12-15 00:29:20,310 - INFO - POST http://localhost:9201/nku_search/_search [status:200 duration:0.002s]
2024-12-15 00:29:20,312 - INFO - POST http://localhost:9201/nku_search/_search [status:200 duration:0.002s]
2024-12-15 00:29:20,314 - INFO - POST http://localhost:9201/nku_search/_search [status:200 duration:0.002s]
2024-12-15 00:29:20,316 - INFO - POST http://localhost:9201/nku_search/_search [status:200 duration:0.002s]
2024-12-15 00:29:20,318 - INFO - POST http://localhost:9201/nku_search/_search [status:200 duration:0.002s]
2024-12-15 00:29:20,320 - INFO - POST http://localhost:9201/nku_search/_search [status:200 duration:0.002s]
2024-12-15 00:29:20,322 - INFO - POST http://localhost:9201/nku_search/_search [status:200 duration:0.002s]
2024-12-15 00:29:20,325 - INFO - POST http://localhost:9201/nku_search/_search [status:200 duration:0.002s]
2024-12-15 00:29:20,327 - INFO - POST http://localhost:9201/nku_search/_search [status:200 duration:0.002s]
2024-12-15 00:29:20,329 - INFO - POST http://localhost:9201/nku_search/_search [status:200 duration:0.002s]
2024-12-15 00:29:20,331 - INFO - POST http://localhost:9201/nku_search/_search [status:200 duration:0.002s]
2024-12-15 00:29:20,333 - INFO - POST http://localhost:9201/nku_search/_search [status:200 duration:0.002s]
2024-12-15 00:29:20,335 - INFO - POST http://localhost:9201/nku_search/_search [status:200 duration:0.002s]
2024-12-15 00:29:20,337 - INFO - POST http://localhost:9201/nku_search/_search [status:200 duration:0.002s]
2024-12-15 00:29:20,338 - INFO - POST http://localhost:9201/nku_search/_search [status:200 duration:0.002s]
2024-12-15 00:29:20,338 - WARNING - Found 6620 documents missing in Elasticsearch
2024-12-15 00:29:29,768 - INFO - Added pagerank field to 6620 documents
2024-12-15 00:29:29,768 - INFO - Added pagerank field to 6620 documents
